time_period,region_name,qualification,subject_area,subject_name,entry_count,perc_astar_grade_achieved,perc_astar_a_grade_achieved,perc_astar_b_grade_achieved,perc_astar_c_grade_achieved,perc_astar_d_grade_achieved,perc_astar_e_grade_achieved
2019 to 20,East of England,A level,Art & Design,Critical Studies,21.0,4.7619,19.04762,61.90476,90.47619,90.47619,100.0
2019 to 20,East of England,A level,Modern languages - other,Welsh,0.0,,,,,,
2019 to 20,East of England,A level,Modern languages - other,Arabic,11.0,27.27273,72.72727,90.90909,100.0,100.0,100.0
2019 to 20,East of England,A level,Religious Studies,Total Religious Studies,1365.0,9.81685,34.50549,62.41758,87.54579,97.14286,99.56044
2019 to 20,East of England,A level,Design and technology,D&T Food Technology,0.0,,,,,,
2019 to 20,East of England,A level,Humanities,Total Humanities,0.0,,,,,,
2019 to 20,East of England,A level,Modern languages - other,Polish,63.0,17.46032,60.31746,77.77778,85.71429,87.30159,87.30159
2019 to 20,East of England,A level,Science - other,Environmental Science,121.0,8.26446,22.31405,42.14876,71.90083,90.90909,98.34711
2019 to 20,East of England,A level,Modern languages - other,Modern Greek,4.0,50.0,100.0,100.0,100.0,100.0,100.0
2019 to 20,East of England,A level,Accounting and Finance,Total Accounting and finance,224.0,4.46429,16.07143,38.39286,64.73214,84.82143,97.76786
2019 to 20,East of England,A level,Archaeology,Total Archaeology,0.0,,,,,,
2019 to 20,East of England,A level,Arts,Expressive Arts & Performance Studies,0.0,,,,,,
2019 to 20,East of England,A level,Modern languages - other,Russian,37.0,45.94595,78.37838,94.59459,97.2973,97.2973,100.0
2019 to 20,East of England,A level,Classical studies,Latin,49.0,44.89796,81.63265,97.95918,100.0,100.0,100.0
2019 to 20,East of England,A level,Design and technology,D&T Product Design,1040.0,8.55769,25.48077,54.61538,83.75,95.76923,99.51923
2019 to 20,East of England,A level,Maths,Additional Mathematics,0.0,,,,,,
2019 to 20,East of England,A level,Science - other,Science in Society,0.0,,,,,,
2019 to 20,East of England,A level,Modern languages - other,Turkish,13.0,15.38462,46.15385,69.23077,92.30769,92.30769,92.30769
2019 to 20,East of England,A level,Modern languages - other,Modern Hebrew,3.0,66.66667,100.0,100.0,100.0,100.0,100.0
2019 to 20,East of England,A level,Science - Biology,Total Biology,5679.0,12.25568,34.98855,59.76404,82.76105,95.28086,99.36609
2019 to 20,East of England,A level,Art & Design,Art and design,554.0,15.88448,35.37906,68.05054,93.3213,98.73646,100.0
2019 to 20,East of England,A level,Arts,Film Studies,875.0,5.37143,24.68571,57.6,87.54286,98.05714,99.65714
2019 to 20,East of England,A level,Design and technology,D&T Systems & Control,0.0,,,,,,
2019 to 20,East of England,A level,Law,Total Law,1099.0,9.09918,26.75159,53.86715,80.52775,93.53958,99.18107
2019 to 20,East of England,A level,Design and technology,D&T Engineering,17.0,5.88235,5.88235,17.64706,76.47059,94.11765,100.0
2019 to 20,East of England,A level,Classical studies,Ancient History,48.0,8.33333,35.41667,56.25,83.33333,95.83333,100.0
2019 to 20,East of England,A level,Physical Education,Physical Education/Sports Studies,1239.0,8.95884,28.24859,58.35351,83.93866,96.44875,99.91929
2019 to 20,East of England,A level,General studies,Critical Thinking,0.0,,,,,,
2019 to 20,East of England,A level,Music,Music,445.0,12.80899,41.57303,71.23596,91.68539,98.8764,100.0
2019 to 20,East of England,A level,Business Studies,Total Business Studies,3673.0,5.77185,22.92404,53.68908,83.66458,96.10672,99.42826
2019 to 20,East of England,A level,Art & Design,3d Studies,74.0,5.40541,25.67568,60.81081,87.83784,98.64865,100.0
2019 to 20,East of England,A level,Modern languages,French,686.0,17.20117,49.70845,77.25948,92.85714,98.3965,100.0
2019 to 20,East of England,A level,Design and technology,D&T Textiles Technology,96.0,12.5,31.25,58.33333,84.375,93.75,100.0
2019 to 20,East of England,A level,Anthropology,Total Anthropology,0.0,,,,,,
2019 to 20,East of England,A level,Modern languages - other,Italian,73.0,28.76712,56.16438,76.71233,97.26027,98.63014,100.0
2019 to 20,East of England,A level,Sociology,Total Sociology,4334.0,9.50623,27.2958,58.12183,86.15598,96.30826,99.51546
2019 to 20,East of England,A level,Science - Physics,Total Physics,3399.0,15.53398,37.83466,59.81171,79.93528,92.70374,99.20565
2019 to 20,East of England,A level,Art & Design,Fine Art,1277.0,20.04699,45.65388,73.21848,92.639,98.1989,99.68677
2019 to 20,East of England,A level,Music,Music Technology,171.0,6.43275,21.05263,56.14035,82.45614,97.07602,100.0
2019 to 20,East of England,A level,Science - Chemistry,Total Chemistry,4552.0,13.04921,38.09315,63.3348,83.54569,94.99121,99.25308
2019 to 20,East of England,A level,Art & Design,Textiles,221.0,13.57466,35.29412,75.11312,93.66516,99.09502,99.54751
2019 to 20,East of England,A level,Home Economics,Home Economics (Food),0.0,,,,,,
2019 to 20,East of England,A level,Arts,Media/Film/Tv Studies,1840.0,4.72826,20.81522,56.41304,88.26087,97.88043,99.78261
2019 to 20,East of England,A level,Modern languages - other,Japanese,0.0,,,,,,
2019 to 20,East of England,A level,Maths,Maths,8196.0,21.6325,46.5593,67.11811,84.27282,94.41191,99.25573
2019 to 20,East of England,A level,Modern languages,Spanish,610.0,22.29508,52.62295,77.37705,93.11475,98.36066,99.67213
2019 to 20,East of England,A level,Art & Design,Total Art & Design,3964.0,15.06054,35.92331,67.28052,91.27144,97.8557,99.69728
2019 to 20,East of England,A level,Classical studies,Other Classical Languages,0.0,,,,,,
2019 to 20,East of England,A level,Modern languages - other,Chinese,9.0,11.11111,88.88889,88.88889,88.88889,88.88889,88.88889
2019 to 20,East of England,A level,Geography,Geography,2882.0,11.1034,34.45524,63.74046,88.44552,97.81402,99.72241
2019 to 20,East of England,A level,All subjects,Total subjects,73992.0,12.7284,34.57536,62.14861,85.75522,96.12796,99.48778
2019 to 20,East of England,A level,Modern languages - other,Bengali,0.0,,,,,,
2019 to 20,East of England,A level,Design and technology,Design & Technology,0.0,,,,,,
2019 to 20,East of England,A level,Computer Science,Total Computer Science,1396.0,14.11175,36.03152,61.10315,84.59885,96.06017,99.49857
2019 to 20,East of England,A level,Maths - Further,Total Further Mathematics,1364.0,38.56305,67.08211,85.1173,94.64809,98.16716,99.70674
2019 to 20,East of England,A level,General studies,Total General studies,0.0,,,,,,
2019 to 20,East of England,A level,Modern languages - other,Persian,3.0,0.0,33.33333,100.0,100.0,100.0,100.0
2019 to 20,East of England,A level,Arts,Total Arts,3842.0,6.42894,25.0911,60.69755,89.17231,98.07392,99.79178
2019 to 20,East of England,A level,Classical studies,Classical Civilisation,224.0,14.73214,43.75,75.89286,92.41071,97.76786,100.0
2019 to 20,East of England,A level,Science - other,Geology,97.0,22.68041,47.42268,73.19588,88.65979,97.93814,100.0
2019 to 20,East of England,A level,Art & Design,Graphics,389.0,14.91003,33.93316,62.2108,87.91774,95.62982,98.97172
2019 to 20,East of England,A level,Arts,Creative Writing,0.0,,,,,,
2019 to 20,East of England,A level,Arts,Drama & Theatre Studies,1127.0,10.02662,32.38687,70.0976,91.92547,98.40284,99.91127
2019 to 20,East of England,A level,Modern languages - other,Gujarati,0.0,,,,,,
2019 to 20,East of England,A level,Design and technology,Total D&T,1153.0,8.84649,25.67216,54.37988,83.69471,95.57676,99.56635
2019 to 20,East of England,A level,Geography,Total Geography,2882.0,11.1034,34.45524,63.74046,88.44552,97.81402,99.72241
2019 to 20,East of England,A level,All STEM subjects,Total STEM subjects,24643.0,17.5141,41.61019,64.31441,83.74792,94.76931,99.31015
2019 to 20,East of England,A level,Modern languages - other,Urdu,5.0,0.0,40.0,80.0,80.0,80.0,100.0
2019 to 20,East of England,A level,Classical studies,Classical Greek,2.0,0.0,100.0,100.0,100.0,100.0,100.0
2019 to 20,East of England,A level,Modern languages,German,267.0,20.59925,55.43071,81.27341,94.75655,98.8764,100.0
2019 to 20,East of England,A level,Art & Design,Photography,1397.0,11.02362,28.48962,61.9184,89.90694,97.6378,99.78525
2019 to 20,East of England,A level,Home Economics,Home Economics,0.0,,,,,,
2019 to 20,East of England,A level,Maths,Mathematics (Statistics),57.0,3.50877,22.80702,42.10526,68.42105,87.7193,98.24561
2019 to 20,East of England,A level,Logic/Philosophy,Total Logic/ Philosophy,282.0,7.80142,29.78723,54.96454,73.04965,92.19858,99.29078
2019 to 20,East of England,A level,Classical studies,Classics (General),0.0,,,,,,
2019 to 20,East of England,A level,Home Economics,Total Home Economics,0.0,,,,,,
2019 to 20,East of England,A level,Maths,Mathematics (Pure),0.0,,,,,,
2019 to 20,East of England,A level,Maths,Use of mathematics,0.0,,,,,,
2019 to 20,East of England,A level,Economics,Total Economics,3084.0,11.93256,38.68353,68.77432,90.40208,97.50324,99.80545
2019 to 20,East of England,A level,Government and politics,Total Government and Politics,1681.0,11.71921,36.28792,64.12849,87.44795,96.96609,99.4646
2019 to 20,East of England,A level,General studies,General Studies,0.0,,,,,,
2019 to 20,East of England,A level,Citizenship studies,Total Citizenship studies,0.0,,,,,,
2019 to 20,East of England,A level,Modern languages - other,Portuguese,16.0,6.25,50.0,75.0,100.0,100.0,100.0
2019 to 20,East of England,A level,Arts,Communication Studies,0.0,,,,,,
2019 to 20,East of England,A level,Physical Education,Dance,140.0,11.42857,30.71429,70.71429,90.0,99.28571,100.0
2019 to 20,East of England,A level,Maths,Total Maths,8253.0,21.50733,46.39525,66.94535,84.16333,94.36569,99.24876
2019 to 20,East of England,A level,English,Total English,6137.0,10.11895,29.10217,60.35522,88.12123,98.01206,99.73929
2019 to 20,East of England,A level,Geography,Geography (World Development),0.0,,,,,,
2019 to 20,East of England,A level,Science - other,Electronics,31.0,22.58065,45.16129,58.06452,77.41935,96.77419,100.0
2019 to 20,East of England,A level,Physical Education,Total Physical Education,1379.0,9.20957,28.49891,59.60841,84.55402,96.73677,99.92748
2019 to 20,East of England,A level,Music,Total Music,616.0,11.03896,35.87662,67.04545,89.12338,98.37662,100.0
2019 to 20,East of England,A level,English,English language & literature,1143.0,7.1741,22.65967,54.4182,86.35171,97.28784,99.47507
2019 to 20,East of England,A level,Psychology,Total Psychology,6820.0,9.03226,27.71261,54.50147,80.93842,94.64809,99.16422
2019 to 20,East of England,A level,Modern languages - other,Irish,0.0,,,,,,
2019 to 20,East of England,A level,English,English language,1278.0,4.61659,18.5446,51.95618,84.03756,97.41784,99.76526
2019 to 20,East of England,A level,History,Total History,4442.0,10.85097,32.57542,64.0027,88.74381,97.61369,99.79739
2019 to 20,East of England,A level,All facilitating subjects,Total facilitating subjects,36081.0,16.04723,40.09867,65.21992,85.88177,95.86763,99.45123
2019 to 20,East of England,A level,ICT,Total ICT,0.0,,,,,,
2019 to 20,East of England,A level,Modern languages - other,Welsh (Second Language),0.0,,,,,,
2019 to 20,East of England,A level,Modern languages - other,Total Other Modern Languages,237.0,25.31646,62.44726,81.4346,93.67089,94.51477,95.78059
2019 to 20,East of England,A level,Science - other,Total Other Sciences,249.0,15.66265,34.93976,56.2249,79.11647,94.37751,99.19679
2019 to 20,East of England,A level,Modern languages - other,Punjabi,0.0,,,,,,
2019 to 20,East of England,A level,Classical studies,Total Classical studies,323.0,18.26625,48.60681,76.47059,92.26006,97.83282,100.0
2019 to 20,East of England,A level,Art & Design,History of Art,31.0,19.35484,45.16129,77.41935,93.54839,100.0,100.0
2019 to 20,East of England,A level,English,English literature,3716.0,12.91712,34.71475,65.06997,90.06997,98.43918,99.81163
2019 to 20,East of England,A level,Modern languages,Total Modern languages including Other,1800.0,20.5,53.22222,78.44444,93.33333,97.94444,99.33333
2019 to 20,East of England,A level,Modern languages - other,Dutch,0.0,,,,,,
2019 to 20,West Midlands,A level,Art & Design,Critical Studies,0.0,,,,,,
2019 to 20,West Midlands,A level,Modern languages - other,Welsh,0.0,,,,,,
2019 to 20,West Midlands,A level,Modern languages - other,Arabic,37.0,40.54054,78.37838,86.48649,100.0,100.0,100.0
2019 to 20,West Midlands,A level,Religious Studies,Total Religious Studies,1695.0,8.0826,29.55752,60.41298,86.54867,96.57817,99.52802
2019 to 20,West Midlands,A level,Design and technology,D&T Food Technology,0.0,,,,,,
2019 to 20,West Midlands,A level,Humanities,Total Humanities,0.0,,,,,,
2019 to 20,West Midlands,A level,Modern languages - other,Polish,72.0,26.38889,63.88889,90.27778,91.66667,91.66667,91.66667
2019 to 20,West Midlands,A level,Science - other,Environmental Science,89.0,1.1236,12.35955,35.95506,66.29213,92.13483,100.0
2019 to 20,West Midlands,A level,Modern languages - other,Modern Greek,2.0,0.0,50.0,100.0,100.0,100.0,100.0
2019 to 20,West Midlands,A level,Accounting and Finance,Total Accounting and finance,237.0,2.95359,21.51899,43.88186,72.1519,92.40506,100.0
2019 to 20,West Midlands,A level,Archaeology,Total Archaeology,0.0,,,,,,
2019 to 20,West Midlands,A level,Arts,Expressive Arts & Performance Studies,0.0,,,,,,
2019 to 20,West Midlands,A level,Modern languages - other,Russian,18.0,33.33333,83.33333,88.88889,100.0,100.0,100.0
2019 to 20,West Midlands,A level,Classical studies,Latin,8.0,37.5,100.0,100.0,100.0,100.0,100.0
2019 to 20,West Midlands,A level,Design and technology,D&T Product Design,763.0,7.07733,24.11533,50.19659,76.53997,92.79161,99.86894
2019 to 20,West Midlands,A level,Maths,Additional Mathematics,0.0,,,,,,
2019 to 20,West Midlands,A level,Science - other,Science in Society,0.0,,,,,,
2019 to 20,West Midlands,A level,Modern languages - other,Turkish,4.0,100.0,100.0,100.0,100.0,100.0,100.0
2019 to 20,West Midlands,A level,Modern languages - other,Modern Hebrew,0.0,,,,,,
2019 to 20,West Midlands,A level,Science - Biology,Total Biology,6029.0,9.18892,29.55714,56.04578,80.44452,94.14497,99.40289
2019 to 20,West Midlands,A level,Art & Design,Art and design,240.0,13.33333,34.16667,68.75,94.16667,98.75,100.0
2019 to 20,West Midlands,A level,Arts,Film Studies,456.0,7.45614,23.24561,59.42982,88.37719,98.02632,99.5614
2019 to 20,West Midlands,A level,Design and technology,D&T Systems & Control,0.0,,,,,,
2019 to 20,West Midlands,A level,Law,Total Law,1249.0,6.72538,24.57966,53.16253,83.50681,95.35629,99.35949
2019 to 20,West Midlands,A level,Design and technology,D&T Engineering,3.0,0.0,0.0,66.66667,100.0,100.0,100.0
2019 to 20,West Midlands,A level,Classical studies,Ancient History,42.0,9.52381,30.95238,50.0,83.33333,95.2381,100.0
2019 to 20,West Midlands,A level,Physical Education,Physical Education/Sports Studies,831.0,8.90493,26.47413,54.99398,83.15283,95.66787,99.87966
2019 to 20,West Midlands,A level,General studies,Critical Thinking,0.0,,,,,,
2019 to 20,West Midlands,A level,Music,Music,249.0,13.65462,41.36546,73.89558,91.16466,98.39357,100.0
2019 to 20,West Midlands,A level,Business Studies,Total Business Studies,2960.0,6.0473,23.47973,54.18919,85.54054,97.43243,99.69595
2019 to 20,West Midlands,A level,Art & Design,3d Studies,110.0,4.54545,10.90909,44.54545,78.18182,95.45455,100.0
2019 to 20,West Midlands,A level,Modern languages,French,518.0,16.02317,47.10425,71.42857,90.34749,97.49035,99.80695
2019 to 20,West Midlands,A level,Design and technology,D&T Textiles Technology,21.0,19.04762,38.09524,71.42857,95.2381,100.0,100.0
2019 to 20,West Midlands,A level,Anthropology,Total Anthropology,0.0,,,,,,
2019 to 20,West Midlands,A level,Modern languages - other,Italian,60.0,28.33333,68.33333,93.33333,100.0,100.0,100.0
2019 to 20,West Midlands,A level,Sociology,Total Sociology,3858.0,6.89476,25.01296,55.26179,84.55158,96.96734,99.63712
2019 to 20,West Midlands,A level,Science - Physics,Total Physics,2957.0,12.88468,32.80352,56.34089,78.11972,92.89821,99.39127
2019 to 20,West Midlands,A level,Art & Design,Fine Art,1234.0,15.07293,37.35818,68.63857,92.05835,97.48784,99.75689
2019 to 20,West Midlands,A level,Music,Music Technology,48.0,6.25,16.66667,43.75,75.0,93.75,100.0
2019 to 20,West Midlands,A level,Science - Chemistry,Total Chemistry,4985.0,10.85256,33.82146,59.51856,81.94584,94.16249,99.17753
2019 to 20,West Midlands,A level,Art & Design,Textiles,148.0,13.51351,45.27027,80.40541,94.59459,97.97297,99.32432
2019 to 20,West Midlands,A level,Home Economics,Home Economics (Food),0.0,,,,,,
2019 to 20,West Midlands,A level,Arts,Media/Film/Tv Studies,1102.0,4.08348,19.60073,55.26316,90.10889,98.36661,99.63702
2019 to 20,West Midlands,A level,Modern languages - other,Japanese,4.0,25.0,25.0,50.0,75.0,100.0,100.0
2019 to 20,West Midlands,A level,Maths,Maths,7117.0,18.61739,42.92539,63.79092,83.22327,94.18294,99.31151
2019 to 20,West Midlands,A level,Modern languages,Spanish,366.0,18.03279,46.99454,75.40984,91.53005,98.63388,99.18033
2019 to 20,West Midlands,A level,Art & Design,Total Art & Design,2741.0,12.33127,34.47647,67.71251,91.39,97.59212,99.67165
2019 to 20,West Midlands,A level,Classical studies,Other Classical Languages,0.0,,,,,,
2019 to 20,West Midlands,A level,Modern languages - other,Chinese,11.0,45.45455,90.90909,100.0,100.0,100.0,100.0
2019 to 20,West Midlands,A level,Geography,Geography,2435.0,8.70637,31.17043,60.41068,86.81725,97.04312,99.71253
2019 to 20,West Midlands,A level,All subjects,Total subjects,62802.0,10.55221,31.41142,59.05067,84.37789,95.88707,99.53186
2019 to 20,West Midlands,A level,Modern languages - other,Bengali,1.0,0.0,100.0,100.0,100.0,100.0,100.0
2019 to 20,West Midlands,A level,Design and technology,Design & Technology,0.0,,,,,,
2019 to 20,West Midlands,A level,Computer Science,Total Computer Science,1131.0,11.84792,32.44916,59.50486,83.20071,95.04863,99.55791
2019 to 20,West Midlands,A level,Maths - Further,Total Further Mathematics,921.0,35.72204,65.25516,83.38762,94.46254,98.15418,100.0
2019 to 20,West Midlands,A level,General studies,Total General studies,0.0,,,,,,
2019 to 20,West Midlands,A level,Modern languages - other,Persian,0.0,,,,,,
2019 to 20,West Midlands,A level,Arts,Total Arts,2117.0,5.81011,23.76004,59.14029,90.41096,98.44119,99.66934
2019 to 20,West Midlands,A level,Classical studies,Classical Civilisation,214.0,8.8785,29.43925,60.28037,89.25234,97.66355,100.0
2019 to 20,West Midlands,A level,Science - other,Geology,145.0,11.72414,33.10345,56.55172,82.06897,95.17241,99.31034
2019 to 20,West Midlands,A level,Art & Design,Graphics,321.0,10.28037,32.39875,69.4704,90.65421,98.44237,99.37695
2019 to 20,West Midlands,A level,Arts,Creative Writing,0.0,,,,,,
2019 to 20,West Midlands,A level,Arts,Drama & Theatre Studies,559.0,7.8712,32.37925,66.54741,92.66547,98.92665,99.82111
2019 to 20,West Midlands,A level,Modern languages - other,Gujarati,0.0,,,,,,
2019 to 20,West Midlands,A level,Design and technology,Total D&T,787.0,7.36976,24.39644,50.82592,77.12834,93.01144,99.87294
2019 to 20,West Midlands,A level,Geography,Total Geography,2435.0,8.70637,31.17043,60.41068,86.81725,97.04312,99.71253
2019 to 20,West Midlands,A level,All STEM subjects,Total STEM subjects,23392.0,13.98341,36.31583,60.28129,81.89552,94.14757,99.34166
2019 to 20,West Midlands,A level,Modern languages - other,Urdu,32.0,34.375,75.0,96.875,100.0,100.0,100.0
2019 to 20,West Midlands,A level,Classical studies,Classical Greek,0.0,,,,,,
2019 to 20,West Midlands,A level,Modern languages,German,189.0,15.34392,48.67725,73.54497,92.59259,97.8836,100.0
2019 to 20,West Midlands,A level,Art & Design,Photography,671.0,8.94188,31.74367,66.1699,91.20715,97.31744,99.55291
2019 to 20,West Midlands,A level,Home Economics,Home Economics,0.0,,,,,,
2019 to 20,West Midlands,A level,Maths,Mathematics (Statistics),252.0,2.77778,13.49206,42.85714,70.63492,88.88889,98.01587
2019 to 20,West Midlands,A level,Logic/Philosophy,Total Logic/ Philosophy,136.0,7.35294,25.73529,59.55882,83.82353,94.85294,99.26471
2019 to 20,West Midlands,A level,Classical studies,Classics (General),0.0,,,,,,
2019 to 20,West Midlands,A level,Home Economics,Total Home Economics,0.0,,,,,,
2019 to 20,West Midlands,A level,Maths,Mathematics (Pure),0.0,,,,,,
2019 to 20,West Midlands,A level,Maths,Use of mathematics,0.0,,,,,,
2019 to 20,West Midlands,A level,Economics,Total Economics,1700.0,9.52941,33.76471,63.0,87.52941,97.17647,99.58824
2019 to 20,West Midlands,A level,Government and politics,Total Government and Politics,815.0,10.55215,32.76074,60.9816,86.25767,96.68712,99.3865
2019 to 20,West Midlands,A level,General studies,General Studies,0.0,,,,,,
2019 to 20,West Midlands,A level,Citizenship studies,Total Citizenship studies,0.0,,,,,,
2019 to 20,West Midlands,A level,Modern languages - other,Portuguese,10.0,30.0,70.0,80.0,90.0,90.0,90.0
2019 to 20,West Midlands,A level,Arts,Communication Studies,0.0,,,,,,
2019 to 20,West Midlands,A level,Physical Education,Dance,70.0,17.14286,44.28571,80.0,95.71429,100.0,100.0
2019 to 20,West Midlands,A level,Maths,Total Maths,7369.0,18.07572,41.91885,63.07504,82.79278,94.0019,99.2672
2019 to 20,West Midlands,A level,English,Total English,5536.0,8.5802,26.9328,57.82153,87.53613,98.39234,99.72905
2019 to 20,West Midlands,A level,Geography,Geography (World Development),0.0,,,,,,
2019 to 20,West Midlands,A level,Science - other,Electronics,23.0,8.69565,34.78261,60.86957,78.26087,82.6087,100.0
2019 to 20,West Midlands,A level,Physical Education,Total Physical Education,901.0,9.54495,27.85794,56.93674,84.12875,96.00444,99.88901
2019 to 20,West Midlands,A level,Music,Total Music,297.0,12.45791,37.37374,69.02357,88.55219,97.6431,100.0
2019 to 20,West Midlands,A level,English,English language & literature,870.0,5.51724,21.83908,57.70115,87.70115,99.1954,99.88506
2019 to 20,West Midlands,A level,Psychology,Total Psychology,6402.0,7.62262,26.30428,53.35833,81.02156,95.29834,99.54702
2019 to 20,West Midlands,A level,Modern languages - other,Irish,0.0,,,,,,
2019 to 20,West Midlands,A level,English,English language,1221.0,5.48731,21.45782,53.72645,86.89599,98.0344,99.3448
2019 to 20,West Midlands,A level,History,Total History,3666.0,8.0742,28.47791,59.13803,86.66121,97.51773,99.83633
2019 to 20,West Midlands,A level,All facilitating subjects,Total facilitating subjects,32920.0,12.96173,35.38882,60.90219,83.87606,95.33414,99.46841
2019 to 20,West Midlands,A level,ICT,Total ICT,0.0,,,,,,
2019 to 20,West Midlands,A level,Modern languages - other,Welsh (Second Language),0.0,,,,,,
2019 to 20,West Midlands,A level,Modern languages - other,Total Other Modern Languages,284.0,30.98592,69.71831,89.43662,96.83099,97.1831,97.1831
2019 to 20,West Midlands,A level,Science - other,Total Other Sciences,257.0,7.7821,26.07004,49.80545,76.26459,92.99611,99.61089
2019 to 20,West Midlands,A level,Modern languages - other,Punjabi,33.0,21.21212,57.57576,78.78788,96.9697,96.9697,96.9697
2019 to 20,West Midlands,A level,Classical studies,Total Classical studies,264.0,9.84848,31.81818,59.84848,88.63636,97.34848,100.0
2019 to 20,West Midlands,A level,Art & Design,History of Art,17.0,11.76471,35.29412,52.94118,82.35294,94.11765,100.0
2019 to 20,West Midlands,A level,English,English literature,3445.0,10.44993,30.15965,59.30334,87.72134,98.3164,99.82583
2019 to 20,West Midlands,A level,Modern languages,Total Modern languages including Other,1357.0,19.60206,52.02653,76.56595,92.33604,97.78924,99.1157
2019 to 20,West Midlands,A level,Modern languages - other,Dutch,0.0,,,,,,
2019 to 20,East Midlands,A level,Art & Design,Critical Studies,0.0,,,,,,
2019 to 20,East Midlands,A level,Modern languages - other,Welsh,0.0,,,,,,
2019 to 20,East Midlands,A level,Modern languages - other,Arabic,10.0,0.0,80.0,90.0,90.0,100.0,100.0
2019 to 20,East Midlands,A level,Religious Studies,Total Religious Studies,865.0,10.40462,31.21387,60.34682,84.85549,96.53179,99.53757
2019 to 20,East Midlands,A level,Design and technology,D&T Food Technology,0.0,,,,,,
2019 to 20,East Midlands,A level,Humanities,Total Humanities,0.0,,,,,,
2019 to 20,East Midlands,A level,Modern languages - other,Polish,58.0,27.58621,58.62069,75.86207,81.03448,82.75862,82.75862
2019 to 20,East Midlands,A level,Science - other,Environmental Science,36.0,8.33333,22.22222,52.77778,69.44444,91.66667,100.0
2019 to 20,East Midlands,A level,Modern languages - other,Modern Greek,5.0,20.0,100.0,100.0,100.0,100.0,100.0
2019 to 20,East Midlands,A level,Accounting and Finance,Total Accounting and finance,257.0,4.28016,19.06615,41.24514,71.20623,91.05058,98.83268
2019 to 20,East Midlands,A level,Archaeology,Total Archaeology,0.0,,,,,,
2019 to 20,East Midlands,A level,Arts,Expressive Arts & Performance Studies,0.0,,,,,,
2019 to 20,East Midlands,A level,Modern languages - other,Russian,11.0,27.27273,63.63636,100.0,100.0,100.0,100.0
2019 to 20,East Midlands,A level,Classical studies,Latin,9.0,22.22222,55.55556,88.88889,88.88889,88.88889,100.0
2019 to 20,East Midlands,A level,Design and technology,D&T Product Design,675.0,7.11111,27.25926,58.22222,86.66667,96.88889,99.7037
2019 to 20,East Midlands,A level,Maths,Additional Mathematics,0.0,,,,,,
2019 to 20,East Midlands,A level,Science - other,Science in Society,0.0,,,,,,
2019 to 20,East Midlands,A level,Modern languages - other,Turkish,4.0,25.0,75.0,75.0,100.0,100.0,100.0
2019 to 20,East Midlands,A level,Modern languages - other,Modern Hebrew,0.0,,,,,,
2019 to 20,East Midlands,A level,Science - Biology,Total Biology,4160.0,10.19231,32.30769,55.81731,80.0,93.91827,99.35096
2019 to 20,East Midlands,A level,Art & Design,Art and design,265.0,12.83019,34.33962,68.67925,87.16981,96.60377,99.24528
2019 to 20,East Midlands,A level,Arts,Film Studies,284.0,4.57746,24.29577,61.26761,89.78873,96.83099,99.64789
2019 to 20,East Midlands,A level,Design and technology,D&T Systems & Control,0.0,,,,,,
2019 to 20,East Midlands,A level,Law,Total Law,737.0,9.22659,23.74491,50.4749,77.74763,93.08005,98.37178
2019 to 20,East Midlands,A level,Design and technology,D&T Engineering,40.0,12.5,37.5,60.0,72.5,87.5,92.5
2019 to 20,East Midlands,A level,Classical studies,Ancient History,31.0,3.22581,25.80645,51.6129,87.09677,100.0,100.0
2019 to 20,East Midlands,A level,Physical Education,Physical Education/Sports Studies,857.0,9.68495,28.12135,55.07585,83.66394,95.91599,99.53326
2019 to 20,East Midlands,A level,General studies,Critical Thinking,0.0,,,,,,
2019 to 20,East Midlands,A level,Music,Music,233.0,12.01717,39.05579,69.09871,90.55794,98.28326,100.0
2019 to 20,East Midlands,A level,Business Studies,Total Business Studies,2612.0,6.20214,22.89433,53.40735,83.92037,96.63093,99.34916
2019 to 20,East Midlands,A level,Art & Design,3d Studies,50.0,14.0,26.0,64.0,86.0,98.0,100.0
2019 to 20,East Midlands,A level,Modern languages,French,446.0,14.12556,43.27354,70.17937,91.25561,98.43049,99.10314
2019 to 20,East Midlands,A level,Design and technology,D&T Textiles Technology,78.0,7.69231,26.92308,66.66667,88.46154,100.0,100.0
2019 to 20,East Midlands,A level,Anthropology,Total Anthropology,0.0,,,,,,
2019 to 20,East Midlands,A level,Modern languages - other,Italian,34.0,26.47059,70.58824,85.29412,94.11765,94.11765,94.11765
2019 to 20,East Midlands,A level,Sociology,Total Sociology,3039.0,7.23922,24.90951,55.97236,84.10661,96.05133,99.37479
2019 to 20,East Midlands,A level,Science - Physics,Total Physics,2328.0,14.73368,33.8488,57.17354,78.43643,92.01031,98.84021
2019 to 20,East Midlands,A level,Art & Design,Fine Art,926.0,17.92657,41.2527,70.51836,90.38877,97.5162,99.56803
2019 to 20,East Midlands,A level,Music,Music Technology,74.0,5.40541,21.62162,45.94595,68.91892,93.24324,98.64865
2019 to 20,East Midlands,A level,Science - Chemistry,Total Chemistry,3341.0,11.79288,36.84526,60.46094,82.0413,94.10356,99.16193
2019 to 20,East Midlands,A level,Art & Design,Textiles,116.0,23.27586,50.86207,82.75862,94.82759,99.13793,100.0
2019 to 20,East Midlands,A level,Home Economics,Home Economics (Food),0.0,,,,,,
2019 to 20,East Midlands,A level,Arts,Media/Film/Tv Studies,980.0,3.87755,20.71429,56.22449,88.57143,98.36735,99.38776
2019 to 20,East Midlands,A level,Modern languages - other,Japanese,1.0,0.0,100.0,100.0,100.0,100.0,100.0
2019 to 20,East Midlands,A level,Maths,Maths,5189.0,19.83041,43.36096,63.34554,81.36442,92.85026,99.01715
2019 to 20,East Midlands,A level,Modern languages,Spanish,379.0,20.05277,48.54881,75.98945,93.66755,97.88918,98.68074
2019 to 20,East Midlands,A level,Art & Design,Total Art & Design,2319.0,14.18715,36.05002,68.47779,89.86632,97.67141,99.69815
2019 to 20,East Midlands,A level,Classical studies,Other Classical Languages,0.0,,,,,,
2019 to 20,East Midlands,A level,Modern languages - other,Chinese,5.0,100.0,100.0,100.0,100.0,100.0,100.0
2019 to 20,East Midlands,A level,Geography,Geography,1961.0,8.51606,27.84294,57.36869,84.44671,96.3794,99.74503
2019 to 20,East Midlands,A level,All subjects,Total subjects,48108.0,10.96491,31.62676,58.81558,83.81142,95.5392,99.37225
2019 to 20,East Midlands,A level,Modern languages - other,Bengali,0.0,,,,,,
2019 to 20,East Midlands,A level,Design and technology,Design & Technology,0.0,,,,,,
2019 to 20,East Midlands,A level,Computer Science,Total Computer Science,828.0,12.92271,32.6087,56.52174,81.64251,94.44444,99.51691
2019 to 20,East Midlands,A level,Maths - Further,Total Further Mathematics,746.0,33.91421,66.21984,83.24397,94.10188,98.39142,99.59786
2019 to 20,East Midlands,A level,General studies,Total General studies,0.0,,,,,,
2019 to 20,East Midlands,A level,Modern languages - other,Persian,1.0,100.0,100.0,100.0,100.0,100.0,100.0
2019 to 20,East Midlands,A level,Arts,Total Arts,1909.0,5.13358,24.56784,61.76008,90.8329,98.37611,99.63332
2019 to 20,East Midlands,A level,Classical studies,Classical Civilisation,23.0,26.08696,47.82609,82.6087,95.65217,100.0,100.0
2019 to 20,East Midlands,A level,Science - other,Geology,58.0,12.06897,27.58621,53.44828,82.75862,100.0,100.0
2019 to 20,East Midlands,A level,Art & Design,Graphics,214.0,14.95327,40.18692,64.95327,87.38318,97.19626,100.0
2019 to 20,East Midlands,A level,Arts,Creative Writing,0.0,,,,,,
2019 to 20,East Midlands,A level,Arts,Drama & Theatre Studies,645.0,7.28682,30.54264,70.3876,94.72868,99.06977,100.0
2019 to 20,East Midlands,A level,Modern languages - other,Gujarati,0.0,,,,,,
2019 to 20,East Midlands,A level,Design and technology,Total D&T,793.0,7.4401,27.74275,59.1425,86.12863,96.72131,99.36948
2019 to 20,East Midlands,A level,Geography,Total Geography,1961.0,8.51606,27.84294,57.36869,84.44671,96.3794,99.74503
2019 to 20,East Midlands,A level,All STEM subjects,Total STEM subjects,16613.0,15.35544,38.4157,60.56703,81.33991,93.58936,99.15729
2019 to 20,East Midlands,A level,Modern languages - other,Urdu,7.0,14.28571,28.57143,57.14286,85.71429,100.0,100.0
2019 to 20,East Midlands,A level,Classical studies,Classical Greek,0.0,,,,,,
2019 to 20,East Midlands,A level,Modern languages,German,189.0,14.28571,44.97354,76.71958,93.12169,98.4127,100.0
2019 to 20,East Midlands,A level,Art & Design,Photography,748.0,8.42246,27.40642,64.97326,90.37433,98.12834,99.86631
2019 to 20,East Midlands,A level,Home Economics,Home Economics,0.0,,,,,,
2019 to 20,East Midlands,A level,Maths,Mathematics (Statistics),21.0,4.7619,23.80952,61.90476,85.71429,100.0,100.0
2019 to 20,East Midlands,A level,Logic/Philosophy,Total Logic/ Philosophy,85.0,4.70588,24.70588,55.29412,80.0,95.29412,100.0
2019 to 20,East Midlands,A level,Classical studies,Classics (General),0.0,,,,,,
2019 to 20,East Midlands,A level,Home Economics,Total Home Economics,0.0,,,,,,
2019 to 20,East Midlands,A level,Maths,Mathematics (Pure),0.0,,,,,,
2019 to 20,East Midlands,A level,Maths,Use of mathematics,0.0,,,,,,
2019 to 20,East Midlands,A level,Economics,Total Economics,1373.0,9.17698,30.88128,61.03423,87.32702,97.1595,99.85433
2019 to 20,East Midlands,A level,Government and politics,Total Government and Politics,667.0,10.1949,30.43478,57.12144,82.90855,96.25187,99.25037
2019 to 20,East Midlands,A level,General studies,General Studies,0.0,,,,,,
2019 to 20,East Midlands,A level,Citizenship studies,Total Citizenship studies,0.0,,,,,,
2019 to 20,East Midlands,A level,Modern languages - other,Portuguese,6.0,16.66667,50.0,83.33333,83.33333,100.0,100.0
2019 to 20,East Midlands,A level,Arts,Communication Studies,0.0,,,,,,
2019 to 20,East Midlands,A level,Physical Education,Dance,83.0,10.84337,40.96386,77.10843,96.38554,100.0,100.0
2019 to 20,East Midlands,A level,Maths,Total Maths,5210.0,19.76967,43.28215,63.33973,81.38196,92.87908,99.02111
2019 to 20,East Midlands,A level,English,Total English,4610.0,8.06941,25.85683,55.33623,85.85683,97.72234,99.7397
2019 to 20,East Midlands,A level,Geography,Geography (World Development),0.0,,,,,,
2019 to 20,East Midlands,A level,Science - other,Electronics,82.0,10.97561,31.70732,51.21951,71.95122,90.2439,98.78049
2019 to 20,East Midlands,A level,Physical Education,Total Physical Education,940.0,9.78723,29.25532,57.02128,84.78723,96.2766,99.57447
2019 to 20,East Midlands,A level,Music,Total Music,307.0,10.42345,34.85342,63.51792,85.34202,97.0684,99.67427
2019 to 20,East Midlands,A level,English,English language & literature,626.0,4.47284,21.08626,49.68051,81.15016,95.36741,99.52077
2019 to 20,East Midlands,A level,Psychology,Total Psychology,4847.0,6.89086,24.98453,52.38292,80.66845,94.78028,99.42232
2019 to 20,East Midlands,A level,Modern languages - other,Irish,0.0,,,,,,
2019 to 20,East Midlands,A level,English,English language,1460.0,4.31507,18.35616,48.42466,83.9726,97.53425,99.65753
2019 to 20,East Midlands,A level,History,Total History,2770.0,9.31408,30.50542,60.75812,86.7509,97.29242,99.67509
2019 to 20,East Midlands,A level,All facilitating subjects,Total facilitating subjects,24193.0,13.87591,36.60563,61.17885,83.42496,94.89108,99.27665
2019 to 20,East Midlands,A level,ICT,Total ICT,0.0,,,,,,
2019 to 20,East Midlands,A level,Modern languages - other,Welsh (Second Language),0.0,,,,,,
2019 to 20,East Midlands,A level,Modern languages - other,Total Other Modern Languages,151.0,26.49007,65.56291,82.78146,89.40397,92.05298,92.05298
2019 to 20,East Midlands,A level,Science - other,Total Other Sciences,176.0,10.79545,28.40909,52.27273,75.0,93.75,99.43182
2019 to 20,East Midlands,A level,Modern languages - other,Punjabi,9.0,22.22222,66.66667,88.88889,100.0,100.0,100.0
2019 to 20,East Midlands,A level,Classical studies,Total Classical studies,63.0,14.28571,38.09524,68.25397,90.47619,98.4127,100.0
2019 to 20,East Midlands,A level,Art & Design,History of Art,0.0,,,,,,
2019 to 20,East Midlands,A level,English,English literature,2524.0,11.13312,31.37876,60.73693,88.1141,98.41521,99.84152
2019 to 20,East Midlands,A level,Modern languages,Total Modern languages including Other,1165.0,17.6824,48.15451,74.76395,92.103,97.42489,98.19742
2019 to 20,East Midlands,A level,Modern languages - other,Dutch,0.0,,,,,,
2019 to 20,South West,A level,Art & Design,Critical Studies,25.0,20.0,36.0,60.0,92.0,100.0,100.0
2019 to 20,South West,A level,Modern languages - other,Welsh,0.0,,,,,,
2019 to 20,South West,A level,Modern languages - other,Arabic,5.0,0.0,60.0,60.0,80.0,80.0,80.0
2019 to 20,South West,A level,Religious Studies,Total Religious Studies,1199.0,11.59299,33.94495,63.96997,88.82402,97.66472,99.83319
2019 to 20,South West,A level,Design and technology,D&T Food Technology,0.0,,,,,,
2019 to 20,South West,A level,Humanities,Total Humanities,0.0,,,,,,
2019 to 20,South West,A level,Modern languages - other,Polish,32.0,37.5,78.125,87.5,90.625,90.625,93.75
2019 to 20,South West,A level,Science - other,Environmental Science,269.0,5.57621,18.21561,46.4684,74.34944,92.56506,99.25651
2019 to 20,South West,A level,Modern languages - other,Modern Greek,0.0,,,,,,
2019 to 20,South West,A level,Accounting and Finance,Total Accounting and finance,111.0,4.5045,16.21622,45.04505,72.97297,90.99099,96.3964
2019 to 20,South West,A level,Archaeology,Total Archaeology,0.0,,,,,,
2019 to 20,South West,A level,Arts,Expressive Arts & Performance Studies,0.0,,,,,,
2019 to 20,South West,A level,Modern languages - other,Russian,14.0,21.42857,64.28571,71.42857,85.71429,92.85714,92.85714
2019 to 20,South West,A level,Classical studies,Latin,15.0,33.33333,66.66667,80.0,93.33333,100.0,100.0
2019 to 20,South West,A level,Design and technology,D&T Product Design,748.0,7.35294,26.47059,55.61497,84.2246,96.65775,99.86631
2019 to 20,South West,A level,Maths,Additional Mathematics,0.0,,,,,,
2019 to 20,South West,A level,Science - other,Science in Society,0.0,,,,,,
2019 to 20,South West,A level,Modern languages - other,Turkish,6.0,83.33333,100.0,100.0,100.0,100.0,100.0
2019 to 20,South West,A level,Modern languages - other,Modern Hebrew,0.0,,,,,,
2019 to 20,South West,A level,Science - Biology,Total Biology,4768.0,11.87081,34.22819,59.85738,83.07466,95.21812,99.60151
2019 to 20,South West,A level,Art & Design,Art and design,297.0,15.48822,40.40404,75.42088,93.93939,98.3165,99.6633
2019 to 20,South West,A level,Arts,Film Studies,484.0,6.40496,25.41322,59.50413,89.2562,97.52066,99.79339
2019 to 20,South West,A level,Design and technology,D&T Systems & Control,0.0,,,,,,
2019 to 20,South West,A level,Law,Total Law,761.0,9.46124,30.3548,60.70959,85.93955,95.92641,99.47438
2019 to 20,South West,A level,Design and technology,D&T Engineering,23.0,26.08696,43.47826,56.52174,82.6087,100.0,100.0
2019 to 20,South West,A level,Classical studies,Ancient History,65.0,12.30769,27.69231,63.07692,87.69231,95.38462,98.46154
2019 to 20,South West,A level,Physical Education,Physical Education/Sports Studies,920.0,7.3913,27.17391,54.23913,82.82609,96.84783,99.67391
2019 to 20,South West,A level,General studies,Critical Thinking,0.0,,,,,,
2019 to 20,South West,A level,Music,Music,316.0,13.60759,40.82278,70.88608,91.4557,98.73418,99.68354
2019 to 20,South West,A level,Business Studies,Total Business Studies,2437.0,6.36028,23.96389,54.90357,84.57119,96.1428,99.63069
2019 to 20,South West,A level,Art & Design,3d Studies,143.0,16.78322,39.86014,65.73427,88.81119,96.5035,100.0
2019 to 20,South West,A level,Modern languages,French,619.0,16.31664,45.23425,72.21325,91.92246,97.73829,99.51535
2019 to 20,South West,A level,Design and technology,D&T Textiles Technology,105.0,14.28571,50.47619,74.28571,99.04762,100.0,100.0
2019 to 20,South West,A level,Anthropology,Total Anthropology,0.0,,,,,,
2019 to 20,South West,A level,Modern languages - other,Italian,14.0,35.71429,78.57143,92.85714,92.85714,100.0,100.0
2019 to 20,South West,A level,Sociology,Total Sociology,2870.0,7.59582,27.35192,57.45645,84.91289,96.58537,99.54704
2019 to 20,South West,A level,Science - Physics,Total Physics,2867.0,14.89362,39.1001,63.27171,83.188,94.87269,99.37217
2019 to 20,South West,A level,Art & Design,Fine Art,1347.0,18.93096,43.87528,74.38753,93.17001,98.44098,99.48033
2019 to 20,South West,A level,Music,Music Technology,113.0,2.65487,18.58407,50.44248,78.76106,91.15044,99.11504
2019 to 20,South West,A level,Science - Chemistry,Total Chemistry,3555.0,12.88326,40.9564,65.20394,85.68214,95.61181,99.46554
2019 to 20,South West,A level,Art & Design,Textiles,247.0,16.59919,40.48583,71.25506,94.33198,99.59514,100.0
2019 to 20,South West,A level,Home Economics,Home Economics (Food),0.0,,,,,,
2019 to 20,South West,A level,Arts,Media/Film/Tv Studies,1095.0,3.83562,20.0,51.78082,86.0274,97.80822,99.54338
2019 to 20,South West,A level,Modern languages - other,Japanese,8.0,25.0,62.5,100.0,100.0,100.0,100.0
2019 to 20,South West,A level,Maths,Maths,6130.0,21.66395,46.55791,67.83034,84.64927,94.66558,99.39641
2019 to 20,South West,A level,Modern languages,Spanish,603.0,17.91045,48.09287,77.61194,93.3665,98.17579,99.83416
2019 to 20,South West,A level,Art & Design,Total Art & Design,3901.0,15.89336,38.1697,70.54601,91.79698,98.4363,99.66675
2019 to 20,South West,A level,Classical studies,Other Classical Languages,0.0,,,,,,
2019 to 20,South West,A level,Modern languages - other,Chinese,41.0,17.07317,43.90244,87.80488,100.0,100.0,100.0
2019 to 20,South West,A level,Geography,Geography,2947.0,9.80658,32.64337,61.62199,86.25721,97.25144,99.72854
2019 to 20,South West,A level,All subjects,Total subjects,56765.0,12.5676,35.12376,62.949,86.32784,96.47318,99.56663
2019 to 20,South West,A level,Modern languages - other,Bengali,0.0,,,,,,
2019 to 20,South West,A level,Design and technology,Design & Technology,0.0,,,,,,
2019 to 20,South West,A level,Computer Science,Total Computer Science,967.0,12.61634,36.60807,62.46122,84.59152,95.65667,99.27611
2019 to 20,South West,A level,Maths - Further,Total Further Mathematics,1001.0,35.26474,64.83516,84.01598,94.40559,98.1019,99.8002
2019 to 20,South West,A level,General studies,Total General studies,0.0,,,,,,
2019 to 20,South West,A level,Modern languages - other,Persian,0.0,,,,,,
2019 to 20,South West,A level,Arts,Total Arts,2368.0,6.16554,24.61993,58.27703,88.6402,98.05743,99.66216
2019 to 20,South West,A level,Classical studies,Classical Civilisation,191.0,11.51832,37.17277,73.29843,94.7644,98.95288,100.0
2019 to 20,South West,A level,Science - other,Geology,163.0,11.04294,34.35583,61.96319,85.88957,98.15951,100.0
2019 to 20,South West,A level,Art & Design,Graphics,441.0,16.32653,34.92063,67.80045,88.20862,97.95918,99.54649
2019 to 20,South West,A level,Arts,Creative Writing,0.0,,,,,,
2019 to 20,South West,A level,Arts,Drama & Theatre Studies,789.0,9.25222,30.54499,66.53992,91.88847,98.73257,99.74651
2019 to 20,South West,A level,Modern languages - other,Gujarati,0.0,,,,,,
2019 to 20,South West,A level,Design and technology,Total D&T,876.0,8.6758,29.79452,57.87671,85.9589,97.14612,99.88584
2019 to 20,South West,A level,Geography,Total Geography,2947.0,9.80658,32.64337,61.62199,86.25721,97.25144,99.72854
2019 to 20,South West,A level,All STEM subjects,Total STEM subjects,19303.0,16.85748,41.80179,65.27483,84.7433,95.23908,99.47158
2019 to 20,South West,A level,Modern languages - other,Urdu,0.0,,,,,,
2019 to 20,South West,A level,Classical studies,Classical Greek,1.0,100.0,100.0,100.0,100.0,100.0,100.0
2019 to 20,South West,A level,Modern languages,German,199.0,17.58794,54.27136,78.89447,91.45729,97.48744,99.49749
2019 to 20,South West,A level,Art & Design,Photography,1401.0,12.63383,32.69094,67.23769,91.00642,98.57245,99.78587
2019 to 20,South West,A level,Home Economics,Home Economics,0.0,,,,,,
2019 to 20,South West,A level,Maths,Mathematics (Statistics),15.0,0.0,20.0,73.33333,93.33333,100.0,100.0
2019 to 20,South West,A level,Logic/Philosophy,Total Logic/ Philosophy,160.0,15.0,34.375,65.625,88.125,98.75,98.75
2019 to 20,South West,A level,Classical studies,Classics (General),0.0,,,,,,
2019 to 20,South West,A level,Home Economics,Total Home Economics,0.0,,,,,,
2019 to 20,South West,A level,Maths,Mathematics (Pure),0.0,,,,,,
2019 to 20,South West,A level,Maths,Use of mathematics,0.0,,,,,,
2019 to 20,South West,A level,Economics,Total Economics,1568.0,11.47959,38.52041,66.77296,90.30612,97.57653,99.68112
2019 to 20,South West,A level,Government and politics,Total Government and Politics,977.0,13.40839,37.35926,62.84545,87.51279,97.03173,99.79529
2019 to 20,South West,A level,General studies,General Studies,0.0,,,,,,
2019 to 20,South West,A level,Citizenship studies,Total Citizenship studies,0.0,,,,,,
2019 to 20,South West,A level,Modern languages - other,Portuguese,7.0,14.28571,42.85714,71.42857,100.0,100.0,100.0
2019 to 20,South West,A level,Arts,Communication Studies,0.0,,,,,,
2019 to 20,South West,A level,Physical Education,Dance,97.0,15.46392,41.23711,78.35052,97.93814,100.0,100.0
2019 to 20,South West,A level,Maths,Total Maths,6145.0,21.61107,46.49308,67.84378,84.67046,94.6786,99.39788
2019 to 20,South West,A level,English,Total English,4840.0,11.42562,31.44628,62.8719,89.38017,98.34711,99.71074
2019 to 20,South West,A level,Geography,Geography (World Development),0.0,,,,,,
2019 to 20,South West,A level,Science - other,Electronics,40.0,22.5,45.0,70.0,92.5,95.0,100.0
2019 to 20,South West,A level,Physical Education,Total Physical Education,1017.0,8.16126,28.51524,56.53884,84.26745,97.14848,99.70501
2019 to 20,South West,A level,Music,Total Music,429.0,10.72261,34.96503,65.50117,88.11189,96.7366,99.5338
2019 to 20,South West,A level,English,English language & literature,576.0,8.68056,28.125,60.76389,88.88889,98.4375,99.82639
2019 to 20,South West,A level,Psychology,Total Psychology,5397.0,8.41208,27.49676,55.62349,81.34149,94.86752,99.33296
2019 to 20,South West,A level,Modern languages - other,Irish,0.0,,,,,,
2019 to 20,South West,A level,English,English language,1480.0,5.81081,21.14865,53.58108,87.2973,98.10811,99.66216
2019 to 20,South West,A level,History,Total History,3312.0,10.02415,33.15217,63.88889,88.94928,97.73551,99.81884
2019 to 20,South West,A level,All facilitating subjects,Total facilitating subjects,28928.0,15.4003,40.05808,65.71834,86.36961,96.15943,99.56444
2019 to 20,South West,A level,ICT,Total ICT,0.0,,,,,,
2019 to 20,South West,A level,Modern languages - other,Welsh (Second Language),0.0,,,,,,
2019 to 20,South West,A level,Modern languages - other,Total Other Modern Languages,127.0,27.55906,62.99213,85.82677,94.48819,96.06299,96.85039
2019 to 20,South West,A level,Science - other,Total Other Sciences,472.0,8.89831,26.05932,53.81356,79.87288,94.70339,99.57627
2019 to 20,South West,A level,Modern languages - other,Punjabi,0.0,,,,,,
2019 to 20,South West,A level,Classical studies,Total Classical studies,272.0,13.23529,36.76471,71.32353,93.01471,98.16176,99.63235
2019 to 20,South West,A level,Art & Design,History of Art,0.0,,,,,,
2019 to 20,South West,A level,English,English literature,2784.0,14.97845,37.60776,68.24713,90.58908,98.45546,99.71264
2019 to 20,South West,A level,Modern languages,Total Modern languages including Other,1548.0,18.02326,48.96641,76.29199,92.63566,97.73902,99.4186
2019 to 20,South West,A level,Modern languages - other,Dutch,0.0,,,,,,
2019 to 20,South East,A level,Art & Design,Critical Studies,10.0,20.0,50.0,100.0,100.0,100.0,100.0
2019 to 20,South East,A level,Modern languages - other,Welsh,0.0,,,,,,
2019 to 20,South East,A level,Modern languages - other,Arabic,12.0,41.66667,75.0,75.0,91.66667,91.66667,100.0
2019 to 20,South East,A level,Religious Studies,Total Religious Studies,1695.0,10.0885,32.21239,61.82891,85.48673,96.34218,99.41003
2019 to 20,South East,A level,Design and technology,D&T Food Technology,0.0,,,,,,
2019 to 20,South East,A level,Humanities,Total Humanities,0.0,,,,,,
2019 to 20,South East,A level,Modern languages - other,Polish,45.0,17.77778,51.11111,82.22222,91.11111,93.33333,93.33333
2019 to 20,South East,A level,Science - other,Environmental Science,316.0,4.43038,17.40506,43.35443,70.25316,90.82278,98.41772
2019 to 20,South East,A level,Modern languages - other,Modern Greek,9.0,22.22222,100.0,100.0,100.0,100.0,100.0
2019 to 20,South East,A level,Accounting and Finance,Total Accounting and finance,188.0,6.91489,26.06383,44.68085,71.80851,87.76596,98.93617
2019 to 20,South East,A level,Archaeology,Total Archaeology,0.0,,,,,,
2019 to 20,South East,A level,Arts,Expressive Arts & Performance Studies,0.0,,,,,,
2019 to 20,South East,A level,Modern languages - other,Russian,29.0,55.17241,96.55172,100.0,100.0,100.0,100.0
2019 to 20,South East,A level,Classical studies,Latin,46.0,43.47826,91.30435,97.82609,100.0,100.0,100.0
2019 to 20,South East,A level,Design and technology,D&T Product Design,1341.0,10.3654,31.84191,59.35869,84.63833,96.1223,99.62714
2019 to 20,South East,A level,Maths,Additional Mathematics,0.0,,,,,,
2019 to 20,South East,A level,Science - other,Science in Society,0.0,,,,,,
2019 to 20,South East,A level,Modern languages - other,Turkish,14.0,50.0,64.28571,78.57143,85.71429,92.85714,92.85714
2019 to 20,South East,A level,Modern languages - other,Modern Hebrew,0.0,,,,,,
2019 to 20,South East,A level,Science - Biology,Total Biology,8858.0,11.91014,35.68526,60.51027,82.52427,94.71664,99.18718
2019 to 20,South East,A level,Art & Design,Art and design,807.0,18.33953,42.75093,71.87113,91.57373,98.26518,99.75217
2019 to 20,South East,A level,Arts,Film Studies,1380.0,7.02899,26.5942,60.94203,89.49275,98.4058,99.49275
2019 to 20,South East,A level,Design and technology,D&T Systems & Control,0.0,,,,,,
2019 to 20,South East,A level,Law,Total Law,1724.0,8.06265,26.2181,52.20418,78.36427,92.57541,98.60789
2019 to 20,South East,A level,Design and technology,D&T Engineering,40.0,12.5,27.5,50.0,77.5,90.0,97.5
2019 to 20,South East,A level,Classical studies,Ancient History,150.0,5.33333,28.66667,67.33333,90.0,99.33333,100.0
2019 to 20,South East,A level,Physical Education,Physical Education/Sports Studies,1901.0,10.31036,31.77275,57.60126,83.64019,95.37086,99.73698
2019 to 20,South East,A level,General studies,Critical Thinking,0.0,,,,,,
2019 to 20,South East,A level,Music,Music,591.0,13.02876,41.45516,73.43486,92.55499,98.13875,99.66159
2019 to 20,South East,A level,Business Studies,Total Business Studies,5313.0,5.85357,23.33898,56.18295,85.75193,96.49915,99.54828
2019 to 20,South East,A level,Art & Design,3d Studies,317.0,15.77287,41.32492,72.55521,92.11356,97.47634,99.68454
2019 to 20,South East,A level,Modern languages,French,1084.0,16.69742,51.93727,77.76753,94.18819,99.26199,100.0
2019 to 20,South East,A level,Design and technology,D&T Textiles Technology,60.0,18.33333,30.0,55.0,83.33333,93.33333,100.0
2019 to 20,South East,A level,Anthropology,Total Anthropology,0.0,,,,,,
2019 to 20,South East,A level,Modern languages - other,Italian,76.0,39.47368,77.63158,94.73684,100.0,100.0,100.0
2019 to 20,South East,A level,Sociology,Total Sociology,6143.0,8.12307,26.82728,57.6754,85.70731,96.35357,99.47908
2019 to 20,South East,A level,Science - Physics,Total Physics,5547.0,14.71065,38.86786,62.53831,81.73788,93.29367,98.93636
2019 to 20,South East,A level,Art & Design,Fine Art,1943.0,20.38085,45.18785,77.66341,94.64745,98.97066,99.8456
2019 to 20,South East,A level,Music,Music Technology,276.0,6.88406,25.36232,57.24638,85.14493,95.65217,99.27536
2019 to 20,South East,A level,Science - Chemistry,Total Chemistry,7000.0,13.44286,40.6,65.58571,84.42857,95.2,99.28571
2019 to 20,South East,A level,Art & Design,Textiles,599.0,19.6995,45.7429,79.29883,95.1586,98.83139,99.83306
2019 to 20,South East,A level,Home Economics,Home Economics (Food),0.0,,,,,,
2019 to 20,South East,A level,Arts,Media/Film/Tv Studies,2883.0,4.85605,21.85224,58.02983,89.35137,98.61256,99.96531
2019 to 20,South East,A level,Modern languages - other,Japanese,2.0,100.0,100.0,100.0,100.0,100.0,100.0
2019 to 20,South East,A level,Maths,Maths,12915.0,22.78746,48.90437,68.48626,85.02516,94.64963,99.29539
2019 to 20,South East,A level,Modern languages,Spanish,1305.0,17.47126,48.659,75.4023,92.33716,97.70115,99.77011
2019 to 20,South East,A level,Art & Design,Total Art & Design,7154.0,16.55018,40.36902,73.10595,93.31842,98.51831,99.72044
2019 to 20,South East,A level,Classical studies,Other Classical Languages,0.0,,,,,,
2019 to 20,South East,A level,Modern languages - other,Chinese,40.0,30.0,72.5,95.0,100.0,100.0,100.0
2019 to 20,South East,A level,Geography,Geography,4773.0,10.07752,33.10287,62.05741,87.51309,97.3392,99.53907
2019 to 20,South East,A level,All subjects,Total subjects,113566.0,12.86741,35.99757,63.86154,86.54527,96.3114,99.46815
2019 to 20,South East,A level,Modern languages - other,Bengali,1.0,0.0,100.0,100.0,100.0,100.0,100.0
2019 to 20,South East,A level,Design and technology,Design & Technology,0.0,,,,,,
2019 to 20,South East,A level,Computer Science,Total Computer Science,2077.0,13.24025,36.15792,61.19403,82.7636,94.84834,99.3741
2019 to 20,South East,A level,Maths - Further,Total Further Mathematics,2113.0,39.28064,69.1434,86.22811,94.88878,98.48557,99.62139
2019 to 20,South East,A level,General studies,Total General studies,0.0,,,,,,
2019 to 20,South East,A level,Modern languages - other,Persian,3.0,100.0,100.0,100.0,100.0,100.0,100.0
2019 to 20,South East,A level,Arts,Total Arts,5607.0,6.52755,26.03888,61.83342,90.72588,98.69806,99.83949
2019 to 20,South East,A level,Classical studies,Classical Civilisation,473.0,9.51374,34.46089,65.96195,89.42918,96.82875,99.78858
2019 to 20,South East,A level,Science - other,Geology,76.0,3.94737,27.63158,57.89474,80.26316,92.10526,98.68421
2019 to 20,South East,A level,Art & Design,Graphics,1106.0,16.00362,39.42134,74.23146,94.39421,98.46293,99.27667
2019 to 20,South East,A level,Arts,Creative Writing,0.0,,,,,,
2019 to 20,South East,A level,Arts,Drama & Theatre Studies,1344.0,9.59821,34.4494,70.90774,94.94048,99.18155,99.9256
2019 to 20,South East,A level,Modern languages - other,Gujarati,0.0,,,,,,
2019 to 20,South East,A level,Design and technology,Total D&T,1441.0,10.75642,31.64469,58.91742,84.38584,95.83622,99.58362
2019 to 20,South East,A level,Geography,Total Geography,4773.0,10.07752,33.10287,62.05741,87.51309,97.3392,99.53907
2019 to 20,South East,A level,All STEM subjects,Total STEM subjects,38598.0,17.7859,43.28204,65.79097,84.25566,94.77693,99.23312
2019 to 20,South East,A level,Modern languages - other,Urdu,0.0,,,,,,
2019 to 20,South East,A level,Classical studies,Classical Greek,0.0,,,,,,
2019 to 20,South East,A level,Modern languages,German,432.0,18.75,54.86111,80.55556,93.75,98.61111,99.53704
2019 to 20,South East,A level,Art & Design,Photography,2341.0,12.30243,34.38701,67.62067,91.92653,98.29133,99.78642
2019 to 20,South East,A level,Home Economics,Home Economics,0.0,,,,,,
2019 to 20,South East,A level,Maths,Mathematics (Statistics),88.0,5.68182,21.59091,40.90909,70.45455,88.63636,96.59091
2019 to 20,South East,A level,Logic/Philosophy,Total Logic/ Philosophy,598.0,8.86288,30.10033,60.03344,82.10702,94.31438,99.16388
2019 to 20,South East,A level,Classical studies,Classics (General),0.0,,,,,,
2019 to 20,South East,A level,Home Economics,Total Home Economics,0.0,,,,,,
2019 to 20,South East,A level,Maths,Mathematics (Pure),0.0,,,,,,
2019 to 20,South East,A level,Maths,Use of mathematics,0.0,,,,,,
2019 to 20,South East,A level,Economics,Total Economics,4485.0,10.70234,37.07915,66.57748,89.27536,97.83724,99.73244
2019 to 20,South East,A level,Government and politics,Total Government and Politics,2532.0,12.1643,36.01896,66.66667,88.90205,97.23539,99.72354
2019 to 20,South East,A level,General studies,General Studies,0.0,,,,,,
2019 to 20,South East,A level,Citizenship studies,Total Citizenship studies,0.0,,,,,,
2019 to 20,South East,A level,Modern languages - other,Portuguese,13.0,38.46154,61.53846,61.53846,84.61538,84.61538,92.30769
2019 to 20,South East,A level,Arts,Communication Studies,0.0,,,,,,
2019 to 20,South East,A level,Physical Education,Dance,231.0,17.74892,48.48485,78.78788,95.671,99.5671,100.0
2019 to 20,South East,A level,Maths,Total Maths,13003.0,22.67169,48.71953,68.29962,84.92656,94.60894,99.27709
2019 to 20,South East,A level,English,Total English,9214.0,10.76623,31.36531,63.16475,89.28804,98.20925,99.8372
2019 to 20,South East,A level,Geography,Geography (World Development),0.0,,,,,,
2019 to 20,South East,A level,Science - other,Electronics,99.0,17.17172,44.44444,69.69697,87.87879,97.9798,98.9899
2019 to 20,South East,A level,Physical Education,Total Physical Education,2132.0,11.11632,33.58349,59.89681,84.94371,95.82552,99.76548
2019 to 20,South East,A level,Music,Total Music,867.0,11.07266,36.33218,68.28143,90.19608,97.34717,99.53864
2019 to 20,South East,A level,English,English language & literature,1400.0,6.71429,24.64286,58.28571,87.07143,98.14286,99.78571
2019 to 20,South East,A level,Psychology,Total Psychology,10256.0,8.65835,28.00312,56.57176,82.71256,95.25156,99.23947
2019 to 20,South East,A level,Modern languages - other,Irish,0.0,,,,,,
2019 to 20,South East,A level,English,English language,2003.0,4.34348,21.16825,55.21717,87.61857,97.70344,99.75037
2019 to 20,South East,A level,History,Total History,6616.0,10.39903,35.12696,67.01935,90.06953,98.26179,99.77328
2019 to 20,South East,A level,All facilitating subjects,Total facilitating subjects,56749.0,16.15006,41.62012,66.64963,86.42619,95.9735,99.41144
2019 to 20,South East,A level,ICT,Total ICT,0.0,,,,,,
2019 to 20,South East,A level,Modern languages - other,Welsh (Second Language),0.0,,,,,,
2019 to 20,South East,A level,Modern languages - other,Total Other Modern Languages,249.0,36.14458,72.69076,89.15663,96.38554,97.18876,97.99197
2019 to 20,South East,A level,Science - other,Total Other Sciences,491.0,6.92464,24.43992,50.9165,75.35642,92.46436,98.57434
2019 to 20,South East,A level,Modern languages - other,Punjabi,5.0,0.0,20.0,60.0,100.0,100.0,100.0
2019 to 20,South East,A level,Classical studies,Total Classical studies,669.0,10.91181,37.07025,68.46039,90.28401,97.60837,99.85052
2019 to 20,South East,A level,Art & Design,History of Art,31.0,16.12903,45.16129,70.96774,96.77419,100.0,100.0
2019 to 20,South East,A level,English,English literature,5811.0,13.95629,36.49974,67.07968,90.39752,98.39959,99.87954
2019 to 20,South East,A level,Modern languages,Total Modern languages including Other,3070.0,18.89251,52.63844,78.07818,93.51792,98.33876,99.67427
2019 to 20,South East,A level,Modern languages - other,Dutch,0.0,,,,,,
2019 to 20,North West,A level,Art & Design,Critical Studies,3.0,0.0,0.0,0.0,66.66667,100.0,100.0
2019 to 20,North West,A level,Modern languages - other,Welsh,0.0,,,,,,
2019 to 20,North West,A level,Modern languages - other,Arabic,35.0,14.28571,54.28571,82.85714,91.42857,100.0,100.0
2019 to 20,North West,A level,Religious Studies,Total Religious Studies,1513.0,7.5347,31.26239,59.28619,86.0542,96.10046,99.86781
2019 to 20,North West,A level,Design and technology,D&T Food Technology,0.0,,,,,,
2019 to 20,North West,A level,Humanities,Total Humanities,0.0,,,,,,
2019 to 20,North West,A level,Modern languages - other,Polish,27.0,22.22222,51.85185,81.48148,85.18519,85.18519,85.18519
2019 to 20,North West,A level,Science - other,Environmental Science,36.0,0.0,22.22222,44.44444,86.11111,100.0,100.0
2019 to 20,North West,A level,Modern languages - other,Modern Greek,1.0,100.0,100.0,100.0,100.0,100.0,100.0
2019 to 20,North West,A level,Accounting and Finance,Total Accounting and finance,462.0,6.06061,24.89177,52.81385,78.78788,94.15584,99.5671
2019 to 20,North West,A level,Archaeology,Total Archaeology,0.0,,,,,,
2019 to 20,North West,A level,Arts,Expressive Arts & Performance Studies,0.0,,,,,,
2019 to 20,North West,A level,Modern languages - other,Russian,15.0,26.66667,60.0,93.33333,100.0,100.0,100.0
2019 to 20,North West,A level,Classical studies,Latin,21.0,42.85714,76.19048,95.2381,100.0,100.0,100.0
2019 to 20,North West,A level,Design and technology,D&T Product Design,580.0,9.13793,30.86207,59.13793,84.31034,96.2069,99.48276
2019 to 20,North West,A level,Maths,Additional Mathematics,0.0,,,,,,
2019 to 20,North West,A level,Science - other,Science in Society,0.0,,,,,,
2019 to 20,North West,A level,Modern languages - other,Turkish,2.0,50.0,100.0,100.0,100.0,100.0,100.0
2019 to 20,North West,A level,Modern languages - other,Modern Hebrew,1.0,100.0,100.0,100.0,100.0,100.0,100.0
2019 to 20,North West,A level,Science - Biology,Total Biology,6653.0,11.33323,34.13498,58.6352,81.57222,94.30332,99.48895
2019 to 20,North West,A level,Art & Design,Art and design,794.0,17.00252,41.56171,73.80353,93.32494,98.61461,99.74811
2019 to 20,North West,A level,Arts,Film Studies,683.0,7.61347,26.06149,62.81113,91.06881,98.09663,99.85359
2019 to 20,North West,A level,Design and technology,D&T Systems & Control,0.0,,,,,,
2019 to 20,North West,A level,Law,Total Law,2432.0,9.58059,28.49507,58.18257,83.67599,94.8602,99.50658
2019 to 20,North West,A level,Design and technology,D&T Engineering,7.0,28.57143,57.14286,71.42857,85.71429,85.71429,100.0
2019 to 20,North West,A level,Classical studies,Ancient History,164.0,7.92683,30.4878,61.58537,87.80488,96.34146,100.0
2019 to 20,North West,A level,Physical Education,Physical Education/Sports Studies,1192.0,9.47987,29.44631,57.71812,84.56376,96.39262,99.83221
2019 to 20,North West,A level,General studies,Critical Thinking,0.0,,,,,,
2019 to 20,North West,A level,Music,Music,378.0,7.93651,34.65608,69.04762,90.74074,98.14815,99.4709
2019 to 20,North West,A level,Business Studies,Total Business Studies,4006.0,6.81478,25.38692,58.88667,87.41887,97.45382,99.85022
2019 to 20,North West,A level,Art & Design,3d Studies,359.0,13.64903,41.22563,77.43733,95.54318,99.4429,99.72145
2019 to 20,North West,A level,Modern languages,French,614.0,16.77524,49.18567,77.36156,92.99674,98.37134,99.83713
2019 to 20,North West,A level,Design and technology,D&T Textiles Technology,70.0,11.42857,38.57143,75.71429,92.85714,98.57143,100.0
2019 to 20,North West,A level,Anthropology,Total Anthropology,0.0,,,,,,
2019 to 20,North West,A level,Modern languages - other,Italian,41.0,46.34146,82.92683,92.68293,100.0,100.0,100.0
2019 to 20,North West,A level,Sociology,Total Sociology,4205.0,8.72771,29.91677,61.68847,88.32342,97.88347,99.71463
2019 to 20,North West,A level,Science - Physics,Total Physics,3374.0,14.07825,34.67694,58.1802,78.48251,92.62004,99.52579
2019 to 20,North West,A level,Art & Design,Fine Art,1229.0,15.13426,40.68348,76.72905,95.03662,99.18633,99.83727
2019 to 20,North West,A level,Music,Music Technology,80.0,6.25,27.5,52.5,85.0,95.0,100.0
2019 to 20,North West,A level,Science - Chemistry,Total Chemistry,6009.0,11.63255,37.36063,62.85572,83.97404,94.85771,99.36762
2019 to 20,North West,A level,Art & Design,Textiles,397.0,17.63224,42.56927,83.37531,96.22166,99.24433,100.0
2019 to 20,North West,A level,Home Economics,Home Economics (Food),0.0,,,,,,
2019 to 20,North West,A level,Arts,Media/Film/Tv Studies,1561.0,5.12492,24.72774,60.85842,90.39078,98.65471,99.74375
2019 to 20,North West,A level,Modern languages - other,Japanese,2.0,50.0,50.0,50.0,100.0,100.0,100.0
2019 to 20,North West,A level,Maths,Maths,8476.0,18.38131,43.68806,64.70033,82.7513,94.25437,99.55168
2019 to 20,North West,A level,Modern languages,Spanish,840.0,15.59524,42.14286,73.80952,92.14286,98.45238,99.64286
2019 to 20,North West,A level,Art & Design,Total Art & Design,4759.0,15.02416,38.64257,75.39399,94.11641,98.65518,99.72683
2019 to 20,North West,A level,Classical studies,Other Classical Languages,4.0,25.0,25.0,100.0,100.0,100.0,100.0
2019 to 20,North West,A level,Modern languages - other,Chinese,15.0,40.0,93.33333,93.33333,93.33333,100.0,100.0
2019 to 20,North West,A level,Geography,Geography,2693.0,9.58039,32.15745,62.23543,87.22614,97.25214,99.8886
2019 to 20,North West,A level,All subjects,Total subjects,77697.0,11.30417,33.70014,62.27396,85.93511,96.2727,99.63705
2019 to 20,North West,A level,Modern languages - other,Bengali,0.0,,,,,,
2019 to 20,North West,A level,Design and technology,Design & Technology,0.0,,,,,,
2019 to 20,North West,A level,Computer Science,Total Computer Science,1474.0,11.19403,32.42877,57.19132,80.39349,95.31886,99.18589
2019 to 20,North West,A level,Maths - Further,Total Further Mathematics,1045.0,40.0,69.1866,87.27273,96.17225,98.94737,99.90431
2019 to 20,North West,A level,General studies,Total General studies,0.0,,,,,,
2019 to 20,North West,A level,Modern languages - other,Persian,1.0,100.0,100.0,100.0,100.0,100.0,100.0
2019 to 20,North West,A level,Arts,Total Arts,3070.0,6.97068,27.52443,64.16938,91.75896,98.82736,99.83713
2019 to 20,North West,A level,Classical studies,Classical Civilisation,195.0,7.69231,31.79487,71.79487,92.30769,98.46154,100.0
2019 to 20,North West,A level,Science - other,Geology,155.0,18.06452,43.22581,72.90323,94.19355,99.35484,100.0
2019 to 20,North West,A level,Art & Design,Graphics,893.0,13.7738,36.39418,73.68421,93.05711,97.87234,99.21613
2019 to 20,North West,A level,Arts,Creative Writing,0.0,,,,,,
2019 to 20,North West,A level,Arts,Drama & Theatre Studies,826.0,9.92736,34.01937,71.54964,94.91525,99.75787,100.0
2019 to 20,North West,A level,Modern languages - other,Gujarati,0.0,,,,,,
2019 to 20,North West,A level,Design and technology,Total D&T,657.0,9.58904,31.96347,61.03501,85.23592,96.34703,99.54338
2019 to 20,North West,A level,Geography,Total Geography,2693.0,9.58039,32.15745,62.23543,87.22614,97.25214,99.8886
2019 to 20,North West,A level,All STEM subjects,Total STEM subjects,27557.0,14.81293,38.70523,61.99877,82.35294,94.35715,99.49196
2019 to 20,North West,A level,Modern languages - other,Urdu,20.0,45.0,80.0,100.0,100.0,100.0,100.0
2019 to 20,North West,A level,Classical studies,Classical Greek,0.0,,,,,,
2019 to 20,North West,A level,Modern languages,German,266.0,18.04511,49.24812,76.31579,89.84962,98.1203,99.62406
2019 to 20,North West,A level,Art & Design,Photography,1083.0,14.03509,33.88735,73.03786,93.3518,98.24561,99.90766
2019 to 20,North West,A level,Home Economics,Home Economics,0.0,,,,,,
2019 to 20,North West,A level,Maths,Mathematics (Statistics),526.0,2.47148,14.44867,38.97338,70.15209,90.30418,99.80989
2019 to 20,North West,A level,Logic/Philosophy,Total Logic/ Philosophy,185.0,11.89189,28.64865,61.08108,89.18919,96.75676,99.45946
2019 to 20,North West,A level,Classical studies,Classics (General),0.0,,,,,,
2019 to 20,North West,A level,Home Economics,Total Home Economics,0.0,,,,,,
2019 to 20,North West,A level,Maths,Mathematics (Pure),0.0,,,,,,
2019 to 20,North West,A level,Maths,Use of mathematics,0.0,,,,,,
2019 to 20,North West,A level,Economics,Total Economics,2218.0,9.01713,34.53562,64.11181,88.50316,97.70063,99.6844
2019 to 20,North West,A level,Government and politics,Total Government and Politics,1226.0,11.90865,36.21533,65.49755,89.31485,97.38989,99.91843
2019 to 20,North West,A level,General studies,General Studies,0.0,,,,,,
2019 to 20,North West,A level,Citizenship studies,Total Citizenship studies,0.0,,,,,,
2019 to 20,North West,A level,Modern languages - other,Portuguese,0.0,,,,,,
2019 to 20,North West,A level,Arts,Communication Studies,0.0,,,,,,
2019 to 20,North West,A level,Physical Education,Dance,131.0,7.63359,35.87786,76.33588,95.41985,100.0,100.0
2019 to 20,North West,A level,Maths,Total Maths,9002.0,17.45168,41.97956,63.19707,82.01511,94.02355,99.56676
2019 to 20,North West,A level,English,Total English,6970.0,8.4505,28.13486,61.16212,89.56958,98.39311,99.91392
2019 to 20,North West,A level,Geography,Geography (World Development),0.0,,,,,,
2019 to 20,North West,A level,Science - other,Electronics,105.0,16.19048,47.61905,69.52381,89.52381,98.09524,100.0
2019 to 20,North West,A level,Physical Education,Total Physical Education,1323.0,9.29705,30.08314,59.5616,85.6387,96.74981,99.84883
2019 to 20,North West,A level,Music,Total Music,458.0,7.64192,33.40611,66.15721,89.73799,97.59825,99.56332
2019 to 20,North West,A level,English,English language & literature,1008.0,7.7381,27.87698,62.89683,91.86508,98.5119,100.0
2019 to 20,North West,A level,Psychology,Total Psychology,7404.0,7.52296,27.12048,55.30794,82.06375,95.27283,99.39222
2019 to 20,North West,A level,Modern languages - other,Irish,0.0,,,,,,
2019 to 20,North West,A level,English,English language,2697.0,4.96848,22.43233,56.43307,87.7271,98.14609,99.96292
2019 to 20,North West,A level,History,Total History,3996.0,8.63363,31.68168,61.58659,87.86286,97.77277,99.7998
2019 to 20,North West,A level,All facilitating subjects,Total facilitating subjects,37415.0,13.97568,38.04357,63.45583,84.74676,95.50982,99.58573
2019 to 20,North West,A level,ICT,Total ICT,0.0,,,,,,
2019 to 20,North West,A level,Modern languages - other,Welsh (Second Language),0.0,,,,,,
2019 to 20,North West,A level,Modern languages - other,Total Other Modern Languages,163.0,33.12883,68.71166,87.73006,93.25153,95.70552,95.70552
2019 to 20,North West,A level,Science - other,Total Other Sciences,296.0,15.2027,42.22973,68.24324,91.55405,98.98649,100.0
2019 to 20,North West,A level,Modern languages - other,Punjabi,3.0,0.0,0.0,0.0,0.0,0.0,0.0
2019 to 20,North West,A level,Classical studies,Total Classical studies,384.0,9.89583,33.59375,69.01042,90.88542,97.65625,100.0
2019 to 20,North West,A level,Art & Design,History of Art,1.0,0.0,0.0,100.0,100.0,100.0,100.0
2019 to 20,North West,A level,English,English literature,3265.0,11.54671,32.92496,64.53292,90.38285,98.56049,99.84686
2019 to 20,North West,A level,Modern languages,Total Modern languages including Other,1883.0,17.84387,47.74296,76.52682,92.19331,98.14126,99.36272
2019 to 20,North West,A level,Modern languages - other,Dutch,0.0,,,,,,
2019 to 20,North East,A level,Art & Design,Critical Studies,4.0,0.0,25.0,75.0,100.0,100.0,100.0
2019 to 20,North East,A level,Modern languages - other,Welsh,0.0,,,,,,
2019 to 20,North East,A level,Modern languages - other,Arabic,7.0,28.57143,100.0,100.0,100.0,100.0,100.0
2019 to 20,North East,A level,Religious Studies,Total Religious Studies,525.0,8.7619,32.38095,64.38095,90.09524,98.47619,100.0
2019 to 20,North East,A level,Design and technology,D&T Food Technology,0.0,,,,,,
2019 to 20,North East,A level,Humanities,Total Humanities,0.0,,,,,,
2019 to 20,North East,A level,Modern languages - other,Polish,7.0,0.0,28.57143,42.85714,57.14286,57.14286,57.14286
2019 to 20,North East,A level,Science - other,Environmental Science,0.0,,,,,,
2019 to 20,North East,A level,Modern languages - other,Modern Greek,0.0,,,,,,
2019 to 20,North East,A level,Accounting and Finance,Total Accounting and finance,82.0,2.43902,24.39024,48.78049,86.58537,92.68293,100.0
2019 to 20,North East,A level,Archaeology,Total Archaeology,0.0,,,,,,
2019 to 20,North East,A level,Arts,Expressive Arts & Performance Studies,0.0,,,,,,
2019 to 20,North East,A level,Modern languages - other,Russian,2.0,50.0,100.0,100.0,100.0,100.0,100.0
2019 to 20,North East,A level,Classical studies,Latin,0.0,,,,,,
2019 to 20,North East,A level,Design and technology,D&T Product Design,244.0,7.78689,27.45902,47.95082,78.68852,93.44262,100.0
2019 to 20,North East,A level,Maths,Additional Mathematics,0.0,,,,,,
2019 to 20,North East,A level,Science - other,Science in Society,0.0,,,,,,
2019 to 20,North East,A level,Modern languages - other,Turkish,1.0,100.0,100.0,100.0,100.0,100.0,100.0
2019 to 20,North East,A level,Modern languages - other,Modern Hebrew,3.0,33.33333,100.0,100.0,100.0,100.0,100.0
2019 to 20,North East,A level,Science - Biology,Total Biology,1937.0,11.87403,32.6794,57.25348,82.18895,95.25039,99.48374
2019 to 20,North East,A level,Art & Design,Art and design,209.0,11.00478,38.27751,70.8134,94.73684,98.56459,100.0
2019 to 20,North East,A level,Arts,Film Studies,200.0,4.0,27.0,64.0,93.5,98.5,99.0
2019 to 20,North East,A level,Design and technology,D&T Systems & Control,0.0,,,,,,
2019 to 20,North East,A level,Law,Total Law,645.0,8.83721,27.90698,57.67442,86.20155,96.27907,99.37984
2019 to 20,North East,A level,Design and technology,D&T Engineering,28.0,7.14286,17.85714,53.57143,78.57143,96.42857,100.0
2019 to 20,North East,A level,Classical studies,Ancient History,0.0,,,,,,
2019 to 20,North East,A level,Physical Education,Physical Education/Sports Studies,360.0,9.44444,29.44444,57.77778,85.55556,95.0,99.44444
2019 to 20,North East,A level,General studies,Critical Thinking,0.0,,,,,,
2019 to 20,North East,A level,Music,Music,114.0,13.15789,40.35088,74.5614,92.10526,97.36842,100.0
2019 to 20,North East,A level,Business Studies,Total Business Studies,985.0,6.70051,24.97462,56.95431,87.41117,98.07107,99.79695
2019 to 20,North East,A level,Art & Design,3d Studies,17.0,17.64706,41.17647,82.35294,100.0,100.0,100.0
2019 to 20,North East,A level,Modern languages,French,241.0,17.42739,49.37759,77.59336,92.94606,99.17012,100.0
2019 to 20,North East,A level,Design and technology,D&T Textiles Technology,9.0,0.0,33.33333,66.66667,88.88889,100.0,100.0
2019 to 20,North East,A level,Anthropology,Total Anthropology,0.0,,,,,,
2019 to 20,North East,A level,Modern languages - other,Italian,7.0,14.28571,57.14286,71.42857,85.71429,85.71429,100.0
2019 to 20,North East,A level,Sociology,Total Sociology,1318.0,7.05615,25.64492,58.42185,89.15023,98.02731,99.69651
2019 to 20,North East,A level,Science - Physics,Total Physics,1076.0,13.10409,35.78067,60.68773,81.41264,94.7026,99.62825
2019 to 20,North East,A level,Art & Design,Fine Art,455.0,17.8022,48.13187,75.82418,93.40659,99.12088,100.0
2019 to 20,North East,A level,Music,Music Technology,10.0,0.0,30.0,60.0,100.0,100.0,100.0
2019 to 20,North East,A level,Science - Chemistry,Total Chemistry,1616.0,12.87129,38.67574,64.85149,86.2005,95.85396,99.31931
2019 to 20,North East,A level,Art & Design,Textiles,96.0,13.54167,40.625,72.91667,92.70833,95.83333,98.95833
2019 to 20,North East,A level,Home Economics,Home Economics (Food),0.0,,,,,,
2019 to 20,North East,A level,Arts,Media/Film/Tv Studies,541.0,4.43623,25.13863,60.44362,90.9427,98.7061,100.0
2019 to 20,North East,A level,Modern languages - other,Japanese,0.0,,,,,,
2019 to 20,North East,A level,Maths,Maths,2475.0,20.36364,46.34343,66.50505,85.41414,95.51515,99.75758
2019 to 20,North East,A level,Modern languages,Spanish,188.0,14.89362,53.19149,76.59574,96.2766,100.0,100.0
2019 to 20,North East,A level,Art & Design,Total Art & Design,1356.0,14.9705,41.44543,74.11504,94.24779,98.67257,99.85251
2019 to 20,North East,A level,Classical studies,Other Classical Languages,0.0,,,,,,
2019 to 20,North East,A level,Modern languages - other,Chinese,2.0,50.0,100.0,100.0,100.0,100.0,100.0
2019 to 20,North East,A level,Geography,Geography,991.0,8.17356,29.96973,59.03128,87.08375,98.18365,100.0
2019 to 20,North East,A level,All subjects,Total subjects,23113.0,11.18851,33.70398,62.12088,87.26258,97.10985,99.71012
2019 to 20,North East,A level,Modern languages - other,Bengali,1.0,0.0,0.0,0.0,0.0,100.0,100.0
2019 to 20,North East,A level,Design and technology,Design & Technology,0.0,,,,,,
2019 to 20,North East,A level,Computer Science,Total Computer Science,376.0,9.04255,28.7234,56.64894,82.44681,96.01064,99.73404
2019 to 20,North East,A level,Maths - Further,Total Further Mathematics,297.0,36.36364,73.73737,90.57239,97.6431,98.6532,99.6633
2019 to 20,North East,A level,General studies,Total General studies,0.0,,,,,,
2019 to 20,North East,A level,Modern languages - other,Persian,4.0,0.0,50.0,100.0,100.0,100.0,100.0
2019 to 20,North East,A level,Arts,Total Arts,924.0,5.08658,27.27273,62.77056,91.88312,98.59307,99.78355
2019 to 20,North East,A level,Classical studies,Classical Civilisation,93.0,9.67742,24.73118,59.13978,88.17204,96.77419,100.0
2019 to 20,North East,A level,Science - other,Geology,72.0,8.33333,25.0,58.33333,87.5,95.83333,97.22222
2019 to 20,North East,A level,Art & Design,Graphics,226.0,17.25664,43.36283,77.43363,97.34513,100.0,100.0
2019 to 20,North East,A level,Arts,Creative Writing,0.0,,,,,,
2019 to 20,North East,A level,Arts,Drama & Theatre Studies,183.0,8.19672,33.87978,68.30601,92.89617,98.36066,100.0
2019 to 20,North East,A level,Modern languages - other,Gujarati,0.0,,,,,,
2019 to 20,North East,A level,Design and technology,Total D&T,281.0,7.47331,26.69039,49.11032,79.00356,93.95018,100.0
2019 to 20,North East,A level,Geography,Total Geography,991.0,8.17356,29.96973,59.03128,87.08375,98.18365,100.0
2019 to 20,North East,A level,All STEM subjects,Total STEM subjects,7799.0,15.71996,39.99231,63.39274,84.44672,95.4866,99.56405
2019 to 20,North East,A level,Modern languages - other,Urdu,1.0,0.0,0.0,100.0,100.0,100.0,100.0
2019 to 20,North East,A level,Classical studies,Classical Greek,0.0,,,,,,
2019 to 20,North East,A level,Modern languages,German,106.0,10.37736,46.22642,68.86792,92.45283,100.0,100.0
2019 to 20,North East,A level,Art & Design,Photography,349.0,12.60745,33.81089,71.63324,93.12321,97.99427,99.71347
2019 to 20,North East,A level,Home Economics,Home Economics,0.0,,,,,,
2019 to 20,North East,A level,Maths,Mathematics (Statistics),22.0,4.54545,9.09091,27.27273,50.0,72.72727,95.45455
2019 to 20,North East,A level,Logic/Philosophy,Total Logic/ Philosophy,16.0,18.75,31.25,75.0,87.5,100.0,100.0
2019 to 20,North East,A level,Classical studies,Classics (General),0.0,,,,,,
2019 to 20,North East,A level,Home Economics,Total Home Economics,0.0,,,,,,
2019 to 20,North East,A level,Maths,Mathematics (Pure),0.0,,,,,,
2019 to 20,North East,A level,Maths,Use of mathematics,0.0,,,,,,
2019 to 20,North East,A level,Economics,Total Economics,496.0,8.87097,32.8629,61.49194,86.49194,97.78226,99.79839
2019 to 20,North East,A level,Government and politics,Total Government and Politics,356.0,10.67416,33.42697,65.73034,92.41573,98.59551,100.0
2019 to 20,North East,A level,General studies,General Studies,0.0,,,,,,
2019 to 20,North East,A level,Citizenship studies,Total Citizenship studies,0.0,,,,,,
2019 to 20,North East,A level,Modern languages - other,Portuguese,0.0,,,,,,
2019 to 20,North East,A level,Arts,Communication Studies,0.0,,,,,,
2019 to 20,North East,A level,Physical Education,Dance,12.0,0.0,25.0,50.0,100.0,100.0,100.0
2019 to 20,North East,A level,Maths,Total Maths,2497.0,20.22427,46.01522,66.15939,85.10212,95.31438,99.71966
2019 to 20,North East,A level,English,Total English,2619.0,8.32379,28.25506,60.51928,89.49981,98.89271,99.92363
2019 to 20,North East,A level,Geography,Geography (World Development),0.0,,,,,,
2019 to 20,North East,A level,Science - other,Electronics,5.0,20.0,40.0,80.0,80.0,100.0,100.0
2019 to 20,North East,A level,Physical Education,Total Physical Education,372.0,9.13978,29.30108,57.52688,86.02151,95.16129,99.46237
2019 to 20,North East,A level,Music,Total Music,124.0,12.09677,39.51613,73.3871,92.74194,97.58065,100.0
2019 to 20,North East,A level,English,English language & literature,58.0,0.0,8.62069,51.72414,86.2069,98.27586,100.0
2019 to 20,North East,A level,Psychology,Total Psychology,2130.0,7.55869,26.94836,55.53991,83.84977,96.76056,99.67136
2019 to 20,North East,A level,Modern languages - other,Irish,0.0,,,,,,
2019 to 20,North East,A level,English,English language,1220.0,5.16393,24.18033,56.39344,89.09836,98.77049,99.91803
2019 to 20,North East,A level,History,Total History,1354.0,9.37962,32.3486,64.10635,89.80798,98.5229,99.85229
2019 to 20,North East,A level,All facilitating subjects,Total facilitating subjects,11657.0,14.08596,38.38895,64.14172,86.50596,96.67153,99.67402
2019 to 20,North East,A level,ICT,Total ICT,0.0,,,,,,
2019 to 20,North East,A level,Modern languages - other,Welsh (Second Language),0.0,,,,,,
2019 to 20,North East,A level,Modern languages - other,Total Other Modern Languages,35.0,20.0,65.71429,80.0,85.71429,88.57143,91.42857
2019 to 20,North East,A level,Science - other,Total Other Sciences,77.0,9.09091,25.97403,59.74026,87.01299,96.1039,97.4026
2019 to 20,North East,A level,Modern languages - other,Punjabi,0.0,,,,,,
2019 to 20,North East,A level,Classical studies,Total Classical studies,93.0,9.67742,24.73118,59.13978,88.17204,96.77419,100.0
2019 to 20,North East,A level,Art & Design,History of Art,0.0,,,,,,
2019 to 20,North East,A level,English,English literature,1341.0,11.55854,32.81133,64.65324,90.00746,99.03057,99.92543
2019 to 20,North East,A level,Modern languages,Total Modern languages including Other,570.0,15.4386,51.05263,75.78947,93.50877,98.94737,99.47368
2019 to 20,North East,A level,Modern languages - other,Dutch,0.0,,,,,,
2019 to 20,London,A level,Art & Design,Critical Studies,23.0,17.3913,34.78261,82.6087,95.65217,100.0,100.0
2019 to 20,London,A level,Modern languages - other,Welsh,0.0,,,,,,
2019 to 20,London,A level,Modern languages - other,Arabic,123.0,29.26829,69.10569,82.11382,89.43089,91.86992,95.12195
2019 to 20,London,A level,Religious Studies,Total Religious Studies,2649.0,8.49377,31.40808,61.0419,86.63647,96.79124,99.547
2019 to 20,London,A level,Design and technology,D&T Food Technology,0.0,,,,,,
2019 to 20,London,A level,Humanities,Total Humanities,0.0,,,,,,
2019 to 20,London,A level,Modern languages - other,Polish,148.0,25.67568,70.94595,90.54054,94.59459,95.94595,95.94595
2019 to 20,London,A level,Science - other,Environmental Science,0.0,,,,,,
2019 to 20,London,A level,Modern languages - other,Modern Greek,24.0,25.0,62.5,91.66667,100.0,100.0,100.0
2019 to 20,London,A level,Accounting and Finance,Total Accounting and finance,252.0,4.36508,21.42857,46.42857,70.2381,89.68254,98.4127
2019 to 20,London,A level,Archaeology,Total Archaeology,0.0,,,,,,
2019 to 20,London,A level,Arts,Expressive Arts & Performance Studies,0.0,,,,,,
2019 to 20,London,A level,Modern languages - other,Russian,58.0,55.17241,89.65517,98.27586,100.0,100.0,100.0
2019 to 20,London,A level,Classical studies,Latin,78.0,38.46154,83.33333,97.4359,100.0,100.0,100.0
2019 to 20,London,A level,Design and technology,D&T Product Design,1002.0,8.78244,31.23752,59.58084,87.22555,97.10579,99.501
2019 to 20,London,A level,Maths,Additional Mathematics,0.0,,,,,,
2019 to 20,London,A level,Science - other,Science in Society,0.0,,,,,,
2019 to 20,London,A level,Modern languages - other,Turkish,203.0,22.16749,58.12808,83.74384,97.53695,99.01478,99.01478
2019 to 20,London,A level,Modern languages - other,Modern Hebrew,22.0,36.36364,54.54545,90.90909,90.90909,100.0,100.0
2019 to 20,London,A level,Science - Biology,Total Biology,9773.0,11.61363,33.57209,58.51837,81.56144,94.08575,99.14049
2019 to 20,London,A level,Art & Design,Art and design,887.0,15.78354,42.95378,73.95716,93.34837,98.8726,99.66178
2019 to 20,London,A level,Arts,Film Studies,722.0,7.34072,28.25485,61.63435,90.58172,98.61496,99.58449
2019 to 20,London,A level,Design and technology,D&T Systems & Control,0.0,,,,,,
2019 to 20,London,A level,Law,Total Law,1023.0,6.35386,22.18964,48.87586,79.47214,92.08211,98.04497
2019 to 20,London,A level,Design and technology,D&T Engineering,48.0,8.33333,25.0,52.08333,83.33333,93.75,97.91667
2019 to 20,London,A level,Classical studies,Ancient History,14.0,7.14286,35.71429,71.42857,92.85714,92.85714,92.85714
2019 to 20,London,A level,Physical Education,Physical Education/Sports Studies,845.0,8.28402,28.28402,57.75148,84.02367,96.4497,99.88166
2019 to 20,London,A level,General studies,Critical Thinking,0.0,,,,,,
2019 to 20,London,A level,Music,Music,418.0,13.63636,40.66986,72.2488,92.3445,98.80383,99.52153
2019 to 20,London,A level,Business Studies,Total Business Studies,3930.0,4.42748,19.56743,50.61069,81.65394,95.3944,99.4402
2019 to 20,London,A level,Art & Design,3d Studies,178.0,14.60674,34.26966,67.41573,90.44944,97.19101,100.0
2019 to 20,London,A level,Modern languages,French,1090.0,19.72477,49.26606,75.3211,91.65138,98.07339,99.3578
2019 to 20,London,A level,Design and technology,D&T Textiles Technology,55.0,18.18182,43.63636,76.36364,96.36364,100.0,100.0
2019 to 20,London,A level,Anthropology,Total Anthropology,0.0,,,,,,
2019 to 20,London,A level,Modern languages - other,Italian,207.0,40.57971,74.39614,92.27053,98.06763,98.55072,98.55072
2019 to 20,London,A level,Sociology,Total Sociology,7437.0,8.82076,27.94137,59.13675,86.23101,96.66532,99.47559
2019 to 20,London,A level,Science - Physics,Total Physics,5666.0,14.54289,37.50441,61.94846,82.45676,94.31698,98.994
2019 to 20,London,A level,Art & Design,Fine Art,1421.0,19.91555,45.03871,75.7917,93.38494,99.01478,99.85925
2019 to 20,London,A level,Music,Music Technology,190.0,4.73684,20.0,53.15789,84.73684,96.31579,100.0
2019 to 20,London,A level,Science - Chemistry,Total Chemistry,9435.0,11.34075,36.06783,61.66402,83.04187,94.28723,98.98251
2019 to 20,London,A level,Art & Design,Textiles,223.0,19.28251,39.46188,70.85202,88.78924,98.20628,99.10314
2019 to 20,London,A level,Home Economics,Home Economics (Food),0.0,,,,,,
2019 to 20,London,A level,Arts,Media/Film/Tv Studies,2457.0,4.07,21.12332,54.53805,86.93529,98.0464,99.5523
2019 to 20,London,A level,Modern languages - other,Japanese,12.0,50.0,58.33333,91.66667,100.0,100.0,100.0
2019 to 20,London,A level,Maths,Maths,15963.0,20.6039,45.35488,66.92978,84.39516,93.91718,98.9413
2019 to 20,London,A level,Modern languages,Spanish,1531.0,20.90137,53.75572,79.81711,93.53364,97.84455,98.62835
2019 to 20,London,A level,Art & Design,Total Art & Design,4493.0,16.0917,39.70621,71.84509,92.14333,98.57556,99.6884
2019 to 20,London,A level,Classical studies,Other Classical Languages,19.0,26.31579,78.94737,89.47368,100.0,100.0,100.0
2019 to 20,London,A level,Modern languages - other,Chinese,13.0,30.76923,69.23077,84.61538,92.30769,92.30769,92.30769
2019 to 20,London,A level,Geography,Geography,3171.0,13.02428,38.12677,67.42353,90.2239,98.20246,99.71618
2019 to 20,London,A level,All subjects,Total subjects,115972.0,13.05746,35.86814,63.35064,86.12079,95.98093,99.29724
2019 to 20,London,A level,Modern languages - other,Bengali,5.0,0.0,100.0,100.0,100.0,100.0,100.0
2019 to 20,London,A level,Design and technology,Design & Technology,0.0,,,,,,
2019 to 20,London,A level,Computer Science,Total Computer Science,1907.0,10.69743,33.66544,60.35658,83.37703,94.8086,99.10855
2019 to 20,London,A level,Maths - Further,Total Further Mathematics,2425.0,37.64948,67.79381,85.40206,94.18557,98.30928,99.62887
2019 to 20,London,A level,General studies,Total General studies,0.0,,,,,,
2019 to 20,London,A level,Modern languages - other,Persian,31.0,38.70968,70.96774,83.87097,87.09677,87.09677,87.09677
2019 to 20,London,A level,Arts,Total Arts,4115.0,5.58931,25.29769,58.97934,88.84569,98.2503,99.58688
2019 to 20,London,A level,Classical studies,Classical Civilisation,371.0,15.90296,51.21294,81.67116,96.22642,99.73046,100.0
2019 to 20,London,A level,Science - other,Geology,15.0,6.66667,13.33333,46.66667,66.66667,80.0,100.0
2019 to 20,London,A level,Art & Design,Graphics,445.0,16.40449,37.97753,70.11236,90.5618,98.42697,99.77528
2019 to 20,London,A level,Arts,Creative Writing,0.0,,,,,,
2019 to 20,London,A level,Arts,Drama & Theatre Studies,936.0,8.2265,33.97436,68.58974,92.52137,98.50427,99.67949
2019 to 20,London,A level,Modern languages - other,Gujarati,6.0,0.0,16.66667,16.66667,16.66667,16.66667,16.66667
2019 to 20,London,A level,Design and technology,Total D&T,1105.0,9.23077,31.58371,60.0905,87.51131,97.10407,99.45701
2019 to 20,London,A level,Geography,Total Geography,3171.0,13.02428,38.12677,67.42353,90.2239,98.20246,99.71618
2019 to 20,London,A level,All STEM subjects,Total STEM subjects,45170.0,16.46004,40.5911,64.09785,83.73699,94.35245,99.0414
2019 to 20,London,A level,Modern languages - other,Urdu,36.0,41.66667,77.77778,86.11111,94.44444,94.44444,94.44444
2019 to 20,London,A level,Classical studies,Classical Greek,6.0,50.0,83.33333,100.0,100.0,100.0,100.0
2019 to 20,London,A level,Modern languages,German,281.0,25.2669,60.14235,82.91815,93.59431,97.15302,97.86477
2019 to 20,London,A level,Art & Design,Photography,1254.0,11.563,33.01435,67.22488,91.14833,98.16587,99.52153
2019 to 20,London,A level,Home Economics,Home Economics,0.0,,,,,,
2019 to 20,London,A level,Maths,Mathematics (Statistics),1.0,0.0,0.0,0.0,0.0,0.0,0.0
2019 to 20,London,A level,Logic/Philosophy,Total Logic/ Philosophy,541.0,14.2329,34.19593,62.29205,81.51571,93.5305,99.26063
2019 to 20,London,A level,Classical studies,Classics (General),0.0,,,,,,
2019 to 20,London,A level,Home Economics,Total Home Economics,0.0,,,,,,
2019 to 20,London,A level,Maths,Mathematics (Pure),0.0,,,,,,
2019 to 20,London,A level,Maths,Use of mathematics,0.0,,,,,,
2019 to 20,London,A level,Economics,Total Economics,7092.0,10.6881,34.08065,64.4247,88.05697,97.13762,99.56289
2019 to 20,London,A level,Government and politics,Total Government and Politics,3742.0,10.66275,33.88562,61.97221,86.39765,96.28541,99.62587
2019 to 20,London,A level,General studies,General Studies,0.0,,,,,,
2019 to 20,London,A level,Citizenship studies,Total Citizenship studies,0.0,,,,,,
2019 to 20,London,A level,Modern languages - other,Portuguese,121.0,9.09091,34.71074,67.7686,90.90909,98.34711,100.0
2019 to 20,London,A level,Arts,Communication Studies,0.0,,,,,,
2019 to 20,London,A level,Physical Education,Dance,103.0,16.50485,48.54369,74.75728,95.14563,100.0,100.0
2019 to 20,London,A level,Maths,Total Maths,15964.0,20.60261,45.35204,66.92558,84.38988,93.9113,98.9351
2019 to 20,London,A level,English,Total English,9080.0,12.14758,31.53084,62.56608,88.5793,97.88546,99.62555
2019 to 20,London,A level,Geography,Geography (World Development),0.0,,,,,,
2019 to 20,London,A level,Science - other,Electronics,30.0,0.0,20.0,33.33333,63.33333,86.66667,100.0
2019 to 20,London,A level,Physical Education,Total Physical Education,948.0,9.17722,30.48523,59.59916,85.23207,96.83544,99.89451
2019 to 20,London,A level,Music,Total Music,608.0,10.85526,34.21053,66.28289,89.96711,98.02632,99.67105
2019 to 20,London,A level,English,English language & literature,738.0,5.01355,16.26016,46.34146,81.30081,95.79946,99.05149
2019 to 20,London,A level,Psychology,Total Psychology,9680.0,8.87397,28.4814,57.41736,84.54545,95.6405,99.28719
2019 to 20,London,A level,Modern languages - other,Irish,0.0,,,,,,
2019 to 20,London,A level,English,English language,754.0,3.84615,17.10875,48.27586,82.09549,96.68435,99.60212
2019 to 20,London,A level,History,Total History,6481.0,11.69573,37.8491,68.33822,90.41815,98.08672,99.70684
2019 to 20,London,A level,All facilitating subjects,Total facilitating subjects,64508.0,16.08328,40.66162,65.99802,86.06839,95.55714,99.17685
2019 to 20,London,A level,ICT,Total ICT,0.0,,,,,,
2019 to 20,London,A level,Modern languages - other,Welsh (Second Language),0.0,,,,,,
2019 to 20,London,A level,Modern languages - other,Total Other Modern Languages,1020.0,29.11765,64.90196,85.4902,94.5098,96.47059,97.05882
2019 to 20,London,A level,Science - other,Total Other Sciences,45.0,2.22222,17.77778,37.77778,64.44444,84.44444,100.0
2019 to 20,London,A level,Modern languages - other,Punjabi,11.0,0.0,63.63636,90.90909,90.90909,90.90909,90.90909
2019 to 20,London,A level,Classical studies,Total Classical studies,488.0,20.08197,57.37705,84.42623,96.92623,99.59016,99.79508
2019 to 20,London,A level,Art & Design,History of Art,62.0,14.51613,37.09677,69.35484,93.54839,98.3871,100.0
2019 to 20,London,A level,English,English literature,7588.0,13.66632,34.44913,65.56405,89.93147,98.2077,99.68371
2019 to 20,London,A level,Modern languages,Total Modern languages including Other,3922.0,23.02397,55.86435,80.26517,93.26874,97.50127,98.36818
2019 to 20,London,A level,Modern languages - other,Dutch,0.0,,,,,,
2019 to 20,Yorkshire and The Humber,A level,Art & Design,Critical Studies,0.0,,,,,,
2019 to 20,Yorkshire and The Humber,A level,Modern languages - other,Welsh,0.0,,,,,,
2019 to 20,Yorkshire and The Humber,A level,Modern languages - other,Arabic,21.0,14.28571,61.90476,76.19048,90.47619,100.0,100.0
2019 to 20,Yorkshire and The Humber,A level,Religious Studies,Total Religious Studies,984.0,8.23171,30.58943,62.39837,88.31301,96.95122,99.28862
2019 to 20,Yorkshire and The Humber,A level,Design and technology,D&T Food Technology,0.0,,,,,,
2019 to 20,Yorkshire and The Humber,A level,Humanities,Total Humanities,0.0,,,,,,
2019 to 20,Yorkshire and The Humber,A level,Modern languages - other,Polish,24.0,16.66667,58.33333,83.33333,91.66667,95.83333,95.83333
2019 to 20,Yorkshire and The Humber,A level,Science - other,Environmental Science,0.0,,,,,,
2019 to 20,Yorkshire and The Humber,A level,Modern languages - other,Modern Greek,1.0,0.0,0.0,100.0,100.0,100.0,100.0
2019 to 20,Yorkshire and The Humber,A level,Accounting and Finance,Total Accounting and finance,216.0,5.09259,19.44444,48.14815,74.53704,92.12963,98.61111
2019 to 20,Yorkshire and The Humber,A level,Archaeology,Total Archaeology,0.0,,,,,,
2019 to 20,Yorkshire and The Humber,A level,Arts,Expressive Arts & Performance Studies,0.0,,,,,,
2019 to 20,Yorkshire and The Humber,A level,Modern languages - other,Russian,5.0,0.0,60.0,80.0,100.0,100.0,100.0
2019 to 20,Yorkshire and The Humber,A level,Classical studies,Latin,6.0,83.33333,100.0,100.0,100.0,100.0,100.0
2019 to 20,Yorkshire and The Humber,A level,Design and technology,D&T Product Design,509.0,7.66208,27.70138,52.84872,80.15717,94.69548,99.60707
2019 to 20,Yorkshire and The Humber,A level,Maths,Additional Mathematics,0.0,,,,,,
2019 to 20,Yorkshire and The Humber,A level,Science - other,Science in Society,0.0,,,,,,
2019 to 20,Yorkshire and The Humber,A level,Modern languages - other,Turkish,9.0,0.0,55.55556,88.88889,100.0,100.0,100.0
2019 to 20,Yorkshire and The Humber,A level,Modern languages - other,Modern Hebrew,1.0,100.0,100.0,100.0,100.0,100.0,100.0
2019 to 20,Yorkshire and The Humber,A level,Science - Biology,Total Biology,4556.0,10.22827,32.04565,57.13345,80.50922,93.81036,99.18788
2019 to 20,Yorkshire and The Humber,A level,Art & Design,Art and design,419.0,21.00239,40.09547,73.03103,92.12411,99.28401,100.0
2019 to 20,Yorkshire and The Humber,A level,Arts,Film Studies,447.0,5.81655,27.29306,65.10067,91.27517,98.434,100.0
2019 to 20,Yorkshire and The Humber,A level,Design and technology,D&T Systems & Control,0.0,,,,,,
2019 to 20,Yorkshire and The Humber,A level,Law,Total Law,1330.0,7.14286,26.16541,54.51128,81.65414,93.38346,98.64662
2019 to 20,Yorkshire and The Humber,A level,Design and technology,D&T Engineering,20.0,10.0,35.0,60.0,90.0,100.0,100.0
2019 to 20,Yorkshire and The Humber,A level,Classical studies,Ancient History,58.0,3.44828,22.41379,60.34483,91.37931,98.27586,100.0
2019 to 20,Yorkshire and The Humber,A level,Physical Education,Physical Education/Sports Studies,748.0,9.62567,28.87701,57.48663,86.76471,98.26203,100.0
2019 to 20,Yorkshire and The Humber,A level,General studies,Critical Thinking,0.0,,,,,,
2019 to 20,Yorkshire and The Humber,A level,Music,Music,231.0,10.82251,43.29004,67.09957,90.04329,97.4026,100.0
2019 to 20,Yorkshire and The Humber,A level,Business Studies,Total Business Studies,2426.0,6.01814,23.61913,54.90519,83.42951,96.37263,99.83512
2019 to 20,Yorkshire and The Humber,A level,Art & Design,3d Studies,97.0,12.37113,28.86598,65.97938,87.62887,94.84536,95.87629
2019 to 20,Yorkshire and The Humber,A level,Modern languages,French,446.0,16.59193,48.87892,74.88789,92.6009,99.32735,100.0
2019 to 20,Yorkshire and The Humber,A level,Design and technology,D&T Textiles Technology,58.0,17.24138,50.0,77.58621,96.55172,98.27586,100.0
2019 to 20,Yorkshire and The Humber,A level,Anthropology,Total Anthropology,0.0,,,,,,
2019 to 20,Yorkshire and The Humber,A level,Modern languages - other,Italian,19.0,26.31579,84.21053,100.0,100.0,100.0,100.0
2019 to 20,Yorkshire and The Humber,A level,Sociology,Total Sociology,2984.0,8.31099,26.84316,58.44504,86.86327,96.88338,99.49732
2019 to 20,Yorkshire and The Humber,A level,Science - Physics,Total Physics,2302.0,14.63944,36.83753,60.33884,81.05995,93.91833,99.00087
2019 to 20,Yorkshire and The Humber,A level,Art & Design,Fine Art,1015.0,15.66502,38.81773,72.9064,94.18719,98.62069,99.80296
2019 to 20,Yorkshire and The Humber,A level,Music,Music Technology,83.0,8.43373,28.91566,57.83133,85.54217,96.38554,100.0
2019 to 20,Yorkshire and The Humber,A level,Science - Chemistry,Total Chemistry,4113.0,10.55191,34.86506,60.41819,82.90785,94.48091,99.19767
2019 to 20,Yorkshire and The Humber,A level,Art & Design,Textiles,242.0,16.52893,42.14876,73.96694,95.04132,99.17355,99.58678
2019 to 20,Yorkshire and The Humber,A level,Home Economics,Home Economics (Food),0.0,,,,,,
2019 to 20,Yorkshire and The Humber,A level,Arts,Media/Film/Tv Studies,1015.0,4.33498,20.49261,54.38424,89.06404,98.42365,99.70443
2019 to 20,Yorkshire and The Humber,A level,Modern languages - other,Japanese,6.0,50.0,66.66667,83.33333,100.0,100.0,100.0
2019 to 20,Yorkshire and The Humber,A level,Maths,Maths,5674.0,19.56292,44.1135,65.05111,83.83856,94.55411,99.4889
2019 to 20,Yorkshire and The Humber,A level,Modern languages,Spanish,462.0,20.34632,50.4329,77.05628,93.72294,98.7013,99.78355
2019 to 20,Yorkshire and The Humber,A level,Art & Design,Total Art & Design,3020.0,14.56954,36.02649,70.82781,92.54967,98.44371,99.60265
2019 to 20,Yorkshire and The Humber,A level,Classical studies,Other Classical Languages,0.0,,,,,,
2019 to 20,Yorkshire and The Humber,A level,Modern languages - other,Chinese,12.0,41.66667,58.33333,83.33333,83.33333,91.66667,91.66667
2019 to 20,Yorkshire and The Humber,A level,Geography,Geography,1996.0,8.51703,28.90782,59.31864,86.02204,97.09419,99.6994
2019 to 20,Yorkshire and The Humber,A level,All subjects,Total subjects,52624.0,11.0786,32.50228,60.76315,85.47051,96.17285,99.49263
2019 to 20,Yorkshire and The Humber,A level,Modern languages - other,Bengali,0.0,,,,,,
2019 to 20,Yorkshire and The Humber,A level,Design and technology,Design & Technology,0.0,,,,,,
2019 to 20,Yorkshire and The Humber,A level,Computer Science,Total Computer Science,837.0,12.42533,32.25806,56.63082,81.8399,94.26523,99.28315
2019 to 20,Yorkshire and The Humber,A level,Maths - Further,Total Further Mathematics,780.0,37.82051,68.33333,86.53846,95.89744,99.23077,100.0
2019 to 20,Yorkshire and The Humber,A level,General studies,Total General studies,0.0,,,,,,
2019 to 20,Yorkshire and The Humber,A level,Modern languages - other,Persian,3.0,0.0,100.0,100.0,100.0,100.0,100.0
2019 to 20,Yorkshire and The Humber,A level,Arts,Total Arts,2117.0,6.5659,27.01937,61.92726,90.9778,98.67737,99.85829
2019 to 20,Yorkshire and The Humber,A level,Classical studies,Classical Civilisation,92.0,6.52174,27.17391,59.78261,85.86957,97.82609,100.0
2019 to 20,Yorkshire and The Humber,A level,Science - other,Geology,77.0,7.79221,31.16883,57.14286,80.51948,98.7013,100.0
2019 to 20,Yorkshire and The Humber,A level,Art & Design,Graphics,406.0,12.80788,34.48276,74.38424,93.59606,99.01478,100.0
2019 to 20,Yorkshire and The Humber,A level,Arts,Creative Writing,0.0,,,,,,
2019 to 20,Yorkshire and The Humber,A level,Arts,Drama & Theatre Studies,655.0,10.53435,36.94656,71.45038,93.74046,99.23664,100.0
2019 to 20,Yorkshire and The Humber,A level,Modern languages - other,Gujarati,0.0,,,,,,
2019 to 20,Yorkshire and The Humber,A level,Design and technology,Total D&T,587.0,8.68825,30.15332,55.53663,82.11244,95.22998,99.65928
2019 to 20,Yorkshire and The Humber,A level,Geography,Total Geography,1996.0,8.51703,28.90782,59.31864,86.02204,97.09419,99.6994
2019 to 20,Yorkshire and The Humber,A level,All STEM subjects,Total STEM subjects,18263.0,15.03586,38.59716,61.97229,82.87247,94.45874,99.29913
2019 to 20,Yorkshire and The Humber,A level,Modern languages - other,Urdu,18.0,33.33333,50.0,83.33333,100.0,100.0,100.0
2019 to 20,Yorkshire and The Humber,A level,Classical studies,Classical Greek,0.0,,,,,,
2019 to 20,Yorkshire and The Humber,A level,Modern languages,German,161.0,18.63354,55.90062,80.12422,96.27329,99.37888,100.0
2019 to 20,Yorkshire and The Humber,A level,Art & Design,Photography,841.0,10.58264,30.43995,65.16052,90.1308,97.74078,99.40547
2019 to 20,Yorkshire and The Humber,A level,Home Economics,Home Economics,0.0,,,,,,
2019 to 20,Yorkshire and The Humber,A level,Maths,Mathematics (Statistics),1.0,0.0,100.0,100.0,100.0,100.0,100.0
2019 to 20,Yorkshire and The Humber,A level,Logic/Philosophy,Total Logic/ Philosophy,79.0,6.32911,35.44304,62.02532,81.01266,96.20253,100.0
2019 to 20,Yorkshire and The Humber,A level,Classical studies,Classics (General),0.0,,,,,,
2019 to 20,Yorkshire and The Humber,A level,Home Economics,Total Home Economics,0.0,,,,,,
2019 to 20,Yorkshire and The Humber,A level,Maths,Mathematics (Pure),0.0,,,,,,
2019 to 20,Yorkshire and The Humber,A level,Maths,Use of mathematics,0.0,,,,,,
2019 to 20,Yorkshire and The Humber,A level,Economics,Total Economics,1604.0,8.29177,31.04738,61.47132,87.46883,96.50873,99.50125
2019 to 20,Yorkshire and The Humber,A level,Government and politics,Total Government and Politics,1003.0,11.2662,33.6989,62.41276,88.23529,97.10867,99.5015
2019 to 20,Yorkshire and The Humber,A level,General studies,General Studies,0.0,,,,,,
2019 to 20,Yorkshire and The Humber,A level,Citizenship studies,Total Citizenship studies,0.0,,,,,,
2019 to 20,Yorkshire and The Humber,A level,Modern languages - other,Portuguese,5.0,20.0,80.0,80.0,100.0,100.0,100.0
2019 to 20,Yorkshire and The Humber,A level,Arts,Communication Studies,0.0,,,,,,
2019 to 20,Yorkshire and The Humber,A level,Physical Education,Dance,146.0,13.69863,48.63014,84.24658,98.63014,100.0,100.0
2019 to 20,Yorkshire and The Humber,A level,Maths,Total Maths,5675.0,19.55947,44.12335,65.05727,83.84141,94.55507,99.48899
2019 to 20,Yorkshire and The Humber,A level,English,Total English,5269.0,8.38869,27.1209,58.36022,88.1951,98.25394,99.77225
2019 to 20,Yorkshire and The Humber,A level,Geography,Geography (World Development),0.0,,,,,,
2019 to 20,Yorkshire and The Humber,A level,Science - other,Electronics,19.0,5.26316,31.57895,63.15789,73.68421,100.0,100.0
2019 to 20,Yorkshire and The Humber,A level,Physical Education,Total Physical Education,894.0,10.29083,32.10291,61.85682,88.70246,98.54586,100.0
2019 to 20,Yorkshire and The Humber,A level,Music,Total Music,314.0,10.19108,39.49045,64.64968,88.8535,97.13376,100.0
2019 to 20,Yorkshire and The Humber,A level,English,English language & literature,534.0,6.17978,21.72285,52.80899,85.95506,97.75281,99.81273
2019 to 20,Yorkshire and The Humber,A level,Psychology,Total Psychology,4980.0,7.26908,24.87952,54.11647,82.02811,95.28112,99.35743
2019 to 20,Yorkshire and The Humber,A level,Modern languages - other,Irish,0.0,,,,,,
2019 to 20,Yorkshire and The Humber,A level,English,English language,2114.0,4.54115,21.8543,53.92621,87.1807,98.24976,99.76348
2019 to 20,Yorkshire and The Humber,A level,History,Total History,3111.0,8.93603,30.15108,61.49148,86.78881,97.68563,99.7107
2019 to 20,Yorkshire and The Humber,A level,All facilitating subjects,Total facilitating subjects,26354.0,13.78918,37.07597,62.70775,84.76133,95.64013,99.446
2019 to 20,Yorkshire and The Humber,A level,ICT,Total ICT,0.0,,,,,,
2019 to 20,Yorkshire and The Humber,A level,Modern languages - other,Welsh (Second Language),0.0,,,,,,
2019 to 20,Yorkshire and The Humber,A level,Modern languages - other,Total Other Modern Languages,126.0,22.22222,63.49206,85.71429,95.2381,98.4127,98.4127
2019 to 20,Yorkshire and The Humber,A level,Science - other,Total Other Sciences,96.0,7.29167,31.25,58.33333,79.16667,98.95833,100.0
2019 to 20,Yorkshire and The Humber,A level,Modern languages - other,Punjabi,2.0,0.0,50.0,100.0,100.0,100.0,100.0
2019 to 20,Yorkshire and The Humber,A level,Classical studies,Total Classical studies,156.0,8.33333,28.20513,61.53846,88.46154,98.07692,100.0
2019 to 20,Yorkshire and The Humber,A level,Art & Design,History of Art,0.0,,,,,,
2019 to 20,Yorkshire and The Humber,A level,English,English literature,2621.0,11.94201,32.46852,63.06753,89.46967,98.3594,99.77108
2019 to 20,Yorkshire and The Humber,A level,Modern languages,Total Modern languages including Other,1195.0,18.91213,51.96653,77.57322,93.80753,98.99582,99.74895
2019 to 20,Yorkshire and The Humber,A level,Modern languages - other,Dutch,0.0,,,,,,
2019 to 20,East of England,AS level,Classical studies,Ancient History,1.0,0.0,0.0,0.0,100.0,100.0,100.0
2019 to 20,East of England,AS level,All facilitating subjects,Total facilitating subjects,2917.0,0.0,30.99074,52.14261,74.32293,88.06993,97.42887
2019 to 20,East of England,AS level,General studies,Critical Thinking,0.0,,,,,,
2019 to 20,East of England,AS level,Modern languages - other,Persian,0.0,,,,,,
2019 to 20,East of England,AS level,Modern languages,German,31.0,0.0,38.70968,58.06452,74.19355,93.54839,100.0
2019 to 20,East of England,AS level,Science - other,Environmental Science,24.0,0.0,16.66667,33.33333,54.16667,83.33333,91.66667
2019 to 20,East of England,AS level,English,English literature,165.0,0.0,24.24242,56.9697,86.66667,95.15152,98.18182
2019 to 20,East of England,AS level,Business Studies,Total Business Studies,316.0,0.0,12.97468,35.44304,62.97468,83.22785,96.20253
2019 to 20,East of England,AS level,Modern languages - other,Polish,1.0,0.0,100.0,100.0,100.0,100.0,100.0
2019 to 20,East of England,AS level,Modern languages - other,Arabic,0.0,,,,,,
2019 to 20,East of England,AS level,Modern languages - other,Welsh (Second Language),0.0,,,,,,
2019 to 20,East of England,AS level,Physical Education,Physical Education/Sports Studies,47.0,0.0,14.89362,53.19149,85.10638,95.74468,100.0
2019 to 20,East of England,AS level,Music,Music,15.0,0.0,60.0,66.66667,93.33333,100.0,100.0
2019 to 20,East of England,AS level,Science - other,Geology,8.0,0.0,37.5,87.5,100.0,100.0,100.0
2019 to 20,East of England,AS level,Art & Design,Total Art & Design,287.0,0.0,22.64808,47.73519,85.36585,91.63763,98.25784
2019 to 20,East of England,AS level,Modern languages - other,Total Other Modern Languages,15.0,0.0,53.33333,80.0,100.0,100.0,100.0
2019 to 20,East of England,AS level,Modern languages - other,Modern Hebrew,0.0,,,,,,
2019 to 20,East of England,AS level,Classical studies,Classics (General),0.0,,,,,,
2019 to 20,East of England,AS level,Design and technology,D&T Engineering,0.0,,,,,,
2019 to 20,East of England,AS level,Archaeology,Total Archaeology,0.0,,,,,,
2019 to 20,East of England,AS level,Geography,Geography,161.0,0.0,26.08696,49.68944,74.53416,88.19876,99.37888
2019 to 20,East of England,AS level,Modern languages - other,Russian,4.0,0.0,25.0,75.0,100.0,100.0,100.0
2019 to 20,East of England,AS level,English,English language & literature,70.0,0.0,12.85714,52.85714,91.42857,98.57143,98.57143
2019 to 20,East of England,AS level,ICT,Total ICT,0.0,,,,,,
2019 to 20,East of England,AS level,Modern languages - other,Bengali,0.0,,,,,,
2019 to 20,East of England,AS level,Arts,Expressive Arts & Performance Studies,0.0,,,,,,
2019 to 20,East of England,AS level,Design and technology,D&T Food Technology,0.0,,,,,,
2019 to 20,East of England,AS level,Classical studies,Classical Civilisation,10.0,0.0,50.0,100.0,100.0,100.0,100.0
2019 to 20,East of England,AS level,Arts,Total Arts,207.0,0.0,17.3913,48.79227,78.26087,89.85507,97.10145
2019 to 20,East of England,AS level,Science - other,Science SA,0.0,,,,,,
2019 to 20,East of England,AS level,Modern languages - other,Modern Greek,0.0,,,,,,
2019 to 20,East of England,AS level,Arts,Drama & Theatre Studies,31.0,0.0,38.70968,74.19355,90.32258,100.0,100.0
2019 to 20,East of England,AS level,Design and technology,D&T Systems & Control,0.0,,,,,,
2019 to 20,East of England,AS level,Physical Education,Total Physical Education,47.0,0.0,14.89362,53.19149,85.10638,95.74468,100.0
2019 to 20,East of England,AS level,Modern languages - other,Irish,0.0,,,,,,
2019 to 20,East of England,AS level,Classical studies,Latin,1.0,0.0,100.0,100.0,100.0,100.0,100.0
2019 to 20,East of England,AS level,All STEM subjects,Total STEM subjects,2321.0,0.0,31.92589,51.44334,72.68419,86.9022,97.28565
2019 to 20,East of England,AS level,Classical studies,Classical Greek,0.0,,,,,,
2019 to 20,East of England,AS level,Physical Education,Dance,0.0,,,,,,
2019 to 20,East of England,AS level,Maths,Additional Mathematics,0.0,,,,,,
2019 to 20,East of England,AS level,Design and technology,D&T Textiles Technology,0.0,,,,,,
2019 to 20,East of England,AS level,Maths,Total Maths,758.0,0.0,34.30079,51.18734,69.39314,83.64116,96.9657
2019 to 20,East of England,AS level,Sociology,Total Sociology,414.0,0.0,13.28502,38.4058,65.70048,86.47343,96.61836
2019 to 20,East of England,AS level,Arts,Creative Writing,0.0,,,,,,
2019 to 20,East of England,AS level,All subjects,Total subjects,5953.0,0.0,25.11339,47.80783,73.15639,88.15723,97.1443
2019 to 20,East of England,AS level,Science - Physics,Total Physics,270.0,0.0,24.81481,44.44444,69.62963,87.40741,97.40741
2019 to 20,East of England,AS level,Art & Design,Fine Art,82.0,0.0,28.04878,48.78049,86.58537,93.90244,98.78049
2019 to 20,East of England,AS level,Music,Music Technology,40.0,0.0,25.0,52.5,75.0,87.5,97.5
2019 to 20,East of England,AS level,Art & Design,History of Art,0.0,,,,,,
2019 to 20,East of England,AS level,Art & Design,Critical Studies,0.0,,,,,,
2019 to 20,East of England,AS level,General studies,General Studies,0.0,,,,,,
2019 to 20,East of England,AS level,General studies,Total General studies,0.0,,,,,,
2019 to 20,East of England,AS level,Religious Studies,Total Religious Studies,118.0,0.0,36.44068,58.47458,81.35593,94.91525,97.45763
2019 to 20,East of England,AS level,Modern languages,Spanish,55.0,0.0,34.54545,63.63636,85.45455,92.72727,100.0
2019 to 20,East of England,AS level,English,Total English,330.0,0.0,19.69697,51.51515,82.12121,94.84848,98.18182
2019 to 20,East of England,AS level,Modern languages - other,Punjabi,0.0,,,,,,
2019 to 20,East of England,AS level,Anthropology,Total Anthropology,0.0,,,,,,
2019 to 20,East of England,AS level,Modern languages - other,Chinese,0.0,,,,,,
2019 to 20,East of England,AS level,Science - other,Electronics,0.0,,,,,,
2019 to 20,East of England,AS level,Law,Total Law,201.0,0.0,14.92537,37.81095,62.68657,83.08458,94.02985
2019 to 20,East of England,AS level,Geography,Geography (World Development),0.0,,,,,,
2019 to 20,East of England,AS level,Design and technology,Design & Technology,0.0,,,,,,
2019 to 20,East of England,AS level,Citizenship studies,Total Citizenship studies,0.0,,,,,,
2019 to 20,East of England,AS level,Maths,Statistics,0.0,,,,,,
2019 to 20,East of England,AS level,Home Economics,Home Economics (Food),0.0,,,,,,
2019 to 20,East of England,AS level,Arts,Media/Film/Tv Studies,114.0,0.0,7.89474,37.7193,70.17544,85.96491,96.49123
2019 to 20,East of England,AS level,Modern languages - other,Turkish,0.0,,,,,,
2019 to 20,East of England,AS level,Modern languages - other,Dutch,0.0,,,,,,
2019 to 20,East of England,AS level,English,English language,95.0,0.0,16.84211,41.05263,67.36842,91.57895,97.89474
2019 to 20,East of England,AS level,Humanities,Total Humanities,0.0,,,,,,
2019 to 20,East of England,AS level,Arts,Film Studies,62.0,0.0,24.19355,56.45161,87.09677,91.93548,96.77419
2019 to 20,East of England,AS level,Maths,Mathematics (Pure),0.0,,,,,,
2019 to 20,East of England,AS level,Home Economics,Total Home Economics,0.0,,,,,,
2019 to 20,East of England,AS level,Accounting and Finance,Total Accounting and finance,18.0,0.0,11.11111,11.11111,33.33333,61.11111,72.22222
2019 to 20,East of England,AS level,Geography,Total Geography,161.0,0.0,26.08696,49.68944,74.53416,88.19876,99.37888
2019 to 20,East of England,AS level,Science - Chemistry,Total Chemistry,345.0,0.0,22.6087,43.76812,66.08696,81.44928,95.07246
2019 to 20,East of England,AS level,Art & Design,Textiles,22.0,0.0,36.36364,59.09091,100.0,100.0,100.0
2019 to 20,East of England,AS level,Computer Science,Total Computer Science,102.0,0.0,30.39216,53.92157,72.54902,90.19608,100.0
2019 to 20,East of England,AS level,Modern languages - other,Portuguese,0.0,,,,,,
2019 to 20,East of England,AS level,Modern languages,French,57.0,0.0,36.84211,64.91228,87.7193,96.49123,100.0
2019 to 20,East of England,AS level,Arts,Communication Studies,0.0,,,,,,
2019 to 20,East of England,AS level,Modern languages - other,Welsh,0.0,,,,,,
2019 to 20,East of England,AS level,Home Economics,Home Economics,0.0,,,,,,
2019 to 20,East of England,AS level,Logic/Philosophy,Total Logic/ Philosophy,15.0,0.0,6.66667,46.66667,80.0,86.66667,100.0
2019 to 20,East of England,AS level,Design and technology,Total D&T,34.0,0.0,17.64706,44.11765,73.52941,88.23529,100.0
2019 to 20,East of England,AS level,Maths,Use of mathematics,0.0,,,,,,
2019 to 20,East of England,AS level,Modern languages - other,Italian,10.0,0.0,60.0,80.0,100.0,100.0,100.0
2019 to 20,East of England,AS level,Economics,Total Economics,260.0,0.0,30.0,51.53846,79.61538,92.30769,98.07692
2019 to 20,East of England,AS level,Psychology,Total Psychology,613.0,0.0,16.63948,37.52039,67.04731,85.97064,95.9217
2019 to 20,East of England,AS level,Modern languages - other,Urdu,0.0,,,,,,
2019 to 20,East of England,AS level,Government and politics,Total Government and Politics,127.0,0.0,28.34646,53.54331,77.95276,89.76378,98.4252
2019 to 20,East of England,AS level,Music,Total Music,55.0,0.0,34.54545,56.36364,80.0,90.90909,98.18182
2019 to 20,East of England,AS level,Modern languages - other,Japanese,0.0,,,,,,
2019 to 20,East of England,AS level,Modern languages,Total Modern languages including Other,158.0,0.0,37.97468,64.55696,85.44304,94.93671,100.0
2019 to 20,East of England,AS level,Art & Design,Photography,131.0,0.0,16.03053,45.03817,80.91603,87.78626,96.94656
2019 to 20,East of England,AS level,Maths,Mathematics (Statistics),14.0,0.0,14.28571,21.42857,64.28571,92.85714,100.0
2019 to 20,East of England,AS level,Science - other,Total Other Sciences,32.0,0.0,21.875,46.875,65.625,87.5,93.75
2019 to 20,East of England,AS level,Classical studies,Other Classical Languages,0.0,,,,,,
2019 to 20,East of England,AS level,Science - other,Science in Society,0.0,,,,,,
2019 to 20,East of England,AS level,Classical studies,Total Classical studies,12.0,0.0,50.0,91.66667,100.0,100.0,100.0
2019 to 20,East of England,AS level,Modern languages - other,Gujarati,0.0,,,,,,
2019 to 20,East of England,AS level,Design and technology,D&T Product Design,34.0,0.0,17.64706,44.11765,73.52941,88.23529,100.0
2019 to 20,East of England,AS level,Art & Design,3d Studies,22.0,0.0,22.72727,45.45455,77.27273,86.36364,100.0
2019 to 20,East of England,AS level,Maths,Maths,744.0,0.0,34.67742,51.74731,69.48925,83.46774,96.9086
2019 to 20,East of England,AS level,Art & Design,Art and design,10.0,0.0,40.0,70.0,90.0,100.0,100.0
2019 to 20,East of England,AS level,Art & Design,Graphics,20.0,0.0,20.0,40.0,100.0,100.0,100.0
2019 to 20,East of England,AS level,History,Total History,227.0,0.0,23.34802,47.57709,72.68722,91.18943,96.47577
2019 to 20,East of England,AS level,Maths - Further,Total Further Mathematics,401.0,0.0,53.61596,77.55611,91.27182,96.7581,99.00249
2019 to 20,East of England,AS level,Science - Biology,Total Biology,445.0,0.0,20.22472,37.97753,68.53933,86.74157,97.30337
2019 to 20,West Midlands,AS level,Classical studies,Ancient History,0.0,,,,,,
2019 to 20,West Midlands,AS level,All facilitating subjects,Total facilitating subjects,3439.0,0.0,20.90724,40.76767,66.53097,84.12329,94.88223
2019 to 20,West Midlands,AS level,General studies,Critical Thinking,0.0,,,,,,
2019 to 20,West Midlands,AS level,Modern languages - other,Persian,0.0,,,,,,
2019 to 20,West Midlands,AS level,Modern languages,German,35.0,0.0,20.0,42.85714,77.14286,94.28571,97.14286
2019 to 20,West Midlands,AS level,Science - other,Environmental Science,20.0,0.0,5.0,30.0,60.0,90.0,100.0
2019 to 20,West Midlands,AS level,English,English literature,290.0,0.0,12.41379,33.44828,67.24138,88.62069,96.2069
2019 to 20,West Midlands,AS level,Business Studies,Total Business Studies,371.0,0.0,10.51213,26.95418,55.79515,78.7062,94.33962
2019 to 20,West Midlands,AS level,Modern languages - other,Polish,2.0,0.0,50.0,100.0,100.0,100.0,100.0
2019 to 20,West Midlands,AS level,Modern languages - other,Arabic,0.0,,,,,,
2019 to 20,West Midlands,AS level,Modern languages - other,Welsh (Second Language),0.0,,,,,,
2019 to 20,West Midlands,AS level,Physical Education,Physical Education/Sports Studies,68.0,0.0,22.05882,50.0,77.94118,95.58824,100.0
2019 to 20,West Midlands,AS level,Music,Music,19.0,0.0,36.84211,73.68421,100.0,100.0,100.0
2019 to 20,West Midlands,AS level,Science - other,Geology,28.0,0.0,10.71429,39.28571,71.42857,78.57143,100.0
2019 to 20,West Midlands,AS level,Art & Design,Total Art & Design,290.0,0.0,19.31034,52.06897,80.68966,94.82759,99.31034
2019 to 20,West Midlands,AS level,Modern languages - other,Total Other Modern Languages,26.0,0.0,80.76923,96.15385,100.0,100.0,100.0
2019 to 20,West Midlands,AS level,Modern languages - other,Modern Hebrew,0.0,,,,,,
2019 to 20,West Midlands,AS level,Classical studies,Classics (General),0.0,,,,,,
2019 to 20,West Midlands,AS level,Design and technology,D&T Engineering,0.0,,,,,,
2019 to 20,West Midlands,AS level,Archaeology,Total Archaeology,0.0,,,,,,
2019 to 20,West Midlands,AS level,Geography,Geography,158.0,0.0,24.68354,48.10127,80.37975,91.77215,96.83544
2019 to 20,West Midlands,AS level,Modern languages - other,Russian,1.0,0.0,100.0,100.0,100.0,100.0,100.0
2019 to 20,West Midlands,AS level,English,English language & literature,127.0,0.0,14.96063,36.22047,68.50394,93.70079,99.2126
2019 to 20,West Midlands,AS level,ICT,Total ICT,0.0,,,,,,
2019 to 20,West Midlands,AS level,Modern languages - other,Bengali,0.0,,,,,,
2019 to 20,West Midlands,AS level,Arts,Expressive Arts & Performance Studies,0.0,,,,,,
2019 to 20,West Midlands,AS level,Design and technology,D&T Food Technology,0.0,,,,,,
2019 to 20,West Midlands,AS level,Classical studies,Classical Civilisation,19.0,0.0,31.57895,68.42105,100.0,100.0,100.0
2019 to 20,West Midlands,AS level,Arts,Total Arts,165.0,0.0,12.12121,39.39394,69.69697,90.30303,96.36364
2019 to 20,West Midlands,AS level,Science - other,Science SA,0.0,,,,,,
2019 to 20,West Midlands,AS level,Modern languages - other,Modern Greek,0.0,,,,,,
2019 to 20,West Midlands,AS level,Arts,Drama & Theatre Studies,24.0,0.0,20.83333,58.33333,87.5,100.0,100.0
2019 to 20,West Midlands,AS level,Design and technology,D&T Systems & Control,0.0,,,,,,
2019 to 20,West Midlands,AS level,Physical Education,Total Physical Education,68.0,0.0,22.05882,50.0,77.94118,95.58824,100.0
2019 to 20,West Midlands,AS level,Modern languages - other,Irish,0.0,,,,,,
2019 to 20,West Midlands,AS level,Classical studies,Latin,8.0,0.0,62.5,87.5,100.0,100.0,100.0
2019 to 20,West Midlands,AS level,All STEM subjects,Total STEM subjects,2646.0,0.0,21.20181,40.81633,64.43689,82.23734,94.29327
2019 to 20,West Midlands,AS level,Classical studies,Classical Greek,0.0,,,,,,
2019 to 20,West Midlands,AS level,Physical Education,Dance,0.0,,,,,,
2019 to 20,West Midlands,AS level,Maths,Additional Mathematics,0.0,,,,,,
2019 to 20,West Midlands,AS level,Design and technology,D&T Textiles Technology,0.0,,,,,,
2019 to 20,West Midlands,AS level,Maths,Total Maths,762.0,0.0,21.52231,41.46982,64.69816,80.57743,93.70079
2019 to 20,West Midlands,AS level,Sociology,Total Sociology,796.0,0.0,15.20101,37.0603,65.70352,83.66834,94.34673
2019 to 20,West Midlands,AS level,Arts,Creative Writing,0.0,,,,,,
2019 to 20,West Midlands,AS level,All subjects,Total subjects,7396.0,0.0,17.86101,39.26447,66.48188,84.99189,95.17307
2019 to 20,West Midlands,AS level,Science - Physics,Total Physics,272.0,0.0,21.69118,38.97059,62.86765,82.72059,94.85294
2019 to 20,West Midlands,AS level,Art & Design,Fine Art,114.0,0.0,20.17544,51.75439,78.94737,93.85965,98.24561
2019 to 20,West Midlands,AS level,Music,Music Technology,0.0,,,,,,
2019 to 20,West Midlands,AS level,Art & Design,History of Art,0.0,,,,,,
2019 to 20,West Midlands,AS level,Art & Design,Critical Studies,0.0,,,,,,
2019 to 20,West Midlands,AS level,General studies,General Studies,0.0,,,,,,
2019 to 20,West Midlands,AS level,General studies,Total General studies,0.0,,,,,,
2019 to 20,West Midlands,AS level,Religious Studies,Total Religious Studies,316.0,0.0,16.4557,41.77215,69.93671,87.34177,94.3038
2019 to 20,West Midlands,AS level,Modern languages,Spanish,58.0,0.0,32.75862,63.7931,87.93103,93.10345,96.55172
2019 to 20,West Midlands,AS level,English,Total English,550.0,0.0,12.0,33.45455,67.63636,89.81818,97.09091
2019 to 20,West Midlands,AS level,Modern languages - other,Punjabi,0.0,,,,,,
2019 to 20,West Midlands,AS level,Anthropology,Total Anthropology,0.0,,,,,,
2019 to 20,West Midlands,AS level,Modern languages - other,Chinese,1.0,0.0,100.0,100.0,100.0,100.0,100.0
2019 to 20,West Midlands,AS level,Science - other,Electronics,1.0,0.0,0.0,0.0,100.0,100.0,100.0
2019 to 20,West Midlands,AS level,Law,Total Law,263.0,0.0,15.58935,35.36122,64.63878,82.88973,92.01521
2019 to 20,West Midlands,AS level,Geography,Geography (World Development),0.0,,,,,,
2019 to 20,West Midlands,AS level,Design and technology,Design & Technology,0.0,,,,,,
2019 to 20,West Midlands,AS level,Citizenship studies,Total Citizenship studies,0.0,,,,,,
2019 to 20,West Midlands,AS level,Maths,Statistics,0.0,,,,,,
2019 to 20,West Midlands,AS level,Home Economics,Home Economics (Food),0.0,,,,,,
2019 to 20,West Midlands,AS level,Arts,Media/Film/Tv Studies,92.0,0.0,10.86957,35.86957,63.04348,86.95652,94.56522
2019 to 20,West Midlands,AS level,Modern languages - other,Turkish,0.0,,,,,,
2019 to 20,West Midlands,AS level,Modern languages - other,Dutch,0.0,,,,,,
2019 to 20,West Midlands,AS level,English,English language,133.0,0.0,8.27068,30.82707,67.66917,88.7218,96.99248
2019 to 20,West Midlands,AS level,Humanities,Total Humanities,0.0,,,,,,
2019 to 20,West Midlands,AS level,Arts,Film Studies,49.0,0.0,10.20408,36.73469,73.46939,91.83673,97.95918
2019 to 20,West Midlands,AS level,Maths,Mathematics (Pure),0.0,,,,,,
2019 to 20,West Midlands,AS level,Home Economics,Total Home Economics,0.0,,,,,,
2019 to 20,West Midlands,AS level,Accounting and Finance,Total Accounting and finance,76.0,0.0,17.10526,43.42105,75.0,86.84211,96.05263
2019 to 20,West Midlands,AS level,Geography,Total Geography,158.0,0.0,24.68354,48.10127,80.37975,91.77215,96.83544
2019 to 20,West Midlands,AS level,Science - Chemistry,Total Chemistry,592.0,0.0,12.66892,29.39189,55.23649,77.19595,92.39865
2019 to 20,West Midlands,AS level,Art & Design,Textiles,2.0,0.0,0.0,0.0,100.0,100.0,100.0
2019 to 20,West Midlands,AS level,Computer Science,Total Computer Science,92.0,0.0,18.47826,47.82609,68.47826,83.69565,91.30435
2019 to 20,West Midlands,AS level,Modern languages - other,Portuguese,0.0,,,,,,
2019 to 20,West Midlands,AS level,Modern languages,French,60.0,0.0,30.0,55.0,73.33333,86.66667,98.33333
2019 to 20,West Midlands,AS level,Arts,Communication Studies,0.0,,,,,,
2019 to 20,West Midlands,AS level,Modern languages - other,Welsh,0.0,,,,,,
2019 to 20,West Midlands,AS level,Home Economics,Home Economics,0.0,,,,,,
2019 to 20,West Midlands,AS level,Logic/Philosophy,Total Logic/ Philosophy,40.0,0.0,20.0,37.5,60.0,75.0,90.0
2019 to 20,West Midlands,AS level,Design and technology,Total D&T,16.0,0.0,6.25,56.25,75.0,100.0,100.0
2019 to 20,West Midlands,AS level,Maths,Use of mathematics,0.0,,,,,,
2019 to 20,West Midlands,AS level,Modern languages - other,Italian,22.0,0.0,81.81818,95.45455,100.0,100.0,100.0
2019 to 20,West Midlands,AS level,Economics,Total Economics,137.0,0.0,14.59854,36.49635,63.50365,86.13139,95.62044
2019 to 20,West Midlands,AS level,Psychology,Total Psychology,815.0,0.0,14.72393,33.98773,61.22699,83.68098,95.21472
2019 to 20,West Midlands,AS level,Modern languages - other,Urdu,0.0,,,,,,
2019 to 20,West Midlands,AS level,Government and politics,Total Government and Politics,118.0,0.0,19.49153,45.76271,72.0339,92.37288,97.45763
2019 to 20,West Midlands,AS level,Music,Total Music,19.0,0.0,36.84211,73.68421,100.0,100.0,100.0
2019 to 20,West Midlands,AS level,Modern languages - other,Japanese,0.0,,,,,,
2019 to 20,West Midlands,AS level,Modern languages,Total Modern languages including Other,179.0,0.0,36.31285,61.45251,82.68156,92.17877,97.76536
2019 to 20,West Midlands,AS level,Art & Design,Photography,105.0,0.0,18.09524,52.38095,77.14286,92.38095,100.0
2019 to 20,West Midlands,AS level,Maths,Mathematics (Statistics),47.0,0.0,19.14894,40.42553,65.95745,80.85106,100.0
2019 to 20,West Midlands,AS level,Science - other,Total Other Sciences,49.0,0.0,8.16327,34.69388,67.34694,83.67347,100.0
2019 to 20,West Midlands,AS level,Classical studies,Other Classical Languages,0.0,,,,,,
2019 to 20,West Midlands,AS level,Science - other,Science in Society,0.0,,,,,,
2019 to 20,West Midlands,AS level,Classical studies,Total Classical studies,27.0,0.0,40.74074,74.07407,100.0,100.0,100.0
2019 to 20,West Midlands,AS level,Modern languages - other,Gujarati,0.0,,,,,,
2019 to 20,West Midlands,AS level,Design and technology,D&T Product Design,16.0,0.0,6.25,56.25,75.0,100.0,100.0
2019 to 20,West Midlands,AS level,Art & Design,3d Studies,2.0,0.0,0.0,0.0,100.0,100.0,100.0
2019 to 20,West Midlands,AS level,Maths,Maths,715.0,0.0,21.67832,41.53846,64.61538,80.55944,93.28671
2019 to 20,West Midlands,AS level,Art & Design,Art and design,0.0,,,,,,
2019 to 20,West Midlands,AS level,Art & Design,Graphics,67.0,0.0,20.89552,55.22388,88.0597,100.0,100.0
2019 to 20,West Midlands,AS level,History,Total History,297.0,0.0,13.13131,31.98653,67.00337,86.53199,95.6229
2019 to 20,West Midlands,AS level,Maths - Further,Total Further Mathematics,298.0,0.0,52.01342,73.8255,87.24832,93.95973,98.99329
2019 to 20,West Midlands,AS level,Science - Biology,Total Biology,630.0,0.0,14.44444,34.92063,62.06349,83.01587,94.7619
2019 to 20,East Midlands,AS level,Classical studies,Ancient History,0.0,,,,,,
2019 to 20,East Midlands,AS level,All facilitating subjects,Total facilitating subjects,2973.0,0.0,28.48974,50.92499,72.25025,88.39556,97.71275
2019 to 20,East Midlands,AS level,General studies,Critical Thinking,0.0,,,,,,
2019 to 20,East Midlands,AS level,Modern languages - other,Persian,0.0,,,,,,
2019 to 20,East Midlands,AS level,Modern languages,German,22.0,0.0,40.90909,59.09091,72.72727,90.90909,90.90909
2019 to 20,East Midlands,AS level,Science - other,Environmental Science,0.0,,,,,,
2019 to 20,East Midlands,AS level,English,English literature,180.0,0.0,23.88889,52.22222,78.33333,95.0,98.88889
2019 to 20,East Midlands,AS level,Business Studies,Total Business Studies,350.0,0.0,13.14286,36.0,67.14286,90.0,98.28571
2019 to 20,East Midlands,AS level,Modern languages - other,Polish,0.0,,,,,,
2019 to 20,East Midlands,AS level,Modern languages - other,Arabic,0.0,,,,,,
2019 to 20,East Midlands,AS level,Modern languages - other,Welsh (Second Language),0.0,,,,,,
2019 to 20,East Midlands,AS level,Physical Education,Physical Education/Sports Studies,74.0,0.0,17.56757,41.89189,70.27027,86.48649,95.94595
2019 to 20,East Midlands,AS level,Music,Music,8.0,0.0,25.0,62.5,100.0,100.0,100.0
2019 to 20,East Midlands,AS level,Science - other,Geology,0.0,,,,,,
2019 to 20,East Midlands,AS level,Art & Design,Total Art & Design,146.0,0.0,25.34247,54.79452,80.82192,90.41096,97.94521
2019 to 20,East Midlands,AS level,Modern languages - other,Total Other Modern Languages,10.0,0.0,60.0,90.0,90.0,100.0,100.0
2019 to 20,East Midlands,AS level,Modern languages - other,Modern Hebrew,0.0,,,,,,
2019 to 20,East Midlands,AS level,Classical studies,Classics (General),0.0,,,,,,
2019 to 20,East Midlands,AS level,Design and technology,D&T Engineering,0.0,,,,,,
2019 to 20,East Midlands,AS level,Archaeology,Total Archaeology,0.0,,,,,,
2019 to 20,East Midlands,AS level,Geography,Geography,180.0,0.0,18.88889,45.55556,71.11111,89.44444,98.88889
2019 to 20,East Midlands,AS level,Modern languages - other,Russian,0.0,,,,,,
2019 to 20,East Midlands,AS level,English,English language & literature,13.0,0.0,23.07692,61.53846,76.92308,92.30769,100.0
2019 to 20,East Midlands,AS level,ICT,Total ICT,0.0,,,,,,
2019 to 20,East Midlands,AS level,Modern languages - other,Bengali,0.0,,,,,,
2019 to 20,East Midlands,AS level,Arts,Expressive Arts & Performance Studies,0.0,,,,,,
2019 to 20,East Midlands,AS level,Design and technology,D&T Food Technology,0.0,,,,,,
2019 to 20,East Midlands,AS level,Classical studies,Classical Civilisation,1.0,0.0,0.0,100.0,100.0,100.0,100.0
2019 to 20,East Midlands,AS level,Arts,Total Arts,204.0,0.0,14.70588,48.52941,76.47059,93.13725,98.52941
2019 to 20,East Midlands,AS level,Science - other,Science SA,0.0,,,,,,
2019 to 20,East Midlands,AS level,Modern languages - other,Modern Greek,0.0,,,,,,
2019 to 20,East Midlands,AS level,Arts,Drama & Theatre Studies,31.0,0.0,9.67742,51.6129,74.19355,93.54839,100.0
2019 to 20,East Midlands,AS level,Design and technology,D&T Systems & Control,0.0,,,,,,
2019 to 20,East Midlands,AS level,Physical Education,Total Physical Education,79.0,0.0,16.4557,39.24051,69.62025,87.34177,96.20253
2019 to 20,East Midlands,AS level,Modern languages - other,Irish,0.0,,,,,,
2019 to 20,East Midlands,AS level,Classical studies,Latin,2.0,0.0,0.0,0.0,0.0,0.0,50.0
2019 to 20,East Midlands,AS level,All STEM subjects,Total STEM subjects,2349.0,0.0,30.90677,51.97957,71.64751,87.22861,97.36058
2019 to 20,East Midlands,AS level,Classical studies,Classical Greek,0.0,,,,,,
2019 to 20,East Midlands,AS level,Physical Education,Dance,5.0,0.0,0.0,0.0,60.0,100.0,100.0
2019 to 20,East Midlands,AS level,Maths,Additional Mathematics,0.0,,,,,,
2019 to 20,East Midlands,AS level,Design and technology,D&T Textiles Technology,5.0,0.0,20.0,60.0,80.0,100.0,100.0
2019 to 20,East Midlands,AS level,Maths,Total Maths,597.0,0.0,28.30821,50.08375,69.01173,82.57956,94.47236
2019 to 20,East Midlands,AS level,Sociology,Total Sociology,524.0,0.0,22.1374,42.36641,65.26718,87.59542,97.51908
2019 to 20,East Midlands,AS level,Arts,Creative Writing,0.0,,,,,,
2019 to 20,East Midlands,AS level,All subjects,Total subjects,5663.0,0.0,23.59174,46.49479,70.31609,88.45135,97.52781
2019 to 20,East Midlands,AS level,Science - Physics,Total Physics,333.0,0.0,27.92793,48.04805,66.96697,84.08408,97.5976
2019 to 20,East Midlands,AS level,Art & Design,Fine Art,53.0,0.0,30.18868,66.03774,86.79245,94.33962,100.0
2019 to 20,East Midlands,AS level,Music,Music Technology,0.0,,,,,,
2019 to 20,East Midlands,AS level,Art & Design,History of Art,0.0,,,,,,
2019 to 20,East Midlands,AS level,Art & Design,Critical Studies,0.0,,,,,,
2019 to 20,East Midlands,AS level,General studies,General Studies,0.0,,,,,,
2019 to 20,East Midlands,AS level,General studies,Total General studies,0.0,,,,,,
2019 to 20,East Midlands,AS level,Religious Studies,Total Religious Studies,111.0,0.0,21.62162,45.04505,69.36937,86.48649,96.3964
2019 to 20,East Midlands,AS level,Modern languages,Spanish,31.0,0.0,35.48387,61.29032,80.64516,90.32258,100.0
2019 to 20,East Midlands,AS level,English,Total English,362.0,0.0,17.9558,47.79006,76.51934,95.58011,99.44751
2019 to 20,East Midlands,AS level,Modern languages - other,Punjabi,0.0,,,,,,
2019 to 20,East Midlands,AS level,Anthropology,Total Anthropology,0.0,,,,,,
2019 to 20,East Midlands,AS level,Modern languages - other,Chinese,2.0,0.0,100.0,100.0,100.0,100.0,100.0
2019 to 20,East Midlands,AS level,Science - other,Electronics,0.0,,,,,,
2019 to 20,East Midlands,AS level,Law,Total Law,70.0,0.0,15.71429,38.57143,67.14286,81.42857,92.85714
2019 to 20,East Midlands,AS level,Geography,Geography (World Development),0.0,,,,,,
2019 to 20,East Midlands,AS level,Design and technology,Design & Technology,0.0,,,,,,
2019 to 20,East Midlands,AS level,Citizenship studies,Total Citizenship studies,0.0,,,,,,
2019 to 20,East Midlands,AS level,Maths,Statistics,0.0,,,,,,
2019 to 20,East Midlands,AS level,Home Economics,Home Economics (Food),0.0,,,,,,
2019 to 20,East Midlands,AS level,Arts,Media/Film/Tv Studies,144.0,0.0,15.97222,47.91667,77.77778,93.05556,97.91667
2019 to 20,East Midlands,AS level,Modern languages - other,Turkish,0.0,,,,,,
2019 to 20,East Midlands,AS level,Modern languages - other,Dutch,0.0,,,,,,
2019 to 20,East Midlands,AS level,English,English language,169.0,0.0,11.2426,42.01183,74.55621,96.4497,100.0
2019 to 20,East Midlands,AS level,Humanities,Total Humanities,0.0,,,,,,
2019 to 20,East Midlands,AS level,Arts,Film Studies,29.0,0.0,13.7931,48.27586,72.41379,93.10345,100.0
2019 to 20,East Midlands,AS level,Maths,Mathematics (Pure),0.0,,,,,,
2019 to 20,East Midlands,AS level,Home Economics,Total Home Economics,0.0,,,,,,
2019 to 20,East Midlands,AS level,Accounting and Finance,Total Accounting and finance,1.0,0.0,0.0,0.0,0.0,100.0,100.0
2019 to 20,East Midlands,AS level,Geography,Total Geography,180.0,0.0,18.88889,45.55556,71.11111,89.44444,98.88889
2019 to 20,East Midlands,AS level,Science - Chemistry,Total Chemistry,419.0,0.0,25.05967,45.34606,66.82578,85.91885,98.56802
2019 to 20,East Midlands,AS level,Art & Design,Textiles,3.0,0.0,33.33333,66.66667,66.66667,100.0,100.0
2019 to 20,East Midlands,AS level,Computer Science,Total Computer Science,90.0,0.0,33.33333,61.11111,80.0,93.33333,96.66667
2019 to 20,East Midlands,AS level,Modern languages - other,Portuguese,0.0,,,,,,
2019 to 20,East Midlands,AS level,Modern languages,French,46.0,0.0,21.73913,60.86957,82.6087,95.65217,97.82609
2019 to 20,East Midlands,AS level,Arts,Communication Studies,0.0,,,,,,
2019 to 20,East Midlands,AS level,Modern languages - other,Welsh,0.0,,,,,,
2019 to 20,East Midlands,AS level,Home Economics,Home Economics,0.0,,,,,,
2019 to 20,East Midlands,AS level,Logic/Philosophy,Total Logic/ Philosophy,18.0,0.0,5.55556,38.88889,72.22222,88.88889,94.44444
2019 to 20,East Midlands,AS level,Design and technology,Total D&T,46.0,0.0,8.69565,32.6087,63.04348,95.65217,100.0
2019 to 20,East Midlands,AS level,Maths,Use of mathematics,0.0,,,,,,
2019 to 20,East Midlands,AS level,Modern languages - other,Italian,8.0,0.0,50.0,87.5,87.5,100.0,100.0
2019 to 20,East Midlands,AS level,Economics,Total Economics,85.0,0.0,14.11765,25.88235,65.88235,88.23529,96.47059
2019 to 20,East Midlands,AS level,Psychology,Total Psychology,691.0,0.0,16.93198,36.46889,61.21563,83.64689,96.23734
2019 to 20,East Midlands,AS level,Modern languages - other,Urdu,0.0,,,,,,
2019 to 20,East Midlands,AS level,Government and politics,Total Government and Politics,84.0,0.0,28.57143,57.14286,78.57143,96.42857,97.61905
2019 to 20,East Midlands,AS level,Music,Total Music,8.0,0.0,25.0,62.5,100.0,100.0,100.0
2019 to 20,East Midlands,AS level,Modern languages - other,Japanese,0.0,,,,,,
2019 to 20,East Midlands,AS level,Modern languages,Total Modern languages including Other,109.0,0.0,33.02752,63.30275,80.73394,93.57798,97.24771
2019 to 20,East Midlands,AS level,Art & Design,Photography,71.0,0.0,26.76056,52.11268,83.09859,92.95775,97.1831
2019 to 20,East Midlands,AS level,Maths,Mathematics (Statistics),0.0,,,,,,
2019 to 20,East Midlands,AS level,Science - other,Total Other Sciences,0.0,,,,,,
2019 to 20,East Midlands,AS level,Classical studies,Other Classical Languages,0.0,,,,,,
2019 to 20,East Midlands,AS level,Science - other,Science in Society,0.0,,,,,,
2019 to 20,East Midlands,AS level,Classical studies,Total Classical studies,3.0,0.0,0.0,33.33333,33.33333,33.33333,66.66667
2019 to 20,East Midlands,AS level,Modern languages - other,Gujarati,0.0,,,,,,
2019 to 20,East Midlands,AS level,Design and technology,D&T Product Design,41.0,0.0,7.31707,29.26829,60.97561,95.12195,100.0
2019 to 20,East Midlands,AS level,Art & Design,3d Studies,1.0,0.0,0.0,0.0,0.0,0.0,100.0
2019 to 20,East Midlands,AS level,Maths,Maths,597.0,0.0,28.30821,50.08375,69.01173,82.57956,94.47236
2019 to 20,East Midlands,AS level,Art & Design,Art and design,18.0,0.0,5.55556,33.33333,61.11111,72.22222,94.44444
2019 to 20,East Midlands,AS level,Art & Design,Graphics,0.0,,,,,,
2019 to 20,East Midlands,AS level,History,Total History,243.0,0.0,15.63786,42.38683,74.07407,94.23868,99.58848
2019 to 20,East Midlands,AS level,Maths - Further,Total Further Mathematics,400.0,0.0,53.25,75.25,89.0,97.75,99.25
2019 to 20,East Midlands,AS level,Science - Biology,Total Biology,510.0,0.0,22.7451,42.35294,66.66667,86.47059,98.23529
2019 to 20,South West,AS level,Classical studies,Ancient History,0.0,,,,,,
2019 to 20,South West,AS level,All facilitating subjects,Total facilitating subjects,3828.0,0.0,25.31348,45.4023,67.99896,84.82236,94.90596
2019 to 20,South West,AS level,General studies,Critical Thinking,0.0,,,,,,
2019 to 20,South West,AS level,Modern languages - other,Persian,0.0,,,,,,
2019 to 20,South West,AS level,Modern languages,German,17.0,0.0,52.94118,64.70588,88.23529,100.0,100.0
2019 to 20,South West,AS level,Science - other,Environmental Science,112.0,0.0,16.07143,38.39286,64.28571,81.25,93.75
2019 to 20,South West,AS level,English,English literature,315.0,0.0,17.46032,39.68254,72.69841,89.52381,97.46032
2019 to 20,South West,AS level,Business Studies,Total Business Studies,362.0,0.0,13.53591,35.9116,64.91713,86.18785,95.58011
2019 to 20,South West,AS level,Modern languages - other,Polish,0.0,,,,,,
2019 to 20,South West,AS level,Modern languages - other,Arabic,0.0,,,,,,
2019 to 20,South West,AS level,Modern languages - other,Welsh (Second Language),0.0,,,,,,
2019 to 20,South West,AS level,Physical Education,Physical Education/Sports Studies,53.0,0.0,16.98113,39.62264,64.15094,84.90566,92.45283
2019 to 20,South West,AS level,Music,Music,28.0,0.0,32.14286,64.28571,82.14286,92.85714,100.0
2019 to 20,South West,AS level,Science - other,Geology,37.0,0.0,18.91892,35.13514,62.16216,91.89189,94.59459
2019 to 20,South West,AS level,Art & Design,Total Art & Design,511.0,0.0,31.50685,62.23092,85.51859,95.10763,98.04305
2019 to 20,South West,AS level,Modern languages - other,Total Other Modern Languages,12.0,0.0,41.66667,75.0,91.66667,100.0,100.0
2019 to 20,South West,AS level,Modern languages - other,Modern Hebrew,0.0,,,,,,
2019 to 20,South West,AS level,Classical studies,Classics (General),0.0,,,,,,
2019 to 20,South West,AS level,Design and technology,D&T Engineering,0.0,,,,,,
2019 to 20,South West,AS level,Archaeology,Total Archaeology,0.0,,,,,,
2019 to 20,South West,AS level,Geography,Geography,198.0,0.0,24.74747,47.47475,71.71717,87.37374,97.47475
2019 to 20,South West,AS level,Modern languages - other,Russian,7.0,0.0,28.57143,71.42857,85.71429,100.0,100.0
2019 to 20,South West,AS level,English,English language & literature,27.0,0.0,3.7037,25.92593,70.37037,100.0,100.0
2019 to 20,South West,AS level,ICT,Total ICT,0.0,,,,,,
2019 to 20,South West,AS level,Modern languages - other,Bengali,0.0,,,,,,
2019 to 20,South West,AS level,Arts,Expressive Arts & Performance Studies,0.0,,,,,,
2019 to 20,South West,AS level,Design and technology,D&T Food Technology,0.0,,,,,,
2019 to 20,South West,AS level,Classical studies,Classical Civilisation,47.0,0.0,38.29787,65.95745,82.97872,95.74468,100.0
2019 to 20,South West,AS level,Arts,Total Arts,250.0,0.0,20.8,50.4,80.4,93.2,97.6
2019 to 20,South West,AS level,Science - other,Science SA,0.0,,,,,,
2019 to 20,South West,AS level,Modern languages - other,Modern Greek,0.0,,,,,,
2019 to 20,South West,AS level,Arts,Drama & Theatre Studies,83.0,0.0,28.91566,67.46988,92.77108,100.0,100.0
2019 to 20,South West,AS level,Design and technology,D&T Systems & Control,0.0,,,,,,
2019 to 20,South West,AS level,Physical Education,Total Physical Education,53.0,0.0,16.98113,39.62264,64.15094,84.90566,92.45283
2019 to 20,South West,AS level,Modern languages - other,Irish,0.0,,,,,,
2019 to 20,South West,AS level,Classical studies,Latin,0.0,,,,,,
2019 to 20,South West,AS level,All STEM subjects,Total STEM subjects,2852.0,0.0,26.22721,45.19635,65.91865,82.95933,93.89902
2019 to 20,South West,AS level,Classical studies,Classical Greek,2.0,0.0,100.0,100.0,100.0,100.0,100.0
2019 to 20,South West,AS level,Physical Education,Dance,0.0,,,,,,
2019 to 20,South West,AS level,Maths,Additional Mathematics,0.0,,,,,,
2019 to 20,South West,AS level,Design and technology,D&T Textiles Technology,5.0,0.0,40.0,80.0,100.0,100.0,100.0
2019 to 20,South West,AS level,Maths,Total Maths,932.0,0.0,26.28755,44.5279,62.87554,80.15021,91.6309
2019 to 20,South West,AS level,Sociology,Total Sociology,581.0,0.0,12.90878,33.56282,62.6506,81.23924,93.11532
2019 to 20,South West,AS level,Arts,Creative Writing,0.0,,,,,,
2019 to 20,South West,AS level,All subjects,Total subjects,7894.0,0.0,21.53534,43.36205,67.89967,84.9886,94.46415
2019 to 20,South West,AS level,Science - Physics,Total Physics,383.0,0.0,21.40992,38.6423,60.05222,81.20104,96.34465
2019 to 20,South West,AS level,Art & Design,Fine Art,116.0,0.0,38.7931,66.37931,87.06897,97.41379,98.27586
2019 to 20,South West,AS level,Music,Music Technology,0.0,,,,,,
2019 to 20,South West,AS level,Art & Design,History of Art,0.0,,,,,,
2019 to 20,South West,AS level,Art & Design,Critical Studies,0.0,,,,,,
2019 to 20,South West,AS level,General studies,General Studies,0.0,,,,,,
2019 to 20,South West,AS level,General studies,Total General studies,0.0,,,,,,
2019 to 20,South West,AS level,Religious Studies,Total Religious Studies,164.0,0.0,18.90244,38.41463,65.2439,82.92683,91.46341
2019 to 20,South West,AS level,Modern languages,Spanish,66.0,0.0,40.90909,62.12121,86.36364,93.93939,96.9697
2019 to 20,South West,AS level,English,Total English,616.0,0.0,16.72078,40.25974,75.64935,91.72078,98.37662
2019 to 20,South West,AS level,Modern languages - other,Punjabi,0.0,,,,,,
2019 to 20,South West,AS level,Anthropology,Total Anthropology,0.0,,,,,,
2019 to 20,South West,AS level,Modern languages - other,Chinese,3.0,0.0,33.33333,66.66667,100.0,100.0,100.0
2019 to 20,South West,AS level,Science - other,Electronics,3.0,0.0,33.33333,33.33333,100.0,100.0,100.0
2019 to 20,South West,AS level,Law,Total Law,212.0,0.0,15.56604,36.79245,58.01887,76.88679,86.79245
2019 to 20,South West,AS level,Geography,Geography (World Development),0.0,,,,,,
2019 to 20,South West,AS level,Design and technology,Design & Technology,0.0,,,,,,
2019 to 20,South West,AS level,Citizenship studies,Total Citizenship studies,0.0,,,,,,
2019 to 20,South West,AS level,Maths,Statistics,0.0,,,,,,
2019 to 20,South West,AS level,Home Economics,Home Economics (Food),0.0,,,,,,
2019 to 20,South West,AS level,Arts,Media/Film/Tv Studies,85.0,0.0,14.11765,38.82353,68.23529,82.35294,94.11765
2019 to 20,South West,AS level,Modern languages - other,Turkish,0.0,,,,,,
2019 to 20,South West,AS level,Modern languages - other,Dutch,0.0,,,,,,
2019 to 20,South West,AS level,English,English language,274.0,0.0,17.15328,42.33577,79.56204,93.43066,99.27007
2019 to 20,South West,AS level,Humanities,Total Humanities,0.0,,,,,,
2019 to 20,South West,AS level,Arts,Film Studies,82.0,0.0,19.5122,45.12195,80.4878,97.56098,98.78049
2019 to 20,South West,AS level,Maths,Mathematics (Pure),0.0,,,,,,
2019 to 20,South West,AS level,Home Economics,Total Home Economics,0.0,,,,,,
2019 to 20,South West,AS level,Accounting and Finance,Total Accounting and finance,18.0,0.0,11.11111,22.22222,38.88889,44.44444,72.22222
2019 to 20,South West,AS level,Geography,Total Geography,198.0,0.0,24.74747,47.47475,71.71717,87.37374,97.47475
2019 to 20,South West,AS level,Science - Chemistry,Total Chemistry,427.0,0.0,18.26698,38.64169,61.59251,78.45433,92.97424
2019 to 20,South West,AS level,Art & Design,Textiles,16.0,0.0,37.5,56.25,81.25,87.5,87.5
2019 to 20,South West,AS level,Computer Science,Total Computer Science,56.0,0.0,26.78571,51.78571,71.42857,83.92857,91.07143
2019 to 20,South West,AS level,Modern languages - other,Portuguese,0.0,,,,,,
2019 to 20,South West,AS level,Modern languages,French,50.0,0.0,44.0,72.0,88.0,96.0,98.0
2019 to 20,South West,AS level,Arts,Communication Studies,0.0,,,,,,
2019 to 20,South West,AS level,Modern languages - other,Welsh,0.0,,,,,,
2019 to 20,South West,AS level,Home Economics,Home Economics,0.0,,,,,,
2019 to 20,South West,AS level,Logic/Philosophy,Total Logic/ Philosophy,61.0,0.0,13.11475,39.34426,63.93443,83.60656,91.80328
2019 to 20,South West,AS level,Design and technology,Total D&T,45.0,0.0,24.44444,55.55556,88.88889,91.11111,100.0
2019 to 20,South West,AS level,Maths,Use of mathematics,0.0,,,,,,
2019 to 20,South West,AS level,Modern languages - other,Italian,2.0,0.0,100.0,100.0,100.0,100.0,100.0
2019 to 20,South West,AS level,Economics,Total Economics,244.0,0.0,15.57377,42.21311,64.7541,84.83607,95.90164
2019 to 20,South West,AS level,Psychology,Total Psychology,798.0,0.0,14.1604,33.58396,57.64411,79.19799,91.10276
2019 to 20,South West,AS level,Modern languages - other,Urdu,0.0,,,,,,
2019 to 20,South West,AS level,Government and politics,Total Government and Politics,161.0,0.0,18.63354,39.13043,62.73292,79.50311,89.44099
2019 to 20,South West,AS level,Music,Total Music,28.0,0.0,32.14286,64.28571,82.14286,92.85714,100.0
2019 to 20,South West,AS level,Modern languages - other,Japanese,0.0,,,,,,
2019 to 20,South West,AS level,Modern languages,Total Modern languages including Other,145.0,0.0,43.44828,66.89655,87.58621,95.86207,97.93103
2019 to 20,South West,AS level,Art & Design,Photography,217.0,0.0,29.49309,61.75115,88.01843,96.77419,100.0
2019 to 20,South West,AS level,Maths,Mathematics (Statistics),22.0,0.0,13.63636,40.90909,63.63636,86.36364,100.0
2019 to 20,South West,AS level,Science - other,Total Other Sciences,152.0,0.0,17.10526,37.5,64.47368,84.21053,94.07895
2019 to 20,South West,AS level,Classical studies,Other Classical Languages,0.0,,,,,,
2019 to 20,South West,AS level,Science - other,Science in Society,0.0,,,,,,
2019 to 20,South West,AS level,Classical studies,Total Classical studies,49.0,0.0,40.81633,67.34694,83.67347,95.91837,100.0
2019 to 20,South West,AS level,Modern languages - other,Gujarati,0.0,,,,,,
2019 to 20,South West,AS level,Design and technology,D&T Product Design,40.0,0.0,22.5,52.5,87.5,90.0,100.0
2019 to 20,South West,AS level,Art & Design,3d Studies,43.0,0.0,23.25581,53.48837,81.39535,88.37209,95.34884
2019 to 20,South West,AS level,Maths,Maths,910.0,0.0,26.59341,44.61538,62.85714,80.0,91.42857
2019 to 20,South West,AS level,Art & Design,Art and design,47.0,0.0,23.40426,51.06383,72.34043,89.3617,95.74468
2019 to 20,South West,AS level,Art & Design,Graphics,72.0,0.0,34.72222,70.83333,87.5,95.83333,97.22222
2019 to 20,South West,AS level,History,Total History,394.0,0.0,17.7665,42.8934,70.30457,89.08629,97.46193
2019 to 20,South West,AS level,Maths - Further,Total Further Mathematics,413.0,0.0,52.7845,75.54479,92.97821,96.8523,98.78935
2019 to 20,South West,AS level,Science - Biology,Total Biology,641.0,0.0,17.16069,34.32137,58.81435,82.05928,93.44774
2019 to 20,South East,AS level,Classical studies,Ancient History,36.0,0.0,16.66667,50.0,80.55556,100.0,100.0
2019 to 20,South East,AS level,All facilitating subjects,Total facilitating subjects,5287.0,0.0,30.6412,51.54152,72.49858,86.41952,95.63079
2019 to 20,South East,AS level,General studies,Critical Thinking,0.0,,,,,,
2019 to 20,South East,AS level,Modern languages - other,Persian,0.0,,,,,,
2019 to 20,South East,AS level,Modern languages,German,64.0,0.0,42.1875,67.1875,82.8125,95.3125,98.4375
2019 to 20,South East,AS level,Science - other,Environmental Science,19.0,0.0,26.31579,47.36842,73.68421,84.21053,94.73684
2019 to 20,South East,AS level,English,English literature,299.0,0.0,21.73913,50.50167,76.92308,92.30769,98.32776
2019 to 20,South East,AS level,Business Studies,Total Business Studies,470.0,0.0,15.74468,36.38298,66.80851,85.31915,97.65957
2019 to 20,South East,AS level,Modern languages - other,Polish,0.0,,,,,,
2019 to 20,South East,AS level,Modern languages - other,Arabic,0.0,,,,,,
2019 to 20,South East,AS level,Modern languages - other,Welsh (Second Language),0.0,,,,,,
2019 to 20,South East,AS level,Physical Education,Physical Education/Sports Studies,85.0,0.0,29.41176,48.23529,75.29412,87.05882,95.29412
2019 to 20,South East,AS level,Music,Music,23.0,0.0,21.73913,43.47826,82.6087,95.65217,95.65217
2019 to 20,South East,AS level,Science - other,Geology,3.0,0.0,0.0,0.0,0.0,66.66667,100.0
2019 to 20,South East,AS level,Art & Design,Total Art & Design,480.0,0.0,23.33333,51.04167,78.33333,91.875,97.5
2019 to 20,South East,AS level,Modern languages - other,Total Other Modern Languages,15.0,0.0,80.0,93.33333,100.0,100.0,100.0
2019 to 20,South East,AS level,Modern languages - other,Modern Hebrew,0.0,,,,,,
2019 to 20,South East,AS level,Classical studies,Classics (General),0.0,,,,,,
2019 to 20,South East,AS level,Design and technology,D&T Engineering,0.0,,,,,,
2019 to 20,South East,AS level,Archaeology,Total Archaeology,0.0,,,,,,
2019 to 20,South East,AS level,Geography,Geography,222.0,0.0,18.91892,37.83784,66.21622,83.33333,95.04505
2019 to 20,South East,AS level,Modern languages - other,Russian,0.0,,,,,,
2019 to 20,South East,AS level,English,English language & literature,87.0,0.0,9.1954,29.88506,70.11494,91.95402,97.70115
2019 to 20,South East,AS level,ICT,Total ICT,0.0,,,,,,
2019 to 20,South East,AS level,Modern languages - other,Bengali,0.0,,,,,,
2019 to 20,South East,AS level,Arts,Expressive Arts & Performance Studies,0.0,,,,,,
2019 to 20,South East,AS level,Design and technology,D&T Food Technology,0.0,,,,,,
2019 to 20,South East,AS level,Classical studies,Classical Civilisation,26.0,0.0,30.76923,57.69231,84.61538,100.0,100.0
2019 to 20,South East,AS level,Arts,Total Arts,228.0,0.0,17.10526,44.29825,78.50877,93.85965,98.24561
2019 to 20,South East,AS level,Science - other,Science SA,0.0,,,,,,
2019 to 20,South East,AS level,Modern languages - other,Modern Greek,1.0,0.0,100.0,100.0,100.0,100.0,100.0
2019 to 20,South East,AS level,Arts,Drama & Theatre Studies,43.0,0.0,32.55814,62.7907,90.69767,100.0,100.0
2019 to 20,South East,AS level,Design and technology,D&T Systems & Control,0.0,,,,,,
2019 to 20,South East,AS level,Physical Education,Total Physical Education,91.0,0.0,29.67033,49.45055,76.92308,87.91209,95.6044
2019 to 20,South East,AS level,Modern languages - other,Irish,0.0,,,,,,
2019 to 20,South East,AS level,Classical studies,Latin,4.0,0.0,100.0,100.0,100.0,100.0,100.0
2019 to 20,South East,AS level,All STEM subjects,Total STEM subjects,4237.0,0.0,31.93297,51.73472,71.20604,84.98938,94.90205
2019 to 20,South East,AS level,Classical studies,Classical Greek,1.0,0.0,100.0,100.0,100.0,100.0,100.0
2019 to 20,South East,AS level,Physical Education,Dance,6.0,0.0,33.33333,66.66667,100.0,100.0,100.0
2019 to 20,South East,AS level,Maths,Additional Mathematics,0.0,,,,,,
2019 to 20,South East,AS level,Design and technology,D&T Textiles Technology,4.0,0.0,0.0,50.0,75.0,75.0,100.0
2019 to 20,South East,AS level,Maths,Total Maths,1312.0,0.0,28.73476,47.40854,67.60671,82.54573,94.66463
2019 to 20,South East,AS level,Sociology,Total Sociology,672.0,0.0,14.73214,36.90476,63.83929,81.84524,91.66667
2019 to 20,South East,AS level,Arts,Creative Writing,0.0,,,,,,
2019 to 20,South East,AS level,All subjects,Total subjects,9571.0,0.0,24.73096,46.94389,70.57779,86.36506,95.64309
2019 to 20,South East,AS level,Science - Physics,Total Physics,503.0,0.0,21.66998,42.34592,65.40755,80.91451,95.42744
2019 to 20,South East,AS level,Art & Design,Fine Art,111.0,0.0,25.22523,49.54955,77.47748,89.18919,96.3964
2019 to 20,South East,AS level,Music,Music Technology,10.0,0.0,10.0,30.0,70.0,100.0,100.0
2019 to 20,South East,AS level,Art & Design,History of Art,0.0,,,,,,
2019 to 20,South East,AS level,Art & Design,Critical Studies,7.0,0.0,14.28571,71.42857,100.0,100.0,100.0
2019 to 20,South East,AS level,General studies,General Studies,0.0,,,,,,
2019 to 20,South East,AS level,General studies,Total General studies,0.0,,,,,,
2019 to 20,South East,AS level,Religious Studies,Total Religious Studies,127.0,0.0,22.83465,46.45669,69.29134,86.61417,93.70079
2019 to 20,South East,AS level,Modern languages,Spanish,161.0,0.0,44.09938,68.32298,83.22981,93.1677,98.75776
2019 to 20,South East,AS level,English,Total English,513.0,0.0,17.54386,43.85965,75.04873,93.17739,98.63548
2019 to 20,South East,AS level,Modern languages - other,Punjabi,0.0,,,,,,
2019 to 20,South East,AS level,Anthropology,Total Anthropology,0.0,,,,,,
2019 to 20,South East,AS level,Modern languages - other,Chinese,1.0,0.0,100.0,100.0,100.0,100.0,100.0
2019 to 20,South East,AS level,Science - other,Electronics,2.0,0.0,0.0,0.0,100.0,100.0,100.0
2019 to 20,South East,AS level,Law,Total Law,109.0,0.0,11.92661,35.77982,59.63303,84.40367,94.49541
2019 to 20,South East,AS level,Geography,Geography (World Development),0.0,,,,,,
2019 to 20,South East,AS level,Design and technology,Design & Technology,0.0,,,,,,
2019 to 20,South East,AS level,Citizenship studies,Total Citizenship studies,0.0,,,,,,
2019 to 20,South East,AS level,Maths,Statistics,0.0,,,,,,
2019 to 20,South East,AS level,Home Economics,Home Economics (Food),0.0,,,,,,
2019 to 20,South East,AS level,Arts,Media/Film/Tv Studies,119.0,0.0,11.76471,36.97479,73.94958,92.43697,98.31933
2019 to 20,South East,AS level,Modern languages - other,Turkish,1.0,0.0,100.0,100.0,100.0,100.0,100.0
2019 to 20,South East,AS level,Modern languages - other,Dutch,0.0,,,,,,
2019 to 20,South East,AS level,English,English language,127.0,0.0,13.38583,37.79528,74.01575,96.06299,100.0
2019 to 20,South East,AS level,Humanities,Total Humanities,0.0,,,,,,
2019 to 20,South East,AS level,Arts,Film Studies,66.0,0.0,16.66667,45.45455,78.78788,92.42424,96.9697
2019 to 20,South East,AS level,Maths,Mathematics (Pure),0.0,,,,,,
2019 to 20,South East,AS level,Home Economics,Total Home Economics,0.0,,,,,,
2019 to 20,South East,AS level,Accounting and Finance,Total Accounting and finance,19.0,0.0,10.52632,15.78947,42.10526,84.21053,100.0
2019 to 20,South East,AS level,Geography,Total Geography,222.0,0.0,18.91892,37.83784,66.21622,83.33333,95.04505
2019 to 20,South East,AS level,Science - Chemistry,Total Chemistry,650.0,0.0,22.30769,44.46154,66.30769,81.84615,92.15385
2019 to 20,South East,AS level,Art & Design,Textiles,31.0,0.0,12.90323,48.3871,80.64516,96.77419,100.0
2019 to 20,South East,AS level,Computer Science,Total Computer Science,191.0,0.0,26.70157,49.73822,67.53927,82.19895,92.67016
2019 to 20,South East,AS level,Modern languages - other,Portuguese,0.0,,,,,,
2019 to 20,South East,AS level,Modern languages,French,109.0,0.0,39.44954,61.46789,77.98165,89.90826,98.16514
2019 to 20,South East,AS level,Arts,Communication Studies,0.0,,,,,,
2019 to 20,South East,AS level,Modern languages - other,Welsh,0.0,,,,,,
2019 to 20,South East,AS level,Home Economics,Home Economics,0.0,,,,,,
2019 to 20,South East,AS level,Logic/Philosophy,Total Logic/ Philosophy,38.0,0.0,18.42105,34.21053,76.31579,94.73684,100.0
2019 to 20,South East,AS level,Design and technology,Total D&T,58.0,0.0,27.58621,62.06897,81.03448,94.82759,100.0
2019 to 20,South East,AS level,Maths,Use of mathematics,0.0,,,,,,
2019 to 20,South East,AS level,Modern languages - other,Italian,12.0,0.0,75.0,91.66667,100.0,100.0,100.0
2019 to 20,South East,AS level,Economics,Total Economics,335.0,0.0,17.01493,45.97015,69.85075,87.76119,97.31343
2019 to 20,South East,AS level,Psychology,Total Psychology,911.0,0.0,15.80681,37.54116,61.25137,81.6685,94.29199
2019 to 20,South East,AS level,Modern languages - other,Urdu,0.0,,,,,,
2019 to 20,South East,AS level,Government and politics,Total Government and Politics,186.0,0.0,11.29032,39.24731,66.12903,86.02151,96.77419
2019 to 20,South East,AS level,Music,Total Music,33.0,0.0,18.18182,39.39394,78.78788,96.9697,96.9697
2019 to 20,South East,AS level,Modern languages - other,Japanese,0.0,,,,,,
2019 to 20,South East,AS level,Modern languages,Total Modern languages including Other,349.0,0.0,43.83954,67.04871,82.23496,92.83668,98.56734
2019 to 20,South East,AS level,Art & Design,Photography,192.0,0.0,20.83333,48.95833,78.64583,90.625,97.39583
2019 to 20,South East,AS level,Maths,Mathematics (Statistics),36.0,0.0,16.66667,41.66667,69.44444,86.11111,100.0
2019 to 20,South East,AS level,Science - other,Total Other Sciences,24.0,0.0,20.83333,37.5,66.66667,83.33333,95.83333
2019 to 20,South East,AS level,Classical studies,Other Classical Languages,0.0,,,,,,
2019 to 20,South East,AS level,Science - other,Science in Society,0.0,,,,,,
2019 to 20,South East,AS level,Classical studies,Total Classical studies,67.0,0.0,28.35821,56.71642,83.58209,100.0,100.0
2019 to 20,South East,AS level,Modern languages - other,Gujarati,0.0,,,,,,
2019 to 20,South East,AS level,Design and technology,D&T Product Design,54.0,0.0,29.62963,62.96296,81.48148,96.2963,100.0
2019 to 20,South East,AS level,Art & Design,3d Studies,8.0,0.0,12.5,37.5,75.0,87.5,87.5
2019 to 20,South East,AS level,Maths,Maths,1276.0,0.0,29.07524,47.57053,67.55486,82.44514,94.51411
2019 to 20,South East,AS level,Art & Design,Art and design,50.0,0.0,30.0,54.0,84.0,96.0,100.0
2019 to 20,South East,AS level,Art & Design,Graphics,81.0,0.0,28.39506,56.79012,72.83951,93.82716,97.53086
2019 to 20,South East,AS level,History,Total History,402.0,0.0,14.67662,42.0398,74.87562,91.04478,98.00995
2019 to 20,South East,AS level,Maths - Further,Total Further Mathematics,906.0,0.0,61.5894,80.46358,92.49448,97.35099,99.44812
2019 to 20,South East,AS level,Science - Biology,Total Biology,675.0,0.0,16.74074,36.14815,59.7037,80.0,92.14815
2019 to 20,North West,AS level,Classical studies,Ancient History,30.0,0.0,13.33333,26.66667,63.33333,76.66667,93.33333
2019 to 20,North West,AS level,All facilitating subjects,Total facilitating subjects,4006.0,0.0,24.11383,42.78582,64.02896,80.85372,93.01048
2019 to 20,North West,AS level,General studies,Critical Thinking,0.0,,,,,,
2019 to 20,North West,AS level,Modern languages - other,Persian,0.0,,,,,,
2019 to 20,North West,AS level,Modern languages,German,18.0,0.0,44.44444,61.11111,77.77778,100.0,100.0
2019 to 20,North West,AS level,Science - other,Environmental Science,15.0,0.0,13.33333,20.0,53.33333,73.33333,100.0
2019 to 20,North West,AS level,English,English literature,318.0,0.0,20.12579,46.22642,72.95597,84.90566,91.19497
2019 to 20,North West,AS level,Business Studies,Total Business Studies,367.0,0.0,12.80654,34.33243,63.76022,84.19619,94.82289
2019 to 20,North West,AS level,Modern languages - other,Polish,0.0,,,,,,
2019 to 20,North West,AS level,Modern languages - other,Arabic,1.0,0.0,100.0,100.0,100.0,100.0,100.0
2019 to 20,North West,AS level,Modern languages - other,Welsh (Second Language),0.0,,,,,,
2019 to 20,North West,AS level,Physical Education,Physical Education/Sports Studies,78.0,0.0,16.66667,34.61538,67.94872,89.74359,98.71795
2019 to 20,North West,AS level,Music,Music,17.0,0.0,29.41176,64.70588,88.23529,94.11765,100.0
2019 to 20,North West,AS level,Science - other,Geology,13.0,0.0,23.07692,61.53846,84.61538,100.0,100.0
2019 to 20,North West,AS level,Art & Design,Total Art & Design,376.0,0.0,31.91489,63.82979,89.62766,96.01064,98.93617
2019 to 20,North West,AS level,Modern languages - other,Total Other Modern Languages,4.0,0.0,100.0,100.0,100.0,100.0,100.0
2019 to 20,North West,AS level,Modern languages - other,Modern Hebrew,0.0,,,,,,
2019 to 20,North West,AS level,Classical studies,Classics (General),0.0,,,,,,
2019 to 20,North West,AS level,Design and technology,D&T Engineering,0.0,,,,,,
2019 to 20,North West,AS level,Archaeology,Total Archaeology,0.0,,,,,,
2019 to 20,North West,AS level,Geography,Geography,194.0,0.0,18.5567,32.98969,57.73196,81.4433,98.45361
2019 to 20,North West,AS level,Modern languages - other,Russian,0.0,,,,,,
2019 to 20,North West,AS level,English,English language & literature,167.0,0.0,11.37725,39.52096,74.2515,91.01796,97.00599
2019 to 20,North West,AS level,ICT,Total ICT,0.0,,,,,,
2019 to 20,North West,AS level,Modern languages - other,Bengali,0.0,,,,,,
2019 to 20,North West,AS level,Arts,Expressive Arts & Performance Studies,0.0,,,,,,
2019 to 20,North West,AS level,Design and technology,D&T Food Technology,0.0,,,,,,
2019 to 20,North West,AS level,Classical studies,Classical Civilisation,42.0,0.0,14.28571,35.71429,66.66667,85.71429,97.61905
2019 to 20,North West,AS level,Arts,Total Arts,259.0,0.0,17.37452,46.33205,81.46718,95.3668,98.4556
2019 to 20,North West,AS level,Science - other,Science SA,0.0,,,,,,
2019 to 20,North West,AS level,Modern languages - other,Modern Greek,0.0,,,,,,
2019 to 20,North West,AS level,Arts,Drama & Theatre Studies,55.0,0.0,21.81818,58.18182,85.45455,96.36364,100.0
2019 to 20,North West,AS level,Design and technology,D&T Systems & Control,0.0,,,,,,
2019 to 20,North West,AS level,Physical Education,Total Physical Education,117.0,0.0,17.94872,40.17094,76.92308,93.16239,99.1453
2019 to 20,North West,AS level,Modern languages - other,Irish,0.0,,,,,,
2019 to 20,North West,AS level,Classical studies,Latin,1.0,0.0,100.0,100.0,100.0,100.0,100.0
2019 to 20,North West,AS level,All STEM subjects,Total STEM subjects,3146.0,0.0,23.99873,41.76732,62.58741,79.52956,92.72092
2019 to 20,North West,AS level,Classical studies,Classical Greek,3.0,0.0,100.0,100.0,100.0,100.0,100.0
2019 to 20,North West,AS level,Physical Education,Dance,39.0,0.0,20.51282,51.28205,94.87179,100.0,100.0
2019 to 20,North West,AS level,Maths,Additional Mathematics,0.0,,,,,,
2019 to 20,North West,AS level,Design and technology,D&T Textiles Technology,0.0,,,,,,
2019 to 20,North West,AS level,Maths,Total Maths,899.0,0.0,20.24472,36.04004,59.6218,78.97664,92.32481
2019 to 20,North West,AS level,Sociology,Total Sociology,732.0,0.0,18.98907,41.39344,66.25683,84.01639,94.2623
2019 to 20,North West,AS level,Arts,Creative Writing,0.0,,,,,,
2019 to 20,North West,AS level,All subjects,Total subjects,8391.0,0.0,20.48624,41.05589,65.43916,82.67191,93.43344
2019 to 20,North West,AS level,Science - Physics,Total Physics,361.0,0.0,18.55956,35.45706,57.06371,74.51524,92.24377
2019 to 20,North West,AS level,Art & Design,Fine Art,76.0,0.0,39.47368,69.73684,88.15789,94.73684,98.68421
2019 to 20,North West,AS level,Music,Music Technology,0.0,,,,,,
2019 to 20,North West,AS level,Art & Design,History of Art,0.0,,,,,,
2019 to 20,North West,AS level,Art & Design,Critical Studies,0.0,,,,,,
2019 to 20,North West,AS level,General studies,General Studies,0.0,,,,,,
2019 to 20,North West,AS level,General studies,Total General studies,0.0,,,,,,
2019 to 20,North West,AS level,Religious Studies,Total Religious Studies,181.0,0.0,15.46961,34.25414,60.22099,80.66298,92.81768
2019 to 20,North West,AS level,Modern languages,Spanish,91.0,0.0,37.36264,62.63736,78.02198,89.01099,96.7033
2019 to 20,North West,AS level,English,Total English,690.0,0.0,16.52174,44.2029,74.78261,88.84058,94.78261
2019 to 20,North West,AS level,Modern languages - other,Punjabi,0.0,,,,,,
2019 to 20,North West,AS level,Anthropology,Total Anthropology,0.0,,,,,,
2019 to 20,North West,AS level,Modern languages - other,Chinese,0.0,,,,,,
2019 to 20,North West,AS level,Science - other,Electronics,59.0,0.0,25.42373,45.76271,64.40678,86.44068,94.91525
2019 to 20,North West,AS level,Law,Total Law,318.0,0.0,14.46541,29.87421,51.57233,74.5283,87.10692
2019 to 20,North West,AS level,Geography,Geography (World Development),0.0,,,,,,
2019 to 20,North West,AS level,Design and technology,Design & Technology,0.0,,,,,,
2019 to 20,North West,AS level,Citizenship studies,Total Citizenship studies,0.0,,,,,,
2019 to 20,North West,AS level,Maths,Statistics,0.0,,,,,,
2019 to 20,North West,AS level,Home Economics,Home Economics (Food),0.0,,,,,,
2019 to 20,North West,AS level,Arts,Media/Film/Tv Studies,110.0,0.0,16.36364,43.63636,79.09091,93.63636,97.27273
2019 to 20,North West,AS level,Modern languages - other,Turkish,0.0,,,,,,
2019 to 20,North West,AS level,Modern languages - other,Dutch,0.0,,,,,,
2019 to 20,North West,AS level,English,English language,205.0,0.0,15.12195,44.87805,78.04878,93.17073,98.53659
2019 to 20,North West,AS level,Humanities,Total Humanities,0.0,,,,,,
2019 to 20,North West,AS level,Arts,Film Studies,94.0,0.0,15.95745,42.55319,81.91489,96.80851,98.93617
2019 to 20,North West,AS level,Maths,Mathematics (Pure),0.0,,,,,,
2019 to 20,North West,AS level,Home Economics,Total Home Economics,0.0,,,,,,
2019 to 20,North West,AS level,Accounting and Finance,Total Accounting and finance,12.0,0.0,16.66667,33.33333,50.0,83.33333,100.0
2019 to 20,North West,AS level,Geography,Total Geography,194.0,0.0,18.5567,32.98969,57.73196,81.4433,98.45361
2019 to 20,North West,AS level,Science - Chemistry,Total Chemistry,542.0,0.0,16.23616,34.31734,56.82657,75.64576,89.48339
2019 to 20,North West,AS level,Art & Design,Textiles,32.0,0.0,37.5,84.375,100.0,100.0,100.0
2019 to 20,North West,AS level,Computer Science,Total Computer Science,195.0,0.0,17.4359,35.89744,64.10256,83.07692,96.41026
2019 to 20,North West,AS level,Modern languages - other,Portuguese,0.0,,,,,,
2019 to 20,North West,AS level,Modern languages,French,62.0,0.0,27.41935,50.0,70.96774,87.09677,95.16129
2019 to 20,North West,AS level,Arts,Communication Studies,0.0,,,,,,
2019 to 20,North West,AS level,Modern languages - other,Welsh,0.0,,,,,,
2019 to 20,North West,AS level,Home Economics,Home Economics,0.0,,,,,,
2019 to 20,North West,AS level,Logic/Philosophy,Total Logic/ Philosophy,29.0,0.0,27.58621,48.27586,75.86207,89.65517,96.55172
2019 to 20,North West,AS level,Design and technology,Total D&T,33.0,0.0,12.12121,48.48485,75.75758,90.90909,100.0
2019 to 20,North West,AS level,Maths,Use of mathematics,0.0,,,,,,
2019 to 20,North West,AS level,Modern languages - other,Italian,3.0,0.0,100.0,100.0,100.0,100.0,100.0
2019 to 20,North West,AS level,Economics,Total Economics,156.0,0.0,10.89744,29.48718,61.53846,84.61538,93.58974
2019 to 20,North West,AS level,Psychology,Total Psychology,826.0,0.0,15.01211,34.2615,58.23245,76.63438,88.01453
2019 to 20,North West,AS level,Modern languages - other,Urdu,0.0,,,,,,
2019 to 20,North West,AS level,Government and politics,Total Government and Politics,129.0,0.0,20.15504,36.43411,62.0155,80.62016,93.79845
2019 to 20,North West,AS level,Music,Total Music,17.0,0.0,29.41176,64.70588,88.23529,94.11765,100.0
2019 to 20,North West,AS level,Modern languages - other,Japanese,0.0,,,,,,
2019 to 20,North West,AS level,Modern languages,Total Modern languages including Other,175.0,0.0,36.0,58.85714,76.0,89.71429,96.57143
2019 to 20,North West,AS level,Art & Design,Photography,106.0,0.0,30.18868,67.92453,93.39623,96.22642,98.11321
2019 to 20,North West,AS level,Maths,Mathematics (Statistics),107.0,0.0,6.54206,26.16822,54.20561,78.50467,92.52336
2019 to 20,North West,AS level,Science - other,Total Other Sciences,87.0,0.0,22.98851,43.67816,65.51724,86.2069,96.55172
2019 to 20,North West,AS level,Classical studies,Other Classical Languages,0.0,,,,,,
2019 to 20,North West,AS level,Science - other,Science in Society,0.0,,,,,,
2019 to 20,North West,AS level,Classical studies,Total Classical studies,76.0,0.0,18.42105,35.52632,67.10526,82.89474,96.05263
2019 to 20,North West,AS level,Modern languages - other,Gujarati,0.0,,,,,,
2019 to 20,North West,AS level,Design and technology,D&T Product Design,33.0,0.0,12.12121,48.48485,75.75758,90.90909,100.0
2019 to 20,North West,AS level,Art & Design,3d Studies,38.0,0.0,47.36842,73.68421,92.10526,100.0,100.0
2019 to 20,North West,AS level,Maths,Maths,792.0,0.0,22.09596,37.37374,60.35354,79.0404,92.29798
2019 to 20,North West,AS level,Art & Design,Art and design,38.0,0.0,21.05263,44.73684,81.57895,92.10526,100.0
2019 to 20,North West,AS level,Art & Design,Graphics,86.0,0.0,23.25581,50.0,84.88372,95.34884,98.83721
2019 to 20,North West,AS level,History,Total History,471.0,0.0,18.04671,38.21656,63.26964,83.6518,93.84289
2019 to 20,North West,AS level,Maths - Further,Total Further Mathematics,511.0,0.0,54.99022,79.45205,90.60665,96.67319,99.41292
2019 to 20,North West,AS level,Science - Biology,Total Biology,638.0,0.0,16.1442,31.34796,51.88088,71.63009,89.81191
2019 to 20,North East,AS level,Classical studies,Ancient History,0.0,,,,,,
2019 to 20,North East,AS level,All facilitating subjects,Total facilitating subjects,1271.0,0.0,33.2022,55.15342,78.83556,91.42408,97.63965
2019 to 20,North East,AS level,General studies,Critical Thinking,0.0,,,,,,
2019 to 20,North East,AS level,Modern languages - other,Persian,0.0,,,,,,
2019 to 20,North East,AS level,Modern languages,German,6.0,0.0,50.0,50.0,50.0,50.0,66.66667
2019 to 20,North East,AS level,Science - other,Environmental Science,0.0,,,,,,
2019 to 20,North East,AS level,English,English literature,55.0,0.0,21.81818,49.09091,81.81818,96.36364,98.18182
2019 to 20,North East,AS level,Business Studies,Total Business Studies,84.0,0.0,15.47619,52.38095,78.57143,91.66667,97.61905
2019 to 20,North East,AS level,Modern languages - other,Polish,1.0,0.0,0.0,100.0,100.0,100.0,100.0
2019 to 20,North East,AS level,Modern languages - other,Arabic,1.0,0.0,100.0,100.0,100.0,100.0,100.0
2019 to 20,North East,AS level,Modern languages - other,Welsh (Second Language),0.0,,,,,,
2019 to 20,North East,AS level,Physical Education,Physical Education/Sports Studies,3.0,0.0,0.0,33.33333,100.0,100.0,100.0
2019 to 20,North East,AS level,Music,Music,2.0,0.0,0.0,50.0,100.0,100.0,100.0
2019 to 20,North East,AS level,Science - other,Geology,4.0,0.0,0.0,25.0,50.0,100.0,100.0
2019 to 20,North East,AS level,Art & Design,Total Art & Design,42.0,0.0,21.42857,47.61905,71.42857,88.09524,100.0
2019 to 20,North East,AS level,Modern languages - other,Total Other Modern Languages,2.0,0.0,50.0,100.0,100.0,100.0,100.0
2019 to 20,North East,AS level,Modern languages - other,Modern Hebrew,0.0,,,,,,
2019 to 20,North East,AS level,Classical studies,Classics (General),0.0,,,,,,
2019 to 20,North East,AS level,Design and technology,D&T Engineering,0.0,,,,,,
2019 to 20,North East,AS level,Archaeology,Total Archaeology,0.0,,,,,,
2019 to 20,North East,AS level,Geography,Geography,65.0,0.0,16.92308,41.53846,75.38462,95.38462,100.0
2019 to 20,North East,AS level,Modern languages - other,Russian,0.0,,,,,,
2019 to 20,North East,AS level,English,English language & literature,0.0,,,,,,
2019 to 20,North East,AS level,ICT,Total ICT,0.0,,,,,,
2019 to 20,North East,AS level,Modern languages - other,Bengali,0.0,,,,,,
2019 to 20,North East,AS level,Arts,Expressive Arts & Performance Studies,0.0,,,,,,
2019 to 20,North East,AS level,Design and technology,D&T Food Technology,0.0,,,,,,
2019 to 20,North East,AS level,Classical studies,Classical Civilisation,7.0,0.0,14.28571,28.57143,57.14286,85.71429,100.0
2019 to 20,North East,AS level,Arts,Total Arts,86.0,0.0,17.44186,48.83721,79.06977,96.51163,97.67442
2019 to 20,North East,AS level,Science - other,Science SA,0.0,,,,,,
2019 to 20,North East,AS level,Modern languages - other,Modern Greek,0.0,,,,,,
2019 to 20,North East,AS level,Arts,Drama & Theatre Studies,2.0,0.0,0.0,100.0,100.0,100.0,100.0
2019 to 20,North East,AS level,Design and technology,D&T Systems & Control,0.0,,,,,,
2019 to 20,North East,AS level,Physical Education,Total Physical Education,3.0,0.0,0.0,33.33333,100.0,100.0,100.0
2019 to 20,North East,AS level,Modern languages - other,Irish,0.0,,,,,,
2019 to 20,North East,AS level,Classical studies,Latin,1.0,0.0,100.0,100.0,100.0,100.0,100.0
2019 to 20,North East,AS level,All STEM subjects,Total STEM subjects,1028.0,0.0,35.89494,56.90661,78.6965,90.66148,97.47082
2019 to 20,North East,AS level,Classical studies,Classical Greek,0.0,,,,,,
2019 to 20,North East,AS level,Physical Education,Dance,0.0,,,,,,
2019 to 20,North East,AS level,Maths,Additional Mathematics,0.0,,,,,,
2019 to 20,North East,AS level,Design and technology,D&T Textiles Technology,0.0,,,,,,
2019 to 20,North East,AS level,Maths,Total Maths,317.0,0.0,35.01577,53.62776,75.39432,87.69716,98.10726
2019 to 20,North East,AS level,Sociology,Total Sociology,168.0,0.0,27.97619,54.7619,76.19048,89.88095,98.80952
2019 to 20,North East,AS level,Arts,Creative Writing,0.0,,,,,,
2019 to 20,North East,AS level,All subjects,Total subjects,2233.0,0.0,26.91446,50.29109,75.99642,90.32691,96.73086
2019 to 20,North East,AS level,Science - Physics,Total Physics,101.0,0.0,20.79208,40.59406,69.30693,87.12871,94.05941
2019 to 20,North East,AS level,Art & Design,Fine Art,21.0,0.0,33.33333,52.38095,85.71429,95.2381,100.0
2019 to 20,North East,AS level,Music,Music Technology,0.0,,,,,,
2019 to 20,North East,AS level,Art & Design,History of Art,0.0,,,,,,
2019 to 20,North East,AS level,Art & Design,Critical Studies,0.0,,,,,,
2019 to 20,North East,AS level,General studies,General Studies,0.0,,,,,,
2019 to 20,North East,AS level,General studies,Total General studies,0.0,,,,,,
2019 to 20,North East,AS level,Religious Studies,Total Religious Studies,21.0,0.0,23.80952,42.85714,76.19048,90.47619,100.0
2019 to 20,North East,AS level,Modern languages,Spanish,8.0,0.0,25.0,37.5,75.0,100.0,100.0
2019 to 20,North East,AS level,English,Total English,154.0,0.0,14.28571,35.06494,66.23377,77.92208,81.16883
2019 to 20,North East,AS level,Modern languages - other,Punjabi,0.0,,,,,,
2019 to 20,North East,AS level,Anthropology,Total Anthropology,0.0,,,,,,
2019 to 20,North East,AS level,Modern languages - other,Chinese,0.0,,,,,,
2019 to 20,North East,AS level,Science - other,Electronics,1.0,0.0,100.0,100.0,100.0,100.0,100.0
2019 to 20,North East,AS level,Law,Total Law,112.0,0.0,16.07143,36.60714,68.75,85.71429,96.42857
2019 to 20,North East,AS level,Geography,Geography (World Development),0.0,,,,,,
2019 to 20,North East,AS level,Design and technology,Design & Technology,0.0,,,,,,
2019 to 20,North East,AS level,Citizenship studies,Total Citizenship studies,0.0,,,,,,
2019 to 20,North East,AS level,Maths,Statistics,0.0,,,,,,
2019 to 20,North East,AS level,Home Economics,Home Economics (Food),0.0,,,,,,
2019 to 20,North East,AS level,Arts,Media/Film/Tv Studies,44.0,0.0,15.90909,45.45455,79.54545,93.18182,95.45455
2019 to 20,North East,AS level,Modern languages - other,Turkish,0.0,,,,,,
2019 to 20,North East,AS level,Modern languages - other,Dutch,0.0,,,,,,
2019 to 20,North East,AS level,English,English language,99.0,0.0,10.10101,27.27273,57.57576,67.67677,71.71717
2019 to 20,North East,AS level,Humanities,Total Humanities,0.0,,,,,,
2019 to 20,North East,AS level,Arts,Film Studies,40.0,0.0,20.0,50.0,77.5,100.0,100.0
2019 to 20,North East,AS level,Maths,Mathematics (Pure),0.0,,,,,,
2019 to 20,North East,AS level,Home Economics,Total Home Economics,0.0,,,,,,
2019 to 20,North East,AS level,Accounting and Finance,Total Accounting and finance,3.0,0.0,0.0,66.66667,100.0,100.0,100.0
2019 to 20,North East,AS level,Geography,Total Geography,65.0,0.0,16.92308,41.53846,75.38462,95.38462,100.0
2019 to 20,North East,AS level,Science - Chemistry,Total Chemistry,169.0,0.0,27.81065,50.29586,76.92308,91.71598,97.63314
2019 to 20,North East,AS level,Art & Design,Textiles,3.0,0.0,0.0,0.0,0.0,100.0,100.0
2019 to 20,North East,AS level,Computer Science,Total Computer Science,20.0,0.0,15.0,35.0,65.0,95.0,100.0
2019 to 20,North East,AS level,Modern languages - other,Portuguese,0.0,,,,,,
2019 to 20,North East,AS level,Modern languages,French,15.0,0.0,40.0,73.33333,86.66667,100.0,100.0
2019 to 20,North East,AS level,Arts,Communication Studies,0.0,,,,,,
2019 to 20,North East,AS level,Modern languages - other,Welsh,0.0,,,,,,
2019 to 20,North East,AS level,Home Economics,Home Economics,0.0,,,,,,
2019 to 20,North East,AS level,Logic/Philosophy,Total Logic/ Philosophy,1.0,0.0,0.0,0.0,0.0,100.0,100.0
2019 to 20,North East,AS level,Design and technology,Total D&T,0.0,,,,,,
2019 to 20,North East,AS level,Maths,Use of mathematics,0.0,,,,,,
2019 to 20,North East,AS level,Modern languages - other,Italian,0.0,,,,,,
2019 to 20,North East,AS level,Economics,Total Economics,54.0,0.0,22.22222,46.2963,74.07407,92.59259,100.0
2019 to 20,North East,AS level,Psychology,Total Psychology,216.0,0.0,18.51852,41.2037,71.2963,91.2037,97.68519
2019 to 20,North East,AS level,Modern languages - other,Urdu,0.0,,,,,,
2019 to 20,North East,AS level,Government and politics,Total Government and Politics,37.0,0.0,13.51351,48.64865,81.08108,100.0,100.0
2019 to 20,North East,AS level,Music,Total Music,2.0,0.0,0.0,50.0,100.0,100.0,100.0
2019 to 20,North East,AS level,Modern languages - other,Japanese,0.0,,,,,,
2019 to 20,North East,AS level,Modern languages,Total Modern languages including Other,31.0,0.0,38.70968,61.29032,77.41935,90.32258,93.54839
2019 to 20,North East,AS level,Art & Design,Photography,9.0,0.0,22.22222,55.55556,66.66667,88.88889,100.0
2019 to 20,North East,AS level,Maths,Mathematics (Statistics),2.0,0.0,0.0,0.0,50.0,100.0,100.0
2019 to 20,North East,AS level,Science - other,Total Other Sciences,5.0,0.0,20.0,40.0,60.0,100.0,100.0
2019 to 20,North East,AS level,Classical studies,Other Classical Languages,0.0,,,,,,
2019 to 20,North East,AS level,Science - other,Science in Society,0.0,,,,,,
2019 to 20,North East,AS level,Classical studies,Total Classical studies,8.0,0.0,25.0,37.5,62.5,87.5,100.0
2019 to 20,North East,AS level,Modern languages - other,Gujarati,0.0,,,,,,
2019 to 20,North East,AS level,Design and technology,D&T Product Design,0.0,,,,,,
2019 to 20,North East,AS level,Art & Design,3d Studies,1.0,0.0,0.0,0.0,0.0,0.0,100.0
2019 to 20,North East,AS level,Maths,Maths,315.0,0.0,35.2381,53.96825,75.55556,87.61905,98.09524
2019 to 20,North East,AS level,Art & Design,Art and design,4.0,0.0,0.0,50.0,75.0,75.0,100.0
2019 to 20,North East,AS level,Art & Design,Graphics,4.0,0.0,0.0,50.0,75.0,75.0,100.0
2019 to 20,North East,AS level,History,Total History,113.0,0.0,17.69912,43.36283,77.87611,94.69027,99.11504
2019 to 20,North East,AS level,Maths - Further,Total Further Mathematics,202.0,0.0,68.31683,85.64356,95.0495,98.51485,100.0
2019 to 20,North East,AS level,Science - Biology,Total Biology,219.0,0.0,22.37443,49.77169,75.34247,88.12785,95.43379
2019 to 20,London,AS level,Classical studies,Ancient History,15.0,0.0,46.66667,80.0,100.0,100.0,100.0
2019 to 20,London,AS level,All facilitating subjects,Total facilitating subjects,7619.0,0.0,35.14897,56.24098,75.25922,88.1743,95.82622
2019 to 20,London,AS level,General studies,Critical Thinking,0.0,,,,,,
2019 to 20,London,AS level,Modern languages - other,Persian,1.0,0.0,100.0,100.0,100.0,100.0,100.0
2019 to 20,London,AS level,Modern languages,German,84.0,0.0,55.95238,73.80952,95.2381,98.80952,100.0
2019 to 20,London,AS level,Science - other,Environmental Science,0.0,,,,,,
2019 to 20,London,AS level,English,English literature,639.0,0.0,28.79499,57.277,81.22066,95.93114,99.21753
2019 to 20,London,AS level,Business Studies,Total Business Studies,443.0,0.0,14.44695,39.50339,69.52596,87.13318,96.83973
2019 to 20,London,AS level,Modern languages - other,Polish,0.0,,,,,,
2019 to 20,London,AS level,Modern languages - other,Arabic,0.0,,,,,,
2019 to 20,London,AS level,Modern languages - other,Welsh (Second Language),0.0,,,,,,
2019 to 20,London,AS level,Physical Education,Physical Education/Sports Studies,39.0,0.0,23.07692,48.71795,66.66667,89.74359,97.4359
2019 to 20,London,AS level,Music,Music,29.0,0.0,41.37931,82.75862,89.65517,93.10345,96.55172
2019 to 20,London,AS level,Science - other,Geology,0.0,,,,,,
2019 to 20,London,AS level,Art & Design,Total Art & Design,379.0,0.0,30.60686,59.63061,87.8628,96.56992,97.88918
2019 to 20,London,AS level,Modern languages - other,Total Other Modern Languages,37.0,0.0,67.56757,91.89189,100.0,100.0,100.0
2019 to 20,London,AS level,Modern languages - other,Modern Hebrew,0.0,,,,,,
2019 to 20,London,AS level,Classical studies,Classics (General),0.0,,,,,,
2019 to 20,London,AS level,Design and technology,D&T Engineering,2.0,0.0,0.0,0.0,100.0,100.0,100.0
2019 to 20,London,AS level,Archaeology,Total Archaeology,0.0,,,,,,
2019 to 20,London,AS level,Geography,Geography,308.0,0.0,42.53247,62.98701,82.46753,92.20779,97.4026
2019 to 20,London,AS level,Modern languages - other,Russian,9.0,0.0,88.88889,100.0,100.0,100.0,100.0
2019 to 20,London,AS level,English,English language & literature,89.0,0.0,12.35955,47.19101,78.65169,96.62921,98.8764
2019 to 20,London,AS level,ICT,Total ICT,0.0,,,,,,
2019 to 20,London,AS level,Modern languages - other,Bengali,0.0,,,,,,
2019 to 20,London,AS level,Arts,Expressive Arts & Performance Studies,0.0,,,,,,
2019 to 20,London,AS level,Design and technology,D&T Food Technology,0.0,,,,,,
2019 to 20,London,AS level,Classical studies,Classical Civilisation,22.0,0.0,40.90909,59.09091,90.90909,100.0,100.0
2019 to 20,London,AS level,Arts,Total Arts,361.0,0.0,16.89751,43.4903,72.57618,88.08864,93.90582
2019 to 20,London,AS level,Science - other,Science SA,0.0,,,,,,
2019 to 20,London,AS level,Modern languages - other,Modern Greek,0.0,,,,,,
2019 to 20,London,AS level,Arts,Drama & Theatre Studies,63.0,0.0,34.92063,65.07937,92.06349,98.4127,100.0
2019 to 20,London,AS level,Design and technology,D&T Systems & Control,0.0,,,,,,
2019 to 20,London,AS level,Physical Education,Total Physical Education,44.0,0.0,27.27273,52.27273,70.45455,90.90909,97.72727
2019 to 20,London,AS level,Modern languages - other,Irish,0.0,,,,,,
2019 to 20,London,AS level,Classical studies,Latin,19.0,0.0,57.89474,78.94737,84.21053,100.0,100.0
2019 to 20,London,AS level,All STEM subjects,Total STEM subjects,5971.0,0.0,35.37096,55.20013,73.13683,86.26696,94.94222
2019 to 20,London,AS level,Classical studies,Classical Greek,2.0,0.0,100.0,100.0,100.0,100.0,100.0
2019 to 20,London,AS level,Physical Education,Dance,5.0,0.0,60.0,80.0,100.0,100.0,100.0
2019 to 20,London,AS level,Maths,Additional Mathematics,0.0,,,,,,
2019 to 20,London,AS level,Design and technology,D&T Textiles Technology,2.0,0.0,0.0,0.0,50.0,50.0,50.0
2019 to 20,London,AS level,Maths,Total Maths,1945.0,0.0,36.81234,54.55013,73.00771,85.9126,94.70437
2019 to 20,London,AS level,Sociology,Total Sociology,758.0,0.0,25.59367,49.34037,73.7467,89.31398,96.70185
2019 to 20,London,AS level,Arts,Creative Writing,0.0,,,,,,
2019 to 20,London,AS level,All subjects,Total subjects,13188.0,0.0,31.55899,54.01122,75.28056,88.59569,95.90537
2019 to 20,London,AS level,Science - Physics,Total Physics,831.0,0.0,34.29603,55.83634,74.72924,88.08664,95.54753
2019 to 20,London,AS level,Art & Design,Fine Art,88.0,0.0,46.59091,71.59091,90.90909,94.31818,95.45455
2019 to 20,London,AS level,Music,Music Technology,9.0,0.0,11.11111,44.44444,100.0,100.0,100.0
2019 to 20,London,AS level,Art & Design,History of Art,0.0,,,,,,
2019 to 20,London,AS level,Art & Design,Critical Studies,0.0,,,,,,
2019 to 20,London,AS level,General studies,General Studies,0.0,,,,,,
2019 to 20,London,AS level,General studies,Total General studies,0.0,,,,,,
2019 to 20,London,AS level,Religious Studies,Total Religious Studies,366.0,0.0,30.32787,54.91803,79.78142,93.71585,98.08743
2019 to 20,London,AS level,Modern languages,Spanish,134.0,0.0,39.55224,64.92537,85.07463,97.01493,100.0
2019 to 20,London,AS level,English,Total English,781.0,0.0,27.40077,55.95391,80.66581,96.03073,99.23175
2019 to 20,London,AS level,Modern languages - other,Punjabi,1.0,0.0,0.0,100.0,100.0,100.0,100.0
2019 to 20,London,AS level,Anthropology,Total Anthropology,0.0,,,,,,
2019 to 20,London,AS level,Modern languages - other,Chinese,2.0,0.0,100.0,100.0,100.0,100.0,100.0
2019 to 20,London,AS level,Science - other,Electronics,1.0,0.0,0.0,0.0,100.0,100.0,100.0
2019 to 20,London,AS level,Law,Total Law,123.0,0.0,16.26016,29.26829,48.78049,69.9187,80.4878
2019 to 20,London,AS level,Geography,Geography (World Development),0.0,,,,,,
2019 to 20,London,AS level,Design and technology,Design & Technology,0.0,,,,,,
2019 to 20,London,AS level,Citizenship studies,Total Citizenship studies,0.0,,,,,,
2019 to 20,London,AS level,Maths,Statistics,0.0,,,,,,
2019 to 20,London,AS level,Home Economics,Home Economics (Food),0.0,,,,,,
2019 to 20,London,AS level,Arts,Media/Film/Tv Studies,218.0,0.0,13.76147,39.90826,68.34862,87.15596,94.95413
2019 to 20,London,AS level,Modern languages - other,Turkish,5.0,0.0,60.0,80.0,100.0,100.0,100.0
2019 to 20,London,AS level,Modern languages - other,Dutch,0.0,,,,,,
2019 to 20,London,AS level,English,English language,53.0,0.0,35.84906,54.71698,77.35849,96.22642,100.0
2019 to 20,London,AS level,Humanities,Total Humanities,0.0,,,,,,
2019 to 20,London,AS level,Arts,Film Studies,80.0,0.0,11.25,36.25,68.75,82.5,86.25
2019 to 20,London,AS level,Maths,Mathematics (Pure),0.0,,,,,,
2019 to 20,London,AS level,Home Economics,Total Home Economics,0.0,,,,,,
2019 to 20,London,AS level,Accounting and Finance,Total Accounting and finance,2.0,0.0,50.0,100.0,100.0,100.0,100.0
2019 to 20,London,AS level,Geography,Total Geography,308.0,0.0,42.53247,62.98701,82.46753,92.20779,97.4026
2019 to 20,London,AS level,Science - Chemistry,Total Chemistry,1194.0,0.0,28.89447,49.32998,69.09548,82.99832,93.96985
2019 to 20,London,AS level,Art & Design,Textiles,7.0,0.0,71.42857,71.42857,100.0,100.0,100.0
2019 to 20,London,AS level,Computer Science,Total Computer Science,281.0,0.0,43.41637,68.68327,85.40925,93.23843,97.5089
2019 to 20,London,AS level,Modern languages - other,Portuguese,6.0,0.0,50.0,83.33333,100.0,100.0,100.0
2019 to 20,London,AS level,Modern languages,French,156.0,0.0,42.94872,62.82051,84.61538,91.66667,97.4359
2019 to 20,London,AS level,Arts,Communication Studies,0.0,,,,,,
2019 to 20,London,AS level,Modern languages - other,Welsh,0.0,,,,,,
2019 to 20,London,AS level,Home Economics,Home Economics,0.0,,,,,,
2019 to 20,London,AS level,Logic/Philosophy,Total Logic/ Philosophy,78.0,0.0,25.64103,55.12821,75.64103,92.30769,97.4359
2019 to 20,London,AS level,Design and technology,Total D&T,73.0,0.0,21.91781,43.83562,72.60274,83.56164,95.89041
2019 to 20,London,AS level,Maths,Use of mathematics,0.0,,,,,,
2019 to 20,London,AS level,Modern languages - other,Italian,13.0,0.0,61.53846,92.30769,100.0,100.0,100.0
2019 to 20,London,AS level,Economics,Total Economics,855.0,0.0,33.80117,58.59649,78.0117,89.59064,96.49123
2019 to 20,London,AS level,Psychology,Total Psychology,1204.0,0.0,23.58804,47.42525,71.67774,85.96346,95.18272
2019 to 20,London,AS level,Modern languages - other,Urdu,0.0,,,,,,
2019 to 20,London,AS level,Government and politics,Total Government and Politics,383.0,0.0,30.02611,46.99739,73.62924,88.77285,95.03916
2019 to 20,London,AS level,Music,Total Music,38.0,0.0,34.21053,73.68421,92.10526,94.73684,97.36842
2019 to 20,London,AS level,Modern languages - other,Japanese,0.0,,,,,,
2019 to 20,London,AS level,Modern languages,Total Modern languages including Other,411.0,0.0,46.71533,68.36983,88.32117,95.62044,99.02676
2019 to 20,London,AS level,Art & Design,Photography,145.0,0.0,18.62069,43.44828,79.31034,94.48276,97.24138
2019 to 20,London,AS level,Maths,Mathematics (Statistics),1.0,0.0,0.0,0.0,100.0,100.0,100.0
2019 to 20,London,AS level,Science - other,Total Other Sciences,1.0,0.0,0.0,0.0,100.0,100.0,100.0
2019 to 20,London,AS level,Classical studies,Other Classical Languages,0.0,,,,,,
2019 to 20,London,AS level,Science - other,Science in Society,0.0,,,,,,
2019 to 20,London,AS level,Classical studies,Total Classical studies,58.0,0.0,50.0,72.41379,91.37931,100.0,100.0
2019 to 20,London,AS level,Modern languages - other,Gujarati,0.0,,,,,,
2019 to 20,London,AS level,Design and technology,D&T Product Design,69.0,0.0,23.18841,46.37681,72.46377,84.05797,97.10145
2019 to 20,London,AS level,Art & Design,3d Studies,14.0,0.0,42.85714,100.0,100.0,100.0,100.0
2019 to 20,London,AS level,Maths,Maths,1944.0,0.0,36.83128,54.57819,72.99383,85.90535,94.70165
2019 to 20,London,AS level,Art & Design,Art and design,111.0,0.0,30.63063,64.86486,92.79279,100.0,100.0
2019 to 20,London,AS level,Art & Design,Graphics,14.0,0.0,21.42857,64.28571,100.0,100.0,100.0
2019 to 20,London,AS level,History,Total History,551.0,0.0,30.49002,58.80218,82.39564,94.19238,98.91107
2019 to 20,London,AS level,Maths - Further,Total Further Mathematics,492.0,0.0,64.22764,82.31707,91.26016,94.9187,98.37398
2019 to 20,London,AS level,Science - Biology,Total Biology,1228.0,0.0,26.7101,47.557,66.12378,83.71336,93.89251
2019 to 20,Yorkshire and The Humber,AS level,Classical studies,Ancient History,56.0,0.0,12.5,33.92857,73.21429,91.07143,96.42857
2019 to 20,Yorkshire and The Humber,AS level,All facilitating subjects,Total facilitating subjects,2435.0,0.0,31.25257,50.43121,70.0616,84.9692,95.23614
2019 to 20,Yorkshire and The Humber,AS level,General studies,Critical Thinking,0.0,,,,,,
2019 to 20,Yorkshire and The Humber,AS level,Modern languages - other,Persian,0.0,,,,,,
2019 to 20,Yorkshire and The Humber,AS level,Modern languages,German,12.0,0.0,50.0,66.66667,75.0,83.33333,100.0
2019 to 20,Yorkshire and The Humber,AS level,Science - other,Environmental Science,0.0,,,,,,
2019 to 20,Yorkshire and The Humber,AS level,English,English literature,156.0,0.0,18.58974,41.66667,66.66667,87.82051,97.4359
2019 to 20,Yorkshire and The Humber,AS level,Business Studies,Total Business Studies,272.0,0.0,12.13235,36.39706,69.11765,89.33824,97.42647
2019 to 20,Yorkshire and The Humber,AS level,Modern languages - other,Polish,1.0,0.0,100.0,100.0,100.0,100.0,100.0
2019 to 20,Yorkshire and The Humber,AS level,Modern languages - other,Arabic,0.0,,,,,,
2019 to 20,Yorkshire and The Humber,AS level,Modern languages - other,Welsh (Second Language),0.0,,,,,,
2019 to 20,Yorkshire and The Humber,AS level,Physical Education,Physical Education/Sports Studies,24.0,0.0,41.66667,54.16667,66.66667,79.16667,95.83333
2019 to 20,Yorkshire and The Humber,AS level,Music,Music,14.0,0.0,35.71429,57.14286,92.85714,100.0,100.0
2019 to 20,Yorkshire and The Humber,AS level,Science - other,Geology,19.0,0.0,15.78947,31.57895,52.63158,78.94737,94.73684
2019 to 20,Yorkshire and The Humber,AS level,Art & Design,Total Art & Design,147.0,0.0,21.08844,48.97959,85.71429,95.2381,97.95918
2019 to 20,Yorkshire and The Humber,AS level,Modern languages - other,Total Other Modern Languages,13.0,0.0,61.53846,84.61538,100.0,100.0,100.0
2019 to 20,Yorkshire and The Humber,AS level,Modern languages - other,Modern Hebrew,0.0,,,,,,
2019 to 20,Yorkshire and The Humber,AS level,Classical studies,Classics (General),0.0,,,,,,
2019 to 20,Yorkshire and The Humber,AS level,Design and technology,D&T Engineering,0.0,,,,,,
2019 to 20,Yorkshire and The Humber,AS level,Archaeology,Total Archaeology,0.0,,,,,,
2019 to 20,Yorkshire and The Humber,AS level,Geography,Geography,135.0,0.0,22.22222,45.92593,74.81481,86.66667,96.2963
2019 to 20,Yorkshire and The Humber,AS level,Modern languages - other,Russian,0.0,,,,,,
2019 to 20,Yorkshire and The Humber,AS level,English,English language & literature,49.0,0.0,10.20408,38.77551,87.7551,97.95918,100.0
2019 to 20,Yorkshire and The Humber,AS level,ICT,Total ICT,0.0,,,,,,
2019 to 20,Yorkshire and The Humber,AS level,Modern languages - other,Bengali,0.0,,,,,,
2019 to 20,Yorkshire and The Humber,AS level,Arts,Expressive Arts & Performance Studies,0.0,,,,,,
2019 to 20,Yorkshire and The Humber,AS level,Design and technology,D&T Food Technology,0.0,,,,,,
2019 to 20,Yorkshire and The Humber,AS level,Classical studies,Classical Civilisation,1.0,0.0,0.0,0.0,100.0,100.0,100.0
2019 to 20,Yorkshire and The Humber,AS level,Arts,Total Arts,198.0,0.0,15.15152,48.9899,84.84848,95.45455,97.47475
2019 to 20,Yorkshire and The Humber,AS level,Science - other,Science SA,0.0,,,,,,
2019 to 20,Yorkshire and The Humber,AS level,Modern languages - other,Modern Greek,0.0,,,,,,
2019 to 20,Yorkshire and The Humber,AS level,Arts,Drama & Theatre Studies,28.0,0.0,35.71429,78.57143,92.85714,96.42857,100.0
2019 to 20,Yorkshire and The Humber,AS level,Design and technology,D&T Systems & Control,0.0,,,,,,
2019 to 20,Yorkshire and The Humber,AS level,Physical Education,Total Physical Education,24.0,0.0,41.66667,54.16667,66.66667,79.16667,95.83333
2019 to 20,Yorkshire and The Humber,AS level,Modern languages - other,Irish,0.0,,,,,,
2019 to 20,Yorkshire and The Humber,AS level,Classical studies,Latin,4.0,0.0,50.0,75.0,75.0,100.0,100.0
2019 to 20,Yorkshire and The Humber,AS level,All STEM subjects,Total STEM subjects,1920.0,0.0,33.4375,51.35417,68.69792,83.59375,94.53125
2019 to 20,Yorkshire and The Humber,AS level,Classical studies,Classical Greek,0.0,,,,,,
2019 to 20,Yorkshire and The Humber,AS level,Physical Education,Dance,0.0,,,,,,
2019 to 20,Yorkshire and The Humber,AS level,Maths,Additional Mathematics,0.0,,,,,,
2019 to 20,Yorkshire and The Humber,AS level,Design and technology,D&T Textiles Technology,0.0,,,,,,
2019 to 20,Yorkshire and The Humber,AS level,Maths,Total Maths,592.0,0.0,28.71622,43.91892,64.02027,81.58784,93.75
2019 to 20,Yorkshire and The Humber,AS level,Sociology,Total Sociology,359.0,0.0,14.76323,33.98329,59.88858,80.77994,92.75766
2019 to 20,Yorkshire and The Humber,AS level,Arts,Creative Writing,0.0,,,,,,
2019 to 20,Yorkshire and The Humber,AS level,All subjects,Total subjects,4778.0,0.0,23.964,44.97698,68.6689,85.09837,94.78861
2019 to 20,Yorkshire and The Humber,AS level,Science - Physics,Total Physics,210.0,0.0,25.2381,46.19048,63.80952,79.04762,94.28571
2019 to 20,Yorkshire and The Humber,AS level,Art & Design,Fine Art,46.0,0.0,26.08696,50.0,89.13043,95.65217,97.82609
2019 to 20,Yorkshire and The Humber,AS level,Music,Music Technology,14.0,0.0,28.57143,57.14286,85.71429,100.0,100.0
2019 to 20,Yorkshire and The Humber,AS level,Art & Design,History of Art,0.0,,,,,,
2019 to 20,Yorkshire and The Humber,AS level,Art & Design,Critical Studies,0.0,,,,,,
2019 to 20,Yorkshire and The Humber,AS level,General studies,General Studies,0.0,,,,,,
2019 to 20,Yorkshire and The Humber,AS level,General studies,Total General studies,0.0,,,,,,
2019 to 20,Yorkshire and The Humber,AS level,Religious Studies,Total Religious Studies,96.0,0.0,20.83333,42.70833,67.70833,88.54167,97.91667
2019 to 20,Yorkshire and The Humber,AS level,Modern languages,Spanish,52.0,0.0,36.53846,65.38462,80.76923,94.23077,98.07692
2019 to 20,Yorkshire and The Humber,AS level,English,Total English,374.0,0.0,16.31016,41.17647,71.92513,90.37433,97.05882
2019 to 20,Yorkshire and The Humber,AS level,Modern languages - other,Punjabi,0.0,,,,,,
2019 to 20,Yorkshire and The Humber,AS level,Anthropology,Total Anthropology,0.0,,,,,,
2019 to 20,Yorkshire and The Humber,AS level,Modern languages - other,Chinese,1.0,0.0,100.0,100.0,100.0,100.0,100.0
2019 to 20,Yorkshire and The Humber,AS level,Science - other,Electronics,0.0,,,,,,
2019 to 20,Yorkshire and The Humber,AS level,Law,Total Law,173.0,0.0,14.45087,37.57225,57.80347,79.19075,92.48555
2019 to 20,Yorkshire and The Humber,AS level,Geography,Geography (World Development),0.0,,,,,,
2019 to 20,Yorkshire and The Humber,AS level,Design and technology,Design & Technology,0.0,,,,,,
2019 to 20,Yorkshire and The Humber,AS level,Citizenship studies,Total Citizenship studies,0.0,,,,,,
2019 to 20,Yorkshire and The Humber,AS level,Maths,Statistics,0.0,,,,,,
2019 to 20,Yorkshire and The Humber,AS level,Home Economics,Home Economics (Food),0.0,,,,,,
2019 to 20,Yorkshire and The Humber,AS level,Arts,Media/Film/Tv Studies,84.0,0.0,9.52381,42.85714,82.14286,97.61905,98.80952
2019 to 20,Yorkshire and The Humber,AS level,Modern languages - other,Turkish,0.0,,,,,,
2019 to 20,Yorkshire and The Humber,AS level,Modern languages - other,Dutch,0.0,,,,,,
2019 to 20,Yorkshire and The Humber,AS level,English,English language,169.0,0.0,15.97633,41.42012,72.18935,90.53254,95.85799
2019 to 20,Yorkshire and The Humber,AS level,Humanities,Total Humanities,0.0,,,,,,
2019 to 20,Yorkshire and The Humber,AS level,Arts,Film Studies,86.0,0.0,13.95349,45.34884,84.88372,93.02326,95.34884
2019 to 20,Yorkshire and The Humber,AS level,Maths,Mathematics (Pure),0.0,,,,,,
2019 to 20,Yorkshire and The Humber,AS level,Home Economics,Total Home Economics,0.0,,,,,,
2019 to 20,Yorkshire and The Humber,AS level,Accounting and Finance,Total Accounting and finance,2.0,0.0,50.0,50.0,100.0,100.0,100.0
2019 to 20,Yorkshire and The Humber,AS level,Geography,Total Geography,135.0,0.0,22.22222,45.92593,74.81481,86.66667,96.2963
2019 to 20,Yorkshire and The Humber,AS level,Science - Chemistry,Total Chemistry,262.0,0.0,22.90076,41.98473,59.92366,75.57252,90.07634
2019 to 20,Yorkshire and The Humber,AS level,Art & Design,Textiles,11.0,0.0,27.27273,54.54545,100.0,100.0,100.0
2019 to 20,Yorkshire and The Humber,AS level,Computer Science,Total Computer Science,89.0,0.0,26.96629,56.17978,70.78652,85.39326,96.62921
2019 to 20,Yorkshire and The Humber,AS level,Modern languages - other,Portuguese,0.0,,,,,,
2019 to 20,Yorkshire and The Humber,AS level,Modern languages,French,49.0,0.0,30.61224,53.06122,79.59184,85.71429,95.91837
2019 to 20,Yorkshire and The Humber,AS level,Arts,Communication Studies,0.0,,,,,,
2019 to 20,Yorkshire and The Humber,AS level,Modern languages - other,Welsh,0.0,,,,,,
2019 to 20,Yorkshire and The Humber,AS level,Home Economics,Home Economics,0.0,,,,,,
2019 to 20,Yorkshire and The Humber,AS level,Logic/Philosophy,Total Logic/ Philosophy,19.0,0.0,15.78947,52.63158,73.68421,89.47368,94.73684
2019 to 20,Yorkshire and The Humber,AS level,Design and technology,Total D&T,18.0,0.0,22.22222,61.11111,83.33333,88.88889,94.44444
2019 to 20,Yorkshire and The Humber,AS level,Maths,Use of mathematics,0.0,,,,,,
2019 to 20,Yorkshire and The Humber,AS level,Modern languages - other,Italian,11.0,0.0,54.54545,81.81818,100.0,100.0,100.0
2019 to 20,Yorkshire and The Humber,AS level,Economics,Total Economics,102.0,0.0,16.66667,32.35294,60.78431,79.41176,94.11765
2019 to 20,Yorkshire and The Humber,AS level,Psychology,Total Psychology,454.0,0.0,15.19824,33.25991,56.1674,76.43172,88.32599
2019 to 20,Yorkshire and The Humber,AS level,Modern languages - other,Urdu,0.0,,,,,,
2019 to 20,Yorkshire and The Humber,AS level,Government and politics,Total Government and Politics,68.0,0.0,19.11765,38.23529,64.70588,86.76471,97.05882
2019 to 20,Yorkshire and The Humber,AS level,Music,Total Music,28.0,0.0,32.14286,57.14286,89.28571,100.0,100.0
2019 to 20,Yorkshire and The Humber,AS level,Modern languages - other,Japanese,0.0,,,,,,
2019 to 20,Yorkshire and The Humber,AS level,Modern languages,Total Modern languages including Other,126.0,0.0,38.09524,62.69841,81.74603,90.47619,97.61905
2019 to 20,Yorkshire and The Humber,AS level,Art & Design,Photography,85.0,0.0,18.82353,49.41176,83.52941,96.47059,98.82353
2019 to 20,Yorkshire and The Humber,AS level,Maths,Mathematics (Statistics),0.0,,,,,,
2019 to 20,Yorkshire and The Humber,AS level,Science - other,Total Other Sciences,19.0,0.0,15.78947,31.57895,52.63158,78.94737,94.73684
2019 to 20,Yorkshire and The Humber,AS level,Classical studies,Other Classical Languages,0.0,,,,,,
2019 to 20,Yorkshire and The Humber,AS level,Science - other,Science in Society,0.0,,,,,,
2019 to 20,Yorkshire and The Humber,AS level,Classical studies,Total Classical studies,61.0,0.0,14.7541,36.06557,73.77049,91.80328,96.72131
2019 to 20,Yorkshire and The Humber,AS level,Modern languages - other,Gujarati,0.0,,,,,,
2019 to 20,Yorkshire and The Humber,AS level,Design and technology,D&T Product Design,18.0,0.0,22.22222,61.11111,83.33333,88.88889,94.44444
2019 to 20,Yorkshire and The Humber,AS level,Art & Design,3d Studies,2.0,0.0,0.0,50.0,100.0,100.0,100.0
2019 to 20,Yorkshire and The Humber,AS level,Maths,Maths,592.0,0.0,28.71622,43.91892,64.02027,81.58784,93.75
2019 to 20,Yorkshire and The Humber,AS level,Art & Design,Art and design,3.0,0.0,0.0,0.0,33.33333,33.33333,66.66667
2019 to 20,Yorkshire and The Humber,AS level,Art & Design,Graphics,0.0,,,,,,
2019 to 20,Yorkshire and The Humber,AS level,History,Total History,183.0,0.0,18.57923,45.35519,75.95628,91.80328,98.9071
2019 to 20,Yorkshire and The Humber,AS level,Maths - Further,Total Further Mathematics,441.0,0.0,61.45125,77.09751,91.15646,97.50567,99.77324
2019 to 20,Yorkshire and The Humber,AS level,Science - Biology,Total Biology,326.0,0.0,19.6319,39.57055,56.44172,77.30061,92.02454
2020 to 21,North East,A level,Music,Music,126.0,17.46032,57.14286,77.77778,92.85714,96.03175,100.0
2020 to 21,North East,A level,Art & Design,Art and design,236.0,13.13559,38.55932,68.22034,88.13559,94.91525,100.0
2020 to 21,North East,A level,Modern languages - other,Modern Greek,0.0,,,,,,
2020 to 21,North East,A level,Geography,Geography (World Development),0.0,,,,,,
2020 to 21,North East,A level,Classical studies,Other Classical Languages,18.0,5.55556,27.77778,50.0,83.33333,88.88889,94.44444
2020 to 21,North East,A level,Physical Education,Dance,16.0,6.25,12.5,50.0,100.0,100.0,100.0
2020 to 21,North East,A level,Science - Chemistry,Total Chemistry,1604.0,15.46135,42.26933,66.5212,84.601,94.07731,99.62594
2020 to 21,North East,A level,Science - Biology,Total Biology,1889.0,12.86395,37.79778,61.99047,84.06564,95.39439,99.52356
2020 to 21,North East,A level,Modern languages - other,Punjabi,0.0,,,,,,
2020 to 21,North East,A level,Science - other,Environmental Science,1.0,0.0,0.0,100.0,100.0,100.0,100.0
2020 to 21,North East,A level,Humanities,Total Humanities,0.0,,,,,,
2020 to 21,North East,A level,Economics,Total Economics,552.0,10.50725,30.61594,64.31159,86.5942,97.10145,99.45652
2020 to 21,North East,A level,Science - other,Geology,58.0,5.17241,36.2069,62.06897,89.65517,94.82759,100.0
2020 to 21,North East,A level,Modern languages - other,Dutch,0.0,,,,,,
2020 to 21,North East,A level,Modern languages - other,Welsh (Second Language),0.0,,,,,,
2020 to 21,North East,A level,Modern languages - other,Russian,3.0,66.66667,100.0,100.0,100.0,100.0,100.0
2020 to 21,North East,A level,Classical studies,Classical Greek,0.0,,,,,,
2020 to 21,North East,A level,English,English language,1192.0,6.87919,26.1745,61.24161,90.01678,97.81879,99.66443
2020 to 21,North East,A level,General studies,Total General studies,0.0,,,,,,
2020 to 21,North East,A level,Art & Design,Graphics,197.0,19.28934,43.65482,73.60406,97.96954,98.98477,100.0
2020 to 21,North East,A level,Modern languages - other,Modern Hebrew,0.0,,,,,,
2020 to 21,North East,A level,Classical studies,Ancient History,0.0,,,,,,
2020 to 21,North East,A level,Classical studies,Classical Civilisation,70.0,8.57143,30.0,64.28571,91.42857,97.14286,100.0
2020 to 21,North East,A level,Arts,Expressive Arts & Performance Studies,0.0,,,,,,
2020 to 21,North East,A level,Science - other,Electronics,0.0,,,,,,
2020 to 21,North East,A level,General studies,Critical Thinking,0.0,,,,,,
2020 to 21,North East,A level,Modern languages - other,Arabic,10.0,50.0,70.0,80.0,100.0,100.0,100.0
2020 to 21,North East,A level,English,English language & literature,87.0,6.89655,19.54023,48.27586,85.05747,96.55172,100.0
2020 to 21,North East,A level,Modern languages - other,Irish,0.0,,,,,,
2020 to 21,North East,A level,Modern languages - other,Turkish,2.0,0.0,100.0,100.0,100.0,100.0,100.0
2020 to 21,North East,A level,Design and technology,D&T Textiles Technology,5.0,0.0,40.0,80.0,80.0,80.0,100.0
2020 to 21,North East,A level,Logic/Philosophy,Total Logic/ Philosophy,30.0,16.66667,30.0,73.33333,90.0,100.0,100.0
2020 to 21,North East,A level,Anthropology,Total Anthropology,0.0,,,,,,
2020 to 21,North East,A level,Science - other,Total Other Sciences,59.0,5.08475,35.59322,62.71186,89.83051,94.91525,100.0
2020 to 21,North East,A level,English,English literature,1213.0,15.66364,39.57131,69.74444,91.50866,98.02143,99.67024
2020 to 21,North East,A level,Maths,Mathematics (Pure),0.0,,,,,,
2020 to 21,North East,A level,Design and technology,Total D&T,259.0,11.96911,34.36293,62.16216,83.78378,94.98069,98.8417
2020 to 21,North East,A level,All subjects,Total subjects,23456.0,13.91968,37.31668,65.13898,86.89887,96.03939,99.49693
2020 to 21,North East,A level,Music,Music Technology,7.0,14.28571,42.85714,71.42857,85.71429,100.0,100.0
2020 to 21,North East,A level,Art & Design,History of Art,0.0,,,,,,
2020 to 21,North East,A level,Home Economics,Home Economics (Food),0.0,,,,,,
2020 to 21,North East,A level,Art & Design,Critical Studies,8.0,0.0,0.0,62.5,100.0,100.0,100.0
2020 to 21,North East,A level,Art & Design,Photography,393.0,12.46819,35.87786,69.7201,95.92875,98.21883,100.0
2020 to 21,North East,A level,Modern languages,Spanish,195.0,21.02564,50.25641,82.5641,95.38462,97.94872,99.48718
2020 to 21,North East,A level,English,Total English,2492.0,11.1557,32.46388,64.92777,90.56982,97.87319,99.67897
2020 to 21,North East,A level,Modern languages - other,Polish,4.0,50.0,75.0,75.0,100.0,100.0,100.0
2020 to 21,North East,A level,Design and technology,D&T Food Technology,0.0,,,,,,
2020 to 21,North East,A level,Law,Total Law,718.0,8.77437,28.1337,53.76045,78.96936,92.33983,96.79666
2020 to 21,North East,A level,Science - Physics,Total Physics,1068.0,18.07116,41.94757,64.23221,82.9588,93.82022,99.62547
2020 to 21,North East,A level,Archaeology,Total Archaeology,0.0,,,,,,
2020 to 21,North East,A level,Accounting and Finance,Total Accounting and finance,79.0,6.32911,21.51899,44.3038,75.94937,93.67089,98.73418
2020 to 21,North East,A level,Design and technology,Design & Technology,0.0,,,,,,
2020 to 21,North East,A level,Computer Science,Total Computer Science,424.0,14.38679,37.73585,63.4434,84.43396,95.99057,100.0
2020 to 21,North East,A level,Modern languages - other,Portuguese,4.0,0.0,75.0,75.0,100.0,100.0,100.0
2020 to 21,North East,A level,Modern languages - other,Total Other Modern Languages,35.0,40.0,77.14286,88.57143,100.0,100.0,100.0
2020 to 21,North East,A level,Modern languages - other,Persian,2.0,50.0,50.0,100.0,100.0,100.0,100.0
2020 to 21,North East,A level,All facilitating subjects,Total facilitating subjects,11423.0,17.44726,42.67706,67.3816,86.39587,95.70165,99.57104
2020 to 21,North East,A level,Science - other,Science in Society,0.0,,,,,,
2020 to 21,North East,A level,History,Total History,1386.0,12.33766,35.06494,66.45022,88.67244,97.8355,99.7114
2020 to 21,North East,A level,Arts,Total Arts,958.0,6.5762,30.68894,64.19624,89.56159,98.22547,99.68685
2020 to 21,North East,A level,Art & Design,Total Art & Design,1457.0,16.33493,40.01373,71.37955,93.96019,98.07824,100.0
2020 to 21,North East,A level,Arts,Film Studies,232.0,5.17241,29.31034,62.06897,90.51724,99.56897,100.0
2020 to 21,North East,A level,Arts,Creative Writing,0.0,,,,,,
2020 to 21,North East,A level,Home Economics,Total Home Economics,0.0,,,,,,
2020 to 21,North East,A level,Physical Education,Total Physical Education,342.0,14.03509,37.7193,70.17544,91.52047,97.66082,100.0
2020 to 21,North East,A level,Citizenship studies,Total Citizenship studies,0.0,,,,,,
2020 to 21,North East,A level,Physical Education,Physical Education/Sports Studies,326.0,14.41718,38.95706,71.16564,91.10429,97.54601,100.0
2020 to 21,North East,A level,Modern languages - other,Urdu,0.0,,,,,,
2020 to 21,North East,A level,Arts,Media/Film/Tv Studies,543.0,5.70902,27.44015,62.79926,88.95028,97.97422,99.63168
2020 to 21,North East,A level,Business Studies,Total Business Studies,1083.0,8.9566,30.19391,60.66482,87.16528,96.58356,99.53832
2020 to 21,North East,A level,Modern languages,French,213.0,25.35211,60.0939,82.62911,93.89671,99.53052,100.0
2020 to 21,North East,A level,Maths,Mathematics (Statistics),8.0,0.0,0.0,25.0,25.0,75.0,87.5
2020 to 21,North East,A level,Maths,Maths,2367.0,23.27841,50.23236,68.31432,83.98817,94.00084,99.28179
2020 to 21,North East,A level,Geography,Geography,1067.0,11.71509,33.17713,64.66729,87.16026,96.53233,99.71884
2020 to 21,North East,A level,Modern languages - other,Italian,8.0,25.0,75.0,100.0,100.0,100.0,100.0
2020 to 21,North East,A level,Modern languages - other,Gujarati,0.0,,,,,,
2020 to 21,North East,A level,Art & Design,Fine Art,502.0,19.72112,43.6255,74.30279,94.22311,99.00398,100.0
2020 to 21,North East,A level,Design and technology,D&T Product Design,220.0,11.81818,30.90909,59.54545,83.18182,94.54545,98.63636
2020 to 21,North East,A level,Modern languages - other,Bengali,0.0,,,,,,
2020 to 21,North East,A level,Art & Design,Textiles,105.0,17.14286,40.95238,68.57143,94.28571,99.04762,100.0
2020 to 21,North East,A level,Government and politics,Total Government and Politics,320.0,16.25,38.75,67.5,90.0,97.1875,99.375
2020 to 21,North East,A level,Home Economics,Home Economics,0.0,,,,,,
2020 to 21,North East,A level,Modern languages,Total Modern languages including Other,505.0,25.14851,56.63366,82.57426,95.44554,99.0099,99.80198
2020 to 21,North East,A level,Maths,Total Maths,2375.0,23.2,50.06316,68.16842,83.78947,93.93684,99.24211
2020 to 21,North East,A level,Modern languages - other,Japanese,0.0,,,,,,
2020 to 21,North East,A level,Design and technology,D&T Engineering,34.0,14.70588,55.88235,76.47059,88.23529,100.0,100.0
2020 to 21,North East,A level,Sociology,Total Sociology,1351.0,9.03035,27.6832,60.54774,86.45448,95.7809,99.18579
2020 to 21,North East,A level,Modern languages - other,Chinese,2.0,100.0,100.0,100.0,100.0,100.0,100.0
2020 to 21,North East,A level,Design and technology,D&T Systems & Control,0.0,,,,,,
2020 to 21,North East,A level,Classical studies,Latin,4.0,75.0,100.0,100.0,100.0,100.0,100.0
2020 to 21,North East,A level,All STEM subjects,Total STEM subjects,7680.0,18.72396,44.59635,66.27604,84.29688,94.60938,99.50521
2020 to 21,North East,A level,Maths - Further,Total Further Mathematics,320.0,44.375,73.75,86.875,92.1875,98.4375,99.6875
2020 to 21,North East,A level,Geography,Total Geography,1067.0,11.71509,33.17713,64.66729,87.16026,96.53233,99.71884
2020 to 21,North East,A level,ICT,Total ICT,0.0,,,,,,
2020 to 21,North East,A level,Arts,Communication Studies,0.0,,,,,,
2020 to 21,North East,A level,General studies,General Studies,0.0,,,,,,
2020 to 21,North East,A level,Maths,Additional Mathematics,0.0,,,,,,
2020 to 21,North East,A level,Classical studies,Classics (General),0.0,,,,,,
2020 to 21,North East,A level,Arts,Drama & Theatre Studies,183.0,10.92896,42.0765,71.03825,90.16393,97.26776,99.45355
2020 to 21,North East,A level,Religious Studies,Total Religious Studies,567.0,11.28748,37.91887,70.01764,92.06349,98.05996,99.82363
2020 to 21,North East,A level,Maths,Use of mathematics,0.0,,,,,,
2020 to 21,North East,A level,Modern languages,German,62.0,29.03226,53.22581,79.03226,98.3871,100.0,100.0
2020 to 21,North East,A level,Classical studies,Total Classical studies,92.0,10.86957,32.6087,63.04348,90.21739,95.65217,98.91304
2020 to 21,North East,A level,Music,Total Music,133.0,17.29323,56.39098,77.44361,92.4812,96.2406,100.0
2020 to 21,North East,A level,Art & Design,3d Studies,16.0,18.75,18.75,62.5,68.75,93.75,100.0
2020 to 21,North East,A level,Psychology,Total Psychology,2326.0,10.49011,31.59931,60.31814,83.44798,94.75494,99.52709
2020 to 21,London,A level,Music,Music,403.0,28.78412,55.58313,82.63027,94.54094,97.76675,99.75186
2020 to 21,London,A level,Art & Design,Art and design,965.0,23.52332,52.02073,78.65285,93.98964,98.23834,99.79275
2020 to 21,London,A level,Modern languages - other,Modern Greek,44.0,47.72727,75.0,93.18182,97.72727,97.72727,97.72727
2020 to 21,London,A level,Geography,Geography (World Development),0.0,,,,,,
2020 to 21,London,A level,Classical studies,Other Classical Languages,31.0,48.3871,77.41935,96.77419,100.0,100.0,100.0
2020 to 21,London,A level,Physical Education,Dance,112.0,28.57143,58.92857,83.03571,94.64286,99.10714,100.0
2020 to 21,London,A level,Science - Chemistry,Total Chemistry,9783.0,16.31401,43.58581,66.97332,83.82909,93.37626,98.88582
2020 to 21,London,A level,Science - Biology,Total Biology,10028.0,16.60351,42.40128,67.79019,85.70004,95.22337,99.18229
2020 to 21,London,A level,Modern languages - other,Punjabi,21.0,23.80952,61.90476,95.2381,95.2381,95.2381,95.2381
2020 to 21,London,A level,Science - other,Environmental Science,13.0,0.0,7.69231,7.69231,38.46154,61.53846,84.61538
2020 to 21,London,A level,Humanities,Total Humanities,0.0,,,,,,
2020 to 21,London,A level,Economics,Total Economics,7748.0,14.31337,39.73929,68.1079,87.17088,96.08931,99.36758
2020 to 21,London,A level,Science - other,Geology,17.0,0.0,5.88235,29.41176,47.05882,76.47059,94.11765
2020 to 21,London,A level,Modern languages - other,Dutch,0.0,,,,,,
2020 to 21,London,A level,Modern languages - other,Welsh (Second Language),0.0,,,,,,
2020 to 21,London,A level,Modern languages - other,Russian,81.0,72.83951,91.35802,98.76543,98.76543,98.76543,98.76543
2020 to 21,London,A level,Classical studies,Classical Greek,4.0,100.0,100.0,100.0,100.0,100.0,100.0
2020 to 21,London,A level,English,English language,623.0,6.90209,25.52167,54.41413,87.31942,97.11075,99.19743
2020 to 21,London,A level,General studies,Total General studies,0.0,,,,,,
2020 to 21,London,A level,Art & Design,Graphics,411.0,14.11192,37.46959,69.82968,91.9708,98.54015,100.0
2020 to 21,London,A level,Modern languages - other,Modern Hebrew,17.0,70.58824,100.0,100.0,100.0,100.0,100.0
2020 to 21,London,A level,Classical studies,Ancient History,10.0,20.0,50.0,70.0,80.0,100.0,100.0
2020 to 21,London,A level,Classical studies,Classical Civilisation,387.0,21.96382,56.58915,84.75452,97.41602,99.7416,100.0
2020 to 21,London,A level,Arts,Expressive Arts & Performance Studies,0.0,,,,,,
2020 to 21,London,A level,Science - other,Electronics,45.0,15.55556,51.11111,60.0,91.11111,97.77778,100.0
2020 to 21,London,A level,General studies,Critical Thinking,0.0,,,,,,
2020 to 21,London,A level,Modern languages - other,Arabic,120.0,34.16667,75.83333,90.0,95.83333,97.5,98.33333
2020 to 21,London,A level,English,English language & literature,814.0,9.21376,26.53563,53.9312,83.66093,96.0688,99.0172
2020 to 21,London,A level,Modern languages - other,Irish,0.0,,,,,,
2020 to 21,London,A level,Modern languages - other,Turkish,184.0,47.82609,70.1087,93.47826,97.82609,97.82609,97.82609
2020 to 21,London,A level,Design and technology,D&T Textiles Technology,27.0,29.62963,70.37037,81.48148,96.2963,96.2963,100.0
2020 to 21,London,A level,Logic/Philosophy,Total Logic/ Philosophy,581.0,16.52324,40.61962,68.33046,87.95181,94.66437,98.45095
2020 to 21,London,A level,Anthropology,Total Anthropology,0.0,,,,,,
2020 to 21,London,A level,Science - other,Total Other Sciences,75.0,9.33333,33.33333,44.0,72.0,86.66667,96.0
2020 to 21,London,A level,English,English literature,7345.0,16.78693,39.40095,68.55003,90.52417,97.65827,99.6324
2020 to 21,London,A level,Maths,Mathematics (Pure),0.0,,,,,,
2020 to 21,London,A level,Design and technology,Total D&T,986.0,15.92292,39.95943,69.3712,88.03245,95.13185,99.39148
2020 to 21,London,A level,All subjects,Total subjects,120962.0,17.73863,42.60594,68.62238,87.33817,95.56059,99.13361
2020 to 21,London,A level,Music,Music Technology,176.0,9.65909,33.52273,60.22727,82.38636,93.75,97.15909
2020 to 21,London,A level,Art & Design,History of Art,51.0,13.72549,41.17647,78.43137,96.07843,100.0,100.0
2020 to 21,London,A level,Home Economics,Home Economics (Food),0.0,,,,,,
2020 to 21,London,A level,Art & Design,Critical Studies,29.0,20.68966,51.72414,82.75862,93.10345,100.0,100.0
2020 to 21,London,A level,Art & Design,Photography,1159.0,14.15013,37.27351,68.85246,89.81881,97.49784,99.48231
2020 to 21,London,A level,Modern languages,Spanish,1635.0,32.11009,64.09786,86.11621,96.39144,99.26606,99.69419
2020 to 21,London,A level,English,Total English,8782.0,15.38374,37.22387,66.19221,89.66067,97.4721,99.54452
2020 to 21,London,A level,Modern languages - other,Polish,198.0,31.81818,73.73737,93.93939,96.9697,97.47475,97.9798
2020 to 21,London,A level,Design and technology,D&T Food Technology,0.0,,,,,,
2020 to 21,London,A level,Law,Total Law,1087.0,7.91168,27.04692,56.76173,80.68077,92.91628,97.70009
2020 to 21,London,A level,Science - Physics,Total Physics,6051.0,19.53396,44.71988,67.55908,84.58106,93.70352,99.00843
2020 to 21,London,A level,Archaeology,Total Archaeology,0.0,,,,,,
2020 to 21,London,A level,Accounting and Finance,Total Accounting and finance,251.0,8.76494,25.89641,48.20717,71.71315,90.43825,98.00797
2020 to 21,London,A level,Design and technology,Design & Technology,0.0,,,,,,
2020 to 21,London,A level,Computer Science,Total Computer Science,2128.0,18.46805,41.2594,66.82331,87.03008,95.77068,99.06015
2020 to 21,London,A level,Modern languages - other,Portuguese,133.0,33.08271,66.16541,81.20301,90.22556,93.98496,94.73684
2020 to 21,London,A level,Modern languages - other,Total Other Modern Languages,1063.0,45.34337,75.91722,92.09784,96.14299,97.36595,97.64817
2020 to 21,London,A level,Modern languages - other,Persian,46.0,76.08696,95.65217,97.82609,100.0,100.0,100.0
2020 to 21,London,A level,All facilitating subjects,Total facilitating subjects,66824.0,21.3546,47.74782,71.12564,87.38328,95.16042,99.05722
2020 to 21,London,A level,Science - other,Science in Society,0.0,,,,,,
2020 to 21,London,A level,History,Total History,6595.0,15.99697,44.04852,74.2229,92.20622,97.81653,99.65125
2020 to 21,London,A level,Arts,Total Arts,4281.0,8.40925,30.34338,62.97594,88.55408,97.08012,99.43938
2020 to 21,London,A level,Art & Design,Total Art & Design,4442.0,20.28366,45.22738,74.49347,92.32328,97.90635,99.50473
2020 to 21,London,A level,Arts,Film Studies,813.0,9.10209,32.10332,63.71464,89.5449,97.66298,99.508
2020 to 21,London,A level,Arts,Creative Writing,0.0,,,,,,
2020 to 21,London,A level,Home Economics,Total Home Economics,0.0,,,,,,
2020 to 21,London,A level,Physical Education,Total Physical Education,952.0,16.4916,39.91597,69.64286,88.55042,96.11345,99.78992
2020 to 21,London,A level,Citizenship studies,Total Citizenship studies,0.0,,,,,,
2020 to 21,London,A level,Physical Education,Physical Education/Sports Studies,840.0,14.88095,37.38095,67.85714,87.7381,95.71429,99.7619
2020 to 21,London,A level,Modern languages - other,Urdu,14.0,64.28571,85.71429,85.71429,100.0,100.0,100.0
2020 to 21,London,A level,Arts,Media/Film/Tv Studies,2457.0,5.37241,24.37932,57.46846,85.51079,95.8893,99.2267
2020 to 21,London,A level,Business Studies,Total Business Studies,4172.0,6.92713,25.40748,56.35187,82.93384,94.77469,98.96932
2020 to 21,London,A level,Modern languages,French,1111.0,22.77228,56.88569,80.19802,92.88929,97.65977,99.45995
2020 to 21,London,A level,Maths,Mathematics (Statistics),7.0,14.28571,14.28571,42.85714,71.42857,85.71429,100.0
2020 to 21,London,A level,Maths,Maths,16552.0,26.01498,51.90309,70.65007,84.63026,93.06428,98.45336
2020 to 21,London,A level,Geography,Geography,3800.0,17.10526,43.60526,69.78947,88.92105,96.39474,99.47368
2020 to 21,London,A level,Modern languages - other,Italian,173.0,48.55491,76.87861,93.06358,94.79769,97.10983,97.10983
2020 to 21,London,A level,Modern languages - other,Gujarati,0.0,,,,,,
2020 to 21,London,A level,Art & Design,Fine Art,1413.0,25.76079,50.53079,78.41472,93.91366,98.15994,99.64614
2020 to 21,London,A level,Design and technology,D&T Product Design,902.0,15.74279,39.35698,69.62306,88.6918,95.56541,99.66741
2020 to 21,London,A level,Modern languages - other,Bengali,2.0,100.0,100.0,100.0,100.0,100.0,100.0
2020 to 21,London,A level,Art & Design,Textiles,230.0,23.04348,49.56522,73.91304,91.73913,97.3913,98.26087
2020 to 21,London,A level,Government and politics,Total Government and Politics,3898.0,15.03335,38.81478,66.11083,87.55772,95.58748,99.25603
2020 to 21,London,A level,Home Economics,Home Economics,0.0,,,,,,
2020 to 21,London,A level,Modern languages,Total Modern languages including Other,4108.0,33.42259,66.06621,86.44109,95.47225,98.34469,99.09932
2020 to 21,London,A level,Maths,Total Maths,16559.0,26.01002,51.88719,70.63832,84.62468,93.06118,98.45401
2020 to 21,London,A level,Modern languages - other,Japanese,22.0,63.63636,77.27273,86.36364,95.45455,100.0,100.0
2020 to 21,London,A level,Design and technology,D&T Engineering,57.0,12.2807,35.08772,59.64912,73.68421,87.7193,94.73684
2020 to 21,London,A level,Sociology,Total Sociology,7824.0,11.52863,33.09049,62.98569,86.91207,96.22955,99.13088
2020 to 21,London,A level,Modern languages - other,Chinese,8.0,62.5,100.0,100.0,100.0,100.0,100.0
2020 to 21,London,A level,Design and technology,D&T Systems & Control,0.0,,,,,,
2020 to 21,London,A level,Classical studies,Latin,92.0,55.43478,91.30435,96.73913,98.91304,98.91304,100.0
2020 to 21,London,A level,All STEM subjects,Total STEM subjects,47015.0,21.90365,47.91662,69.61183,85.34298,94.03807,98.84505
2020 to 21,London,A level,Maths - Further,Total Further Mathematics,2466.0,46.83698,74.45255,88.03731,95.13382,97.72912,99.35118
2020 to 21,London,A level,Geography,Total Geography,3800.0,17.10526,43.60526,69.78947,88.92105,96.39474,99.47368
2020 to 21,London,A level,ICT,Total ICT,0.0,,,,,,
2020 to 21,London,A level,Arts,Communication Studies,0.0,,,,,,
2020 to 21,London,A level,General studies,General Studies,0.0,,,,,,
2020 to 21,London,A level,Maths,Additional Mathematics,0.0,,,,,,
2020 to 21,London,A level,Classical studies,Classics (General),0.0,,,,,,
2020 to 21,London,A level,Arts,Drama & Theatre Studies,1011.0,15.23244,43.42235,75.76657,95.15331,99.50544,99.90109
2020 to 21,London,A level,Religious Studies,Total Religious Studies,3027.0,12.81797,37.03337,68.08722,90.12223,97.29105,99.6366
2020 to 21,London,A level,Maths,Use of mathematics,0.0,,,,,,
2020 to 21,London,A level,Modern languages,German,299.0,37.79264,75.91973,91.30435,97.65886,99.3311,99.66555
2020 to 21,London,A level,Classical studies,Total Classical studies,524.0,29.96183,64.12214,87.40458,97.51908,99.61832,100.0
2020 to 21,London,A level,Music,Total Music,579.0,22.97064,48.87737,75.82038,90.84629,96.54577,98.96373
2020 to 21,London,A level,Art & Design,3d Studies,184.0,11.95652,30.97826,66.84783,87.5,95.1087,97.28261
2020 to 21,London,A level,Psychology,Total Psychology,10235.0,13.48315,36.94187,66.01856,86.45823,95.51539,99.18906
2020 to 21,South West,A level,Music,Music,272.0,21.69118,55.14706,83.08824,96.32353,98.89706,100.0
2020 to 21,South West,A level,Art & Design,Art and design,233.0,23.17597,47.63948,73.39056,92.27468,98.71245,99.57082
2020 to 21,South West,A level,Modern languages - other,Modern Greek,10.0,90.0,90.0,100.0,100.0,100.0,100.0
2020 to 21,South West,A level,Geography,Geography (World Development),0.0,,,,,,
2020 to 21,South West,A level,Classical studies,Other Classical Languages,0.0,,,,,,
2020 to 21,South West,A level,Physical Education,Dance,111.0,24.32432,52.25225,79.27928,98.1982,100.0,100.0
2020 to 21,South West,A level,Science - Chemistry,Total Chemistry,3730.0,17.29223,44.9866,67.18499,83.75335,93.59249,99.30295
2020 to 21,South West,A level,Science - Biology,Total Biology,5056.0,16.53481,40.28877,64.31962,84.51345,94.69937,99.34731
2020 to 21,South West,A level,Modern languages - other,Punjabi,0.0,,,,,,
2020 to 21,South West,A level,Science - other,Environmental Science,324.0,7.09877,25.30864,53.39506,78.39506,94.75309,99.38272
2020 to 21,South West,A level,Humanities,Total Humanities,0.0,,,,,,
2020 to 21,South West,A level,Economics,Total Economics,1665.0,15.73574,43.12312,69.66967,90.15015,96.87688,99.57958
2020 to 21,South West,A level,Science - other,Geology,129.0,12.4031,41.86047,68.21705,86.04651,97.67442,100.0
2020 to 21,South West,A level,Modern languages - other,Dutch,0.0,,,,,,
2020 to 21,South West,A level,Modern languages - other,Welsh (Second Language),0.0,,,,,,
2020 to 21,South West,A level,Modern languages - other,Russian,22.0,50.0,81.81818,95.45455,100.0,100.0,100.0
2020 to 21,South West,A level,Classical studies,Classical Greek,1.0,0.0,100.0,100.0,100.0,100.0,100.0
2020 to 21,South West,A level,English,English language,1443.0,7.34581,25.08663,57.03396,86.34789,96.535,99.5149
2020 to 21,South West,A level,General studies,Total General studies,0.0,,,,,,
2020 to 21,South West,A level,Art & Design,Graphics,459.0,16.33987,40.52288,66.88453,86.9281,95.6427,99.34641
2020 to 21,South West,A level,Modern languages - other,Modern Hebrew,0.0,,,,,,
2020 to 21,South West,A level,Classical studies,Ancient History,43.0,16.27907,32.55814,58.13953,86.04651,97.67442,97.67442
2020 to 21,South West,A level,Classical studies,Classical Civilisation,195.0,14.35897,36.92308,72.30769,90.25641,97.4359,98.46154
2020 to 21,South West,A level,Arts,Expressive Arts & Performance Studies,0.0,,,,,,
2020 to 21,South West,A level,Science - other,Electronics,34.0,14.70588,38.23529,64.70588,91.17647,97.05882,100.0
2020 to 21,South West,A level,General studies,Critical Thinking,0.0,,,,,,
2020 to 21,South West,A level,Modern languages - other,Arabic,12.0,58.33333,66.66667,83.33333,91.66667,100.0,100.0
2020 to 21,South West,A level,English,English language & literature,540.0,10.55556,26.48148,60.0,87.03704,97.22222,99.62963
2020 to 21,South West,A level,Modern languages - other,Irish,0.0,,,,,,
2020 to 21,South West,A level,Modern languages - other,Turkish,5.0,100.0,100.0,100.0,100.0,100.0,100.0
2020 to 21,South West,A level,Design and technology,D&T Textiles Technology,117.0,17.94872,47.86325,71.79487,90.59829,97.4359,100.0
2020 to 21,South West,A level,Logic/Philosophy,Total Logic/ Philosophy,173.0,16.18497,40.46243,72.83237,89.01734,97.68786,100.0
2020 to 21,South West,A level,Anthropology,Total Anthropology,0.0,,,,,,
2020 to 21,South West,A level,Science - other,Total Other Sciences,487.0,9.03491,30.59548,58.11088,81.31417,95.68789,99.58932
2020 to 21,South West,A level,English,English literature,2716.0,18.40943,42.59941,70.65538,90.35346,97.31222,99.52135
2020 to 21,South West,A level,Maths,Mathematics (Pure),0.0,,,,,,
2020 to 21,South West,A level,Design and technology,Total D&T,799.0,15.26909,39.29912,65.83229,85.60701,94.61827,98.99875
2020 to 21,South West,A level,All subjects,Total subjects,59468.0,16.38865,40.4251,66.66947,86.43808,95.51187,99.25842
2020 to 21,South West,A level,Music,Music Technology,118.0,10.16949,37.28814,63.55932,85.59322,94.91525,100.0
2020 to 21,South West,A level,Art & Design,History of Art,20.0,20.0,45.0,80.0,100.0,100.0,100.0
2020 to 21,South West,A level,Home Economics,Home Economics (Food),0.0,,,,,,
2020 to 21,South West,A level,Art & Design,Critical Studies,14.0,28.57143,64.28571,71.42857,85.71429,92.85714,92.85714
2020 to 21,South West,A level,Art & Design,Photography,1422.0,14.62729,34.88045,67.3699,88.81857,95.4993,99.01547
2020 to 21,South West,A level,Modern languages,Spanish,628.0,26.75159,60.19108,83.43949,95.06369,99.52229,99.84076
2020 to 21,South West,A level,English,Total English,4699.0,14.10938,35.36923,65.24793,88.74229,97.0632,99.53182
2020 to 21,South West,A level,Modern languages - other,Polish,15.0,40.0,86.66667,93.33333,93.33333,93.33333,100.0
2020 to 21,South West,A level,Design and technology,D&T Food Technology,0.0,,,,,,
2020 to 21,South West,A level,Law,Total Law,1022.0,10.76321,32.87671,61.25245,83.36595,93.83562,98.43444
2020 to 21,South West,A level,Science - Physics,Total Physics,3088.0,17.84326,42.84326,64.57254,82.4158,93.1671,98.60751
2020 to 21,South West,A level,Archaeology,Total Archaeology,0.0,,,,,,
2020 to 21,South West,A level,Accounting and Finance,Total Accounting and finance,73.0,8.21918,23.28767,49.31507,68.49315,83.56164,97.26027
2020 to 21,South West,A level,Design and technology,Design & Technology,0.0,,,,,,
2020 to 21,South West,A level,Computer Science,Total Computer Science,964.0,19.60581,46.16183,70.53942,87.44813,95.22822,99.37759
2020 to 21,South West,A level,Modern languages - other,Portuguese,7.0,42.85714,71.42857,100.0,100.0,100.0,100.0
2020 to 21,South West,A level,Modern languages - other,Total Other Modern Languages,132.0,46.9697,72.72727,92.42424,98.48485,99.24242,100.0
2020 to 21,South West,A level,Modern languages - other,Persian,1.0,100.0,100.0,100.0,100.0,100.0,100.0
2020 to 21,South West,A level,All facilitating subjects,Total facilitating subjects,30332.0,19.49426,45.11077,68.67994,86.25214,95.13056,99.21865
2020 to 21,South West,A level,Science - other,Science in Society,0.0,,,,,,
2020 to 21,South West,A level,History,Total History,3378.0,14.09118,38.98757,67.61397,87.71462,96.80284,99.52635
2020 to 21,South West,A level,Arts,Total Arts,2256.0,10.6383,32.84574,64.84929,88.78546,97.78369,99.64539
2020 to 21,South West,A level,Art & Design,Total Art & Design,3921.0,19.10227,41.21398,71.81841,90.43611,96.5825,99.20939
2020 to 21,South West,A level,Arts,Film Studies,447.0,8.2774,29.75391,64.20582,89.26174,98.21029,99.77629
2020 to 21,South West,A level,Arts,Creative Writing,0.0,,,,,,
2020 to 21,South West,A level,Home Economics,Total Home Economics,0.0,,,,,,
2020 to 21,South West,A level,Physical Education,Total Physical Education,1113.0,13.56694,37.8257,66.57682,89.39802,97.03504,99.91015
2020 to 21,South West,A level,Citizenship studies,Total Citizenship studies,0.0,,,,,,
2020 to 21,South West,A level,Physical Education,Physical Education/Sports Studies,1002.0,12.37525,36.22754,65.16966,88.42315,96.70659,99.9002
2020 to 21,South West,A level,Modern languages - other,Urdu,1.0,100.0,100.0,100.0,100.0,100.0,100.0
2020 to 21,South West,A level,Arts,Media/Film/Tv Studies,1022.0,8.12133,28.08219,59.39335,85.81213,96.86888,99.41292
2020 to 21,South West,A level,Business Studies,Total Business Studies,2610.0,9.00383,28.62069,58.42912,84.55939,95.51724,99.23372
2020 to 21,South West,A level,Modern languages,French,606.0,23.43234,51.65017,76.56766,93.72937,98.51485,100.0
2020 to 21,South West,A level,Maths,Mathematics (Statistics),0.0,,,,,,
2020 to 21,South West,A level,Maths,Maths,6154.0,26.03185,51.77121,70.13325,84.41664,93.22392,98.70003
2020 to 21,South West,A level,Geography,Geography,3523.0,11.69458,36.90037,66.70451,87.68095,96.79251,99.54584
2020 to 21,South West,A level,Modern languages - other,Italian,15.0,46.66667,86.66667,93.33333,100.0,100.0,100.0
2020 to 21,South West,A level,Modern languages - other,Gujarati,0.0,,,,,,
2020 to 21,South West,A level,Art & Design,Fine Art,1391.0,24.15528,47.16032,77.13875,93.09849,97.62761,99.42487
2020 to 21,South West,A level,Design and technology,D&T Product Design,645.0,15.1938,38.29457,65.5814,84.96124,94.57364,99.22481
2020 to 21,South West,A level,Modern languages - other,Bengali,0.0,,,,,,
2020 to 21,South West,A level,Art & Design,Textiles,250.0,17.6,40.8,76.4,91.6,97.2,99.2
2020 to 21,South West,A level,Government and politics,Total Government and Politics,991.0,15.74168,41.67508,69.02119,89.40464,97.78002,99.49546
2020 to 21,South West,A level,Home Economics,Home Economics,0.0,,,,,,
2020 to 21,South West,A level,Modern languages,Total Modern languages including Other,1552.0,27.51289,58.18299,81.70103,94.78093,99.03351,99.93557
2020 to 21,South West,A level,Maths,Total Maths,6154.0,26.03185,51.77121,70.13325,84.41664,93.22392,98.70003
2020 to 21,South West,A level,Modern languages - other,Japanese,11.0,45.45455,63.63636,81.81818,100.0,100.0,100.0
2020 to 21,South West,A level,Design and technology,D&T Engineering,37.0,8.10811,29.72973,51.35135,81.08108,86.48649,91.89189
2020 to 21,South West,A level,Sociology,Total Sociology,3227.0,9.88534,30.92656,60.45863,83.88596,95.16579,98.94639
2020 to 21,South West,A level,Modern languages - other,Chinese,33.0,21.21212,48.48485,90.90909,100.0,100.0,100.0
2020 to 21,South West,A level,Design and technology,D&T Systems & Control,0.0,,,,,,
2020 to 21,South West,A level,Classical studies,Latin,7.0,42.85714,100.0,100.0,100.0,100.0,100.0
2020 to 21,South West,A level,All STEM subjects,Total STEM subjects,20119.0,21.2933,46.93573,68.01034,84.59665,93.9659,99.02083
2020 to 21,South West,A level,Maths - Further,Total Further Mathematics,1127.0,40.90506,68.67791,82.96362,92.28039,97.07187,99.20142
2020 to 21,South West,A level,Geography,Total Geography,3523.0,11.69458,36.90037,66.70451,87.68095,96.79251,99.54584
2020 to 21,South West,A level,ICT,Total ICT,0.0,,,,,,
2020 to 21,South West,A level,Arts,Communication Studies,0.0,,,,,,
2020 to 21,South West,A level,General studies,General Studies,0.0,,,,,,
2020 to 21,South West,A level,Maths,Additional Mathematics,0.0,,,,,,
2020 to 21,South West,A level,Classical studies,Classics (General),0.0,,,,,,
2020 to 21,South West,A level,Arts,Drama & Theatre Studies,787.0,15.24778,40.7878,72.29987,92.37611,98.72935,99.87294
2020 to 21,South West,A level,Religious Studies,Total Religious Studies,1209.0,14.14392,41.10835,69.80976,89.90902,96.27792,99.25558
2020 to 21,South West,A level,Maths,Use of mathematics,0.0,,,,,,
2020 to 21,South West,A level,Modern languages,German,186.0,29.56989,62.36559,84.94624,94.62366,98.92473,100.0
2020 to 21,South West,A level,Classical studies,Total Classical studies,246.0,15.44715,38.21138,70.73171,89.8374,97.56098,98.37398
2020 to 21,South West,A level,Music,Total Music,390.0,18.20513,49.74359,77.17949,93.07692,97.69231,100.0
2020 to 21,South West,A level,Art & Design,3d Studies,132.0,18.18182,35.60606,68.18182,85.60606,95.45455,98.48485
2020 to 21,South West,A level,Psychology,Total Psychology,6015.0,13.00083,34.74647,62.17789,83.75727,94.77972,99.30175
2020 to 21,West Midlands,A level,Music,Music,254.0,18.11024,49.2126,80.70866,94.48819,98.8189,100.0
2020 to 21,West Midlands,A level,Art & Design,Art and design,263.0,17.49049,38.02281,62.35741,90.4943,96.19772,99.23954
2020 to 21,West Midlands,A level,Modern languages - other,Modern Greek,4.0,75.0,100.0,100.0,100.0,100.0,100.0
2020 to 21,West Midlands,A level,Geography,Geography (World Development),0.0,,,,,,
2020 to 21,West Midlands,A level,Classical studies,Other Classical Languages,0.0,,,,,,
2020 to 21,West Midlands,A level,Physical Education,Dance,66.0,33.33333,57.57576,87.87879,100.0,100.0,100.0
2020 to 21,West Midlands,A level,Science - Chemistry,Total Chemistry,5353.0,13.39436,38.48309,63.25425,81.72987,93.3682,98.84177
2020 to 21,West Midlands,A level,Science - Biology,Total Biology,6486.0,12.51927,36.49399,62.07216,82.94789,94.24915,99.33703
2020 to 21,West Midlands,A level,Modern languages - other,Punjabi,34.0,32.35294,73.52941,97.05882,100.0,100.0,100.0
2020 to 21,West Midlands,A level,Science - other,Environmental Science,116.0,4.31034,18.10345,48.27586,72.41379,94.82759,100.0
2020 to 21,West Midlands,A level,Humanities,Total Humanities,0.0,,,,,,
2020 to 21,West Midlands,A level,Economics,Total Economics,1862.0,13.10419,39.74221,67.77658,88.02363,96.40172,99.24812
2020 to 21,West Midlands,A level,Science - other,Geology,158.0,8.86076,31.01266,56.32911,81.01266,93.67089,99.36709
2020 to 21,West Midlands,A level,Modern languages - other,Dutch,0.0,,,,,,
2020 to 21,West Midlands,A level,Modern languages - other,Welsh (Second Language),0.0,,,,,,
2020 to 21,West Midlands,A level,Modern languages - other,Russian,18.0,55.55556,88.88889,94.44444,100.0,100.0,100.0
2020 to 21,West Midlands,A level,Classical studies,Classical Greek,2.0,100.0,100.0,100.0,100.0,100.0,100.0
2020 to 21,West Midlands,A level,English,English language,1174.0,5.28109,23.42419,58.51789,87.30835,97.10392,99.31857
2020 to 21,West Midlands,A level,General studies,Total General studies,0.0,,,,,,
2020 to 21,West Midlands,A level,Art & Design,Graphics,377.0,13.52785,36.87003,68.70027,92.30769,97.87798,100.0
2020 to 21,West Midlands,A level,Modern languages - other,Modern Hebrew,0.0,,,,,,
2020 to 21,West Midlands,A level,Classical studies,Ancient History,22.0,18.18182,36.36364,77.27273,100.0,100.0,100.0
2020 to 21,West Midlands,A level,Classical studies,Classical Civilisation,171.0,9.35673,28.65497,67.25146,91.22807,99.4152,99.4152
2020 to 21,West Midlands,A level,Arts,Expressive Arts & Performance Studies,0.0,,,,,,
2020 to 21,West Midlands,A level,Science - other,Electronics,33.0,12.12121,27.27273,39.39394,66.66667,90.90909,93.93939
2020 to 21,West Midlands,A level,General studies,Critical Thinking,0.0,,,,,,
2020 to 21,West Midlands,A level,Modern languages - other,Arabic,49.0,32.65306,85.71429,91.83673,97.95918,100.0,100.0
2020 to 21,West Midlands,A level,English,English language & literature,856.0,9.81308,30.49065,62.73364,89.13551,98.01402,99.64953
2020 to 21,West Midlands,A level,Modern languages - other,Irish,0.0,,,,,,
2020 to 21,West Midlands,A level,Modern languages - other,Turkish,2.0,100.0,100.0,100.0,100.0,100.0,100.0
2020 to 21,West Midlands,A level,Design and technology,D&T Textiles Technology,14.0,21.42857,50.0,78.57143,92.85714,100.0,100.0
2020 to 21,West Midlands,A level,Logic/Philosophy,Total Logic/ Philosophy,194.0,6.70103,27.83505,55.6701,83.50515,97.42268,100.0
2020 to 21,West Midlands,A level,Anthropology,Total Anthropology,0.0,,,,,,
2020 to 21,West Midlands,A level,Science - other,Total Other Sciences,307.0,7.49186,25.7329,51.4658,76.2215,93.81107,99.0228
2020 to 21,West Midlands,A level,English,English literature,3235.0,13.60124,35.67233,66.92427,89.64451,98.1762,99.7527
2020 to 21,West Midlands,A level,Maths,Mathematics (Pure),0.0,,,,,,
2020 to 21,West Midlands,A level,Design and technology,Total D&T,693.0,12.84271,32.75613,58.73016,83.54978,96.5368,99.4228
2020 to 21,West Midlands,A level,All subjects,Total subjects,65704.0,13.41471,36.75423,63.90479,85.5884,95.39906,99.32272
2020 to 21,West Midlands,A level,Music,Music Technology,45.0,6.66667,28.88889,48.88889,88.88889,93.33333,100.0
2020 to 21,West Midlands,A level,Art & Design,History of Art,10.0,20.0,60.0,70.0,100.0,100.0,100.0
2020 to 21,West Midlands,A level,Home Economics,Home Economics (Food),0.0,,,,,,
2020 to 21,West Midlands,A level,Art & Design,Critical Studies,0.0,,,,,,
2020 to 21,West Midlands,A level,Art & Design,Photography,701.0,11.98288,35.94864,65.47789,90.87019,96.86163,99.14408
2020 to 21,West Midlands,A level,Modern languages,Spanish,387.0,28.68217,62.7907,83.46253,97.67442,98.96641,100.0
2020 to 21,West Midlands,A level,English,Total English,5265.0,11.1301,32.09877,64.36847,89.04084,97.91073,99.63913
2020 to 21,West Midlands,A level,Modern languages - other,Polish,51.0,45.09804,78.43137,86.27451,98.03922,100.0,100.0
2020 to 21,West Midlands,A level,Design and technology,D&T Food Technology,0.0,,,,,,
2020 to 21,West Midlands,A level,Law,Total Law,1475.0,7.79661,27.32203,56.47458,82.98305,95.52542,99.18644
2020 to 21,West Midlands,A level,Science - Physics,Total Physics,3149.0,15.0524,36.1067,61.19403,80.88282,92.82312,99.11083
2020 to 21,West Midlands,A level,Archaeology,Total Archaeology,0.0,,,,,,
2020 to 21,West Midlands,A level,Accounting and Finance,Total Accounting and finance,340.0,6.76471,26.47059,48.82353,73.23529,89.70588,99.11765
2020 to 21,West Midlands,A level,Design and technology,Design & Technology,0.0,,,,,,
2020 to 21,West Midlands,A level,Computer Science,Total Computer Science,1304.0,16.02761,40.33742,65.95092,86.11963,95.78221,99.61656
2020 to 21,West Midlands,A level,Modern languages - other,Portuguese,5.0,0.0,100.0,100.0,100.0,100.0,100.0
2020 to 21,West Midlands,A level,Modern languages - other,Total Other Modern Languages,287.0,44.25087,85.71429,94.07666,98.9547,99.65157,99.65157
2020 to 21,West Midlands,A level,Modern languages - other,Persian,4.0,75.0,75.0,75.0,75.0,75.0,75.0
2020 to 21,West Midlands,A level,All facilitating subjects,Total facilitating subjects,34330.0,15.89572,40.5418,65.485,84.79464,94.77425,99.19021
2020 to 21,West Midlands,A level,Science - other,Science in Society,0.0,,,,,,
2020 to 21,West Midlands,A level,History,Total History,3631.0,10.10741,34.78381,65.27128,88.4054,97.65905,99.58689
2020 to 21,West Midlands,A level,Arts,Total Arts,2014.0,9.23535,29.74181,64.05164,89.67229,97.66634,99.45382
2020 to 21,West Midlands,A level,Art & Design,Total Art & Design,2876.0,14.95132,39.56885,69.12378,91.30737,97.32267,99.54798
2020 to 21,West Midlands,A level,Arts,Film Studies,472.0,8.26271,27.33051,61.01695,87.71186,96.61017,98.94068
2020 to 21,West Midlands,A level,Arts,Creative Writing,0.0,,,,,,
2020 to 21,West Midlands,A level,Home Economics,Total Home Economics,0.0,,,,,,
2020 to 21,West Midlands,A level,Physical Education,Total Physical Education,936.0,14.95726,36.00427,64.31624,87.39316,96.90171,99.67949
2020 to 21,West Midlands,A level,Citizenship studies,Total Citizenship studies,0.0,,,,,,
2020 to 21,West Midlands,A level,Physical Education,Physical Education/Sports Studies,870.0,13.56322,34.36782,62.52874,86.43678,96.66667,99.65517
2020 to 21,West Midlands,A level,Modern languages - other,Urdu,35.0,42.85714,94.28571,97.14286,100.0,100.0,100.0
2020 to 21,West Midlands,A level,Arts,Media/Film/Tv Studies,987.0,6.38298,26.0385,61.60081,88.34853,97.87234,99.69605
2020 to 21,West Midlands,A level,Business Studies,Total Business Studies,3188.0,8.37516,27.07026,58.40652,85.03764,95.85947,99.81179
2020 to 21,West Midlands,A level,Modern languages,French,535.0,19.62617,52.33645,74.76636,93.27103,98.69159,99.81308
2020 to 21,West Midlands,A level,Maths,Mathematics (Statistics),233.0,4.72103,19.3133,37.76824,71.67382,90.12876,98.71245
2020 to 21,West Midlands,A level,Maths,Maths,7270.0,21.34801,46.86382,66.62999,82.33838,92.22834,98.5282
2020 to 21,West Midlands,A level,Geography,Geography,2880.0,11.45833,35.20833,63.54167,86.70139,96.63194,99.82639
2020 to 21,West Midlands,A level,Modern languages - other,Italian,70.0,50.0,88.57143,97.14286,100.0,100.0,100.0
2020 to 21,West Midlands,A level,Modern languages - other,Gujarati,0.0,,,,,,
2020 to 21,West Midlands,A level,Art & Design,Fine Art,1245.0,17.67068,44.25703,74.6988,92.77108,97.91165,99.83936
2020 to 21,West Midlands,A level,Design and technology,D&T Product Design,655.0,13.12977,33.12977,58.9313,83.96947,96.48855,99.38931
2020 to 21,West Midlands,A level,Modern languages - other,Bengali,1.0,0.0,0.0,100.0,100.0,100.0,100.0
2020 to 21,West Midlands,A level,Art & Design,Textiles,154.0,12.33766,42.20779,76.62338,94.80519,99.35065,100.0
2020 to 21,West Midlands,A level,Government and politics,Total Government and Politics,970.0,12.06186,39.07216,67.42268,88.24742,96.59794,99.38144
2020 to 21,West Midlands,A level,Home Economics,Home Economics,0.0,,,,,,
2020 to 21,West Midlands,A level,Modern languages,Total Modern languages including Other,1385.0,27.94224,62.96029,82.31047,96.02888,99.06137,99.8556
2020 to 21,West Midlands,A level,Maths,Total Maths,7503.0,20.83167,46.00826,65.73371,82.0072,92.16313,98.53392
2020 to 21,West Midlands,A level,Modern languages - other,Japanese,6.0,50.0,100.0,100.0,100.0,100.0,100.0
2020 to 21,West Midlands,A level,Design and technology,D&T Engineering,24.0,0.0,12.5,41.66667,66.66667,95.83333,100.0
2020 to 21,West Midlands,A level,Sociology,Total Sociology,4144.0,8.37355,29.94691,61.12452,85.66602,95.87355,99.37259
2020 to 21,West Midlands,A level,Modern languages - other,Chinese,8.0,75.0,100.0,100.0,100.0,100.0,100.0
2020 to 21,West Midlands,A level,Design and technology,D&T Systems & Control,0.0,,,,,,
2020 to 21,West Midlands,A level,Classical studies,Latin,21.0,28.57143,76.19048,95.2381,100.0,100.0,100.0
2020 to 21,West Midlands,A level,All STEM subjects,Total STEM subjects,24713.0,16.77255,41.14434,64.3467,82.70951,93.45284,98.96411
2020 to 21,West Midlands,A level,Maths - Further,Total Further Mathematics,918.0,40.30501,68.19172,83.98693,93.89978,97.71242,99.12854
2020 to 21,West Midlands,A level,Geography,Total Geography,2880.0,11.45833,35.20833,63.54167,86.70139,96.63194,99.82639
2020 to 21,West Midlands,A level,ICT,Total ICT,0.0,,,,,,
2020 to 21,West Midlands,A level,Arts,Communication Studies,0.0,,,,,,
2020 to 21,West Midlands,A level,General studies,General Studies,0.0,,,,,,
2020 to 21,West Midlands,A level,Maths,Additional Mathematics,0.0,,,,,,
2020 to 21,West Midlands,A level,Classical studies,Classics (General),0.0,,,,,,
2020 to 21,West Midlands,A level,Arts,Drama & Theatre Studies,555.0,15.13514,38.37838,70.99099,93.69369,98.1982,99.45946
2020 to 21,West Midlands,A level,Religious Studies,Total Religious Studies,1709.0,10.06437,35.16676,64.71621,88.88239,96.54769,99.5904
2020 to 21,West Midlands,A level,Maths,Use of mathematics,0.0,,,,,,
2020 to 21,West Midlands,A level,Modern languages,German,176.0,25.0,58.52273,83.52273,96.02273,99.43182,100.0
2020 to 21,West Midlands,A level,Classical studies,Total Classical studies,216.0,12.96296,34.72222,71.2963,93.05556,99.53704,99.53704
2020 to 21,West Midlands,A level,Music,Total Music,299.0,16.38796,46.15385,75.91973,93.64548,97.99331,100.0
2020 to 21,West Midlands,A level,Art & Design,3d Studies,126.0,6.34921,19.84127,40.47619,73.01587,92.06349,97.61905
2020 to 21,West Midlands,A level,Psychology,Total Psychology,6607.0,11.44241,32.96504,60.6478,85.00076,95.02043,99.40972
2020 to 21,North West,A level,Music,Music,372.0,20.43011,52.15054,76.34409,90.86022,98.11828,100.0
2020 to 21,North West,A level,Art & Design,Art and design,817.0,23.50061,44.92044,72.94982,92.53366,97.42962,99.388
2020 to 21,North West,A level,Modern languages - other,Modern Greek,3.0,0.0,66.66667,100.0,100.0,100.0,100.0
2020 to 21,North West,A level,Geography,Geography (World Development),0.0,,,,,,
2020 to 21,North West,A level,Classical studies,Other Classical Languages,2.0,0.0,50.0,50.0,100.0,100.0,100.0
2020 to 21,North West,A level,Physical Education,Dance,143.0,13.28671,38.46154,79.02098,97.2028,98.6014,99.3007
2020 to 21,North West,A level,Science - Chemistry,Total Chemistry,6146.0,14.80638,41.39278,64.93654,82.91572,94.07745,99.28409
2020 to 21,North West,A level,Science - Biology,Total Biology,7010.0,13.73752,38.38802,62.26819,83.12411,94.47932,99.38659
2020 to 21,North West,A level,Modern languages - other,Punjabi,0.0,,,,,,
2020 to 21,North West,A level,Science - other,Environmental Science,54.0,3.7037,16.66667,61.11111,81.48148,96.2963,100.0
2020 to 21,North West,A level,Humanities,Total Humanities,0.0,,,,,,
2020 to 21,North West,A level,Economics,Total Economics,2155.0,12.99304,40.46404,69.00232,88.7703,96.61253,99.44316
2020 to 21,North West,A level,Science - other,Geology,156.0,17.30769,42.30769,66.02564,84.61538,96.79487,99.35897
2020 to 21,North West,A level,Modern languages - other,Dutch,0.0,,,,,,
2020 to 21,North West,A level,Modern languages - other,Welsh (Second Language),0.0,,,,,,
2020 to 21,North West,A level,Modern languages - other,Russian,30.0,56.66667,83.33333,93.33333,96.66667,100.0,100.0
2020 to 21,North West,A level,Classical studies,Classical Greek,3.0,100.0,100.0,100.0,100.0,100.0,100.0
2020 to 21,North West,A level,English,English language,2635.0,7.96964,28.42505,63.75712,88.65275,97.19165,99.62049
2020 to 21,North West,A level,General studies,Total General studies,0.0,,,,,,
2020 to 21,North West,A level,Art & Design,Graphics,850.0,19.76471,45.52941,78.11765,92.35294,96.23529,98.35294
2020 to 21,North West,A level,Modern languages - other,Modern Hebrew,5.0,80.0,100.0,100.0,100.0,100.0,100.0
2020 to 21,North West,A level,Classical studies,Ancient History,190.0,10.0,33.68421,67.36842,91.05263,98.94737,100.0
2020 to 21,North West,A level,Classical studies,Classical Civilisation,193.0,16.58031,43.00518,77.72021,93.26425,97.92746,98.96373
2020 to 21,North West,A level,Arts,Expressive Arts & Performance Studies,0.0,,,,,,
2020 to 21,North West,A level,Science - other,Electronics,107.0,23.36449,43.92523,64.48598,84.11215,95.3271,100.0
2020 to 21,North West,A level,General studies,Critical Thinking,0.0,,,,,,
2020 to 21,North West,A level,Modern languages - other,Arabic,69.0,43.47826,84.05797,98.55072,100.0,100.0,100.0
2020 to 21,North West,A level,English,English language & literature,931.0,9.34479,33.29753,67.23953,91.19227,98.71106,99.67777
2020 to 21,North West,A level,Modern languages - other,Irish,0.0,,,,,,
2020 to 21,North West,A level,Modern languages - other,Turkish,3.0,66.66667,100.0,100.0,100.0,100.0,100.0
2020 to 21,North West,A level,Design and technology,D&T Textiles Technology,34.0,5.88235,41.17647,70.58824,94.11765,97.05882,100.0
2020 to 21,North West,A level,Logic/Philosophy,Total Logic/ Philosophy,149.0,12.75168,41.61074,71.81208,88.5906,93.95973,99.32886
2020 to 21,North West,A level,Anthropology,Total Anthropology,0.0,,,,,,
2020 to 21,North West,A level,Science - other,Total Other Sciences,317.0,17.0347,38.4858,64.66877,83.91167,96.21451,99.68454
2020 to 21,North West,A level,English,English literature,3026.0,16.06081,39.59022,69.3655,90.71381,97.85195,99.63648
2020 to 21,North West,A level,Maths,Mathematics (Pure),0.0,,,,,,
2020 to 21,North West,A level,Design and technology,Total D&T,635.0,12.59843,37.32283,63.30709,86.29921,95.27559,99.37008
2020 to 21,North West,A level,All subjects,Total subjects,79234.0,14.80046,38.96307,66.21905,86.59414,95.66222,99.40934
2020 to 21,North West,A level,Music,Music Technology,92.0,6.52174,21.73913,57.6087,80.43478,89.13043,95.65217
2020 to 21,North West,A level,Art & Design,History of Art,2.0,0.0,100.0,100.0,100.0,100.0,100.0
2020 to 21,North West,A level,Home Economics,Home Economics (Food),0.0,,,,,,
2020 to 21,North West,A level,Art & Design,Critical Studies,0.0,,,,,,
2020 to 21,North West,A level,Art & Design,Photography,1036.0,18.72587,40.63707,74.13127,93.82239,99.03475,99.6139
2020 to 21,North West,A level,Modern languages,Spanish,915.0,22.62295,52.6776,78.9071,93.98907,98.36066,99.78142
2020 to 21,North West,A level,English,Total English,6592.0,11.87803,34.23847,66.82342,89.95752,97.70934,99.63592
2020 to 21,North West,A level,Modern languages - other,Polish,30.0,63.33333,96.66667,96.66667,96.66667,96.66667,96.66667
2020 to 21,North West,A level,Design and technology,D&T Food Technology,0.0,,,,,,
2020 to 21,North West,A level,Law,Total Law,2654.0,10.51243,34.43858,60.43708,83.8734,95.02638,99.43482
2020 to 21,North West,A level,Science - Physics,Total Physics,3427.0,16.83688,39.3347,62.03677,81.17887,92.96761,99.18296
2020 to 21,North West,A level,Archaeology,Total Archaeology,0.0,,,,,,
2020 to 21,North West,A level,Accounting and Finance,Total Accounting and finance,469.0,8.10235,27.93177,56.5032,79.3177,90.83156,99.14712
2020 to 21,North West,A level,Design and technology,Design & Technology,0.0,,,,,,
2020 to 21,North West,A level,Computer Science,Total Computer Science,1561.0,14.22165,36.89942,62.3959,85.71429,95.0032,99.03908
2020 to 21,North West,A level,Modern languages - other,Portuguese,3.0,100.0,100.0,100.0,100.0,100.0,100.0
2020 to 21,North West,A level,Modern languages - other,Total Other Modern Languages,232.0,53.44828,84.05172,96.55172,98.7069,99.13793,99.13793
2020 to 21,North West,A level,Modern languages - other,Persian,7.0,57.14286,100.0,100.0,100.0,100.0,100.0
2020 to 21,North West,A level,All facilitating subjects,Total facilitating subjects,38284.0,17.37279,42.71236,67.02017,85.45084,94.94828,99.36788
2020 to 21,North West,A level,Science - other,Science in Society,0.0,,,,,,
2020 to 21,North West,A level,History,Total History,4173.0,13.51546,38.84496,67.62521,89.50395,97.10041,99.68847
2020 to 21,North West,A level,Arts,Total Arts,2873.0,10.02436,33.20571,67.28159,90.60216,97.9464,99.58232
2020 to 21,North West,A level,Art & Design,Total Art & Design,4680.0,20.68376,45.87607,77.11538,93.50427,98.01282,99.44444
2020 to 21,North West,A level,Arts,Film Studies,664.0,9.78916,30.27108,65.81325,89.15663,96.83735,99.39759
2020 to 21,North West,A level,Arts,Creative Writing,0.0,,,,,,
2020 to 21,North West,A level,Home Economics,Total Home Economics,0.0,,,,,,
2020 to 21,North West,A level,Physical Education,Total Physical Education,1381.0,14.33744,37.7987,65.31499,88.99348,97.17596,99.63794
2020 to 21,North West,A level,Citizenship studies,Total Citizenship studies,0.0,,,,,,
2020 to 21,North West,A level,Physical Education,Physical Education/Sports Studies,1238.0,14.4588,37.72213,63.73183,88.04523,97.01131,99.6769
2020 to 21,North West,A level,Modern languages - other,Urdu,25.0,56.0,76.0,96.0,100.0,100.0,100.0
2020 to 21,North West,A level,Arts,Media/Film/Tv Studies,1423.0,7.51933,31.13141,64.37105,88.8967,97.68096,99.50808
2020 to 21,North West,A level,Business Studies,Total Business Studies,3946.0,8.667,30.5626,63.96351,88.49468,96.90826,99.67055
2020 to 21,North West,A level,Modern languages,French,629.0,21.62162,53.41812,79.01431,94.59459,98.09221,99.52305
2020 to 21,North West,A level,Maths,Mathematics (Statistics),424.0,4.48113,16.74528,44.81132,71.69811,87.26415,97.64151
2020 to 21,North West,A level,Maths,Maths,8464.0,21.38469,46.57372,67.69849,82.7741,92.84026,99.06664
2020 to 21,North West,A level,Geography,Geography,3010.0,12.42525,36.94352,66.27907,88.00664,96.84385,99.66777
2020 to 21,North West,A level,Modern languages - other,Italian,34.0,52.94118,67.64706,94.11765,97.05882,97.05882,97.05882
2020 to 21,North West,A level,Modern languages - other,Gujarati,0.0,,,,,,
2020 to 21,North West,A level,Art & Design,Fine Art,1254.0,21.37161,48.00638,78.14992,93.14195,98.16587,99.84051
2020 to 21,North West,A level,Design and technology,D&T Product Design,548.0,12.59124,36.86131,63.68613,85.94891,95.25547,99.45255
2020 to 21,North West,A level,Modern languages - other,Bengali,0.0,,,,,,
2020 to 21,North West,A level,Art & Design,Textiles,397.0,19.39547,50.88161,83.87909,97.48111,100.0,100.0
2020 to 21,North West,A level,Government and politics,Total Government and Politics,1155.0,16.27706,42.07792,68.22511,88.31169,96.01732,99.30736
2020 to 21,North West,A level,Home Economics,Home Economics,0.0,,,,,,
2020 to 21,North West,A level,Modern languages,Total Modern languages including Other,1995.0,26.21554,57.64411,81.70426,95.03759,98.39599,99.64912
2020 to 21,North West,A level,Maths,Total Maths,8888.0,20.57831,45.15077,66.60666,82.24572,92.57426,98.99865
2020 to 21,North West,A level,Modern languages - other,Japanese,1.0,100.0,100.0,100.0,100.0,100.0,100.0
2020 to 21,North West,A level,Design and technology,D&T Engineering,53.0,16.98113,39.62264,54.71698,84.90566,94.33962,98.11321
2020 to 21,North West,A level,Sociology,Total Sociology,4663.0,11.02295,33.0045,64.48638,88.84838,97.12631,99.59254
2020 to 21,North West,A level,Modern languages - other,Chinese,22.0,54.54545,90.90909,95.45455,100.0,100.0,100.0
2020 to 21,North West,A level,Design and technology,D&T Systems & Control,0.0,,,,,,
2020 to 21,North West,A level,Classical studies,Latin,27.0,44.44444,77.77778,92.59259,100.0,100.0,100.0
2020 to 21,North West,A level,All STEM subjects,Total STEM subjects,28035.0,17.58516,42.42554,65.09007,83.11396,93.7471,99.19386
2020 to 21,North West,A level,Maths - Further,Total Further Mathematics,1003.0,42.77168,71.98405,86.93918,94.51645,97.70688,99.30209
2020 to 21,North West,A level,Geography,Total Geography,3010.0,12.42525,36.94352,66.27907,88.00664,96.84385,99.66777
2020 to 21,North West,A level,ICT,Total ICT,0.0,,,,,,
2020 to 21,North West,A level,Arts,Communication Studies,0.0,,,,,,
2020 to 21,North West,A level,General studies,General Studies,0.0,,,,,,
2020 to 21,North West,A level,Maths,Additional Mathematics,0.0,,,,,,
2020 to 21,North West,A level,Classical studies,Classics (General),0.0,,,,,,
2020 to 21,North West,A level,Arts,Drama & Theatre Studies,786.0,14.75827,39.4402,73.79135,94.91094,99.36387,99.87277
2020 to 21,North West,A level,Religious Studies,Total Religious Studies,1600.0,11.6875,35.375,66.875,88.8125,96.875,99.5
2020 to 21,North West,A level,Maths,Use of mathematics,0.0,,,,,,
2020 to 21,North West,A level,Modern languages,German,219.0,25.57078,62.55708,85.38813,96.80365,98.63014,100.0
2020 to 21,North West,A level,Classical studies,Total Classical studies,415.0,15.90361,41.44578,73.9759,92.77108,98.55422,99.51807
2020 to 21,North West,A level,Music,Total Music,464.0,17.67241,46.12069,72.62931,88.7931,96.33621,99.13793
2020 to 21,North West,A level,Art & Design,3d Studies,324.0,21.2963,51.23457,82.09877,94.44444,97.83951,99.69136
2020 to 21,North West,A level,Psychology,Total Psychology,7873.0,12.32059,34.21821,61.2346,83.36085,94.66531,99.31411
2020 to 21,Yorkshire and The Humber,A level,Music,Music,245.0,18.77551,55.91837,80.81633,96.32653,98.77551,99.59184
2020 to 21,Yorkshire and The Humber,A level,Art & Design,Art and design,397.0,19.89924,45.84383,73.80353,93.70277,96.97733,98.74055
2020 to 21,Yorkshire and The Humber,A level,Modern languages - other,Modern Greek,2.0,50.0,100.0,100.0,100.0,100.0,100.0
2020 to 21,Yorkshire and The Humber,A level,Geography,Geography (World Development),0.0,,,,,,
2020 to 21,Yorkshire and The Humber,A level,Classical studies,Other Classical Languages,0.0,,,,,,
2020 to 21,Yorkshire and The Humber,A level,Physical Education,Dance,165.0,19.39394,53.33333,88.48485,98.78788,100.0,100.0
2020 to 21,Yorkshire and The Humber,A level,Science - Chemistry,Total Chemistry,4118.0,13.25886,39.94658,64.74017,83.34143,93.85624,99.17436
2020 to 21,Yorkshire and The Humber,A level,Science - Biology,Total Biology,4769.0,13.25225,38.47767,64.20633,84.48312,95.05137,99.39191
2020 to 21,Yorkshire and The Humber,A level,Modern languages - other,Punjabi,0.0,,,,,,
2020 to 21,Yorkshire and The Humber,A level,Science - other,Environmental Science,4.0,0.0,25.0,50.0,75.0,100.0,100.0
2020 to 21,Yorkshire and The Humber,A level,Humanities,Total Humanities,0.0,,,,,,
2020 to 21,Yorkshire and The Humber,A level,Economics,Total Economics,1773.0,12.63395,36.88663,66.66667,89.50931,96.61591,99.54879
2020 to 21,Yorkshire and The Humber,A level,Science - other,Geology,64.0,6.25,29.6875,60.9375,84.375,96.875,100.0
2020 to 21,Yorkshire and The Humber,A level,Modern languages - other,Dutch,0.0,,,,,,
2020 to 21,Yorkshire and The Humber,A level,Modern languages - other,Welsh (Second Language),0.0,,,,,,
2020 to 21,Yorkshire and The Humber,A level,Modern languages - other,Russian,7.0,28.57143,85.71429,85.71429,85.71429,85.71429,85.71429
2020 to 21,Yorkshire and The Humber,A level,Classical studies,Classical Greek,0.0,,,,,,
2020 to 21,Yorkshire and The Humber,A level,English,English language,1970.0,7.71574,28.22335,59.39086,87.46193,97.51269,99.79695
2020 to 21,Yorkshire and The Humber,A level,General studies,Total General studies,0.0,,,,,,
2020 to 21,Yorkshire and The Humber,A level,Art & Design,Graphics,368.0,16.57609,39.40217,71.19565,90.76087,98.6413,99.45652
2020 to 21,Yorkshire and The Humber,A level,Modern languages - other,Modern Hebrew,0.0,,,,,,
2020 to 21,Yorkshire and The Humber,A level,Classical studies,Ancient History,64.0,6.25,26.5625,57.8125,85.9375,98.4375,100.0
2020 to 21,Yorkshire and The Humber,A level,Classical studies,Classical Civilisation,71.0,11.26761,30.98592,63.38028,88.73239,100.0,100.0
2020 to 21,Yorkshire and The Humber,A level,Arts,Expressive Arts & Performance Studies,0.0,,,,,,
2020 to 21,Yorkshire and The Humber,A level,Science - other,Electronics,19.0,21.05263,36.84211,47.36842,78.94737,100.0,100.0
2020 to 21,Yorkshire and The Humber,A level,General studies,Critical Thinking,0.0,,,,,,
2020 to 21,Yorkshire and The Humber,A level,Modern languages - other,Arabic,21.0,28.57143,76.19048,90.47619,95.2381,95.2381,95.2381
2020 to 21,Yorkshire and The Humber,A level,English,English language & literature,571.0,7.88091,26.97023,60.24518,88.61646,98.59895,99.82487
2020 to 21,Yorkshire and The Humber,A level,Modern languages - other,Irish,0.0,,,,,,
2020 to 21,Yorkshire and The Humber,A level,Modern languages - other,Turkish,12.0,25.0,33.33333,50.0,91.66667,100.0,100.0
2020 to 21,Yorkshire and The Humber,A level,Design and technology,D&T Textiles Technology,33.0,24.24242,57.57576,78.78788,96.9697,100.0,100.0
2020 to 21,Yorkshire and The Humber,A level,Logic/Philosophy,Total Logic/ Philosophy,120.0,15.83333,37.5,62.5,85.0,95.83333,100.0
2020 to 21,Yorkshire and The Humber,A level,Anthropology,Total Anthropology,0.0,,,,,,
2020 to 21,Yorkshire and The Humber,A level,Science - other,Total Other Sciences,87.0,9.1954,31.03448,57.47126,82.75862,97.70115,100.0
2020 to 21,Yorkshire and The Humber,A level,English,English literature,2342.0,16.09735,38.51409,67.7199,90.73442,98.16396,99.74381
2020 to 21,Yorkshire and The Humber,A level,Maths,Mathematics (Pure),0.0,,,,,,
2020 to 21,Yorkshire and The Humber,A level,Design and technology,Total D&T,485.0,11.95876,30.51546,57.73196,80.41237,95.25773,99.17526
2020 to 21,Yorkshire and The Humber,A level,All subjects,Total subjects,54375.0,14.32276,38.41471,65.61839,86.57655,95.74989,99.39494
2020 to 21,Yorkshire and The Humber,A level,Music,Music Technology,99.0,7.07071,28.28283,62.62626,81.81818,96.9697,100.0
2020 to 21,Yorkshire and The Humber,A level,Art & Design,History of Art,0.0,,,,,,
2020 to 21,Yorkshire and The Humber,A level,Home Economics,Home Economics (Food),0.0,,,,,,
2020 to 21,Yorkshire and The Humber,A level,Art & Design,Critical Studies,0.0,,,,,,
2020 to 21,Yorkshire and The Humber,A level,Art & Design,Photography,865.0,13.52601,38.84393,67.86127,92.13873,97.91908,99.07514
2020 to 21,Yorkshire and The Humber,A level,Modern languages,Spanish,502.0,23.90438,56.3745,79.88048,93.42629,98.00797,100.0
2020 to 21,Yorkshire and The Humber,A level,English,Total English,4883.0,11.75507,33.01249,63.48556,89.1665,97.95208,99.77473
2020 to 21,Yorkshire and The Humber,A level,Modern languages - other,Polish,51.0,31.37255,74.5098,90.19608,98.03922,98.03922,100.0
2020 to 21,Yorkshire and The Humber,A level,Design and technology,D&T Food Technology,0.0,,,,,,
2020 to 21,Yorkshire and The Humber,A level,Law,Total Law,1551.0,10.18698,31.52805,59.63894,82.01161,93.10123,99.29078
2020 to 21,Yorkshire and The Humber,A level,Science - Physics,Total Physics,2566.0,17.06937,40.64692,65.12081,83.59314,93.76461,99.10366
2020 to 21,Yorkshire and The Humber,A level,Archaeology,Total Archaeology,0.0,,,,,,
2020 to 21,Yorkshire and The Humber,A level,Accounting and Finance,Total Accounting and finance,213.0,10.32864,30.04695,53.99061,79.34272,91.5493,99.06103
2020 to 21,Yorkshire and The Humber,A level,Design and technology,Design & Technology,0.0,,,,,,
2020 to 21,Yorkshire and The Humber,A level,Computer Science,Total Computer Science,860.0,17.09302,40.93023,64.30233,84.06977,95.23256,99.30233
2020 to 21,Yorkshire and The Humber,A level,Modern languages - other,Portuguese,3.0,33.33333,66.66667,100.0,100.0,100.0,100.0
2020 to 21,Yorkshire and The Humber,A level,Modern languages - other,Total Other Modern Languages,159.0,33.96226,71.69811,86.79245,96.22642,97.48428,98.11321
2020 to 21,Yorkshire and The Humber,A level,Modern languages - other,Persian,0.0,,,,,,
2020 to 21,Yorkshire and The Humber,A level,All facilitating subjects,Total facilitating subjects,27291.0,16.94698,42.296,67.34088,86.01004,95.18523,99.30746
2020 to 21,Yorkshire and The Humber,A level,Science - other,Science in Society,0.0,,,,,,
2020 to 21,Yorkshire and The Humber,A level,History,Total History,3185.0,12.33909,37.29984,66.93878,89.73312,97.48823,99.65463
2020 to 21,Yorkshire and The Humber,A level,Arts,Total Arts,1783.0,9.871,33.14638,65.3954,90.63376,97.98093,99.49523
2020 to 21,Yorkshire and The Humber,A level,Art & Design,Total Art & Design,2949.0,17.19227,42.2177,71.04103,92.84503,98.13496,99.18616
2020 to 21,Yorkshire and The Humber,A level,Arts,Film Studies,396.0,11.11111,33.33333,64.89899,90.65657,97.22222,99.24242
2020 to 21,Yorkshire and The Humber,A level,Arts,Creative Writing,0.0,,,,,,
2020 to 21,Yorkshire and The Humber,A level,Home Economics,Total Home Economics,0.0,,,,,,
2020 to 21,Yorkshire and The Humber,A level,Physical Education,Total Physical Education,932.0,16.09442,41.30901,72.96137,91.7382,98.39056,100.0
2020 to 21,Yorkshire and The Humber,A level,Citizenship studies,Total Citizenship studies,0.0,,,,,,
2020 to 21,Yorkshire and The Humber,A level,Physical Education,Physical Education/Sports Studies,767.0,15.38462,38.72229,69.6219,90.22164,98.04433,100.0
2020 to 21,Yorkshire and The Humber,A level,Modern languages - other,Urdu,36.0,27.77778,58.33333,80.55556,94.44444,97.22222,97.22222
2020 to 21,Yorkshire and The Humber,A level,Arts,Media/Film/Tv Studies,781.0,7.42638,24.71191,57.4904,87.83611,97.69526,99.48784
2020 to 21,Yorkshire and The Humber,A level,Business Studies,Total Business Studies,2658.0,9.06697,30.3988,61.13619,86.68172,95.97442,99.69902
2020 to 21,Yorkshire and The Humber,A level,Modern languages,French,444.0,20.4955,54.27928,80.63063,94.81982,98.87387,99.77477
2020 to 21,Yorkshire and The Humber,A level,Maths,Mathematics (Statistics),23.0,4.34783,26.08696,52.17391,56.52174,91.30435,100.0
2020 to 21,Yorkshire and The Humber,A level,Maths,Maths,5993.0,22.39279,47.73903,68.14617,83.11363,92.92508,98.81528
2020 to 21,Yorkshire and The Humber,A level,Geography,Geography,2249.0,10.84927,35.26012,64.60649,87.06092,96.66518,99.68875
2020 to 21,Yorkshire and The Humber,A level,Modern languages - other,Italian,15.0,46.66667,86.66667,100.0,100.0,100.0,100.0
2020 to 21,Yorkshire and The Humber,A level,Modern languages - other,Gujarati,0.0,,,,,,
2020 to 21,Yorkshire and The Humber,A level,Art & Design,Fine Art,1007.0,19.26514,44.78649,72.79047,94.24032,98.51043,99.20556
2020 to 21,Yorkshire and The Humber,A level,Design and technology,D&T Product Design,439.0,10.70615,27.56264,55.58087,78.5877,94.76082,99.08884
2020 to 21,Yorkshire and The Humber,A level,Modern languages - other,Bengali,0.0,,,,,,
2020 to 21,Yorkshire and The Humber,A level,Art & Design,Textiles,200.0,19.5,46.0,73.5,92.0,99.5,100.0
2020 to 21,Yorkshire and The Humber,A level,Government and politics,Total Government and Politics,1021.0,14.29971,39.66699,68.36435,89.32419,97.25759,99.41234
2020 to 21,Yorkshire and The Humber,A level,Home Economics,Home Economics,0.0,,,,,,
2020 to 21,Yorkshire and The Humber,A level,Modern languages,Total Modern languages including Other,1240.0,24.59677,58.06452,81.93548,94.51613,98.3871,99.67742
2020 to 21,Yorkshire and The Humber,A level,Maths,Total Maths,6016.0,22.3238,47.65625,68.08511,83.01197,92.91888,98.81981
2020 to 21,Yorkshire and The Humber,A level,Modern languages - other,Japanese,1.0,100.0,100.0,100.0,100.0,100.0,100.0
2020 to 21,Yorkshire and The Humber,A level,Design and technology,D&T Engineering,13.0,23.07692,61.53846,76.92308,100.0,100.0,100.0
2020 to 21,Yorkshire and The Humber,A level,Sociology,Total Sociology,3185.0,10.67504,31.45997,61.56986,85.96546,95.98116,99.24647
2020 to 21,Yorkshire and The Humber,A level,Modern languages - other,Chinese,11.0,63.63636,100.0,100.0,100.0,100.0,100.0
2020 to 21,Yorkshire and The Humber,A level,Design and technology,D&T Systems & Control,0.0,,,,,,
2020 to 21,Yorkshire and The Humber,A level,Classical studies,Latin,0.0,,,,,,
2020 to 21,Yorkshire and The Humber,A level,All STEM subjects,Total STEM subjects,19158.0,18.02902,43.3135,66.58315,84.01712,94.0547,99.1283
2020 to 21,Yorkshire and The Humber,A level,Maths - Further,Total Further Mathematics,829.0,41.97829,67.06876,85.4041,93.24487,97.22557,99.51749
2020 to 21,Yorkshire and The Humber,A level,Geography,Total Geography,2249.0,10.84927,35.26012,64.60649,87.06092,96.66518,99.68875
2020 to 21,Yorkshire and The Humber,A level,ICT,Total ICT,0.0,,,,,,
2020 to 21,Yorkshire and The Humber,A level,Arts,Communication Studies,0.0,,,,,,
2020 to 21,Yorkshire and The Humber,A level,General studies,General Studies,0.0,,,,,,
2020 to 21,Yorkshire and The Humber,A level,Maths,Additional Mathematics,0.0,,,,,,
2020 to 21,Yorkshire and The Humber,A level,Classical studies,Classics (General),0.0,,,,,,
2020 to 21,Yorkshire and The Humber,A level,Arts,Drama & Theatre Studies,606.0,12.21122,43.89439,75.90759,94.22442,98.84488,99.66997
2020 to 21,Yorkshire and The Humber,A level,Religious Studies,Total Religious Studies,1072.0,11.9403,38.89925,68.93657,89.92537,96.82836,99.90672
2020 to 21,Yorkshire and The Humber,A level,Maths,Use of mathematics,0.0,,,,,,
2020 to 21,Yorkshire and The Humber,A level,Modern languages,German,135.0,29.62963,60.74074,88.14815,95.55556,99.25926,100.0
2020 to 21,Yorkshire and The Humber,A level,Classical studies,Total Classical studies,135.0,8.88889,28.88889,60.74074,87.40741,99.25926,100.0
2020 to 21,Yorkshire and The Humber,A level,Music,Total Music,344.0,15.40698,47.96512,75.5814,92.15116,98.25581,99.7093
2020 to 21,Yorkshire and The Humber,A level,Art & Design,3d Studies,112.0,15.17857,34.82143,65.17857,91.07143,96.42857,99.10714
2020 to 21,Yorkshire and The Humber,A level,Psychology,Total Psychology,5352.0,10.76233,33.50149,61.47235,83.78176,94.91779,99.42078
2020 to 21,South East,A level,Music,Music,504.0,25.79365,58.73016,80.95238,95.63492,98.80952,100.0
2020 to 21,South East,A level,Art & Design,Art and design,757.0,20.60766,46.89564,75.69353,92.20608,96.82959,98.8111
2020 to 21,South East,A level,Modern languages - other,Modern Greek,3.0,66.66667,100.0,100.0,100.0,100.0,100.0
2020 to 21,South East,A level,Geography,Geography (World Development),0.0,,,,,,
2020 to 21,South East,A level,Classical studies,Other Classical Languages,0.0,,,,,,
2020 to 21,South East,A level,Physical Education,Dance,279.0,23.65591,53.40502,84.22939,96.05735,99.28315,100.0
2020 to 21,South East,A level,Science - Chemistry,Total Chemistry,7358.0,15.94183,43.50367,66.66214,84.76488,94.26475,99.17097
2020 to 21,South East,A level,Science - Biology,Total Biology,9322.0,15.65115,41.71852,66.63806,84.90667,95.10835,99.35636
2020 to 21,South East,A level,Modern languages - other,Punjabi,8.0,12.5,100.0,100.0,100.0,100.0,100.0
2020 to 21,South East,A level,Science - other,Environmental Science,473.0,8.66808,22.62156,50.10571,75.47569,92.60042,99.36575
2020 to 21,South East,A level,Humanities,Total Humanities,0.0,,,,,,
2020 to 21,South East,A level,Economics,Total Economics,4807.0,13.1891,41.60599,69.06595,88.64156,96.48429,99.25109
2020 to 21,South East,A level,Science - other,Geology,82.0,9.7561,31.70732,59.7561,80.4878,93.90244,100.0
2020 to 21,South East,A level,Modern languages - other,Dutch,0.0,,,,,,
2020 to 21,South East,A level,Modern languages - other,Welsh (Second Language),0.0,,,,,,
2020 to 21,South East,A level,Modern languages - other,Russian,31.0,70.96774,90.32258,100.0,100.0,100.0,100.0
2020 to 21,South East,A level,Classical studies,Classical Greek,1.0,100.0,100.0,100.0,100.0,100.0,100.0
2020 to 21,South East,A level,English,English language,1891.0,6.61026,26.17663,58.85775,87.67848,96.98572,99.47118
2020 to 21,South East,A level,General studies,Total General studies,0.0,,,,,,
2020 to 21,South East,A level,Art & Design,Graphics,1221.0,19.00082,41.27764,73.21867,93.12039,98.1163,99.3448
2020 to 21,South East,A level,Modern languages - other,Modern Hebrew,1.0,100.0,100.0,100.0,100.0,100.0,100.0
2020 to 21,South East,A level,Classical studies,Ancient History,140.0,8.57143,26.42857,57.14286,90.0,97.85714,98.57143
2020 to 21,South East,A level,Classical studies,Classical Civilisation,485.0,13.81443,44.74227,74.02062,92.16495,97.52577,99.17526
2020 to 21,South East,A level,Arts,Expressive Arts & Performance Studies,0.0,,,,,,
2020 to 21,South East,A level,Science - other,Electronics,104.0,15.38462,46.15385,65.38462,81.73077,94.23077,99.03846
2020 to 21,South East,A level,General studies,Critical Thinking,0.0,,,,,,
2020 to 21,South East,A level,Modern languages - other,Arabic,13.0,69.23077,84.61538,92.30769,100.0,100.0,100.0
2020 to 21,South East,A level,English,English language & literature,1456.0,10.85165,31.31868,62.98077,89.42308,97.93956,99.45055
2020 to 21,South East,A level,Modern languages - other,Irish,0.0,,,,,,
2020 to 21,South East,A level,Modern languages - other,Turkish,12.0,83.33333,100.0,100.0,100.0,100.0,100.0
2020 to 21,South East,A level,Design and technology,D&T Textiles Technology,46.0,17.3913,45.65217,82.6087,93.47826,93.47826,100.0
2020 to 21,South East,A level,Logic/Philosophy,Total Logic/ Philosophy,763.0,12.31979,39.05636,68.02097,86.63172,95.41284,99.08257
2020 to 21,South East,A level,Anthropology,Total Anthropology,0.0,,,,,,
2020 to 21,South East,A level,Science - other,Total Other Sciences,659.0,9.86343,27.46586,53.71775,77.08649,93.01973,99.39302
2020 to 21,South East,A level,English,English literature,5322.0,18.78993,43.72416,72.41638,91.77001,97.9519,99.68057
2020 to 21,South East,A level,Maths,Mathematics (Pure),0.0,,,,,,
2020 to 21,South East,A level,Design and technology,Total D&T,1308.0,18.11927,39.75535,66.97248,85.85627,95.10703,98.92966
2020 to 21,South East,A level,All subjects,Total subjects,118826.0,16.44842,41.29231,67.58874,87.16106,95.86959,99.21903
2020 to 21,South East,A level,Music,Music Technology,256.0,9.375,35.54688,62.10938,84.375,96.875,99.21875
2020 to 21,South East,A level,Art & Design,History of Art,24.0,16.66667,37.5,75.0,95.83333,100.0,100.0
2020 to 21,South East,A level,Home Economics,Home Economics (Food),0.0,,,,,,
2020 to 21,South East,A level,Art & Design,Critical Studies,7.0,28.57143,57.14286,100.0,100.0,100.0,100.0
2020 to 21,South East,A level,Art & Design,Photography,2361.0,16.68784,38.71241,68.99619,90.38543,96.86573,99.02584
2020 to 21,South East,A level,Modern languages,Spanish,1350.0,27.40741,56.88889,81.55556,95.40741,99.03704,99.48148
2020 to 21,South East,A level,English,Total English,8669.0,14.79986,37.8129,67.87403,90.48333,97.73907,99.59626
2020 to 21,South East,A level,Modern languages - other,Polish,82.0,45.12195,81.70732,96.34146,96.34146,97.56098,97.56098
2020 to 21,South East,A level,Design and technology,D&T Food Technology,0.0,,,,,,
2020 to 21,South East,A level,Law,Total Law,1953.0,10.75269,31.49002,59.49821,82.38607,94.31644,99.02714
2020 to 21,South East,A level,Science - Physics,Total Physics,5739.0,18.19132,42.63809,64.34919,81.9655,92.83847,98.69315
2020 to 21,South East,A level,Archaeology,Total Archaeology,0.0,,,,,,
2020 to 21,South East,A level,Accounting and Finance,Total Accounting and finance,176.0,12.5,31.25,53.40909,79.54545,91.47727,96.59091
2020 to 21,South East,A level,Design and technology,Design & Technology,0.0,,,,,,
2020 to 21,South East,A level,Computer Science,Total Computer Science,2263.0,18.16173,41.31684,66.46045,85.24083,95.62528,99.42554
2020 to 21,South East,A level,Modern languages - other,Portuguese,18.0,38.88889,66.66667,83.33333,94.44444,94.44444,94.44444
2020 to 21,South East,A level,Modern languages - other,Total Other Modern Languages,290.0,51.72414,82.06897,94.48276,97.93103,98.62069,98.96552
2020 to 21,South East,A level,Modern languages - other,Persian,4.0,50.0,50.0,75.0,75.0,100.0,100.0
2020 to 21,South East,A level,All facilitating subjects,Total facilitating subjects,59166.0,19.93375,46.37461,69.96586,87.04154,95.57178,99.19548
2020 to 21,South East,A level,Science - other,Science in Society,0.0,,,,,,
2020 to 21,South East,A level,History,Total History,6554.0,13.03021,40.08239,69.88099,91.0589,97.78761,99.54226
2020 to 21,South East,A level,Arts,Total Arts,5567.0,9.39465,32.33339,65.31345,89.94072,97.19777,99.29944
2020 to 21,South East,A level,Art & Design,Total Art & Design,7362.0,19.32899,43.65662,73.64847,92.24396,97.44635,99.21217
2020 to 21,South East,A level,Arts,Film Studies,1348.0,9.34718,32.4184,65.05935,89.76261,96.73591,98.96142
2020 to 21,South East,A level,Arts,Creative Writing,0.0,,,,,,
2020 to 21,South East,A level,Home Economics,Total Home Economics,0.0,,,,,,
2020 to 21,South East,A level,Physical Education,Total Physical Education,2170.0,18.1106,42.25806,68.43318,88.84793,96.86636,99.7235
2020 to 21,South East,A level,Citizenship studies,Total Citizenship studies,0.0,,,,,,
2020 to 21,South East,A level,Physical Education,Physical Education/Sports Studies,1891.0,17.29244,40.61343,66.10259,87.78424,96.50978,99.68271
2020 to 21,South East,A level,Modern languages - other,Urdu,1.0,100.0,100.0,100.0,100.0,100.0,100.0
2020 to 21,South East,A level,Arts,Media/Film/Tv Studies,2836.0,6.80536,27.96192,60.75458,88.18759,96.68547,99.22426
2020 to 21,South East,A level,Business Studies,Total Business Studies,5843.0,9.15626,30.29266,60.67089,85.45268,95.87541,99.28119
2020 to 21,South East,A level,Modern languages,French,1197.0,22.47285,55.6391,82.28906,94.31913,98.57978,99.58229
2020 to 21,South East,A level,Maths,Mathematics (Statistics),71.0,4.22535,22.53521,33.80282,70.42254,88.73239,95.77465
2020 to 21,South East,A level,Maths,Maths,13624.0,26.07164,52.62038,70.66941,84.4906,94.03259,98.64944
2020 to 21,South East,A level,Geography,Geography,5681.0,13.62436,38.30312,66.99525,88.15349,96.95476,99.61274
2020 to 21,South East,A level,Modern languages - other,Italian,84.0,45.2381,77.38095,90.47619,98.80952,98.80952,100.0
2020 to 21,South East,A level,Modern languages - other,Gujarati,0.0,,,,,,
2020 to 21,South East,A level,Art & Design,Fine Art,2030.0,21.42857,48.71921,77.0936,93.59606,97.93103,99.45813
2020 to 21,South East,A level,Design and technology,D&T Product Design,1240.0,18.14516,39.51613,66.45161,85.72581,95.24194,98.87097
2020 to 21,South East,A level,Modern languages - other,Bengali,0.0,,,,,,
2020 to 21,South East,A level,Art & Design,Textiles,637.0,22.60597,48.35165,78.33595,94.66248,98.58713,99.52904
2020 to 21,South East,A level,Government and politics,Total Government and Politics,2667.0,16.38545,42.06974,70.67867,88.67642,96.58793,99.13761
2020 to 21,South East,A level,Home Economics,Home Economics,0.0,,,,,,
2020 to 21,South East,A level,Modern languages,Total Modern languages including Other,3258.0,27.71639,59.51504,83.21056,95.11971,98.74156,99.53959
2020 to 21,South East,A level,Maths,Total Maths,13695.0,25.95838,52.4644,70.47828,84.41767,94.00511,98.63454
2020 to 21,South East,A level,Modern languages - other,Japanese,10.0,80.0,90.0,100.0,100.0,100.0,100.0
2020 to 21,South East,A level,Design and technology,D&T Engineering,22.0,18.18182,40.90909,63.63636,77.27273,90.90909,100.0
2020 to 21,South East,A level,Sociology,Total Sociology,6578.0,9.92703,31.02767,60.15506,85.64913,95.8194,99.22469
2020 to 21,South East,A level,Modern languages - other,Chinese,23.0,52.17391,82.6087,100.0,100.0,100.0,100.0
2020 to 21,South East,A level,Design and technology,D&T Systems & Control,0.0,,,,,,
2020 to 21,South East,A level,Classical studies,Latin,61.0,55.7377,85.2459,95.08197,98.36066,98.36066,98.36066
2020 to 21,South East,A level,All STEM subjects,Total STEM subjects,40623.0,21.27366,47.4288,68.71477,84.82387,94.44157,98.9981
2020 to 21,South East,A level,Maths - Further,Total Further Mathematics,2246.0,44.5236,71.68299,86.73197,94.03384,97.81834,99.51024
2020 to 21,South East,A level,Geography,Total Geography,5681.0,13.62436,38.30312,66.99525,88.15349,96.95476,99.61274
2020 to 21,South East,A level,ICT,Total ICT,0.0,,,,,,
2020 to 21,South East,A level,Arts,Communication Studies,0.0,,,,,,
2020 to 21,South East,A level,General studies,General Studies,0.0,,,,,,
2020 to 21,South East,A level,Maths,Additional Mathematics,0.0,,,,,,
2020 to 21,South East,A level,Classical studies,Classics (General),0.0,,,,,,
2020 to 21,South East,A level,Arts,Drama & Theatre Studies,1383.0,14.75054,41.21475,74.90962,93.70933,98.69848,99.78308
2020 to 21,South East,A level,Religious Studies,Total Religious Studies,1639.0,14.46004,40.08542,68.88347,89.20073,97.07138,99.57291
2020 to 21,South East,A level,Maths,Use of mathematics,0.0,,,,,,
2020 to 21,South East,A level,Modern languages,German,421.0,27.07838,63.42043,83.37292,94.53682,98.33729,100.0
2020 to 21,South East,A level,Classical studies,Total Classical studies,687.0,16.59389,44.68705,72.48908,92.2853,97.67103,98.98108
2020 to 21,South East,A level,Music,Total Music,760.0,20.26316,50.92105,74.60526,91.84211,98.15789,99.73684
2020 to 21,South East,A level,Art & Design,3d Studies,325.0,17.23077,40.30769,72.92308,88.92308,95.07692,98.76923
2020 to 21,South East,A level,Psychology,Total Psychology,11102.0,12.23203,35.08377,62.77247,84.48027,94.97388,99.11728
2020 to 21,East of England,A level,Music,Music,410.0,23.90244,55.60976,83.90244,94.63415,98.78049,100.0
2020 to 21,East of England,A level,Art & Design,Art and design,576.0,16.31944,40.625,70.83333,90.10417,97.39583,99.47917
2020 to 21,East of England,A level,Modern languages - other,Modern Greek,3.0,0.0,100.0,100.0,100.0,100.0,100.0
2020 to 21,East of England,A level,Geography,Geography (World Development),0.0,,,,,,
2020 to 21,East of England,A level,Classical studies,Other Classical Languages,0.0,,,,,,
2020 to 21,East of England,A level,Physical Education,Dance,110.0,23.63636,52.72727,77.27273,92.72727,100.0,100.0
2020 to 21,East of England,A level,Science - Chemistry,Total Chemistry,4673.0,15.83565,43.31265,65.65376,83.39397,93.21635,98.84443
2020 to 21,East of England,A level,Science - Biology,Total Biology,5791.0,15.99033,40.63202,65.48092,84.45864,95.02677,99.32654
2020 to 21,East of England,A level,Modern languages - other,Punjabi,0.0,,,,,,
2020 to 21,East of England,A level,Science - other,Environmental Science,122.0,7.37705,22.95082,50.0,77.86885,92.62295,99.18033
2020 to 21,East of England,A level,Humanities,Total Humanities,0.0,,,,,,
2020 to 21,East of England,A level,Economics,Total Economics,3105.0,16.00644,42.38325,69.50081,89.4686,96.65056,99.4525
2020 to 21,East of England,A level,Science - other,Geology,84.0,11.90476,40.47619,67.85714,86.90476,94.04762,100.0
2020 to 21,East of England,A level,Modern languages - other,Dutch,0.0,,,,,,
2020 to 21,East of England,A level,Modern languages - other,Welsh (Second Language),0.0,,,,,,
2020 to 21,East of England,A level,Modern languages - other,Russian,36.0,47.22222,75.0,91.66667,97.22222,100.0,100.0
2020 to 21,East of England,A level,Classical studies,Classical Greek,4.0,75.0,100.0,100.0,100.0,100.0,100.0
2020 to 21,East of England,A level,English,English language,1199.0,6.25521,23.93661,58.799,86.82235,96.33028,99.33278
2020 to 21,East of England,A level,General studies,Total General studies,0.0,,,,,,
2020 to 21,East of England,A level,Art & Design,Graphics,377.0,14.85411,38.99204,63.12997,88.06366,96.81698,99.4695
2020 to 21,East of England,A level,Modern languages - other,Modern Hebrew,2.0,100.0,100.0,100.0,100.0,100.0,100.0
2020 to 21,East of England,A level,Classical studies,Ancient History,62.0,6.45161,29.03226,69.35484,88.70968,95.16129,100.0
2020 to 21,East of England,A level,Classical studies,Classical Civilisation,272.0,15.44118,48.16176,76.10294,92.64706,97.79412,99.63235
2020 to 21,East of England,A level,Arts,Expressive Arts & Performance Studies,0.0,,,,,,
2020 to 21,East of England,A level,Science - other,Electronics,37.0,21.62162,40.54054,62.16216,81.08108,91.89189,100.0
2020 to 21,East of England,A level,General studies,Critical Thinking,0.0,,,,,,
2020 to 21,East of England,A level,Modern languages - other,Arabic,6.0,33.33333,83.33333,83.33333,100.0,100.0,100.0
2020 to 21,East of England,A level,English,English language & literature,1124.0,11.74377,31.76157,63.3452,87.09964,96.88612,99.28826
2020 to 21,East of England,A level,Modern languages - other,Irish,0.0,,,,,,
2020 to 21,East of England,A level,Modern languages - other,Turkish,10.0,40.0,60.0,80.0,100.0,100.0,100.0
2020 to 21,East of England,A level,Design and technology,D&T Textiles Technology,69.0,13.04348,42.02899,72.46377,89.85507,95.65217,100.0
2020 to 21,East of England,A level,Logic/Philosophy,Total Logic/ Philosophy,313.0,14.69649,36.74121,63.89776,83.06709,94.2492,99.36102
2020 to 21,East of England,A level,Anthropology,Total Anthropology,0.0,,,,,,
2020 to 21,East of England,A level,Science - other,Total Other Sciences,243.0,11.11111,31.68724,58.02469,81.48148,93.00412,99.58848
2020 to 21,East of England,A level,English,English literature,3639.0,17.91701,40.31327,69.9368,91.56362,98.3512,99.80764
2020 to 21,East of England,A level,Maths,Mathematics (Pure),0.0,,,,,,
2020 to 21,East of England,A level,Design and technology,Total D&T,1010.0,13.46535,35.94059,63.06931,84.9505,95.34653,99.20792
2020 to 21,East of England,A level,All subjects,Total subjects,76244.0,16.278,40.59992,66.90363,86.96422,95.71638,99.22092
2020 to 21,East of England,A level,Music,Music Technology,202.0,5.44554,29.20792,53.9604,83.16832,94.05941,98.51485
2020 to 21,East of England,A level,Art & Design,History of Art,26.0,15.38462,50.0,80.76923,96.15385,100.0,100.0
2020 to 21,East of England,A level,Home Economics,Home Economics (Food),0.0,,,,,,
2020 to 21,East of England,A level,Art & Design,Critical Studies,19.0,15.78947,31.57895,63.15789,84.21053,89.47368,100.0
2020 to 21,East of England,A level,Art & Design,Photography,1353.0,12.86031,33.33333,66.07539,90.46563,97.48707,99.33481
2020 to 21,East of England,A level,Modern languages,Spanish,654.0,25.38226,54.89297,78.89908,92.50765,97.70642,99.84709
2020 to 21,East of England,A level,English,Total English,5962.0,14.40792,35.40758,66.45421,89.76853,97.66857,99.61422
2020 to 21,East of England,A level,Modern languages - other,Polish,38.0,52.63158,86.84211,92.10526,100.0,100.0,100.0
2020 to 21,East of England,A level,Design and technology,D&T Food Technology,0.0,,,,,,
2020 to 21,East of England,A level,Law,Total Law,1299.0,12.39415,34.02617,62.04773,85.37336,94.7652,98.6913
2020 to 21,East of England,A level,Science - Physics,Total Physics,3635.0,18.26685,41.43054,63.7414,81.73315,92.18707,98.84457
2020 to 21,East of England,A level,Archaeology,Total Archaeology,0.0,,,,,,
2020 to 21,East of England,A level,Accounting and Finance,Total Accounting and finance,211.0,7.109,26.54028,43.12796,69.19431,90.04739,96.68246
2020 to 21,East of England,A level,Design and technology,Design & Technology,0.0,,,,,,
2020 to 21,East of England,A level,Computer Science,Total Computer Science,1511.0,19.72204,47.31966,70.35076,87.42555,96.29385,99.40437
2020 to 21,East of England,A level,Modern languages - other,Portuguese,25.0,24.0,84.0,92.0,96.0,96.0,96.0
2020 to 21,East of England,A level,Modern languages - other,Total Other Modern Languages,212.0,44.33962,81.13208,92.92453,98.11321,99.5283,99.5283
2020 to 21,East of England,A level,Modern languages - other,Persian,3.0,33.33333,100.0,100.0,100.0,100.0,100.0
2020 to 21,East of England,A level,All facilitating subjects,Total facilitating subjects,37354.0,19.46244,44.777,68.47727,86.29598,95.10628,99.08444
2020 to 21,East of England,A level,Science - other,Science in Society,0.0,,,,,,
2020 to 21,East of England,A level,History,Total History,4572.0,12.70779,36.85477,66.4042,88.014,96.82852,99.43132
2020 to 21,East of England,A level,Arts,Total Arts,3615.0,10.92669,33.85892,66.72199,89.90318,97.89765,99.50207
2020 to 21,East of England,A level,Art & Design,Total Art & Design,3979.0,16.08444,40.56296,70.26891,91.55567,97.58733,99.49736
2020 to 21,East of England,A level,Arts,Film Studies,822.0,10.7056,34.42822,64.9635,89.2944,97.93187,99.39173
2020 to 21,East of England,A level,Arts,Creative Writing,0.0,,,,,,
2020 to 21,East of England,A level,Home Economics,Total Home Economics,0.0,,,,,,
2020 to 21,East of England,A level,Physical Education,Total Physical Education,1381.0,18.6097,42.21579,68.21144,88.55902,96.08979,99.49312
2020 to 21,East of England,A level,Citizenship studies,Total Citizenship studies,0.0,,,,,,
2020 to 21,East of England,A level,Physical Education,Physical Education/Sports Studies,1271.0,18.17467,41.30606,67.42722,88.19827,95.75138,99.44925
2020 to 21,East of England,A level,Modern languages - other,Urdu,10.0,40.0,80.0,100.0,100.0,100.0,100.0
2020 to 21,East of England,A level,Arts,Media/Film/Tv Studies,1733.0,7.61685,28.39008,62.7236,88.40162,97.57646,99.48067
2020 to 21,East of England,A level,Business Studies,Total Business Studies,3838.0,8.4419,30.17196,60.68265,86.11256,96.01355,99.42678
2020 to 21,East of England,A level,Modern languages,French,734.0,20.70845,54.22343,78.47411,92.09809,97.41144,99.86376
2020 to 21,East of England,A level,Maths,Mathematics (Statistics),70.0,8.57143,24.28571,42.85714,65.71429,85.71429,95.71429
2020 to 21,East of England,A level,Maths,Maths,8200.0,25.58537,51.36585,70.37805,84.19512,93.10976,98.21951
2020 to 21,East of England,A level,Geography,Geography,3405.0,13.03965,37.73862,65.11013,87.92952,97.12188,99.55947
2020 to 21,East of England,A level,Modern languages - other,Italian,60.0,48.33333,80.0,93.33333,96.66667,100.0,100.0
2020 to 21,East of England,A level,Modern languages - other,Gujarati,0.0,,,,,,
2020 to 21,East of England,A level,Art & Design,Fine Art,1313.0,20.25895,49.12414,77.15156,94.59254,98.40061,99.69535
2020 to 21,East of England,A level,Design and technology,D&T Product Design,922.0,13.7744,36.2256,63.01518,85.141,95.33623,99.13232
2020 to 21,East of England,A level,Modern languages - other,Bengali,0.0,,,,,,
2020 to 21,East of England,A level,Art & Design,Textiles,218.0,15.13761,39.44954,70.6422,92.66055,97.24771,100.0
2020 to 21,East of England,A level,Government and politics,Total Government and Politics,1847.0,15.70114,42.5555,68.65187,89.87547,97.07634,99.29616
2020 to 21,East of England,A level,Home Economics,Home Economics,0.0,,,,,,
2020 to 21,East of England,A level,Modern languages,Total Modern languages including Other,1872.0,25.8547,58.01282,80.44872,93.16239,97.97009,99.83974
2020 to 21,East of England,A level,Maths,Total Maths,8270.0,25.44135,51.13664,70.1451,84.03869,93.04716,98.19831
2020 to 21,East of England,A level,Modern languages - other,Japanese,3.0,100.0,100.0,100.0,100.0,100.0,100.0
2020 to 21,East of England,A level,Design and technology,D&T Engineering,19.0,0.0,0.0,31.57895,57.89474,94.73684,100.0
2020 to 21,East of England,A level,Sociology,Total Sociology,4597.0,11.74679,32.99978,62.82358,86.59996,95.62758,99.23863
2020 to 21,East of England,A level,Modern languages - other,Chinese,16.0,37.5,81.25,100.0,100.0,100.0,100.0
2020 to 21,East of England,A level,Design and technology,D&T Systems & Control,0.0,,,,,,
2020 to 21,East of England,A level,Classical studies,Latin,62.0,53.22581,83.87097,98.3871,100.0,100.0,100.0
2020 to 21,East of England,A level,All STEM subjects,Total STEM subjects,25381.0,21.18514,46.80273,68.17304,84.48052,93.88125,98.80619
2020 to 21,East of England,A level,Maths - Further,Total Further Mathematics,1501.0,42.97135,70.08661,84.07728,94.07062,97.80147,99.33378
2020 to 21,East of England,A level,Geography,Total Geography,3405.0,13.03965,37.73862,65.11013,87.92952,97.12188,99.55947
2020 to 21,East of England,A level,ICT,Total ICT,0.0,,,,,,
2020 to 21,East of England,A level,Arts,Communication Studies,0.0,,,,,,
2020 to 21,East of England,A level,General studies,General Studies,0.0,,,,,,
2020 to 21,East of England,A level,Maths,Additional Mathematics,0.0,,,,,,
2020 to 21,East of England,A level,Classical studies,Classics (General),0.0,,,,,,
2020 to 21,East of England,A level,Arts,Drama & Theatre Studies,1060.0,16.50943,42.35849,74.62264,92.83019,98.39623,99.62264
2020 to 21,East of England,A level,Religious Studies,Total Religious Studies,1472.0,13.72283,40.14946,69.76902,91.44022,97.41848,99.72826
2020 to 21,East of England,A level,Maths,Use of mathematics,0.0,,,,,,
2020 to 21,East of England,A level,Modern languages,German,272.0,26.47059,57.72059,79.77941,93.75,98.89706,100.0
2020 to 21,East of England,A level,Classical studies,Total Classical studies,400.0,20.5,51.25,78.75,93.25,97.75,99.75
2020 to 21,East of England,A level,Music,Total Music,612.0,17.81046,46.89542,74.01961,90.84967,97.22222,99.5098
2020 to 21,East of England,A level,Art & Design,3d Studies,97.0,10.30928,32.98969,57.73196,85.56701,93.81443,97.93814
2020 to 21,East of England,A level,Psychology,Total Psychology,7130.0,13.25386,36.11501,63.43619,85.03506,95.51192,99.31276
2020 to 21,East Midlands,A level,Music,Music,244.0,23.77049,56.14754,84.83607,95.90164,98.77049,100.0
2020 to 21,East Midlands,A level,Art & Design,Art and design,264.0,21.9697,49.62121,79.92424,93.56061,97.34848,99.62121
2020 to 21,East Midlands,A level,Modern languages - other,Modern Greek,3.0,66.66667,66.66667,66.66667,100.0,100.0,100.0
2020 to 21,East Midlands,A level,Geography,Geography (World Development),0.0,,,,,,
2020 to 21,East Midlands,A level,Classical studies,Other Classical Languages,0.0,,,,,,
2020 to 21,East Midlands,A level,Physical Education,Dance,107.0,22.42991,50.46729,75.70093,93.45794,99.06542,100.0
2020 to 21,East Midlands,A level,Science - Chemistry,Total Chemistry,3450.0,13.76812,41.30435,64.14493,82.28986,92.81159,98.92754
2020 to 21,East Midlands,A level,Science - Biology,Total Biology,4405.0,13.07605,38.04767,62.17934,82.36095,94.68785,99.59137
2020 to 21,East Midlands,A level,Modern languages - other,Punjabi,3.0,0.0,66.66667,66.66667,66.66667,66.66667,66.66667
2020 to 21,East Midlands,A level,Science - other,Environmental Science,15.0,0.0,13.33333,40.0,86.66667,93.33333,100.0
2020 to 21,East Midlands,A level,Humanities,Total Humanities,0.0,,,,,,
2020 to 21,East Midlands,A level,Economics,Total Economics,1373.0,10.77932,34.30444,64.89439,88.05535,97.08667,99.49017
2020 to 21,East Midlands,A level,Science - other,Geology,56.0,12.5,30.35714,53.57143,83.92857,92.85714,100.0
2020 to 21,East Midlands,A level,Modern languages - other,Dutch,0.0,,,,,,
2020 to 21,East Midlands,A level,Modern languages - other,Welsh (Second Language),0.0,,,,,,
2020 to 21,East Midlands,A level,Modern languages - other,Russian,16.0,56.25,93.75,100.0,100.0,100.0,100.0
2020 to 21,East Midlands,A level,Classical studies,Classical Greek,0.0,,,,,,
2020 to 21,East Midlands,A level,English,English language,1413.0,8.4218,26.53928,56.1925,84.71338,96.0368,99.71691
2020 to 21,East Midlands,A level,General studies,Total General studies,0.0,,,,,,
2020 to 21,East Midlands,A level,Art & Design,Graphics,165.0,16.9697,43.63636,70.90909,90.30303,97.57576,100.0
2020 to 21,East Midlands,A level,Modern languages - other,Modern Hebrew,0.0,,,,,,
2020 to 21,East Midlands,A level,Classical studies,Ancient History,33.0,3.0303,24.24242,66.66667,90.90909,96.9697,100.0
2020 to 21,East Midlands,A level,Classical studies,Classical Civilisation,8.0,37.5,87.5,100.0,100.0,100.0,100.0
2020 to 21,East Midlands,A level,Arts,Expressive Arts & Performance Studies,0.0,,,,,,
2020 to 21,East Midlands,A level,Science - other,Electronics,86.0,10.46512,34.88372,56.97674,76.74419,88.37209,95.34884
2020 to 21,East Midlands,A level,General studies,Critical Thinking,0.0,,,,,,
2020 to 21,East Midlands,A level,Modern languages - other,Arabic,16.0,50.0,75.0,87.5,93.75,93.75,93.75
2020 to 21,East Midlands,A level,English,English language & literature,501.0,14.57086,32.93413,65.06986,89.02196,96.80639,99.4012
2020 to 21,East Midlands,A level,Modern languages - other,Irish,0.0,,,,,,
2020 to 21,East Midlands,A level,Modern languages - other,Turkish,6.0,66.66667,66.66667,66.66667,66.66667,83.33333,83.33333
2020 to 21,East Midlands,A level,Design and technology,D&T Textiles Technology,45.0,20.0,48.88889,77.77778,100.0,100.0,100.0
2020 to 21,East Midlands,A level,Logic/Philosophy,Total Logic/ Philosophy,72.0,4.16667,22.22222,51.38889,77.77778,88.88889,98.61111
2020 to 21,East Midlands,A level,Anthropology,Total Anthropology,0.0,,,,,,
2020 to 21,East Midlands,A level,Science - other,Total Other Sciences,157.0,10.19108,31.21019,54.14013,80.25478,90.44586,97.45223
2020 to 21,East Midlands,A level,English,English literature,2256.0,16.0461,40.33688,67.81915,89.45035,97.82801,99.73404
2020 to 21,East Midlands,A level,Maths,Mathematics (Pure),0.0,,,,,,
2020 to 21,East Midlands,A level,Design and technology,Total D&T,701.0,13.98003,38.80171,67.76034,88.73039,96.00571,99.28673
2020 to 21,East Midlands,A level,All subjects,Total subjects,49262.0,14.59543,38.16532,64.76189,85.64817,95.15651,99.26718
2020 to 21,East Midlands,A level,Music,Music Technology,87.0,6.89655,26.43678,57.47126,83.90805,96.55172,100.0
2020 to 21,East Midlands,A level,Art & Design,History of Art,0.0,,,,,,
2020 to 21,East Midlands,A level,Home Economics,Home Economics (Food),0.0,,,,,,
2020 to 21,East Midlands,A level,Art & Design,Critical Studies,1.0,100.0,100.0,100.0,100.0,100.0,100.0
2020 to 21,East Midlands,A level,Art & Design,Photography,695.0,12.08633,38.70504,72.66187,91.51079,97.55396,99.28058
2020 to 21,East Midlands,A level,Modern languages,Spanish,374.0,23.79679,57.21925,79.67914,94.91979,98.39572,99.73262
2020 to 21,East Midlands,A level,English,Total English,4170.0,13.28537,34.77218,63.54916,87.79376,97.09832,99.68825
2020 to 21,East Midlands,A level,Modern languages - other,Polish,53.0,24.5283,64.15094,86.79245,92.45283,94.33962,98.11321
2020 to 21,East Midlands,A level,Design and technology,D&T Food Technology,0.0,,,,,,
2020 to 21,East Midlands,A level,Law,Total Law,808.0,11.01485,28.9604,56.93069,80.19802,93.68812,99.13366
2020 to 21,East Midlands,A level,Science - Physics,Total Physics,2518.0,15.64734,37.60921,60.52423,80.38125,92.21604,99.04686
2020 to 21,East Midlands,A level,Archaeology,Total Archaeology,0.0,,,,,,
2020 to 21,East Midlands,A level,Accounting and Finance,Total Accounting and finance,244.0,5.32787,24.18033,54.09836,72.54098,89.34426,99.18033
2020 to 21,East Midlands,A level,Design and technology,Design & Technology,0.0,,,,,,
2020 to 21,East Midlands,A level,Computer Science,Total Computer Science,955.0,17.59162,40.73298,67.01571,87.8534,94.45026,99.68586
2020 to 21,East Midlands,A level,Modern languages - other,Portuguese,4.0,25.0,50.0,75.0,75.0,100.0,100.0
2020 to 21,East Midlands,A level,Modern languages - other,Total Other Modern Languages,156.0,42.30769,75.64103,88.46154,92.94872,94.87179,97.4359
2020 to 21,East Midlands,A level,Modern languages - other,Persian,0.0,,,,,,
2020 to 21,East Midlands,A level,All facilitating subjects,Total facilitating subjects,24692.0,17.208,42.2647,66.09428,84.91819,94.71084,99.20217
2020 to 21,East Midlands,A level,Science - other,Science in Society,0.0,,,,,,
2020 to 21,East Midlands,A level,History,Total History,2767.0,11.27575,36.68233,68.08818,90.3867,97.5786,99.42176
2020 to 21,East Midlands,A level,Arts,Total Arts,1934.0,10.59979,34.12616,67.37332,92.19235,98.03516,99.58635
2020 to 21,East Midlands,A level,Art & Design,Total Art & Design,2204.0,18.55717,44.69147,75.04537,91.96915,97.32305,99.54628
2020 to 21,East Midlands,A level,Arts,Film Studies,291.0,9.27835,34.7079,71.82131,94.50172,98.28179,99.65636
2020 to 21,East Midlands,A level,Arts,Creative Writing,0.0,,,,,,
2020 to 21,East Midlands,A level,Home Economics,Total Home Economics,0.0,,,,,,
2020 to 21,East Midlands,A level,Physical Education,Total Physical Education,1049.0,17.92183,42.898,68.92278,87.89323,97.0448,99.90467
2020 to 21,East Midlands,A level,Citizenship studies,Total Citizenship studies,0.0,,,,,,
2020 to 21,East Midlands,A level,Physical Education,Physical Education/Sports Studies,942.0,17.40977,42.03822,68.15287,87.26115,96.81529,99.89384
2020 to 21,East Midlands,A level,Modern languages - other,Urdu,9.0,22.22222,88.88889,100.0,100.0,100.0,100.0
2020 to 21,East Midlands,A level,Arts,Media/Film/Tv Studies,1023.0,8.01564,27.46823,61.68133,90.42033,97.26295,99.31574
2020 to 21,East Midlands,A level,Business Studies,Total Business Studies,2829.0,7.95334,28.52598,57.3701,84.12867,95.26334,99.61117
2020 to 21,East Midlands,A level,Modern languages,French,445.0,21.1236,53.03371,79.10112,93.25843,99.10112,99.77528
2020 to 21,East Midlands,A level,Maths,Mathematics (Statistics),15.0,13.33333,40.0,73.33333,100.0,100.0,100.0
2020 to 21,East Midlands,A level,Maths,Maths,5140.0,24.61089,49.61089,68.11284,82.93774,92.76265,98.5214
2020 to 21,East Midlands,A level,Geography,Geography,2327.0,11.34508,32.91792,61.28062,85.13107,95.61667,99.48431
2020 to 21,East Midlands,A level,Modern languages - other,Italian,37.0,59.45946,83.78378,91.89189,94.59459,94.59459,100.0
2020 to 21,East Midlands,A level,Modern languages - other,Gujarati,0.0,,,,,,
2020 to 21,East Midlands,A level,Art & Design,Fine Art,906.0,21.8543,47.13024,76.60044,92.60486,97.57174,99.77925
2020 to 21,East Midlands,A level,Design and technology,D&T Product Design,594.0,13.46801,36.70034,67.00337,87.37374,95.6229,99.15825
2020 to 21,East Midlands,A level,Modern languages - other,Bengali,0.0,,,,,,
2020 to 21,East Midlands,A level,Art & Design,Textiles,118.0,29.66102,59.32203,82.20339,96.61017,99.15254,100.0
2020 to 21,East Midlands,A level,Government and politics,Total Government and Politics,669.0,15.84454,38.86398,71.00149,89.08819,96.86099,99.10314
2020 to 21,East Midlands,A level,Home Economics,Home Economics,0.0,,,,,,
2020 to 21,East Midlands,A level,Modern languages,Total Modern languages including Other,1126.0,25.13321,57.63766,80.19538,93.42806,98.31261,99.46714
2020 to 21,East Midlands,A level,Maths,Total Maths,5155.0,24.57808,49.58293,68.12803,82.98739,92.78371,98.5257
2020 to 21,East Midlands,A level,Modern languages - other,Japanese,2.0,0.0,100.0,100.0,100.0,100.0,100.0
2020 to 21,East Midlands,A level,Design and technology,D&T Engineering,62.0,14.51613,51.6129,67.74194,93.54839,96.77419,100.0
2020 to 21,East Midlands,A level,Sociology,Total Sociology,3072.0,10.83984,30.33854,60.80729,85.1888,95.2474,99.05599
2020 to 21,East Midlands,A level,Modern languages - other,Chinese,7.0,71.42857,85.71429,85.71429,100.0,100.0,100.0
2020 to 21,East Midlands,A level,Design and technology,D&T Systems & Control,0.0,,,,,,
2020 to 21,East Midlands,A level,Classical studies,Latin,0.0,,,,,,
2020 to 21,East Midlands,A level,All STEM subjects,Total STEM subjects,17186.0,18.60817,43.5878,65.33225,83.0327,93.47143,99.06901
2020 to 21,East Midlands,A level,Maths - Further,Total Further Mathematics,703.0,45.23471,70.83926,85.34851,94.16785,97.2973,99.7155
2020 to 21,East Midlands,A level,Geography,Total Geography,2327.0,11.34508,32.91792,61.28062,85.13107,95.61667,99.48431
2020 to 21,East Midlands,A level,ICT,Total ICT,0.0,,,,,,
2020 to 21,East Midlands,A level,Arts,Communication Studies,0.0,,,,,,
2020 to 21,East Midlands,A level,General studies,General Studies,0.0,,,,,,
2020 to 21,East Midlands,A level,Maths,Additional Mathematics,0.0,,,,,,
2020 to 21,East Midlands,A level,Classical studies,Classics (General),0.0,,,,,,
2020 to 21,East Midlands,A level,Arts,Drama & Theatre Studies,620.0,15.48387,44.83871,74.67742,94.03226,99.19355,100.0
2020 to 21,East Midlands,A level,Religious Studies,Total Religious Studies,834.0,14.14868,39.20863,70.5036,90.16787,97.36211,99.64029
2020 to 21,East Midlands,A level,Maths,Use of mathematics,0.0,,,,,,
2020 to 21,East Midlands,A level,Modern languages,German,151.0,22.51656,53.64238,76.15894,90.72848,99.33775,100.0
2020 to 21,East Midlands,A level,Classical studies,Total Classical studies,41.0,9.7561,36.58537,73.17073,92.68293,97.56098,100.0
2020 to 21,East Midlands,A level,Music,Total Music,331.0,19.33535,48.33837,77.6435,92.74924,98.18731,100.0
2020 to 21,East Midlands,A level,Art & Design,3d Studies,55.0,9.09091,27.27273,52.72727,74.54545,85.45455,96.36364
2020 to 21,East Midlands,A level,Psychology,Total Psychology,5368.0,10.43219,32.2839,59.81744,83.21535,93.87109,98.88227
2020 to 21,East Midlands,AS level,English,English language,210.0,0.0,10.0,31.90476,63.33333,80.95238,92.85714
2020 to 21,East Midlands,AS level,Humanities,Total Humanities,0.0,,,,,,
2020 to 21,East Midlands,AS level,Modern languages - other,Portuguese,0.0,,,,,,
2020 to 21,East Midlands,AS level,Music,Music,6.0,0.0,16.66667,50.0,66.66667,100.0,100.0
2020 to 21,East Midlands,AS level,Music,Music Technology,0.0,,,,,,
2020 to 21,East Midlands,AS level,Computer Science,Total Computer Science,80.0,0.0,28.75,52.5,77.5,90.0,97.5
2020 to 21,East Midlands,AS level,Maths - Further,Total Further Mathematics,341.0,0.0,59.82405,77.71261,89.14956,92.66862,97.3607
2020 to 21,East Midlands,AS level,Art & Design,3d Studies,5.0,0.0,0.0,0.0,20.0,60.0,100.0
2020 to 21,East Midlands,AS level,Art & Design,Photography,82.0,0.0,13.41463,41.46341,69.5122,79.26829,87.80488
2020 to 21,East Midlands,AS level,Maths,Additional Mathematics,0.0,,,,,,
2020 to 21,East Midlands,AS level,Geography,Total Geography,186.0,0.0,15.5914,36.02151,60.21505,80.64516,91.39785
2020 to 21,East Midlands,AS level,Science - other,Electronics,0.0,,,,,,
2020 to 21,East Midlands,AS level,Art & Design,Art and design,3.0,0.0,0.0,33.33333,100.0,100.0,100.0
2020 to 21,East Midlands,AS level,Anthropology,Total Anthropology,0.0,,,,,,
2020 to 21,East Midlands,AS level,Design and technology,D&T Product Design,14.0,0.0,14.28571,42.85714,57.14286,71.42857,100.0
2020 to 21,East Midlands,AS level,Classical studies,Ancient History,0.0,,,,,,
2020 to 21,East Midlands,AS level,Psychology,Total Psychology,672.0,0.0,21.72619,40.47619,61.16071,77.38095,91.22024
2020 to 21,East Midlands,AS level,Music,Total Music,6.0,0.0,16.66667,50.0,66.66667,100.0,100.0
2020 to 21,East Midlands,AS level,Science - Physics,Total Physics,233.0,0.0,24.46352,43.77682,63.09013,78.11159,93.56223
2020 to 21,East Midlands,AS level,Art & Design,Textiles,1.0,0.0,0.0,0.0,0.0,100.0,100.0
2020 to 21,East Midlands,AS level,Business Studies,Total Business Studies,272.0,0.0,15.44118,35.66176,62.13235,80.51471,91.91176
2020 to 21,East Midlands,AS level,General studies,Critical Thinking,0.0,,,,,,
2020 to 21,East Midlands,AS level,Modern languages,German,13.0,0.0,23.07692,69.23077,84.61538,100.0,100.0
2020 to 21,East Midlands,AS level,Art & Design,Graphics,2.0,0.0,0.0,50.0,100.0,100.0,100.0
2020 to 21,East Midlands,AS level,Science - Biology,Total Biology,467.0,0.0,22.69807,45.39615,65.09636,79.22912,92.07709
2020 to 21,East Midlands,AS level,Science - other,Environmental Science,1.0,0.0,100.0,100.0,100.0,100.0,100.0
2020 to 21,East Midlands,AS level,English,Total English,411.0,0.0,10.46229,32.60341,66.42336,86.3747,94.40389
2020 to 21,East Midlands,AS level,Maths,Use of mathematics,0.0,,,,,,
2020 to 21,East Midlands,AS level,Accounting and Finance,Total Accounting and finance,6.0,0.0,0.0,66.66667,100.0,100.0,100.0
2020 to 21,East Midlands,AS level,Economics,Total Economics,65.0,0.0,18.46154,46.15385,72.30769,87.69231,90.76923
2020 to 21,East Midlands,AS level,English,English literature,182.0,0.0,11.53846,32.96703,70.87912,93.40659,96.7033
2020 to 21,East Midlands,AS level,Design and technology,Design & Technology,0.0,,,,,,
2020 to 21,East Midlands,AS level,Modern languages - other,Irish,0.0,,,,,,
2020 to 21,East Midlands,AS level,Classical studies,Classical Greek,0.0,,,,,,
2020 to 21,East Midlands,AS level,Maths,Maths,431.0,0.0,23.20186,39.67517,56.38051,69.83759,82.59861
2020 to 21,East Midlands,AS level,Art & Design,History of Art,0.0,,,,,,
2020 to 21,East Midlands,AS level,Religious Studies,Total Religious Studies,51.0,0.0,11.76471,23.52941,54.90196,86.27451,94.11765
2020 to 21,East Midlands,AS level,History,Total History,296.0,0.0,17.22973,40.87838,69.25676,89.18919,97.2973
2020 to 21,East Midlands,AS level,Modern languages - other,Modern Hebrew,0.0,,,,,,
2020 to 21,East Midlands,AS level,Science - other,Science in Society,0.0,,,,,,
2020 to 21,East Midlands,AS level,Modern languages - other,Gujarati,0.0,,,,,,
2020 to 21,East Midlands,AS level,Design and technology,D&T Systems & Control,0.0,,,,,,
2020 to 21,East Midlands,AS level,Geography,Geography,186.0,0.0,15.5914,36.02151,60.21505,80.64516,91.39785
2020 to 21,East Midlands,AS level,Law,Total Law,62.0,0.0,17.74194,45.16129,70.96774,91.93548,96.77419
2020 to 21,East Midlands,AS level,Classical studies,Classics (General),0.0,,,,,,
2020 to 21,East Midlands,AS level,All subjects,Total subjects,5037.0,0.0,22.55311,42.72384,65.2968,81.57634,92.27715
2020 to 21,East Midlands,AS level,Classical studies,Latin,0.0,,,,,,
2020 to 21,East Midlands,AS level,General studies,Total General studies,0.0,,,,,,
2020 to 21,East Midlands,AS level,Physical Education,Dance,3.0,0.0,0.0,33.33333,66.66667,100.0,100.0
2020 to 21,East Midlands,AS level,Modern languages - other,Turkish,0.0,,,,,,
2020 to 21,East Midlands,AS level,Modern languages - other,Dutch,0.0,,,,,,
2020 to 21,East Midlands,AS level,Logic/Philosophy,Total Logic/ Philosophy,31.0,0.0,29.03226,48.3871,74.19355,93.54839,96.77419
2020 to 21,East Midlands,AS level,Classical studies,Other Classical Languages,0.0,,,,,,
2020 to 21,East Midlands,AS level,Modern languages,French,42.0,0.0,40.47619,61.90476,76.19048,90.47619,97.61905
2020 to 21,East Midlands,AS level,Art & Design,Fine Art,58.0,0.0,18.96552,46.55172,74.13793,82.75862,93.10345
2020 to 21,East Midlands,AS level,Maths,Mathematics (Pure),0.0,,,,,,
2020 to 21,East Midlands,AS level,Design and technology,D&T Engineering,6.0,0.0,0.0,16.66667,83.33333,83.33333,100.0
2020 to 21,East Midlands,AS level,Modern languages - other,Russian,0.0,,,,,,
2020 to 21,East Midlands,AS level,Archaeology,Total Archaeology,0.0,,,,,,
2020 to 21,East Midlands,AS level,Science - Chemistry,Total Chemistry,334.0,0.0,24.8503,38.62275,56.28743,80.83832,94.01198
2020 to 21,East Midlands,AS level,English,English language & literature,19.0,0.0,5.26316,36.84211,57.89474,78.94737,89.47368
2020 to 21,East Midlands,AS level,Modern languages - other,Total Other Modern Languages,0.0,,,,,,
2020 to 21,East Midlands,AS level,Modern languages - other,Welsh (Second Language),0.0,,,,,,
2020 to 21,East Midlands,AS level,Modern languages - other,Japanese,0.0,,,,,,
2020 to 21,East Midlands,AS level,Science - other,Total Other Sciences,2.0,0.0,50.0,50.0,50.0,50.0,100.0
2020 to 21,East Midlands,AS level,Classical studies,Classical Civilisation,4.0,0.0,50.0,75.0,75.0,100.0,100.0
2020 to 21,East Midlands,AS level,Maths,Total Maths,431.0,0.0,23.20186,39.67517,56.38051,69.83759,82.59861
2020 to 21,East Midlands,AS level,Physical Education,Total Physical Education,101.0,0.0,14.85149,39.60396,71.28713,89.10891,96.0396
2020 to 21,East Midlands,AS level,Modern languages - other,Modern Greek,0.0,,,,,,
2020 to 21,East Midlands,AS level,Modern languages - other,Chinese,0.0,,,,,,
2020 to 21,East Midlands,AS level,Sociology,Total Sociology,546.0,0.0,18.68132,36.44689,59.34066,76.92308,88.82784
2020 to 21,East Midlands,AS level,Design and technology,Total D&T,21.0,0.0,9.52381,33.33333,66.66667,76.19048,100.0
2020 to 21,East Midlands,AS level,Modern languages - other,Persian,0.0,,,,,,
2020 to 21,East Midlands,AS level,Modern languages - other,Arabic,0.0,,,,,,
2020 to 21,East Midlands,AS level,Citizenship studies,Total Citizenship studies,0.0,,,,,,
2020 to 21,East Midlands,AS level,Arts,Expressive Arts & Performance Studies,0.0,,,,,,
2020 to 21,East Midlands,AS level,Modern languages - other,Polish,0.0,,,,,,
2020 to 21,East Midlands,AS level,All facilitating subjects,Total facilitating subjects,2556.0,0.0,26.79969,46.28326,66.43192,82.23787,92.60563
2020 to 21,East Midlands,AS level,Design and technology,D&T Textiles Technology,1.0,0.0,0.0,0.0,100.0,100.0,100.0
2020 to 21,East Midlands,AS level,Science - other,Geology,1.0,0.0,0.0,0.0,0.0,0.0,100.0
2020 to 21,East Midlands,AS level,Modern languages - other,Bengali,0.0,,,,,,
2020 to 21,East Midlands,AS level,Arts,Drama & Theatre Studies,8.0,0.0,25.0,62.5,100.0,100.0,100.0
2020 to 21,East Midlands,AS level,Arts,Film Studies,38.0,0.0,7.89474,26.31579,60.52632,73.68421,89.47368
2020 to 21,East Midlands,AS level,Art & Design,Total Art & Design,151.0,0.0,14.56954,41.72185,70.19868,80.7947,90.72848
2020 to 21,East Midlands,AS level,Modern languages - other,Urdu,0.0,,,,,,
2020 to 21,East Midlands,AS level,Modern languages,Total Modern languages including Other,86.0,0.0,39.53488,65.11628,76.74419,91.86047,96.51163
2020 to 21,East Midlands,AS level,Government and politics,Total Government and Politics,81.0,0.0,28.39506,48.14815,71.60494,85.18519,93.82716
2020 to 21,East Midlands,AS level,General studies,General Studies,0.0,,,,,,
2020 to 21,East Midlands,AS level,Modern languages,Spanish,31.0,0.0,45.16129,67.74194,74.19355,90.32258,93.54839
2020 to 21,East Midlands,AS level,Arts,Total Arts,101.0,0.0,11.88119,39.60396,74.25743,89.10891,96.0396
2020 to 21,East Midlands,AS level,Maths,Mathematics (Statistics),0.0,,,,,,
2020 to 21,East Midlands,AS level,Home Economics,Total Home Economics,0.0,,,,,,
2020 to 21,East Midlands,AS level,Design and technology,D&T Food Technology,0.0,,,,,,
2020 to 21,East Midlands,AS level,Home Economics,Home Economics (Food),0.0,,,,,,
2020 to 21,East Midlands,AS level,Modern languages - other,Italian,0.0,,,,,,
2020 to 21,East Midlands,AS level,Arts,Media/Film/Tv Studies,55.0,0.0,12.72727,45.45455,80.0,98.18182,100.0
2020 to 21,East Midlands,AS level,Physical Education,Physical Education/Sports Studies,98.0,0.0,15.30612,39.79592,71.42857,88.77551,95.91837
2020 to 21,East Midlands,AS level,ICT,Total ICT,0.0,,,,,,
2020 to 21,East Midlands,AS level,Art & Design,Critical Studies,0.0,,,,,,
2020 to 21,East Midlands,AS level,Maths,Statistics,0.0,,,,,,
2020 to 21,East Midlands,AS level,Geography,Geography (World Development),0.0,,,,,,
2020 to 21,East Midlands,AS level,Arts,Creative Writing,0.0,,,,,,
2020 to 21,East Midlands,AS level,Arts,Communication Studies,0.0,,,,,,
2020 to 21,East Midlands,AS level,All STEM subjects,Total STEM subjects,1886.0,0.0,30.38176,48.83351,66.17179,80.11665,91.62248
2020 to 21,East Midlands,AS level,Classical studies,Total Classical studies,4.0,0.0,50.0,75.0,75.0,100.0,100.0
2020 to 21,East Midlands,AS level,Modern languages - other,Punjabi,0.0,,,,,,
2020 to 21,North East,AS level,English,English language,69.0,0.0,11.5942,43.47826,65.21739,91.30435,98.55072
2020 to 21,North East,AS level,Humanities,Total Humanities,0.0,,,,,,
2020 to 21,North East,AS level,Modern languages - other,Portuguese,0.0,,,,,,
2020 to 21,North East,AS level,Music,Music,3.0,0.0,66.66667,100.0,100.0,100.0,100.0
2020 to 21,North East,AS level,Music,Music Technology,0.0,,,,,,
2020 to 21,North East,AS level,Computer Science,Total Computer Science,46.0,0.0,13.04348,28.26087,56.52174,73.91304,86.95652
2020 to 21,North East,AS level,Maths - Further,Total Further Mathematics,213.0,0.0,56.80751,77.93427,89.67136,96.24413,98.59155
2020 to 21,North East,AS level,Art & Design,3d Studies,0.0,,,,,,
2020 to 21,North East,AS level,Art & Design,Photography,26.0,0.0,38.46154,73.07692,88.46154,92.30769,100.0
2020 to 21,North East,AS level,Maths,Additional Mathematics,0.0,,,,,,
2020 to 21,North East,AS level,Geography,Total Geography,73.0,0.0,16.43836,43.83562,65.75342,83.56164,95.89041
2020 to 21,North East,AS level,Science - other,Electronics,0.0,,,,,,
2020 to 21,North East,AS level,Art & Design,Art and design,6.0,0.0,16.66667,50.0,66.66667,66.66667,83.33333
2020 to 21,North East,AS level,Anthropology,Total Anthropology,0.0,,,,,,
2020 to 21,North East,AS level,Design and technology,D&T Product Design,0.0,,,,,,
2020 to 21,North East,AS level,Classical studies,Ancient History,0.0,,,,,,
2020 to 21,North East,AS level,Psychology,Total Psychology,254.0,0.0,19.68504,37.40157,59.84252,81.10236,94.88189
2020 to 21,North East,AS level,Music,Total Music,3.0,0.0,66.66667,100.0,100.0,100.0,100.0
2020 to 21,North East,AS level,Science - Physics,Total Physics,85.0,0.0,29.41176,47.05882,70.58824,83.52941,91.76471
2020 to 21,North East,AS level,Art & Design,Textiles,1.0,0.0,0.0,0.0,100.0,100.0,100.0
2020 to 21,North East,AS level,Business Studies,Total Business Studies,82.0,0.0,19.5122,50.0,75.60976,89.02439,96.34146
2020 to 21,North East,AS level,General studies,Critical Thinking,0.0,,,,,,
2020 to 21,North East,AS level,Modern languages,German,7.0,0.0,42.85714,71.42857,85.71429,100.0,100.0
2020 to 21,North East,AS level,Art & Design,Graphics,2.0,0.0,0.0,0.0,50.0,50.0,100.0
2020 to 21,North East,AS level,Science - Biology,Total Biology,179.0,0.0,27.93296,49.72067,73.18436,88.26816,96.08939
2020 to 21,North East,AS level,Science - other,Environmental Science,0.0,,,,,,
2020 to 21,North East,AS level,English,Total English,123.0,0.0,20.3252,52.03252,73.98374,94.30894,98.37398
2020 to 21,North East,AS level,Maths,Use of mathematics,0.0,,,,,,
2020 to 21,North East,AS level,Accounting and Finance,Total Accounting and finance,1.0,0.0,0.0,100.0,100.0,100.0,100.0
2020 to 21,North East,AS level,Economics,Total Economics,27.0,0.0,18.51852,51.85185,85.18519,96.2963,96.2963
2020 to 21,North East,AS level,English,English literature,53.0,0.0,30.18868,62.26415,84.90566,98.11321,98.11321
2020 to 21,North East,AS level,Design and technology,Design & Technology,0.0,,,,,,
2020 to 21,North East,AS level,Modern languages - other,Irish,0.0,,,,,,
2020 to 21,North East,AS level,Classical studies,Classical Greek,0.0,,,,,,
2020 to 21,North East,AS level,Maths,Maths,211.0,0.0,33.17536,53.5545,68.72038,81.04265,92.41706
2020 to 21,North East,AS level,Art & Design,History of Art,0.0,,,,,,
2020 to 21,North East,AS level,Religious Studies,Total Religious Studies,41.0,0.0,24.39024,63.41463,75.60976,95.12195,97.56098
2020 to 21,North East,AS level,History,Total History,125.0,0.0,15.2,41.6,76.8,92.8,96.8
2020 to 21,North East,AS level,Modern languages - other,Modern Hebrew,0.0,,,,,,
2020 to 21,North East,AS level,Science - other,Science in Society,0.0,,,,,,
2020 to 21,North East,AS level,Modern languages - other,Gujarati,0.0,,,,,,
2020 to 21,North East,AS level,Design and technology,D&T Systems & Control,0.0,,,,,,
2020 to 21,North East,AS level,Geography,Geography,73.0,0.0,16.43836,43.83562,65.75342,83.56164,95.89041
2020 to 21,North East,AS level,Law,Total Law,123.0,0.0,24.39024,42.27642,63.41463,76.42276,95.93496
2020 to 21,North East,AS level,Classical studies,Classics (General),0.0,,,,,,
2020 to 21,North East,AS level,All subjects,Total subjects,2133.0,0.0,26.44163,49.17956,71.3549,86.12283,95.40553
2020 to 21,North East,AS level,Classical studies,Latin,1.0,0.0,100.0,100.0,100.0,100.0,100.0
2020 to 21,North East,AS level,General studies,Total General studies,0.0,,,,,,
2020 to 21,North East,AS level,Physical Education,Dance,0.0,,,,,,
2020 to 21,North East,AS level,Modern languages - other,Turkish,0.0,,,,,,
2020 to 21,North East,AS level,Modern languages - other,Dutch,0.0,,,,,,
2020 to 21,North East,AS level,Logic/Philosophy,Total Logic/ Philosophy,1.0,0.0,100.0,100.0,100.0,100.0,100.0
2020 to 21,North East,AS level,Classical studies,Other Classical Languages,0.0,,,,,,
2020 to 21,North East,AS level,Modern languages,French,19.0,0.0,36.84211,68.42105,84.21053,94.73684,100.0
2020 to 21,North East,AS level,Art & Design,Fine Art,26.0,0.0,30.76923,50.0,92.30769,92.30769,96.15385
2020 to 21,North East,AS level,Maths,Mathematics (Pure),0.0,,,,,,
2020 to 21,North East,AS level,Design and technology,D&T Engineering,0.0,,,,,,
2020 to 21,North East,AS level,Modern languages - other,Russian,0.0,,,,,,
2020 to 21,North East,AS level,Archaeology,Total Archaeology,0.0,,,,,,
2020 to 21,North East,AS level,Science - Chemistry,Total Chemistry,125.0,0.0,21.6,35.2,60.0,77.6,91.2
2020 to 21,North East,AS level,English,English language & literature,1.0,0.0,100.0,100.0,100.0,100.0,100.0
2020 to 21,North East,AS level,Modern languages - other,Total Other Modern Languages,0.0,,,,,,
2020 to 21,North East,AS level,Modern languages - other,Welsh (Second Language),0.0,,,,,,
2020 to 21,North East,AS level,Modern languages - other,Japanese,0.0,,,,,,
2020 to 21,North East,AS level,Science - other,Total Other Sciences,2.0,0.0,0.0,0.0,0.0,50.0,100.0
2020 to 21,North East,AS level,Classical studies,Classical Civilisation,5.0,0.0,0.0,20.0,80.0,100.0,100.0
2020 to 21,North East,AS level,Maths,Total Maths,211.0,0.0,33.17536,53.5545,68.72038,81.04265,92.41706
2020 to 21,North East,AS level,Physical Education,Total Physical Education,4.0,0.0,0.0,25.0,50.0,75.0,100.0
2020 to 21,North East,AS level,Modern languages - other,Modern Greek,0.0,,,,,,
2020 to 21,North East,AS level,Modern languages - other,Chinese,0.0,,,,,,
2020 to 21,North East,AS level,Sociology,Total Sociology,184.0,0.0,22.28261,48.36957,68.47826,83.69565,95.1087
2020 to 21,North East,AS level,Design and technology,Total D&T,0.0,,,,,,
2020 to 21,North East,AS level,Modern languages - other,Persian,0.0,,,,,,
2020 to 21,North East,AS level,Modern languages - other,Arabic,0.0,,,,,,
2020 to 21,North East,AS level,Citizenship studies,Total Citizenship studies,0.0,,,,,,
2020 to 21,North East,AS level,Arts,Expressive Arts & Performance Studies,0.0,,,,,,
2020 to 21,North East,AS level,Modern languages - other,Polish,0.0,,,,,,
2020 to 21,North East,AS level,All facilitating subjects,Total facilitating subjects,1099.0,0.0,32.30209,53.95814,74.52229,87.62511,95.26843
2020 to 21,North East,AS level,Design and technology,D&T Textiles Technology,0.0,,,,,,
2020 to 21,North East,AS level,Science - other,Geology,2.0,0.0,0.0,0.0,0.0,50.0,100.0
2020 to 21,North East,AS level,Modern languages - other,Bengali,0.0,,,,,,
2020 to 21,North East,AS level,Arts,Drama & Theatre Studies,6.0,0.0,0.0,16.66667,66.66667,83.33333,83.33333
2020 to 21,North East,AS level,Arts,Film Studies,29.0,0.0,17.24138,58.62069,79.31034,89.65517,93.10345
2020 to 21,North East,AS level,Art & Design,Total Art & Design,61.0,0.0,31.14754,57.37705,86.88525,88.52459,96.72131
2020 to 21,North East,AS level,Modern languages - other,Urdu,0.0,,,,,,
2020 to 21,North East,AS level,Modern languages,Total Modern languages including Other,34.0,0.0,41.17647,67.64706,79.41176,91.17647,100.0
2020 to 21,North East,AS level,Government and politics,Total Government and Politics,41.0,0.0,9.7561,26.82927,63.41463,82.92683,97.56098
2020 to 21,North East,AS level,General studies,General Studies,0.0,,,,,,
2020 to 21,North East,AS level,Modern languages,Spanish,8.0,0.0,50.0,62.5,62.5,75.0,100.0
2020 to 21,North East,AS level,Arts,Total Arts,89.0,0.0,17.97753,47.19101,77.52809,92.13483,95.50562
2020 to 21,North East,AS level,Maths,Mathematics (Statistics),0.0,,,,,,
2020 to 21,North East,AS level,Home Economics,Total Home Economics,0.0,,,,,,
2020 to 21,North East,AS level,Design and technology,D&T Food Technology,0.0,,,,,,
2020 to 21,North East,AS level,Home Economics,Home Economics (Food),0.0,,,,,,
2020 to 21,North East,AS level,Modern languages - other,Italian,0.0,,,,,,
2020 to 21,North East,AS level,Arts,Media/Film/Tv Studies,54.0,0.0,20.37037,44.44444,77.77778,94.44444,98.14815
2020 to 21,North East,AS level,Physical Education,Physical Education/Sports Studies,4.0,0.0,0.0,25.0,50.0,75.0,100.0
2020 to 21,North East,AS level,ICT,Total ICT,0.0,,,,,,
2020 to 21,North East,AS level,Art & Design,Critical Studies,0.0,,,,,,
2020 to 21,North East,AS level,Maths,Statistics,0.0,,,,,,
2020 to 21,North East,AS level,Geography,Geography (World Development),0.0,,,,,,
2020 to 21,North East,AS level,Arts,Creative Writing,0.0,,,,,,
2020 to 21,North East,AS level,Arts,Communication Studies,0.0,,,,,,
2020 to 21,North East,AS level,All STEM subjects,Total STEM subjects,859.0,0.0,34.80792,54.13271,73.10827,85.68102,94.17928
2020 to 21,North East,AS level,Classical studies,Total Classical studies,6.0,0.0,16.66667,33.33333,83.33333,100.0,100.0
2020 to 21,North East,AS level,Modern languages - other,Punjabi,0.0,,,,,,
2020 to 21,London,AS level,English,English language,12.0,0.0,8.33333,41.66667,66.66667,83.33333,91.66667
2020 to 21,London,AS level,Humanities,Total Humanities,0.0,,,,,,
2020 to 21,London,AS level,Modern languages - other,Portuguese,0.0,,,,,,
2020 to 21,London,AS level,Music,Music,16.0,0.0,68.75,87.5,100.0,100.0,100.0
2020 to 21,London,AS level,Music,Music Technology,7.0,0.0,0.0,42.85714,71.42857,85.71429,100.0
2020 to 21,London,AS level,Computer Science,Total Computer Science,234.0,0.0,54.2735,68.37607,80.34188,87.60684,95.29915
2020 to 21,London,AS level,Maths - Further,Total Further Mathematics,503.0,0.0,58.64811,77.33598,88.46918,92.04771,95.82505
2020 to 21,London,AS level,Art & Design,3d Studies,0.0,,,,,,
2020 to 21,London,AS level,Art & Design,Photography,86.0,0.0,19.76744,56.97674,84.88372,93.02326,98.83721
2020 to 21,London,AS level,Maths,Additional Mathematics,0.0,,,,,,
2020 to 21,London,AS level,Geography,Total Geography,207.0,0.0,38.64734,58.9372,74.39614,89.37198,96.13527
2020 to 21,London,AS level,Science - other,Electronics,0.0,,,,,,
2020 to 21,London,AS level,Art & Design,Art and design,35.0,0.0,48.57143,54.28571,91.42857,100.0,100.0
2020 to 21,London,AS level,Anthropology,Total Anthropology,0.0,,,,,,
2020 to 21,London,AS level,Design and technology,D&T Product Design,44.0,0.0,50.0,72.72727,88.63636,97.72727,100.0
2020 to 21,London,AS level,Classical studies,Ancient History,6.0,0.0,50.0,83.33333,100.0,100.0,100.0
2020 to 21,London,AS level,Psychology,Total Psychology,742.0,0.0,24.93261,48.11321,68.86792,83.15364,92.72237
2020 to 21,London,AS level,Music,Total Music,23.0,0.0,47.82609,73.91304,91.30435,95.65217,100.0
2020 to 21,London,AS level,Science - Physics,Total Physics,538.0,0.0,38.28996,57.80669,73.9777,86.6171,95.35316
2020 to 21,London,AS level,Art & Design,Textiles,7.0,0.0,28.57143,71.42857,85.71429,85.71429,100.0
2020 to 21,London,AS level,Business Studies,Total Business Studies,369.0,0.0,20.59621,44.17344,69.9187,86.72087,96.47696
2020 to 21,London,AS level,General studies,Critical Thinking,0.0,,,,,,
2020 to 21,London,AS level,Modern languages,German,47.0,0.0,48.93617,74.46809,91.48936,97.87234,100.0
2020 to 21,London,AS level,Art & Design,Graphics,20.0,0.0,40.0,85.0,100.0,100.0,100.0
2020 to 21,London,AS level,Science - Biology,Total Biology,837.0,0.0,28.91278,47.4313,63.79928,80.04779,90.08363
2020 to 21,London,AS level,Science - other,Environmental Science,0.0,,,,,,
2020 to 21,London,AS level,English,Total English,429.0,0.0,24.70862,53.84615,82.51748,95.1049,99.0676
2020 to 21,London,AS level,Maths,Use of mathematics,0.0,,,,,,
2020 to 21,London,AS level,Accounting and Finance,Total Accounting and finance,7.0,0.0,14.28571,57.14286,100.0,100.0,100.0
2020 to 21,London,AS level,Economics,Total Economics,521.0,0.0,38.38772,58.54127,74.66411,87.33205,95.58541
2020 to 21,London,AS level,English,English literature,369.0,0.0,25.20325,55.01355,83.73984,95.93496,99.45799
2020 to 21,London,AS level,Design and technology,Design & Technology,0.0,,,,,,
2020 to 21,London,AS level,Modern languages - other,Irish,0.0,,,,,,
2020 to 21,London,AS level,Classical studies,Classical Greek,3.0,0.0,66.66667,100.0,100.0,100.0,100.0
2020 to 21,London,AS level,Maths,Maths,1194.0,0.0,41.87605,57.62144,73.03183,82.57956,93.21608
2020 to 21,London,AS level,Art & Design,History of Art,0.0,,,,,,
2020 to 21,London,AS level,Religious Studies,Total Religious Studies,229.0,0.0,26.20087,50.21834,75.98253,89.51965,97.81659
2020 to 21,London,AS level,History,Total History,312.0,0.0,36.85897,66.34615,85.25641,96.79487,98.71795
2020 to 21,London,AS level,Modern languages - other,Modern Hebrew,0.0,,,,,,
2020 to 21,London,AS level,Science - other,Science in Society,0.0,,,,,,
2020 to 21,London,AS level,Modern languages - other,Gujarati,0.0,,,,,,
2020 to 21,London,AS level,Design and technology,D&T Systems & Control,0.0,,,,,,
2020 to 21,London,AS level,Geography,Geography,207.0,0.0,38.64734,58.9372,74.39614,89.37198,96.13527
2020 to 21,London,AS level,Law,Total Law,54.0,0.0,20.37037,37.03704,51.85185,62.96296,83.33333
2020 to 21,London,AS level,Classical studies,Classics (General),0.0,,,,,,
2020 to 21,London,AS level,All subjects,Total subjects,8416.0,0.0,34.173,54.82414,73.43156,86.01473,94.48669
2020 to 21,London,AS level,Classical studies,Latin,16.0,0.0,93.75,100.0,100.0,100.0,100.0
2020 to 21,London,AS level,General studies,Total General studies,0.0,,,,,,
2020 to 21,London,AS level,Physical Education,Dance,0.0,,,,,,
2020 to 21,London,AS level,Modern languages - other,Turkish,0.0,,,,,,
2020 to 21,London,AS level,Modern languages - other,Dutch,0.0,,,,,,
2020 to 21,London,AS level,Logic/Philosophy,Total Logic/ Philosophy,35.0,0.0,34.28571,60.0,74.28571,94.28571,100.0
2020 to 21,London,AS level,Classical studies,Other Classical Languages,0.0,,,,,,
2020 to 21,London,AS level,Modern languages,French,73.0,0.0,36.9863,61.64384,79.45205,90.41096,97.26027
2020 to 21,London,AS level,Art & Design,Fine Art,59.0,0.0,49.15254,69.49153,88.13559,89.83051,100.0
2020 to 21,London,AS level,Maths,Mathematics (Pure),0.0,,,,,,
2020 to 21,London,AS level,Design and technology,D&T Engineering,0.0,,,,,,
2020 to 21,London,AS level,Modern languages - other,Russian,0.0,,,,,,
2020 to 21,London,AS level,Archaeology,Total Archaeology,0.0,,,,,,
2020 to 21,London,AS level,Science - Chemistry,Total Chemistry,752.0,0.0,29.25532,47.73936,64.22872,80.18617,91.8883
2020 to 21,London,AS level,English,English language & literature,48.0,0.0,25.0,47.91667,77.08333,91.66667,97.91667
2020 to 21,London,AS level,Modern languages - other,Total Other Modern Languages,0.0,,,,,,
2020 to 21,London,AS level,Modern languages - other,Welsh (Second Language),0.0,,,,,,
2020 to 21,London,AS level,Modern languages - other,Japanese,0.0,,,,,,
2020 to 21,London,AS level,Science - other,Total Other Sciences,0.0,,,,,,
2020 to 21,London,AS level,Classical studies,Classical Civilisation,23.0,0.0,60.86957,60.86957,78.26087,82.6087,91.30435
2020 to 21,London,AS level,Maths,Total Maths,1194.0,0.0,41.87605,57.62144,73.03183,82.57956,93.21608
2020 to 21,London,AS level,Physical Education,Total Physical Education,17.0,0.0,41.17647,64.70588,88.23529,94.11765,94.11765
2020 to 21,London,AS level,Modern languages - other,Modern Greek,0.0,,,,,,
2020 to 21,London,AS level,Modern languages - other,Chinese,0.0,,,,,,
2020 to 21,London,AS level,Sociology,Total Sociology,549.0,0.0,23.13297,42.4408,67.57741,83.42441,93.62477
2020 to 21,London,AS level,Design and technology,Total D&T,44.0,0.0,50.0,72.72727,88.63636,97.72727,100.0
2020 to 21,London,AS level,Modern languages - other,Persian,0.0,,,,,,
2020 to 21,London,AS level,Modern languages - other,Arabic,0.0,,,,,,
2020 to 21,London,AS level,Citizenship studies,Total Citizenship studies,0.0,,,,,,
2020 to 21,London,AS level,Arts,Expressive Arts & Performance Studies,0.0,,,,,,
2020 to 21,London,AS level,Modern languages - other,Polish,0.0,,,,,,
2020 to 21,London,AS level,All facilitating subjects,Total facilitating subjects,4901.0,0.0,37.50255,57.37605,73.9645,85.83962,94.14405
2020 to 21,London,AS level,Design and technology,D&T Textiles Technology,0.0,,,,,,
2020 to 21,London,AS level,Science - other,Geology,0.0,,,,,,
2020 to 21,London,AS level,Modern languages - other,Bengali,0.0,,,,,,
2020 to 21,London,AS level,Arts,Drama & Theatre Studies,8.0,0.0,25.0,75.0,100.0,100.0,100.0
2020 to 21,London,AS level,Arts,Film Studies,31.0,0.0,48.3871,67.74194,90.32258,96.77419,100.0
2020 to 21,London,AS level,Art & Design,Total Art & Design,207.0,0.0,35.2657,63.28502,88.4058,93.71981,99.51691
2020 to 21,London,AS level,Modern languages - other,Urdu,0.0,,,,,,
2020 to 21,London,AS level,Modern languages,Total Modern languages including Other,170.0,0.0,41.17647,68.82353,85.29412,93.52941,98.82353
2020 to 21,London,AS level,Government and politics,Total Government and Politics,254.0,0.0,23.62205,45.66929,66.53543,85.03937,94.88189
2020 to 21,London,AS level,General studies,General Studies,0.0,,,,,,
2020 to 21,London,AS level,Modern languages,Spanish,50.0,0.0,40.0,74.0,88.0,94.0,100.0
2020 to 21,London,AS level,Arts,Total Arts,141.0,0.0,25.53191,49.64539,75.88652,90.78014,94.32624
2020 to 21,London,AS level,Maths,Mathematics (Statistics),0.0,,,,,,
2020 to 21,London,AS level,Home Economics,Total Home Economics,0.0,,,,,,
2020 to 21,London,AS level,Design and technology,D&T Food Technology,0.0,,,,,,
2020 to 21,London,AS level,Home Economics,Home Economics (Food),0.0,,,,,,
2020 to 21,London,AS level,Modern languages - other,Italian,0.0,,,,,,
2020 to 21,London,AS level,Arts,Media/Film/Tv Studies,102.0,0.0,18.62745,42.15686,69.60784,88.23529,92.15686
2020 to 21,London,AS level,Physical Education,Physical Education/Sports Studies,17.0,0.0,41.17647,64.70588,88.23529,94.11765,94.11765
2020 to 21,London,AS level,ICT,Total ICT,0.0,,,,,,
2020 to 21,London,AS level,Art & Design,Critical Studies,0.0,,,,,,
2020 to 21,London,AS level,Maths,Statistics,0.0,,,,,,
2020 to 21,London,AS level,Geography,Geography (World Development),0.0,,,,,,
2020 to 21,London,AS level,Arts,Creative Writing,0.0,,,,,,
2020 to 21,London,AS level,Arts,Communication Studies,0.0,,,,,,
2020 to 21,London,AS level,All STEM subjects,Total STEM subjects,4058.0,0.0,39.18186,56.77674,71.95663,83.61262,93.05076
2020 to 21,London,AS level,Classical studies,Total Classical studies,48.0,0.0,70.83333,79.16667,89.58333,91.66667,95.83333
2020 to 21,London,AS level,Modern languages - other,Punjabi,0.0,,,,,,
2020 to 21,South West,AS level,English,English language,191.0,0.0,7.8534,34.03141,66.49215,86.38743,96.85864
2020 to 21,South West,AS level,Humanities,Total Humanities,0.0,,,,,,
2020 to 21,South West,AS level,Modern languages - other,Portuguese,0.0,,,,,,
2020 to 21,South West,AS level,Music,Music,21.0,0.0,28.57143,71.42857,85.71429,85.71429,95.2381
2020 to 21,South West,AS level,Music,Music Technology,1.0,0.0,100.0,100.0,100.0,100.0,100.0
2020 to 21,South West,AS level,Computer Science,Total Computer Science,27.0,0.0,33.33333,44.44444,77.77778,88.88889,100.0
2020 to 21,South West,AS level,Maths - Further,Total Further Mathematics,358.0,0.0,60.05587,79.32961,89.38547,94.41341,98.32402
2020 to 21,South West,AS level,Art & Design,3d Studies,64.0,0.0,21.875,48.4375,71.875,85.9375,96.875
2020 to 21,South West,AS level,Art & Design,Photography,150.0,0.0,27.33333,60.66667,86.66667,92.66667,97.33333
2020 to 21,South West,AS level,Maths,Additional Mathematics,0.0,,,,,,
2020 to 21,South West,AS level,Geography,Total Geography,185.0,0.0,29.18919,47.56757,72.43243,87.56757,96.75676
2020 to 21,South West,AS level,Science - other,Electronics,2.0,0.0,50.0,50.0,50.0,50.0,100.0
2020 to 21,South West,AS level,Art & Design,Art and design,36.0,0.0,27.77778,69.44444,100.0,100.0,100.0
2020 to 21,South West,AS level,Anthropology,Total Anthropology,0.0,,,,,,
2020 to 21,South West,AS level,Design and technology,D&T Product Design,9.0,0.0,11.11111,55.55556,77.77778,77.77778,100.0
2020 to 21,South West,AS level,Classical studies,Ancient History,9.0,0.0,55.55556,77.77778,100.0,100.0,100.0
2020 to 21,South West,AS level,Psychology,Total Psychology,622.0,0.0,17.36334,39.06752,57.07395,76.20579,89.06752
2020 to 21,South West,AS level,Music,Total Music,22.0,0.0,31.81818,72.72727,86.36364,86.36364,95.45455
2020 to 21,South West,AS level,Science - Physics,Total Physics,259.0,0.0,23.55212,38.99614,60.61776,74.90347,89.96139
2020 to 21,South West,AS level,Art & Design,Textiles,8.0,0.0,12.5,50.0,100.0,100.0,100.0
2020 to 21,South West,AS level,Business Studies,Total Business Studies,319.0,0.0,14.10658,35.4232,60.18809,77.74295,92.78997
2020 to 21,South West,AS level,General studies,Critical Thinking,0.0,,,,,,
2020 to 21,South West,AS level,Modern languages,German,26.0,0.0,42.30769,65.38462,88.46154,92.30769,100.0
2020 to 21,South West,AS level,Art & Design,Graphics,85.0,0.0,34.11765,67.05882,87.05882,98.82353,100.0
2020 to 21,South West,AS level,Science - Biology,Total Biology,515.0,0.0,16.31068,36.69903,57.86408,78.05825,93.20388
2020 to 21,South West,AS level,Science - other,Environmental Science,114.0,0.0,12.2807,31.57895,54.38596,72.80702,87.7193
2020 to 21,South West,AS level,English,Total English,445.0,0.0,11.91011,36.17978,64.94382,86.29213,96.85393
2020 to 21,South West,AS level,Maths,Use of mathematics,0.0,,,,,,
2020 to 21,South West,AS level,Accounting and Finance,Total Accounting and finance,23.0,0.0,4.34783,4.34783,39.13043,47.82609,60.86957
2020 to 21,South West,AS level,Economics,Total Economics,182.0,0.0,15.38462,32.96703,51.64835,73.07692,88.46154
2020 to 21,South West,AS level,English,English literature,240.0,0.0,14.58333,36.66667,63.75,86.66667,97.08333
2020 to 21,South West,AS level,Design and technology,Design & Technology,0.0,,,,,,
2020 to 21,South West,AS level,Modern languages - other,Irish,0.0,,,,,,
2020 to 21,South West,AS level,Classical studies,Classical Greek,0.0,,,,,,
2020 to 21,South West,AS level,Maths,Maths,687.0,0.0,25.76419,40.17467,57.49636,72.19796,86.754
2020 to 21,South West,AS level,Art & Design,History of Art,0.0,,,,,,
2020 to 21,South West,AS level,Religious Studies,Total Religious Studies,110.0,0.0,21.81818,35.45455,55.45455,80.0,95.45455
2020 to 21,South West,AS level,History,Total History,297.0,0.0,17.17172,40.06734,64.64646,83.83838,96.2963
2020 to 21,South West,AS level,Modern languages - other,Modern Hebrew,0.0,,,,,,
2020 to 21,South West,AS level,Science - other,Science in Society,0.0,,,,,,
2020 to 21,South West,AS level,Modern languages - other,Gujarati,0.0,,,,,,
2020 to 21,South West,AS level,Design and technology,D&T Systems & Control,0.0,,,,,,
2020 to 21,South West,AS level,Geography,Geography,185.0,0.0,29.18919,47.56757,72.43243,87.56757,96.75676
2020 to 21,South West,AS level,Law,Total Law,222.0,0.0,14.86486,36.93694,60.81081,80.18018,91.89189
2020 to 21,South West,AS level,Classical studies,Classics (General),0.0,,,,,,
2020 to 21,South West,AS level,All subjects,Total subjects,6371.0,0.0,22.28849,43.36839,64.95056,81.21174,93.03092
2020 to 21,South West,AS level,Classical studies,Latin,0.0,,,,,,
2020 to 21,South West,AS level,General studies,Total General studies,0.0,,,,,,
2020 to 21,South West,AS level,Physical Education,Dance,1.0,0.0,0.0,100.0,100.0,100.0,100.0
2020 to 21,South West,AS level,Modern languages - other,Turkish,0.0,,,,,,
2020 to 21,South West,AS level,Modern languages - other,Dutch,0.0,,,,,,
2020 to 21,South West,AS level,Logic/Philosophy,Total Logic/ Philosophy,73.0,0.0,12.32877,34.24658,54.79452,69.86301,89.0411
2020 to 21,South West,AS level,Classical studies,Other Classical Languages,0.0,,,,,,
2020 to 21,South West,AS level,Modern languages,French,22.0,0.0,63.63636,77.27273,86.36364,90.90909,100.0
2020 to 21,South West,AS level,Art & Design,Fine Art,104.0,0.0,36.53846,62.5,81.73077,92.30769,98.07692
2020 to 21,South West,AS level,Maths,Mathematics (Pure),0.0,,,,,,
2020 to 21,South West,AS level,Design and technology,D&T Engineering,0.0,,,,,,
2020 to 21,South West,AS level,Modern languages - other,Russian,0.0,,,,,,
2020 to 21,South West,AS level,Archaeology,Total Archaeology,0.0,,,,,,
2020 to 21,South West,AS level,Science - Chemistry,Total Chemistry,330.0,0.0,22.72727,40.60606,58.78788,76.9697,93.63636
2020 to 21,South West,AS level,English,English language & literature,14.0,0.0,21.42857,57.14286,64.28571,78.57143,92.85714
2020 to 21,South West,AS level,Modern languages - other,Total Other Modern Languages,0.0,,,,,,
2020 to 21,South West,AS level,Modern languages - other,Welsh (Second Language),0.0,,,,,,
2020 to 21,South West,AS level,Modern languages - other,Japanese,0.0,,,,,,
2020 to 21,South West,AS level,Science - other,Total Other Sciences,158.0,0.0,15.18987,34.17722,56.96203,75.31646,89.87342
2020 to 21,South West,AS level,Classical studies,Classical Civilisation,59.0,0.0,28.81356,57.62712,74.57627,89.83051,94.91525
2020 to 21,South West,AS level,Maths,Total Maths,687.0,0.0,25.76419,40.17467,57.49636,72.19796,86.754
2020 to 21,South West,AS level,Physical Education,Total Physical Education,38.0,0.0,15.78947,26.31579,47.36842,73.68421,86.84211
2020 to 21,South West,AS level,Modern languages - other,Modern Greek,0.0,,,,,,
2020 to 21,South West,AS level,Modern languages - other,Chinese,0.0,,,,,,
2020 to 21,South West,AS level,Sociology,Total Sociology,463.0,0.0,18.35853,40.82073,65.65875,82.28942,92.87257
2020 to 21,South West,AS level,Design and technology,Total D&T,14.0,0.0,28.57143,71.42857,85.71429,85.71429,100.0
2020 to 21,South West,AS level,Modern languages - other,Persian,0.0,,,,,,
2020 to 21,South West,AS level,Modern languages - other,Arabic,0.0,,,,,,
2020 to 21,South West,AS level,Citizenship studies,Total Citizenship studies,0.0,,,,,,
2020 to 21,South West,AS level,Arts,Expressive Arts & Performance Studies,0.0,,,,,,
2020 to 21,South West,AS level,Modern languages - other,Polish,0.0,,,,,,
2020 to 21,South West,AS level,All facilitating subjects,Total facilitating subjects,2951.0,0.0,26.80447,45.40834,64.92714,80.61674,93.12098
2020 to 21,South West,AS level,Design and technology,D&T Textiles Technology,5.0,0.0,60.0,100.0,100.0,100.0,100.0
2020 to 21,South West,AS level,Science - other,Geology,42.0,0.0,21.42857,40.47619,64.28571,83.33333,95.2381
2020 to 21,South West,AS level,Modern languages - other,Bengali,0.0,,,,,,
2020 to 21,South West,AS level,Arts,Drama & Theatre Studies,63.0,0.0,12.69841,42.85714,74.60317,95.2381,96.8254
2020 to 21,South West,AS level,Arts,Film Studies,84.0,0.0,21.42857,47.61905,77.38095,92.85714,98.80952
2020 to 21,South West,AS level,Art & Design,Total Art & Design,448.0,0.0,29.6875,60.9375,84.59821,93.52679,98.21429
2020 to 21,South West,AS level,Modern languages - other,Urdu,0.0,,,,,,
2020 to 21,South West,AS level,Modern languages,Total Modern languages including Other,80.0,0.0,48.75,76.25,91.25,95.0,100.0
2020 to 21,South West,AS level,Government and politics,Total Government and Politics,145.0,0.0,19.31034,43.44828,71.72414,86.2069,95.17241
2020 to 21,South West,AS level,General studies,General Studies,0.0,,,,,,
2020 to 21,South West,AS level,Modern languages,Spanish,32.0,0.0,43.75,84.375,96.875,100.0,100.0
2020 to 21,South West,AS level,Arts,Total Arts,281.0,0.0,16.01423,42.34875,71.17438,87.90036,96.79715
2020 to 21,South West,AS level,Maths,Mathematics (Statistics),0.0,,,,,,
2020 to 21,South West,AS level,Home Economics,Total Home Economics,0.0,,,,,,
2020 to 21,South West,AS level,Design and technology,D&T Food Technology,0.0,,,,,,
2020 to 21,South West,AS level,Home Economics,Home Economics (Food),0.0,,,,,,
2020 to 21,South West,AS level,Modern languages - other,Italian,0.0,,,,,,
2020 to 21,South West,AS level,Arts,Media/Film/Tv Studies,134.0,0.0,14.1791,38.80597,65.67164,81.34328,95.52239
2020 to 21,South West,AS level,Physical Education,Physical Education/Sports Studies,37.0,0.0,16.21622,24.32432,45.94595,72.97297,86.48649
2020 to 21,South West,AS level,ICT,Total ICT,0.0,,,,,,
2020 to 21,South West,AS level,Art & Design,Critical Studies,1.0,0.0,0.0,0.0,0.0,100.0,100.0
2020 to 21,South West,AS level,Maths,Statistics,0.0,,,,,,
2020 to 21,South West,AS level,Geography,Geography (World Development),0.0,,,,,,
2020 to 21,South West,AS level,Arts,Creative Writing,0.0,,,,,,
2020 to 21,South West,AS level,Arts,Communication Studies,0.0,,,,,,
2020 to 21,South West,AS level,All STEM subjects,Total STEM subjects,2176.0,0.0,28.5386,45.77206,63.6489,78.49265,91.7739
2020 to 21,South West,AS level,Classical studies,Total Classical studies,68.0,0.0,32.35294,60.29412,77.94118,91.17647,95.58824
2020 to 21,South West,AS level,Modern languages - other,Punjabi,0.0,,,,,,
2020 to 21,West Midlands,AS level,English,English language,118.0,0.0,8.47458,33.89831,72.88136,88.13559,94.91525
2020 to 21,West Midlands,AS level,Humanities,Total Humanities,0.0,,,,,,
2020 to 21,West Midlands,AS level,Modern languages - other,Portuguese,0.0,,,,,,
2020 to 21,West Midlands,AS level,Music,Music,18.0,0.0,66.66667,83.33333,100.0,100.0,100.0
2020 to 21,West Midlands,AS level,Music,Music Technology,0.0,,,,,,
2020 to 21,West Midlands,AS level,Computer Science,Total Computer Science,114.0,0.0,15.78947,36.84211,72.80702,82.45614,92.98246
2020 to 21,West Midlands,AS level,Maths - Further,Total Further Mathematics,278.0,0.0,57.19424,71.58273,84.89209,93.16547,97.84173
2020 to 21,West Midlands,AS level,Art & Design,3d Studies,1.0,0.0,0.0,0.0,0.0,0.0,0.0
2020 to 21,West Midlands,AS level,Art & Design,Photography,78.0,0.0,15.38462,44.87179,82.05128,91.02564,94.87179
2020 to 21,West Midlands,AS level,Maths,Additional Mathematics,0.0,,,,,,
2020 to 21,West Midlands,AS level,Geography,Total Geography,145.0,0.0,24.13793,50.34483,77.93103,90.34483,99.31034
2020 to 21,West Midlands,AS level,Science - other,Electronics,0.0,,,,,,
2020 to 21,West Midlands,AS level,Art & Design,Art and design,5.0,0.0,80.0,80.0,100.0,100.0,100.0
2020 to 21,West Midlands,AS level,Anthropology,Total Anthropology,0.0,,,,,,
2020 to 21,West Midlands,AS level,Design and technology,D&T Product Design,16.0,0.0,25.0,62.5,93.75,100.0,100.0
2020 to 21,West Midlands,AS level,Classical studies,Ancient History,0.0,,,,,,
2020 to 21,West Midlands,AS level,Psychology,Total Psychology,922.0,0.0,15.18438,35.35792,59.65293,78.63341,93.27549
2020 to 21,West Midlands,AS level,Music,Total Music,18.0,0.0,66.66667,83.33333,100.0,100.0,100.0
2020 to 21,West Midlands,AS level,Science - Physics,Total Physics,246.0,0.0,19.10569,36.99187,54.87805,76.82927,93.90244
2020 to 21,West Midlands,AS level,Art & Design,Textiles,2.0,0.0,0.0,100.0,100.0,100.0,100.0
2020 to 21,West Midlands,AS level,Business Studies,Total Business Studies,391.0,0.0,11.76471,37.34015,71.3555,90.79284,98.46547
2020 to 21,West Midlands,AS level,General studies,Critical Thinking,0.0,,,,,,
2020 to 21,West Midlands,AS level,Modern languages,German,17.0,0.0,52.94118,76.47059,88.23529,88.23529,100.0
2020 to 21,West Midlands,AS level,Art & Design,Graphics,58.0,0.0,22.41379,55.17241,82.75862,98.27586,100.0
2020 to 21,West Midlands,AS level,Science - Biology,Total Biology,628.0,0.0,15.92357,35.03185,55.57325,76.43312,91.56051
2020 to 21,West Midlands,AS level,Science - other,Environmental Science,9.0,0.0,0.0,22.22222,66.66667,88.88889,100.0
2020 to 21,West Midlands,AS level,English,Total English,418.0,0.0,11.48325,34.92823,65.55024,87.55981,94.49761
2020 to 21,West Midlands,AS level,Maths,Use of mathematics,0.0,,,,,,
2020 to 21,West Midlands,AS level,Accounting and Finance,Total Accounting and finance,90.0,0.0,18.88889,38.88889,60.0,81.11111,94.44444
2020 to 21,West Midlands,AS level,Economics,Total Economics,111.0,0.0,9.90991,30.63063,61.26126,81.08108,93.69369
2020 to 21,West Midlands,AS level,English,English literature,218.0,0.0,11.46789,36.69725,64.6789,89.90826,95.41284
2020 to 21,West Midlands,AS level,Design and technology,Design & Technology,0.0,,,,,,
2020 to 21,West Midlands,AS level,Modern languages - other,Irish,0.0,,,,,,
2020 to 21,West Midlands,AS level,Classical studies,Classical Greek,0.0,,,,,,
2020 to 21,West Midlands,AS level,Maths,Maths,688.0,0.0,25.0,39.24419,56.8314,73.83721,90.84302
2020 to 21,West Midlands,AS level,Art & Design,History of Art,0.0,,,,,,
2020 to 21,West Midlands,AS level,Religious Studies,Total Religious Studies,228.0,0.0,21.49123,48.68421,84.64912,92.98246,98.24561
2020 to 21,West Midlands,AS level,History,Total History,308.0,0.0,10.38961,40.25974,69.15584,90.90909,98.05195
2020 to 21,West Midlands,AS level,Modern languages - other,Modern Hebrew,0.0,,,,,,
2020 to 21,West Midlands,AS level,Science - other,Science in Society,0.0,,,,,,
2020 to 21,West Midlands,AS level,Modern languages - other,Gujarati,0.0,,,,,,
2020 to 21,West Midlands,AS level,Design and technology,D&T Systems & Control,0.0,,,,,,
2020 to 21,West Midlands,AS level,Geography,Geography,145.0,0.0,24.13793,50.34483,77.93103,90.34483,99.31034
2020 to 21,West Midlands,AS level,Law,Total Law,291.0,0.0,18.90034,36.76976,65.2921,82.81787,94.84536
2020 to 21,West Midlands,AS level,Classical studies,Classics (General),0.0,,,,,,
2020 to 21,West Midlands,AS level,All subjects,Total subjects,7038.0,0.0,18.81216,40.01137,64.97585,82.6087,94.17448
2020 to 21,West Midlands,AS level,Classical studies,Latin,2.0,0.0,100.0,100.0,100.0,100.0,100.0
2020 to 21,West Midlands,AS level,General studies,Total General studies,0.0,,,,,,
2020 to 21,West Midlands,AS level,Physical Education,Dance,0.0,,,,,,
2020 to 21,West Midlands,AS level,Modern languages - other,Turkish,0.0,,,,,,
2020 to 21,West Midlands,AS level,Modern languages - other,Dutch,0.0,,,,,,
2020 to 21,West Midlands,AS level,Logic/Philosophy,Total Logic/ Philosophy,26.0,0.0,53.84615,76.92308,96.15385,100.0,100.0
2020 to 21,West Midlands,AS level,Classical studies,Other Classical Languages,0.0,,,,,,
2020 to 21,West Midlands,AS level,Modern languages,French,32.0,0.0,25.0,68.75,81.25,93.75,96.875
2020 to 21,West Midlands,AS level,Art & Design,Fine Art,73.0,0.0,30.13699,61.64384,89.0411,95.89041,98.63014
2020 to 21,West Midlands,AS level,Maths,Mathematics (Pure),0.0,,,,,,
2020 to 21,West Midlands,AS level,Design and technology,D&T Engineering,0.0,,,,,,
2020 to 21,West Midlands,AS level,Modern languages - other,Russian,0.0,,,,,,
2020 to 21,West Midlands,AS level,Archaeology,Total Archaeology,0.0,,,,,,
2020 to 21,West Midlands,AS level,Science - Chemistry,Total Chemistry,565.0,0.0,13.45133,30.61947,52.74336,73.80531,88.31858
2020 to 21,West Midlands,AS level,English,English language & literature,82.0,0.0,15.85366,31.70732,57.31707,80.4878,91.46341
2020 to 21,West Midlands,AS level,Modern languages - other,Total Other Modern Languages,0.0,,,,,,
2020 to 21,West Midlands,AS level,Modern languages - other,Welsh (Second Language),0.0,,,,,,
2020 to 21,West Midlands,AS level,Modern languages - other,Japanese,0.0,,,,,,
2020 to 21,West Midlands,AS level,Science - other,Total Other Sciences,52.0,0.0,9.61538,34.61538,65.38462,86.53846,98.07692
2020 to 21,West Midlands,AS level,Classical studies,Classical Civilisation,28.0,0.0,32.14286,60.71429,82.14286,96.42857,100.0
2020 to 21,West Midlands,AS level,Maths,Total Maths,688.0,0.0,25.0,39.24419,56.8314,73.83721,90.84302
2020 to 21,West Midlands,AS level,Physical Education,Total Physical Education,57.0,0.0,26.31579,47.36842,59.64912,85.96491,98.24561
2020 to 21,West Midlands,AS level,Modern languages - other,Modern Greek,0.0,,,,,,
2020 to 21,West Midlands,AS level,Modern languages - other,Chinese,0.0,,,,,,
2020 to 21,West Midlands,AS level,Sociology,Total Sociology,795.0,0.0,18.11321,39.87421,65.78616,82.13836,94.33962
2020 to 21,West Midlands,AS level,Design and technology,Total D&T,16.0,0.0,25.0,62.5,93.75,100.0,100.0
2020 to 21,West Midlands,AS level,Modern languages - other,Persian,0.0,,,,,,
2020 to 21,West Midlands,AS level,Modern languages - other,Arabic,0.0,,,,,,
2020 to 21,West Midlands,AS level,Citizenship studies,Total Citizenship studies,0.0,,,,,,
2020 to 21,West Midlands,AS level,Arts,Expressive Arts & Performance Studies,0.0,,,,,,
2020 to 21,West Midlands,AS level,Modern languages - other,Polish,0.0,,,,,,
2020 to 21,West Midlands,AS level,All facilitating subjects,Total facilitating subjects,3153.0,0.0,21.40818,40.72312,61.59213,80.30447,92.95909
2020 to 21,West Midlands,AS level,Design and technology,D&T Textiles Technology,0.0,,,,,,
2020 to 21,West Midlands,AS level,Science - other,Geology,43.0,0.0,11.62791,37.2093,65.11628,86.04651,97.67442
2020 to 21,West Midlands,AS level,Modern languages - other,Bengali,0.0,,,,,,
2020 to 21,West Midlands,AS level,Arts,Drama & Theatre Studies,13.0,0.0,23.07692,46.15385,69.23077,92.30769,100.0
2020 to 21,West Midlands,AS level,Arts,Film Studies,70.0,0.0,5.71429,32.85714,60.0,80.0,91.42857
2020 to 21,West Midlands,AS level,Art & Design,Total Art & Design,217.0,0.0,23.5023,54.37788,84.79263,94.47005,97.23502
2020 to 21,West Midlands,AS level,Modern languages - other,Urdu,0.0,,,,,,
2020 to 21,West Midlands,AS level,Modern languages,Total Modern languages including Other,75.0,0.0,36.0,69.33333,85.33333,93.33333,97.33333
2020 to 21,West Midlands,AS level,Government and politics,Total Government and Politics,130.0,0.0,17.69231,46.92308,70.76923,87.69231,94.61538
2020 to 21,West Midlands,AS level,General studies,General Studies,0.0,,,,,,
2020 to 21,West Midlands,AS level,Modern languages,Spanish,26.0,0.0,38.46154,65.38462,88.46154,96.15385,96.15385
2020 to 21,West Midlands,AS level,Arts,Total Arts,199.0,0.0,6.53266,31.15578,66.83417,84.92462,95.9799
2020 to 21,West Midlands,AS level,Maths,Mathematics (Statistics),0.0,,,,,,
2020 to 21,West Midlands,AS level,Home Economics,Total Home Economics,0.0,,,,,,
2020 to 21,West Midlands,AS level,Design and technology,D&T Food Technology,0.0,,,,,,
2020 to 21,West Midlands,AS level,Home Economics,Home Economics (Food),0.0,,,,,,
2020 to 21,West Midlands,AS level,Modern languages - other,Italian,0.0,,,,,,
2020 to 21,West Midlands,AS level,Arts,Media/Film/Tv Studies,116.0,0.0,5.17241,28.44828,70.68966,87.06897,98.27586
2020 to 21,West Midlands,AS level,Physical Education,Physical Education/Sports Studies,57.0,0.0,26.31579,47.36842,59.64912,85.96491,98.24561
2020 to 21,West Midlands,AS level,ICT,Total ICT,0.0,,,,,,
2020 to 21,West Midlands,AS level,Art & Design,Critical Studies,0.0,,,,,,
2020 to 21,West Midlands,AS level,Maths,Statistics,0.0,,,,,,
2020 to 21,West Midlands,AS level,Geography,Geography (World Development),0.0,,,,,,
2020 to 21,West Midlands,AS level,Arts,Creative Writing,0.0,,,,,,
2020 to 21,West Midlands,AS level,Arts,Communication Studies,0.0,,,,,,
2020 to 21,West Midlands,AS level,All STEM subjects,Total STEM subjects,2519.0,0.0,22.70742,39.4998,59.22985,77.29258,91.62366
2020 to 21,West Midlands,AS level,Classical studies,Total Classical studies,30.0,0.0,36.66667,63.33333,83.33333,96.66667,100.0
2020 to 21,West Midlands,AS level,Modern languages - other,Punjabi,0.0,,,,,,
2020 to 21,North West,AS level,English,English language,230.0,0.0,20.43478,46.08696,73.04348,89.13043,96.95652
2020 to 21,North West,AS level,Humanities,Total Humanities,0.0,,,,,,
2020 to 21,North West,AS level,Modern languages - other,Portuguese,0.0,,,,,,
2020 to 21,North West,AS level,Music,Music,25.0,0.0,52.0,84.0,92.0,96.0,100.0
2020 to 21,North West,AS level,Music,Music Technology,0.0,,,,,,
2020 to 21,North West,AS level,Computer Science,Total Computer Science,210.0,0.0,18.09524,38.57143,66.19048,85.2381,95.71429
2020 to 21,North West,AS level,Maths - Further,Total Further Mathematics,551.0,0.0,65.15426,82.57713,92.01452,96.55172,99.09256
2020 to 21,North West,AS level,Art & Design,3d Studies,75.0,0.0,26.66667,57.33333,77.33333,98.66667,100.0
2020 to 21,North West,AS level,Art & Design,Photography,88.0,0.0,32.95455,64.77273,90.90909,94.31818,95.45455
2020 to 21,North West,AS level,Maths,Additional Mathematics,0.0,,,,,,
2020 to 21,North West,AS level,Geography,Total Geography,219.0,0.0,20.09132,40.18265,66.66667,84.01826,94.97717
2020 to 21,North West,AS level,Science - other,Electronics,63.0,0.0,33.33333,53.96825,68.25397,80.95238,90.47619
2020 to 21,North West,AS level,Art & Design,Art and design,68.0,0.0,10.29412,26.47059,61.76471,85.29412,97.05882
2020 to 21,North West,AS level,Anthropology,Total Anthropology,0.0,,,,,,
2020 to 21,North West,AS level,Design and technology,D&T Product Design,27.0,0.0,11.11111,40.74074,74.07407,92.59259,96.2963
2020 to 21,North West,AS level,Classical studies,Ancient History,43.0,0.0,4.65116,32.55814,65.11628,81.39535,97.67442
2020 to 21,North West,AS level,Psychology,Total Psychology,870.0,0.0,21.03448,37.58621,56.78161,75.17241,89.42529
2020 to 21,North West,AS level,Music,Total Music,25.0,0.0,52.0,84.0,92.0,96.0,100.0
2020 to 21,North West,AS level,Science - Physics,Total Physics,287.0,0.0,22.64808,37.63066,53.3101,75.26132,90.2439
2020 to 21,North West,AS level,Art & Design,Textiles,45.0,0.0,37.77778,66.66667,97.77778,100.0,100.0
2020 to 21,North West,AS level,Business Studies,Total Business Studies,397.0,0.0,20.9068,44.33249,70.27708,85.39043,95.96977
2020 to 21,North West,AS level,General studies,Critical Thinking,0.0,,,,,,
2020 to 21,North West,AS level,Modern languages,German,11.0,0.0,63.63636,72.72727,72.72727,90.90909,100.0
2020 to 21,North West,AS level,Art & Design,Graphics,107.0,0.0,25.23364,55.14019,81.30841,91.58879,97.19626
2020 to 21,North West,AS level,Science - Biology,Total Biology,641.0,0.0,20.28081,37.5975,56.00624,72.85491,89.54758
2020 to 21,North West,AS level,Science - other,Environmental Science,20.0,0.0,5.0,35.0,50.0,90.0,95.0
2020 to 21,North West,AS level,English,Total English,525.0,0.0,20.0,47.2381,74.09524,90.85714,97.90476
2020 to 21,North West,AS level,Maths,Use of mathematics,0.0,,,,,,
2020 to 21,North West,AS level,Accounting and Finance,Total Accounting and finance,36.0,0.0,27.77778,58.33333,75.0,94.44444,100.0
2020 to 21,North West,AS level,Economics,Total Economics,196.0,0.0,15.30612,28.57143,59.18367,77.55102,92.85714
2020 to 21,North West,AS level,English,English literature,200.0,0.0,21.0,46.5,74.0,92.0,99.0
2020 to 21,North West,AS level,Design and technology,Design & Technology,0.0,,,,,,
2020 to 21,North West,AS level,Modern languages - other,Irish,0.0,,,,,,
2020 to 21,North West,AS level,Classical studies,Classical Greek,0.0,,,,,,
2020 to 21,North West,AS level,Maths,Maths,684.0,0.0,25.0,42.69006,59.79532,74.5614,87.5731
2020 to 21,North West,AS level,Art & Design,History of Art,0.0,,,,,,
2020 to 21,North West,AS level,Religious Studies,Total Religious Studies,140.0,0.0,20.0,40.71429,70.0,82.85714,94.28571
2020 to 21,North West,AS level,History,Total History,379.0,0.0,20.58047,40.10554,68.33773,84.16887,94.19525
2020 to 21,North West,AS level,Modern languages - other,Modern Hebrew,0.0,,,,,,
2020 to 21,North West,AS level,Science - other,Science in Society,0.0,,,,,,
2020 to 21,North West,AS level,Modern languages - other,Gujarati,0.0,,,,,,
2020 to 21,North West,AS level,Design and technology,D&T Systems & Control,0.0,,,,,,
2020 to 21,North West,AS level,Geography,Geography,219.0,0.0,20.09132,40.18265,66.66667,84.01826,94.97717
2020 to 21,North West,AS level,Law,Total Law,300.0,0.0,21.66667,40.0,57.33333,74.0,87.33333
2020 to 21,North West,AS level,Classical studies,Classics (General),0.0,,,,,,
2020 to 21,North West,AS level,All subjects,Total subjects,8129.0,0.0,25.11994,45.58986,67.24074,82.54398,93.51704
2020 to 21,North West,AS level,Classical studies,Latin,1.0,0.0,0.0,0.0,0.0,100.0,100.0
2020 to 21,North West,AS level,General studies,Total General studies,0.0,,,,,,
2020 to 21,North West,AS level,Physical Education,Dance,33.0,0.0,45.45455,75.75758,96.9697,100.0,100.0
2020 to 21,North West,AS level,Modern languages - other,Turkish,0.0,,,,,,
2020 to 21,North West,AS level,Modern languages - other,Dutch,0.0,,,,,,
2020 to 21,North West,AS level,Logic/Philosophy,Total Logic/ Philosophy,50.0,0.0,26.0,50.0,68.0,82.0,92.0
2020 to 21,North West,AS level,Classical studies,Other Classical Languages,0.0,,,,,,
2020 to 21,North West,AS level,Modern languages,French,52.0,0.0,40.38462,53.84615,76.92308,92.30769,98.07692
2020 to 21,North West,AS level,Art & Design,Fine Art,88.0,0.0,44.31818,75.0,93.18182,97.72727,100.0
2020 to 21,North West,AS level,Maths,Mathematics (Pure),0.0,,,,,,
2020 to 21,North West,AS level,Design and technology,D&T Engineering,0.0,,,,,,
2020 to 21,North West,AS level,Modern languages - other,Russian,0.0,,,,,,
2020 to 21,North West,AS level,Archaeology,Total Archaeology,0.0,,,,,,
2020 to 21,North West,AS level,Science - Chemistry,Total Chemistry,501.0,0.0,21.15768,39.52096,58.28343,76.2475,91.21756
2020 to 21,North West,AS level,English,English language & literature,95.0,0.0,16.84211,51.57895,76.84211,92.63158,97.89474
2020 to 21,North West,AS level,Modern languages - other,Total Other Modern Languages,0.0,,,,,,
2020 to 21,North West,AS level,Modern languages - other,Welsh (Second Language),0.0,,,,,,
2020 to 21,North West,AS level,Modern languages - other,Japanese,0.0,,,,,,
2020 to 21,North West,AS level,Science - other,Total Other Sciences,107.0,0.0,24.29907,44.85981,62.61682,83.17757,91.58879
2020 to 21,North West,AS level,Classical studies,Classical Civilisation,40.0,0.0,17.5,40.0,70.0,92.5,100.0
2020 to 21,North West,AS level,Maths,Total Maths,684.0,0.0,25.0,42.69006,59.79532,74.5614,87.5731
2020 to 21,North West,AS level,Physical Education,Total Physical Education,145.0,0.0,24.13793,50.34483,71.03448,86.2069,93.7931
2020 to 21,North West,AS level,Modern languages - other,Modern Greek,0.0,,,,,,
2020 to 21,North West,AS level,Modern languages - other,Chinese,0.0,,,,,,
2020 to 21,North West,AS level,Sociology,Total Sociology,703.0,0.0,20.76814,42.53201,67.42532,82.36131,97.0128
2020 to 21,North West,AS level,Design and technology,Total D&T,27.0,0.0,11.11111,40.74074,74.07407,92.59259,96.2963
2020 to 21,North West,AS level,Modern languages - other,Persian,0.0,,,,,,
2020 to 21,North West,AS level,Modern languages - other,Arabic,0.0,,,,,,
2020 to 21,North West,AS level,Citizenship studies,Total Citizenship studies,0.0,,,,,,
2020 to 21,North West,AS level,Arts,Expressive Arts & Performance Studies,0.0,,,,,,
2020 to 21,North West,AS level,Modern languages - other,Polish,0.0,,,,,,
2020 to 21,North West,AS level,All facilitating subjects,Total facilitating subjects,3583.0,0.0,29.27714,47.39045,66.20151,81.13313,92.54814
2020 to 21,North West,AS level,Design and technology,D&T Textiles Technology,0.0,,,,,,
2020 to 21,North West,AS level,Science - other,Geology,24.0,0.0,16.66667,29.16667,58.33333,83.33333,91.66667
2020 to 21,North West,AS level,Modern languages - other,Bengali,0.0,,,,,,
2020 to 21,North West,AS level,Arts,Drama & Theatre Studies,51.0,0.0,33.33333,62.7451,82.35294,96.07843,98.03922
2020 to 21,North West,AS level,Arts,Film Studies,91.0,0.0,19.78022,45.05495,78.02198,91.20879,93.40659
2020 to 21,North West,AS level,Art & Design,Total Art & Design,471.0,0.0,29.51168,57.96178,83.43949,94.26752,98.08917
2020 to 21,North West,AS level,Modern languages - other,Urdu,0.0,,,,,,
2020 to 21,North West,AS level,Modern languages,Total Modern languages including Other,120.0,0.0,45.0,59.16667,82.5,93.33333,97.5
2020 to 21,North West,AS level,Government and politics,Total Government and Politics,148.0,0.0,24.32432,50.67568,74.32432,84.45946,95.27027
2020 to 21,North West,AS level,General studies,General Studies,0.0,,,,,,
2020 to 21,North West,AS level,Modern languages,Spanish,57.0,0.0,45.61404,61.40351,89.47368,94.73684,96.49123
2020 to 21,North West,AS level,Arts,Total Arts,313.0,0.0,23.32268,51.11821,79.23323,92.65176,95.84665
2020 to 21,North West,AS level,Maths,Mathematics (Statistics),0.0,,,,,,
2020 to 21,North West,AS level,Home Economics,Total Home Economics,0.0,,,,,,
2020 to 21,North West,AS level,Design and technology,D&T Food Technology,0.0,,,,,,
2020 to 21,North West,AS level,Home Economics,Home Economics (Food),0.0,,,,,,
2020 to 21,North West,AS level,Modern languages - other,Italian,0.0,,,,,,
2020 to 21,North West,AS level,Arts,Media/Film/Tv Studies,171.0,0.0,22.22222,50.87719,78.94737,92.39766,96.49123
2020 to 21,North West,AS level,Physical Education,Physical Education/Sports Studies,112.0,0.0,17.85714,42.85714,63.39286,82.14286,91.96429
2020 to 21,North West,AS level,ICT,Total ICT,0.0,,,,,,
2020 to 21,North West,AS level,Art & Design,Critical Studies,0.0,,,,,,
2020 to 21,North West,AS level,Maths,Statistics,0.0,,,,,,
2020 to 21,North West,AS level,Geography,Geography (World Development),0.0,,,,,,
2020 to 21,North West,AS level,Arts,Creative Writing,0.0,,,,,,
2020 to 21,North West,AS level,Arts,Communication Studies,0.0,,,,,,
2020 to 21,North West,AS level,All STEM subjects,Total STEM subjects,2874.0,0.0,30.2366,47.84273,64.68337,79.54071,91.71886
2020 to 21,North West,AS level,Classical studies,Total Classical studies,84.0,0.0,10.71429,35.71429,66.66667,86.90476,98.80952
2020 to 21,North West,AS level,Modern languages - other,Punjabi,0.0,,,,,,
2020 to 21,Yorkshire and The Humber,AS level,English,English language,121.0,0.0,18.18182,44.6281,72.72727,95.04132,99.17355
2020 to 21,Yorkshire and The Humber,AS level,Humanities,Total Humanities,0.0,,,,,,
2020 to 21,Yorkshire and The Humber,AS level,Modern languages - other,Portuguese,0.0,,,,,,
2020 to 21,Yorkshire and The Humber,AS level,Music,Music,16.0,0.0,31.25,68.75,81.25,81.25,87.5
2020 to 21,Yorkshire and The Humber,AS level,Music,Music Technology,22.0,0.0,22.72727,50.0,72.72727,81.81818,100.0
2020 to 21,Yorkshire and The Humber,AS level,Computer Science,Total Computer Science,72.0,0.0,15.27778,31.94444,50.0,76.38889,83.33333
2020 to 21,Yorkshire and The Humber,AS level,Maths - Further,Total Further Mathematics,350.0,0.0,55.42857,75.14286,90.85714,96.57143,99.14286
2020 to 21,Yorkshire and The Humber,AS level,Art & Design,3d Studies,1.0,0.0,0.0,0.0,100.0,100.0,100.0
2020 to 21,Yorkshire and The Humber,AS level,Art & Design,Photography,86.0,0.0,36.04651,55.81395,76.74419,91.86047,98.83721
2020 to 21,Yorkshire and The Humber,AS level,Maths,Additional Mathematics,0.0,,,,,,
2020 to 21,Yorkshire and The Humber,AS level,Geography,Total Geography,134.0,0.0,26.1194,53.73134,76.1194,91.04478,98.50746
2020 to 21,Yorkshire and The Humber,AS level,Science - other,Electronics,1.0,0.0,0.0,100.0,100.0,100.0,100.0
2020 to 21,Yorkshire and The Humber,AS level,Art & Design,Art and design,2.0,0.0,100.0,100.0,100.0,100.0,100.0
2020 to 21,Yorkshire and The Humber,AS level,Anthropology,Total Anthropology,0.0,,,,,,
2020 to 21,Yorkshire and The Humber,AS level,Design and technology,D&T Product Design,19.0,0.0,10.52632,26.31579,52.63158,84.21053,89.47368
2020 to 21,Yorkshire and The Humber,AS level,Classical studies,Ancient History,53.0,0.0,22.64151,62.26415,81.13208,88.67925,94.33962
2020 to 21,Yorkshire and The Humber,AS level,Psychology,Total Psychology,393.0,0.0,15.77608,36.89567,59.28753,79.13486,91.85751
2020 to 21,Yorkshire and The Humber,AS level,Music,Total Music,38.0,0.0,26.31579,57.89474,76.31579,81.57895,94.73684
2020 to 21,Yorkshire and The Humber,AS level,Science - Physics,Total Physics,167.0,0.0,25.7485,46.70659,62.87425,83.83234,92.81437
2020 to 21,Yorkshire and The Humber,AS level,Art & Design,Textiles,11.0,0.0,45.45455,72.72727,90.90909,100.0,100.0
2020 to 21,Yorkshire and The Humber,AS level,Business Studies,Total Business Studies,204.0,0.0,10.29412,37.7451,69.11765,89.70588,96.07843
2020 to 21,Yorkshire and The Humber,AS level,General studies,Critical Thinking,0.0,,,,,,
2020 to 21,Yorkshire and The Humber,AS level,Modern languages,German,14.0,0.0,42.85714,71.42857,92.85714,100.0,100.0
2020 to 21,Yorkshire and The Humber,AS level,Art & Design,Graphics,6.0,0.0,33.33333,50.0,66.66667,83.33333,100.0
2020 to 21,Yorkshire and The Humber,AS level,Science - Biology,Total Biology,277.0,0.0,18.77256,35.01805,53.4296,73.64621,87.36462
2020 to 21,Yorkshire and The Humber,AS level,Science - other,Environmental Science,0.0,,,,,,
2020 to 21,Yorkshire and The Humber,AS level,English,Total English,269.0,0.0,22.30483,45.72491,75.46468,93.6803,98.14126
2020 to 21,Yorkshire and The Humber,AS level,Maths,Use of mathematics,0.0,,,,,,
2020 to 21,Yorkshire and The Humber,AS level,Accounting and Finance,Total Accounting and finance,0.0,,,,,,
2020 to 21,Yorkshire and The Humber,AS level,Economics,Total Economics,106.0,0.0,13.20755,36.79245,59.43396,81.13208,95.28302
2020 to 21,Yorkshire and The Humber,AS level,English,English literature,104.0,0.0,31.73077,57.69231,84.61538,92.30769,96.15385
2020 to 21,Yorkshire and The Humber,AS level,Design and technology,Design & Technology,0.0,,,,,,
2020 to 21,Yorkshire and The Humber,AS level,Modern languages - other,Irish,0.0,,,,,,
2020 to 21,Yorkshire and The Humber,AS level,Classical studies,Classical Greek,0.0,,,,,,
2020 to 21,Yorkshire and The Humber,AS level,Maths,Maths,501.0,0.0,24.5509,40.71856,57.88423,69.86028,85.82834
2020 to 21,Yorkshire and The Humber,AS level,Art & Design,History of Art,0.0,,,,,,
2020 to 21,Yorkshire and The Humber,AS level,Religious Studies,Total Religious Studies,116.0,0.0,30.17241,56.89655,80.17241,92.24138,95.68966
2020 to 21,Yorkshire and The Humber,AS level,History,Total History,169.0,0.0,29.5858,54.43787,78.69822,94.08284,98.81657
2020 to 21,Yorkshire and The Humber,AS level,Modern languages - other,Modern Hebrew,0.0,,,,,,
2020 to 21,Yorkshire and The Humber,AS level,Science - other,Science in Society,0.0,,,,,,
2020 to 21,Yorkshire and The Humber,AS level,Modern languages - other,Gujarati,0.0,,,,,,
2020 to 21,Yorkshire and The Humber,AS level,Design and technology,D&T Systems & Control,0.0,,,,,,
2020 to 21,Yorkshire and The Humber,AS level,Geography,Geography,134.0,0.0,26.1194,53.73134,76.1194,91.04478,98.50746
2020 to 21,Yorkshire and The Humber,AS level,Law,Total Law,155.0,0.0,23.22581,54.83871,76.77419,88.3871,96.77419
2020 to 21,Yorkshire and The Humber,AS level,Classical studies,Classics (General),0.0,,,,,,
2020 to 21,Yorkshire and The Humber,AS level,All subjects,Total subjects,4047.0,0.0,25.79689,48.085,69.40944,84.68001,93.52607
2020 to 21,Yorkshire and The Humber,AS level,Classical studies,Latin,0.0,,,,,,
2020 to 21,Yorkshire and The Humber,AS level,General studies,Total General studies,0.0,,,,,,
2020 to 21,Yorkshire and The Humber,AS level,Physical Education,Dance,0.0,,,,,,
2020 to 21,Yorkshire and The Humber,AS level,Modern languages - other,Turkish,0.0,,,,,,
2020 to 21,Yorkshire and The Humber,AS level,Modern languages - other,Dutch,0.0,,,,,,
2020 to 21,Yorkshire and The Humber,AS level,Logic/Philosophy,Total Logic/ Philosophy,7.0,0.0,14.28571,28.57143,42.85714,71.42857,100.0
2020 to 21,Yorkshire and The Humber,AS level,Classical studies,Other Classical Languages,0.0,,,,,,
2020 to 21,Yorkshire and The Humber,AS level,Modern languages,French,23.0,0.0,26.08696,47.82609,73.91304,82.6087,82.6087
2020 to 21,Yorkshire and The Humber,AS level,Art & Design,Fine Art,38.0,0.0,28.94737,47.36842,84.21053,92.10526,97.36842
2020 to 21,Yorkshire and The Humber,AS level,Maths,Mathematics (Pure),0.0,,,,,,
2020 to 21,Yorkshire and The Humber,AS level,Design and technology,D&T Engineering,0.0,,,,,,
2020 to 21,Yorkshire and The Humber,AS level,Modern languages - other,Russian,0.0,,,,,,
2020 to 21,Yorkshire and The Humber,AS level,Archaeology,Total Archaeology,0.0,,,,,,
2020 to 21,Yorkshire and The Humber,AS level,Science - Chemistry,Total Chemistry,200.0,0.0,20.0,38.0,57.0,75.5,89.0
2020 to 21,Yorkshire and The Humber,AS level,English,English language & literature,44.0,0.0,11.36364,20.45455,61.36364,93.18182,100.0
2020 to 21,Yorkshire and The Humber,AS level,Modern languages - other,Total Other Modern Languages,0.0,,,,,,
2020 to 21,Yorkshire and The Humber,AS level,Modern languages - other,Welsh (Second Language),0.0,,,,,,
2020 to 21,Yorkshire and The Humber,AS level,Modern languages - other,Japanese,0.0,,,,,,
2020 to 21,Yorkshire and The Humber,AS level,Science - other,Total Other Sciences,15.0,0.0,13.33333,46.66667,80.0,93.33333,100.0
2020 to 21,Yorkshire and The Humber,AS level,Classical studies,Classical Civilisation,0.0,,,,,,
2020 to 21,Yorkshire and The Humber,AS level,Maths,Total Maths,501.0,0.0,24.5509,40.71856,57.88423,69.86028,85.82834
2020 to 21,Yorkshire and The Humber,AS level,Physical Education,Total Physical Education,30.0,0.0,23.33333,33.33333,40.0,60.0,83.33333
2020 to 21,Yorkshire and The Humber,AS level,Modern languages - other,Modern Greek,0.0,,,,,,
2020 to 21,Yorkshire and The Humber,AS level,Modern languages - other,Chinese,0.0,,,,,,
2020 to 21,Yorkshire and The Humber,AS level,Sociology,Total Sociology,297.0,0.0,27.27273,58.92256,78.11448,90.90909,96.633
2020 to 21,Yorkshire and The Humber,AS level,Design and technology,Total D&T,20.0,0.0,10.0,25.0,50.0,80.0,85.0
2020 to 21,Yorkshire and The Humber,AS level,Modern languages - other,Persian,0.0,,,,,,
2020 to 21,Yorkshire and The Humber,AS level,Modern languages - other,Arabic,0.0,,,,,,
2020 to 21,Yorkshire and The Humber,AS level,Citizenship studies,Total Citizenship studies,0.0,,,,,,
2020 to 21,Yorkshire and The Humber,AS level,Arts,Expressive Arts & Performance Studies,0.0,,,,,,
2020 to 21,Yorkshire and The Humber,AS level,Modern languages - other,Polish,0.0,,,,,,
2020 to 21,Yorkshire and The Humber,AS level,All facilitating subjects,Total facilitating subjects,1976.0,0.0,30.46559,50.0,68.62348,82.43927,92.10526
2020 to 21,Yorkshire and The Humber,AS level,Design and technology,D&T Textiles Technology,1.0,0.0,0.0,0.0,0.0,0.0,0.0
2020 to 21,Yorkshire and The Humber,AS level,Science - other,Geology,14.0,0.0,14.28571,42.85714,78.57143,92.85714,100.0
2020 to 21,Yorkshire and The Humber,AS level,Modern languages - other,Bengali,0.0,,,,,,
2020 to 21,Yorkshire and The Humber,AS level,Arts,Drama & Theatre Studies,29.0,0.0,41.37931,62.06897,86.2069,93.10345,100.0
2020 to 21,Yorkshire and The Humber,AS level,Arts,Film Studies,80.0,0.0,30.0,45.0,66.25,86.25,92.5
2020 to 21,Yorkshire and The Humber,AS level,Art & Design,Total Art & Design,144.0,0.0,35.41667,54.86111,79.86111,92.36111,98.61111
2020 to 21,Yorkshire and The Humber,AS level,Modern languages - other,Urdu,0.0,,,,,,
2020 to 21,Yorkshire and The Humber,AS level,Modern languages,Total Modern languages including Other,74.0,0.0,43.24324,62.16216,78.37838,93.24324,93.24324
2020 to 21,Yorkshire and The Humber,AS level,Government and politics,Total Government and Politics,77.0,0.0,32.46753,57.14286,80.51948,88.31169,93.50649
2020 to 21,Yorkshire and The Humber,AS level,General studies,General Studies,0.0,,,,,,
2020 to 21,Yorkshire and The Humber,AS level,Modern languages,Spanish,37.0,0.0,54.05405,67.56757,75.67568,97.2973,97.2973
2020 to 21,Yorkshire and The Humber,AS level,Arts,Total Arts,179.0,0.0,25.13966,46.36872,75.41899,89.94413,95.53073
2020 to 21,Yorkshire and The Humber,AS level,Maths,Mathematics (Statistics),0.0,,,,,,
2020 to 21,Yorkshire and The Humber,AS level,Home Economics,Total Home Economics,0.0,,,,,,
2020 to 21,Yorkshire and The Humber,AS level,Design and technology,D&T Food Technology,0.0,,,,,,
2020 to 21,Yorkshire and The Humber,AS level,Home Economics,Home Economics (Food),0.0,,,,,,
2020 to 21,Yorkshire and The Humber,AS level,Modern languages - other,Italian,0.0,,,,,,
2020 to 21,Yorkshire and The Humber,AS level,Arts,Media/Film/Tv Studies,70.0,0.0,12.85714,41.42857,81.42857,92.85714,97.14286
2020 to 21,Yorkshire and The Humber,AS level,Physical Education,Physical Education/Sports Studies,30.0,0.0,23.33333,33.33333,40.0,60.0,83.33333
2020 to 21,Yorkshire and The Humber,AS level,ICT,Total ICT,0.0,,,,,,
2020 to 21,Yorkshire and The Humber,AS level,Art & Design,Critical Studies,0.0,,,,,,
2020 to 21,Yorkshire and The Humber,AS level,Maths,Statistics,0.0,,,,,,
2020 to 21,Yorkshire and The Humber,AS level,Geography,Geography (World Development),0.0,,,,,,
2020 to 21,Yorkshire and The Humber,AS level,Arts,Creative Writing,0.0,,,,,,
2020 to 21,Yorkshire and The Humber,AS level,Arts,Communication Studies,0.0,,,,,,
2020 to 21,Yorkshire and The Humber,AS level,All STEM subjects,Total STEM subjects,1567.0,0.0,29.5469,47.28781,64.51819,79.00447,90.10849
2020 to 21,Yorkshire and The Humber,AS level,Classical studies,Total Classical studies,53.0,0.0,22.64151,62.26415,81.13208,88.67925,94.33962
2020 to 21,Yorkshire and The Humber,AS level,Modern languages - other,Punjabi,0.0,,,,,,
2020 to 21,South East,AS level,English,English language,46.0,0.0,19.56522,45.65217,76.08696,91.30435,97.82609
2020 to 21,South East,AS level,Humanities,Total Humanities,0.0,,,,,,
2020 to 21,South East,AS level,Modern languages - other,Portuguese,0.0,,,,,,
2020 to 21,South East,AS level,Music,Music,8.0,0.0,37.5,75.0,87.5,100.0,100.0
2020 to 21,South East,AS level,Music,Music Technology,2.0,0.0,100.0,100.0,100.0,100.0,100.0
2020 to 21,South East,AS level,Computer Science,Total Computer Science,89.0,0.0,44.94382,61.79775,78.65169,89.88764,98.8764
2020 to 21,South East,AS level,Maths - Further,Total Further Mathematics,833.0,0.0,61.34454,78.39136,88.11525,93.9976,97.35894
2020 to 21,South East,AS level,Art & Design,3d Studies,11.0,0.0,9.09091,27.27273,90.90909,90.90909,100.0
2020 to 21,South East,AS level,Art & Design,Photography,139.0,0.0,28.05755,59.71223,84.17266,92.80576,97.84173
2020 to 21,South East,AS level,Maths,Additional Mathematics,0.0,,,,,,
2020 to 21,South East,AS level,Geography,Total Geography,158.0,0.0,40.50633,61.39241,76.58228,87.34177,95.56962
2020 to 21,South East,AS level,Science - other,Electronics,5.0,0.0,20.0,40.0,40.0,80.0,100.0
2020 to 21,South East,AS level,Art & Design,Art and design,32.0,0.0,21.875,59.375,81.25,93.75,100.0
2020 to 21,South East,AS level,Anthropology,Total Anthropology,0.0,,,,,,
2020 to 21,South East,AS level,Design and technology,D&T Product Design,16.0,0.0,31.25,56.25,81.25,93.75,100.0
2020 to 21,South East,AS level,Classical studies,Ancient History,13.0,0.0,15.38462,46.15385,61.53846,69.23077,84.61538
2020 to 21,South East,AS level,Psychology,Total Psychology,471.0,0.0,24.41614,47.34607,73.03609,84.92569,93.20594
2020 to 21,South East,AS level,Music,Total Music,10.0,0.0,50.0,80.0,90.0,100.0,100.0
2020 to 21,South East,AS level,Science - Physics,Total Physics,274.0,0.0,27.0073,47.44526,63.13869,79.92701,93.79562
2020 to 21,South East,AS level,Art & Design,Textiles,30.0,0.0,36.66667,66.66667,93.33333,100.0,100.0
2020 to 21,South East,AS level,Business Studies,Total Business Studies,285.0,0.0,17.19298,37.54386,60.70175,80.70175,93.68421
2020 to 21,South East,AS level,General studies,Critical Thinking,0.0,,,,,,
2020 to 21,South East,AS level,Modern languages,German,31.0,0.0,48.3871,70.96774,83.87097,93.54839,96.77419
2020 to 21,South East,AS level,Art & Design,Graphics,49.0,0.0,16.32653,42.85714,73.46939,87.7551,100.0
2020 to 21,South East,AS level,Science - Biology,Total Biology,347.0,0.0,15.85014,40.63401,61.67147,74.35159,87.60807
2020 to 21,South East,AS level,Science - other,Environmental Science,15.0,0.0,6.66667,33.33333,53.33333,73.33333,100.0
2020 to 21,South East,AS level,English,Total English,258.0,0.0,22.48062,46.89922,75.96899,90.69767,98.06202
2020 to 21,South East,AS level,Maths,Use of mathematics,0.0,,,,,,
2020 to 21,South East,AS level,Accounting and Finance,Total Accounting and finance,35.0,0.0,11.42857,22.85714,45.71429,68.57143,91.42857
2020 to 21,South East,AS level,Economics,Total Economics,133.0,0.0,32.33083,54.88722,72.93233,82.70677,95.48872
2020 to 21,South East,AS level,English,English literature,146.0,0.0,25.34247,49.31507,76.71233,89.0411,97.94521
2020 to 21,South East,AS level,Design and technology,Design & Technology,0.0,,,,,,
2020 to 21,South East,AS level,Modern languages - other,Irish,0.0,,,,,,
2020 to 21,South East,AS level,Classical studies,Classical Greek,0.0,,,,,,
2020 to 21,South East,AS level,Maths,Maths,748.0,0.0,28.34225,46.79144,63.1016,78.60963,92.51337
2020 to 21,South East,AS level,Art & Design,History of Art,0.0,,,,,,
2020 to 21,South East,AS level,Religious Studies,Total Religious Studies,61.0,0.0,22.95082,45.90164,68.85246,90.16393,98.36066
2020 to 21,South East,AS level,History,Total History,219.0,0.0,17.3516,45.20548,74.42922,86.30137,98.17352
2020 to 21,South East,AS level,Modern languages - other,Modern Hebrew,0.0,,,,,,
2020 to 21,South East,AS level,Science - other,Science in Society,0.0,,,,,,
2020 to 21,South East,AS level,Modern languages - other,Gujarati,0.0,,,,,,
2020 to 21,South East,AS level,Design and technology,D&T Systems & Control,0.0,,,,,,
2020 to 21,South East,AS level,Geography,Geography,158.0,0.0,40.50633,61.39241,76.58228,87.34177,95.56962
2020 to 21,South East,AS level,Law,Total Law,85.0,0.0,17.64706,38.82353,68.23529,80.0,92.94118
2020 to 21,South East,AS level,Classical studies,Classics (General),0.0,,,,,,
2020 to 21,South East,AS level,All subjects,Total subjects,5627.0,0.0,31.02897,52.97672,72.61418,85.0542,94.61525
2020 to 21,South East,AS level,Classical studies,Latin,2.0,0.0,100.0,100.0,100.0,100.0,100.0
2020 to 21,South East,AS level,General studies,Total General studies,0.0,,,,,,
2020 to 21,South East,AS level,Physical Education,Dance,9.0,0.0,11.11111,88.88889,100.0,100.0,100.0
2020 to 21,South East,AS level,Modern languages - other,Turkish,0.0,,,,,,
2020 to 21,South East,AS level,Modern languages - other,Dutch,0.0,,,,,,
2020 to 21,South East,AS level,Logic/Philosophy,Total Logic/ Philosophy,25.0,0.0,52.0,72.0,92.0,92.0,96.0
2020 to 21,South East,AS level,Classical studies,Other Classical Languages,0.0,,,,,,
2020 to 21,South East,AS level,Modern languages,French,67.0,0.0,44.77612,79.10448,92.53731,98.50746,98.50746
2020 to 21,South East,AS level,Art & Design,Fine Art,61.0,0.0,27.86885,54.09836,80.32787,91.80328,100.0
2020 to 21,South East,AS level,Maths,Mathematics (Pure),0.0,,,,,,
2020 to 21,South East,AS level,Design and technology,D&T Engineering,0.0,,,,,,
2020 to 21,South East,AS level,Modern languages - other,Russian,0.0,,,,,,
2020 to 21,South East,AS level,Archaeology,Total Archaeology,0.0,,,,,,
2020 to 21,South East,AS level,Science - Chemistry,Total Chemistry,333.0,0.0,25.52553,49.24925,65.76577,77.77778,93.09309
2020 to 21,South East,AS level,English,English language & literature,66.0,0.0,18.18182,42.42424,74.24242,93.93939,98.48485
2020 to 21,South East,AS level,Modern languages - other,Total Other Modern Languages,0.0,,,,,,
2020 to 21,South East,AS level,Modern languages - other,Welsh (Second Language),0.0,,,,,,
2020 to 21,South East,AS level,Modern languages - other,Japanese,0.0,,,,,,
2020 to 21,South East,AS level,Science - other,Total Other Sciences,29.0,0.0,27.58621,48.27586,62.06897,82.75862,100.0
2020 to 21,South East,AS level,Classical studies,Classical Civilisation,9.0,0.0,22.22222,44.44444,66.66667,77.77778,77.77778
2020 to 21,South East,AS level,Maths,Total Maths,748.0,0.0,28.34225,46.79144,63.1016,78.60963,92.51337
2020 to 21,South East,AS level,Physical Education,Total Physical Education,71.0,0.0,29.57746,66.19718,83.09859,94.3662,98.59155
2020 to 21,South East,AS level,Modern languages - other,Modern Greek,0.0,,,,,,
2020 to 21,South East,AS level,Modern languages - other,Chinese,0.0,,,,,,
2020 to 21,South East,AS level,Sociology,Total Sociology,411.0,0.0,21.89781,44.76886,69.82968,84.67153,93.18735
2020 to 21,South East,AS level,Design and technology,Total D&T,16.0,0.0,31.25,56.25,81.25,93.75,100.0
2020 to 21,South East,AS level,Modern languages - other,Persian,0.0,,,,,,
2020 to 21,South East,AS level,Modern languages - other,Arabic,0.0,,,,,,
2020 to 21,South East,AS level,Citizenship studies,Total Citizenship studies,0.0,,,,,,
2020 to 21,South East,AS level,Arts,Expressive Arts & Performance Studies,0.0,,,,,,
2020 to 21,South East,AS level,Modern languages - other,Polish,0.0,,,,,,
2020 to 21,South East,AS level,All facilitating subjects,Total facilitating subjects,3244.0,0.0,35.91245,56.8434,73.05795,84.40197,94.26634
2020 to 21,South East,AS level,Design and technology,D&T Textiles Technology,0.0,,,,,,
2020 to 21,South East,AS level,Science - other,Geology,9.0,0.0,66.66667,77.77778,88.88889,100.0,100.0
2020 to 21,South East,AS level,Modern languages - other,Bengali,0.0,,,,,,
2020 to 21,South East,AS level,Arts,Drama & Theatre Studies,14.0,0.0,35.71429,78.57143,92.85714,100.0,100.0
2020 to 21,South East,AS level,Arts,Film Studies,16.0,0.0,6.25,25.0,31.25,75.0,93.75
2020 to 21,South East,AS level,Art & Design,Total Art & Design,323.0,0.0,25.69659,55.72755,82.66254,92.56966,99.07121
2020 to 21,South East,AS level,Modern languages - other,Urdu,0.0,,,,,,
2020 to 21,South East,AS level,Modern languages,Total Modern languages including Other,184.0,0.0,47.28261,73.91304,86.95652,93.47826,94.02174
2020 to 21,South East,AS level,Government and politics,Total Government and Politics,86.0,0.0,22.09302,38.37209,62.7907,75.5814,91.86047
2020 to 21,South East,AS level,General studies,General Studies,0.0,,,,,,
2020 to 21,South East,AS level,Modern languages,Spanish,86.0,0.0,48.83721,70.93023,83.72093,89.53488,89.53488
2020 to 21,South East,AS level,Arts,Total Arts,119.0,0.0,26.89076,48.7395,73.94958,92.43697,96.63866
2020 to 21,South East,AS level,Maths,Mathematics (Statistics),0.0,,,,,,
2020 to 21,South East,AS level,Home Economics,Total Home Economics,0.0,,,,,,
2020 to 21,South East,AS level,Design and technology,D&T Food Technology,0.0,,,,,,
2020 to 21,South East,AS level,Home Economics,Home Economics (Food),0.0,,,,,,
2020 to 21,South East,AS level,Modern languages - other,Italian,0.0,,,,,,
2020 to 21,South East,AS level,Arts,Media/Film/Tv Studies,89.0,0.0,29.21348,48.31461,78.65169,94.38202,96.62921
2020 to 21,South East,AS level,Physical Education,Physical Education/Sports Studies,62.0,0.0,32.25806,62.90323,80.64516,93.54839,98.3871
2020 to 21,South East,AS level,ICT,Total ICT,0.0,,,,,,
2020 to 21,South East,AS level,Art & Design,Critical Studies,1.0,0.0,0.0,100.0,100.0,100.0,100.0
2020 to 21,South East,AS level,Maths,Statistics,0.0,,,,,,
2020 to 21,South East,AS level,Geography,Geography (World Development),0.0,,,,,,
2020 to 21,South East,AS level,Arts,Creative Writing,0.0,,,,,,
2020 to 21,South East,AS level,Arts,Communication Studies,0.0,,,,,,
2020 to 21,South East,AS level,All STEM subjects,Total STEM subjects,2624.0,0.0,37.23323,56.89787,71.72256,83.34604,93.82622
2020 to 21,South East,AS level,Classical studies,Total Classical studies,24.0,0.0,25.0,50.0,66.66667,75.0,83.33333
2020 to 21,South East,AS level,Modern languages - other,Punjabi,0.0,,,,,,
2020 to 21,East of England,AS level,English,English language,44.0,0.0,31.81818,43.18182,70.45455,90.90909,97.72727
2020 to 21,East of England,AS level,Humanities,Total Humanities,0.0,,,,,,
2020 to 21,East of England,AS level,Modern languages - other,Portuguese,0.0,,,,,,
2020 to 21,East of England,AS level,Music,Music,18.0,0.0,50.0,94.44444,100.0,100.0,100.0
2020 to 21,East of England,AS level,Music,Music Technology,35.0,0.0,34.28571,60.0,74.28571,88.57143,97.14286
2020 to 21,East of England,AS level,Computer Science,Total Computer Science,100.0,0.0,33.0,54.0,77.0,89.0,97.0
2020 to 21,East of England,AS level,Maths - Further,Total Further Mathematics,337.0,0.0,58.45697,75.66766,86.64688,93.76855,97.62611
2020 to 21,East of England,AS level,Art & Design,3d Studies,28.0,0.0,7.14286,14.28571,32.14286,67.85714,92.85714
2020 to 21,East of England,AS level,Art & Design,Photography,94.0,0.0,10.6383,35.10638,67.02128,74.46809,88.29787
2020 to 21,East of England,AS level,Maths,Additional Mathematics,0.0,,,,,,
2020 to 21,East of England,AS level,Geography,Total Geography,166.0,0.0,27.10843,53.01205,77.10843,90.36145,96.38554
2020 to 21,East of England,AS level,Science - other,Electronics,0.0,,,,,,
2020 to 21,East of England,AS level,Art & Design,Art and design,13.0,0.0,7.69231,7.69231,23.07692,38.46154,53.84615
2020 to 21,East of England,AS level,Anthropology,Total Anthropology,0.0,,,,,,
2020 to 21,East of England,AS level,Design and technology,D&T Product Design,30.0,0.0,20.0,50.0,73.33333,83.33333,93.33333
2020 to 21,East of England,AS level,Classical studies,Ancient History,0.0,,,,,,
2020 to 21,East of England,AS level,Psychology,Total Psychology,538.0,0.0,25.83643,48.14126,72.86245,87.17472,97.02602
2020 to 21,East of England,AS level,Music,Total Music,53.0,0.0,39.62264,71.69811,83.01887,92.45283,98.11321
2020 to 21,East of England,AS level,Science - Physics,Total Physics,233.0,0.0,27.03863,40.77253,62.66094,79.39914,93.99142
2020 to 21,East of England,AS level,Art & Design,Textiles,39.0,0.0,25.64103,58.97436,71.79487,79.48718,97.4359
2020 to 21,East of England,AS level,Business Studies,Total Business Studies,231.0,0.0,22.94372,47.18615,74.45887,89.17749,98.2684
2020 to 21,East of England,AS level,General studies,Critical Thinking,0.0,,,,,,
2020 to 21,East of England,AS level,Modern languages,German,28.0,0.0,32.14286,67.85714,92.85714,96.42857,96.42857
2020 to 21,East of England,AS level,Art & Design,Graphics,22.0,0.0,22.72727,40.90909,72.72727,81.81818,86.36364
2020 to 21,East of England,AS level,Science - Biology,Total Biology,339.0,0.0,24.48378,41.29794,61.9469,81.71091,92.33038
2020 to 21,East of England,AS level,Science - other,Environmental Science,39.0,0.0,25.64103,46.15385,71.79487,89.74359,100.0
2020 to 21,East of England,AS level,English,Total English,342.0,0.0,20.46784,44.15205,72.51462,87.4269,97.07602
2020 to 21,East of England,AS level,Maths,Use of mathematics,0.0,,,,,,
2020 to 21,East of England,AS level,Accounting and Finance,Total Accounting and finance,1.0,0.0,0.0,0.0,0.0,0.0,0.0
2020 to 21,East of England,AS level,Economics,Total Economics,188.0,0.0,26.06383,51.06383,73.93617,89.3617,95.21277
2020 to 21,East of England,AS level,English,English literature,185.0,0.0,19.45946,45.94595,70.81081,86.48649,97.2973
2020 to 21,East of England,AS level,Design and technology,Design & Technology,0.0,,,,,,
2020 to 21,East of England,AS level,Modern languages - other,Irish,0.0,,,,,,
2020 to 21,East of England,AS level,Classical studies,Classical Greek,0.0,,,,,,
2020 to 21,East of England,AS level,Maths,Maths,714.0,0.0,30.81232,46.4986,60.08403,73.80952,90.05602
2020 to 21,East of England,AS level,Art & Design,History of Art,0.0,,,,,,
2020 to 21,East of England,AS level,Religious Studies,Total Religious Studies,79.0,0.0,39.24051,65.82278,83.5443,94.93671,97.46835
2020 to 21,East of England,AS level,History,Total History,169.0,0.0,24.85207,52.66272,76.92308,92.30769,97.04142
2020 to 21,East of England,AS level,Modern languages - other,Modern Hebrew,0.0,,,,,,
2020 to 21,East of England,AS level,Science - other,Science in Society,0.0,,,,,,
2020 to 21,East of England,AS level,Modern languages - other,Gujarati,0.0,,,,,,
2020 to 21,East of England,AS level,Design and technology,D&T Systems & Control,0.0,,,,,,
2020 to 21,East of England,AS level,Geography,Geography,166.0,0.0,27.10843,53.01205,77.10843,90.36145,96.38554
2020 to 21,East of England,AS level,Law,Total Law,190.0,0.0,20.52632,43.68421,65.26316,83.15789,95.78947
2020 to 21,East of England,AS level,Classical studies,Classics (General),0.0,,,,,,
2020 to 21,East of England,AS level,All subjects,Total subjects,5208.0,0.0,28.53303,49.84639,70.89094,84.94624,95.19969
2020 to 21,East of England,AS level,Classical studies,Latin,6.0,0.0,50.0,100.0,100.0,100.0,100.0
2020 to 21,East of England,AS level,General studies,Total General studies,0.0,,,,,,
2020 to 21,East of England,AS level,Physical Education,Dance,3.0,0.0,0.0,66.66667,100.0,100.0,100.0
2020 to 21,East of England,AS level,Modern languages - other,Turkish,0.0,,,,,,
2020 to 21,East of England,AS level,Modern languages - other,Dutch,0.0,,,,,,
2020 to 21,East of England,AS level,Logic/Philosophy,Total Logic/ Philosophy,4.0,0.0,25.0,75.0,75.0,75.0,100.0
2020 to 21,East of England,AS level,Classical studies,Other Classical Languages,0.0,,,,,,
2020 to 21,East of England,AS level,Modern languages,French,42.0,0.0,30.95238,57.14286,85.71429,90.47619,97.61905
2020 to 21,East of England,AS level,Art & Design,Fine Art,78.0,0.0,23.07692,48.71795,71.79487,83.33333,93.58974
2020 to 21,East of England,AS level,Maths,Mathematics (Pure),0.0,,,,,,
2020 to 21,East of England,AS level,Design and technology,D&T Engineering,0.0,,,,,,
2020 to 21,East of England,AS level,Modern languages - other,Russian,0.0,,,,,,
2020 to 21,East of England,AS level,Archaeology,Total Archaeology,0.0,,,,,,
2020 to 21,East of England,AS level,Science - Chemistry,Total Chemistry,276.0,0.0,26.08696,42.3913,66.30435,80.7971,94.92754
2020 to 21,East of England,AS level,English,English language & literature,113.0,0.0,17.69912,41.59292,76.10619,87.61062,96.46018
2020 to 21,East of England,AS level,Modern languages - other,Total Other Modern Languages,0.0,,,,,,
2020 to 21,East of England,AS level,Modern languages - other,Welsh (Second Language),0.0,,,,,,
2020 to 21,East of England,AS level,Modern languages - other,Japanese,0.0,,,,,,
2020 to 21,East of England,AS level,Science - other,Total Other Sciences,47.0,0.0,31.91489,53.19149,74.46809,91.48936,100.0
2020 to 21,East of England,AS level,Classical studies,Classical Civilisation,0.0,,,,,,
2020 to 21,East of England,AS level,Maths,Total Maths,714.0,0.0,30.81232,46.4986,60.08403,73.80952,90.05602
2020 to 21,East of England,AS level,Physical Education,Total Physical Education,37.0,0.0,27.02703,67.56757,86.48649,97.2973,100.0
2020 to 21,East of England,AS level,Modern languages - other,Modern Greek,0.0,,,,,,
2020 to 21,East of England,AS level,Modern languages - other,Chinese,0.0,,,,,,
2020 to 21,East of England,AS level,Sociology,Total Sociology,405.0,0.0,27.16049,49.1358,71.85185,86.41975,97.03704
2020 to 21,East of England,AS level,Design and technology,Total D&T,30.0,0.0,20.0,50.0,73.33333,83.33333,93.33333
2020 to 21,East of England,AS level,Modern languages - other,Persian,0.0,,,,,,
2020 to 21,East of England,AS level,Modern languages - other,Arabic,0.0,,,,,,
2020 to 21,East of England,AS level,Citizenship studies,Total Citizenship studies,0.0,,,,,,
2020 to 21,East of England,AS level,Arts,Expressive Arts & Performance Studies,0.0,,,,,,
2020 to 21,East of England,AS level,Modern languages - other,Polish,0.0,,,,,,
2020 to 21,East of England,AS level,All facilitating subjects,Total facilitating subjects,2548.0,0.0,31.43642,50.27473,69.07378,83.00628,94.07378
2020 to 21,East of England,AS level,Design and technology,D&T Textiles Technology,0.0,,,,,,
2020 to 21,East of England,AS level,Science - other,Geology,8.0,0.0,62.5,87.5,87.5,100.0,100.0
2020 to 21,East of England,AS level,Modern languages - other,Bengali,0.0,,,,,,
2020 to 21,East of England,AS level,Arts,Drama & Theatre Studies,24.0,0.0,41.66667,66.66667,79.16667,91.66667,95.83333
2020 to 21,East of England,AS level,Arts,Film Studies,38.0,0.0,18.42105,55.26316,68.42105,81.57895,97.36842
2020 to 21,East of England,AS level,Art & Design,Total Art & Design,274.0,0.0,16.78832,39.41606,63.86861,75.91241,89.78102
2020 to 21,East of England,AS level,Modern languages - other,Urdu,0.0,,,,,,
2020 to 21,East of England,AS level,Modern languages,Total Modern languages including Other,123.0,0.0,32.52033,60.1626,85.36585,93.49593,98.37398
2020 to 21,East of England,AS level,Government and politics,Total Government and Politics,160.0,0.0,39.375,65.625,82.5,94.375,100.0
2020 to 21,East of England,AS level,General studies,General Studies,0.0,,,,,,
2020 to 21,East of England,AS level,Modern languages,Spanish,53.0,0.0,33.96226,58.49057,81.13208,94.33962,100.0
2020 to 21,East of England,AS level,Arts,Total Arts,166.0,0.0,21.08434,46.98795,66.86747,84.33735,95.18072
2020 to 21,East of England,AS level,Maths,Mathematics (Statistics),0.0,,,,,,
2020 to 21,East of England,AS level,Home Economics,Total Home Economics,0.0,,,,,,
2020 to 21,East of England,AS level,Design and technology,D&T Food Technology,0.0,,,,,,
2020 to 21,East of England,AS level,Home Economics,Home Economics (Food),0.0,,,,,,
2020 to 21,East of England,AS level,Modern languages - other,Italian,0.0,,,,,,
2020 to 21,East of England,AS level,Arts,Media/Film/Tv Studies,104.0,0.0,17.30769,39.42308,63.46154,83.65385,94.23077
2020 to 21,East of England,AS level,Physical Education,Physical Education/Sports Studies,34.0,0.0,29.41176,67.64706,85.29412,97.05882,100.0
2020 to 21,East of England,AS level,ICT,Total ICT,0.0,,,,,,
2020 to 21,East of England,AS level,Art & Design,Critical Studies,0.0,,,,,,
2020 to 21,East of England,AS level,Maths,Statistics,0.0,,,,,,
2020 to 21,East of England,AS level,Geography,Geography (World Development),0.0,,,,,,
2020 to 21,East of England,AS level,Arts,Creative Writing,0.0,,,,,,
2020 to 21,East of England,AS level,Arts,Communication Studies,0.0,,,,,,
2020 to 21,East of England,AS level,All STEM subjects,Total STEM subjects,1999.0,0.0,33.41671,49.67484,66.88344,80.89045,93.1966
2020 to 21,East of England,AS level,Classical studies,Total Classical studies,6.0,0.0,50.0,100.0,100.0,100.0,100.0
2020 to 21,East of England,AS level,Modern languages - other,Punjabi,0.0,,,,,,
2021 to 22,South West,A level,Modern languages - other,Chinese,31.0,29.03226,48.3871,74.19355,87.09677,90.32258,90.32258
2021 to 22,South West,A level,Modern languages - other,Italian,17.0,52.94118,82.35294,88.23529,100.0,100.0,100.0
2021 to 22,South West,A level,Modern languages - other,Japanese,9.0,22.22222,22.22222,55.55556,88.88889,100.0,100.0
2021 to 22,South West,A level,Classical studies,Latin,5.0,40.0,60.0,60.0,100.0,100.0,100.0
2021 to 22,South West,A level,Modern languages - other,Modern Greek,1.0,100.0,100.0,100.0,100.0,100.0,100.0
2021 to 22,South West,A level,Science - other,Geology,152.0,11.84211,36.84211,58.55263,80.92105,92.76316,98.68421
2021 to 22,South West,A level,Arts,Creative Writing,0.0,,,,,,
2021 to 22,South West,A level,Maths,Use of mathematics,0.0,,,,,,
2021 to 22,South West,A level,Classical studies,Ancient History,45.0,11.11111,37.77778,62.22222,77.77778,93.33333,97.77778
2021 to 22,South West,A level,Modern languages - other,Irish,0.0,,,,,,
2021 to 22,South West,A level,General studies,Critical Thinking,0.0,,,,,,
2021 to 22,South West,A level,Art & Design,Textiles,300.0,15.33333,33.33333,64.66667,89.0,94.66667,96.66667
2021 to 22,South West,A level,Government and politics,Total Government and Politics,1124.0,11.03203,34.69751,65.12456,84.51957,95.64057,98.39858
2021 to 22,South West,A level,Physical Education,Total Physical Education,1146.0,11.95462,31.76265,58.81326,79.84293,92.32112,98.34206
2021 to 22,South West,A level,Modern languages - other,Punjabi,0.0,,,,,,
2021 to 22,South West,A level,Religious Studies,Total Religious Studies,1241.0,9.3473,29.08944,62.77196,84.44803,94.92345,98.71072
2021 to 22,South West,A level,Modern languages - other,Persian,1.0,100.0,100.0,100.0,100.0,100.0,100.0
2021 to 22,South West,A level,Psychology,Total Psychology,6373.0,8.75569,26.98886,55.31147,77.40468,91.57383,97.31681
2021 to 22,South West,A level,Science - Physics,Total Physics,2848.0,15.66011,37.85112,58.84831,77.63343,90.13343,97.92837
2021 to 22,South West,A level,Science - other,Environmental Science,310.0,7.74194,21.29032,53.87097,74.51613,93.87097,99.03226
2021 to 22,South West,A level,Science - other,Electronics,53.0,5.66038,28.30189,54.71698,69.81132,90.56604,100.0
2021 to 22,South West,A level,Modern languages - other,Gujarati,0.0,,,,,,
2021 to 22,South West,A level,Art & Design,Art and design,282.0,13.82979,35.46099,67.7305,88.65248,95.74468,98.93617
2021 to 22,South West,A level,Computer Science,Total Computer Science,1106.0,13.6528,31.8264,53.70705,73.68897,88.24593,96.83544
2021 to 22,South West,A level,Geography,Total Geography,3570.0,8.82353,31.23249,62.40896,83.52941,94.7619,98.48739
2021 to 22,South West,A level,Maths - Further,Total Further Mathematics,1012.0,33.99209,60.47431,77.7668,88.14229,95.8498,98.32016
2021 to 22,South West,A level,Law,Total Law,1036.0,11.87259,29.05405,53.0888,72.00772,88.70656,96.5251
2021 to 22,South West,A level,Modern languages,German,177.0,18.64407,48.58757,68.92655,88.70056,97.17514,100.0
2021 to 22,South West,A level,General studies,Total General studies,0.0,,,,,,
2021 to 22,South West,A level,Maths,Maths,5835.0,20.59983,43.54756,59.98286,76.00686,89.15167,97.37789
2021 to 22,South West,A level,Modern languages - other,Modern Hebrew,1.0,100.0,100.0,100.0,100.0,100.0,100.0
2021 to 22,South West,A level,Classical studies,Classics (General),0.0,,,,,,
2021 to 22,South West,A level,Art & Design,Graphics,521.0,16.50672,36.27639,68.33013,88.09981,95.77735,99.04031
2021 to 22,South West,A level,Modern languages,French,586.0,16.72355,46.24573,70.13652,87.20137,95.22184,98.80546
2021 to 22,South West,A level,Classical studies,Other Classical Languages,0.0,,,,,,
2021 to 22,South West,A level,Accounting and Finance,Total Accounting and finance,98.0,3.06122,7.14286,38.77551,66.32653,87.7551,97.95918
2021 to 22,South West,A level,Design and technology,D&T Systems & Control,0.0,,,,,,
2021 to 22,South West,A level,All subjects,Total subjects,60181.0,12.51392,33.07688,59.89598,80.59687,92.5292,97.93456
2021 to 22,South West,A level,Music,Total Music,415.0,9.39759,36.62651,65.54217,85.3012,95.18072,98.79518
2021 to 22,South West,A level,Design and technology,D&T Engineering,48.0,10.41667,33.33333,68.75,89.58333,100.0,100.0
2021 to 22,South West,A level,Arts,Communication Studies,0.0,,,,,,
2021 to 22,South West,A level,Business Studies,Total Business Studies,2811.0,7.3995,23.58591,58.09321,82.99538,94.1302,98.36357
2021 to 22,South West,A level,Modern languages,Total Modern languages including Other,1542.0,20.68742,47.85992,71.33593,87.22438,95.71984,98.96239
2021 to 22,South West,A level,Art & Design,Photography,1337.0,14.36051,29.39417,61.70531,86.8362,95.88631,98.80329
2021 to 22,South West,A level,Anthropology,Total Anthropology,0.0,,,,,,
2021 to 22,South West,A level,Logic/Philosophy,Total Logic/ Philosophy,200.0,10.5,31.0,51.5,69.5,84.0,96.5
2021 to 22,South West,A level,Geography,Geography (World Development),0.0,,,,,,
2021 to 22,South West,A level,English,Total English,4229.0,12.67439,31.59139,64.50698,87.34926,96.66588,99.05415
2021 to 22,South West,A level,Humanities,Total Humanities,0.0,,,,,,
2021 to 22,South West,A level,Arts,Drama & Theatre Studies,765.0,9.93464,31.37255,66.27451,88.62745,97.38562,99.86928
2021 to 22,South West,A level,Archaeology,Total Archaeology,0.0,,,,,,
2021 to 22,South West,A level,Art & Design,Fine Art,1507.0,20.63703,41.60584,71.26742,89.98009,96.88122,99.46914
2021 to 22,South West,A level,Modern languages - other,Russian,11.0,63.63636,100.0,100.0,100.0,100.0,100.0
2021 to 22,South West,A level,Home Economics,Home Economics (Food),0.0,,,,,,
2021 to 22,South West,A level,Modern languages - other,Arabic,10.0,40.0,90.0,90.0,90.0,90.0,90.0
2021 to 22,South West,A level,Modern languages - other,Dutch,0.0,,,,,,
2021 to 22,South West,A level,All facilitating subjects,Total facilitating subjects,29198.0,15.30584,37.88616,61.03158,79.51572,91.48229,97.73272
2021 to 22,South West,A level,Classical studies,Classical Civilisation,193.0,9.84456,36.78756,66.83938,90.15544,96.89119,99.48187
2021 to 22,South West,A level,Modern languages - other,Polish,17.0,52.94118,76.47059,100.0,100.0,100.0,100.0
2021 to 22,South West,A level,Science - Biology,Total Biology,5064.0,11.67062,32.18799,54.12717,74.17062,88.78357,97.01817
2021 to 22,South West,A level,History,Total History,3318.0,11.18143,32.7607,62.77878,84.65943,94.36407,97.7396
2021 to 22,South West,A level,Maths,Total Maths,5836.0,20.5963,43.5401,59.97258,75.99383,89.13639,97.36121
2021 to 22,South West,A level,Art & Design,Total Art & Design,4172.0,17.16203,35.61841,66.53883,88.32694,96.14094,98.87344
2021 to 22,South West,A level,Music,Music Technology,113.0,6.19469,29.20354,55.75221,71.68142,90.26549,97.34513
2021 to 22,South West,A level,Economics,Total Economics,1785.0,9.57983,34.06162,63.19328,84.14566,94.06162,98.43137
2021 to 22,South West,A level,Geography,Geography,3570.0,8.82353,31.23249,62.40896,83.52941,94.7619,98.48739
2021 to 22,South West,A level,Citizenship studies,Total Citizenship studies,0.0,,,,,,
2021 to 22,South West,A level,Design and technology,D&T Product Design,775.0,11.09677,27.22581,52.51613,76.64516,92.12903,97.03226
2021 to 22,South West,A level,Arts,Media/Film/Tv Studies,1013.0,6.41658,23.59329,58.83514,86.3771,97.23593,99.30898
2021 to 22,South West,A level,Physical Education,Dance,113.0,11.50442,42.47788,77.87611,92.92035,100.0,100.0
2021 to 22,South West,A level,Modern languages - other,Turkish,9.0,33.33333,33.33333,66.66667,88.88889,100.0,100.0
2021 to 22,South West,A level,English,English language,1331.0,6.46131,22.83997,58.15177,84.74831,96.61908,99.24869
2021 to 22,South West,A level,Design and technology,D&T Textiles Technology,130.0,10.76923,29.23077,60.0,83.84615,93.84615,99.23077
2021 to 22,South West,A level,Design and technology,D&T Food Technology,0.0,,,,,,
2021 to 22,South West,A level,Science - other,Total Other Sciences,515.0,8.73786,26.60194,55.33981,75.92233,93.20388,99.02913
2021 to 22,South West,A level,Arts,Film Studies,530.0,6.03774,22.83019,59.62264,84.33962,94.5283,97.73585
2021 to 22,South West,A level,Maths,Mathematics (Pure),0.0,,,,,,
2021 to 22,South West,A level,Modern languages - other,Bengali,1.0,100.0,100.0,100.0,100.0,100.0,100.0
2021 to 22,South West,A level,English,English literature,2335.0,16.95931,37.60171,68.394,88.56531,96.57388,98.88651
2021 to 22,South West,A level,Design and technology,Design & Technology,0.0,,,,,,
2021 to 22,South West,A level,Music,Music,302.0,10.59603,39.40397,69.2053,90.39735,97.01987,99.33775
2021 to 22,South West,A level,Classical studies,Classical Greek,0.0,,,,,,
2021 to 22,South West,A level,English,English language & literature,563.0,9.59147,27.35346,63.4103,88.45471,97.15808,99.28952
2021 to 22,South West,A level,Art & Design,History of Art,1.0,0.0,0.0,0.0,100.0,100.0,100.0
2021 to 22,South West,A level,Art & Design,3d Studies,216.0,19.44444,35.18519,61.11111,84.72222,95.83333,97.68519
2021 to 22,South West,A level,Modern languages,Spanish,656.0,21.03659,46.4939,71.34146,85.97561,95.73171,99.39024
2021 to 22,South West,A level,Sociology,Total Sociology,3567.0,5.83123,23.26885,53.60247,79.33838,92.23437,97.61705
2021 to 22,South West,A level,Arts,Total Arts,2308.0,7.49567,25.99653,61.4818,86.65511,96.66378,99.13345
2021 to 22,South West,A level,Design and technology,Total D&T,953.0,11.01784,27.80693,54.35467,78.27912,92.75971,97.48164
2021 to 22,South West,A level,Science - Chemistry,Total Chemistry,3669.0,13.16435,37.61243,57.37258,73.97111,87.92587,96.97465
2021 to 22,South West,A level,ICT,Total ICT,0.0,,,,,,
2021 to 22,South West,A level,General studies,General Studies,0.0,,,,,,
2021 to 22,South West,A level,Modern languages - other,Portuguese,14.0,21.42857,35.71429,57.14286,78.57143,92.85714,92.85714
2021 to 22,South West,A level,Maths,Additional Mathematics,0.0,,,,,,
2021 to 22,South West,A level,Home Economics,Total Home Economics,0.0,,,,,,
2021 to 22,South West,A level,Maths,Mathematics (Statistics),1.0,0.0,0.0,0.0,0.0,0.0,0.0
2021 to 22,South West,A level,Physical Education,Physical Education/Sports Studies,1033.0,12.00387,30.59051,56.72798,78.41239,91.48112,98.1607
2021 to 22,South West,A level,Art & Design,Critical Studies,8.0,0.0,12.5,50.0,100.0,100.0,100.0
2021 to 22,South West,A level,All STEM subjects,Total STEM subjects,19535.0,16.46788,38.8687,58.37215,75.87919,89.2603,97.30228
2021 to 22,South West,A level,Classical studies,Total Classical studies,243.0,10.69959,37.44856,65.84362,88.06584,96.2963,99.17695
2021 to 22,South West,A level,Modern languages - other,Total Other Modern Languages,123.0,40.65041,61.78862,80.4878,91.86992,95.93496,95.93496
2021 to 22,South West,A level,Modern languages - other,Urdu,1.0,0.0,0.0,100.0,100.0,100.0,100.0
2021 to 22,London,A level,Modern languages - other,Chinese,16.0,6.25,50.0,81.25,87.5,93.75,93.75
2021 to 22,London,A level,Modern languages - other,Italian,169.0,55.6213,80.47337,95.26627,99.40828,99.40828,100.0
2021 to 22,London,A level,Modern languages - other,Japanese,31.0,54.83871,80.64516,90.32258,90.32258,93.54839,96.77419
2021 to 22,London,A level,Classical studies,Latin,91.0,50.54945,81.31868,85.71429,96.7033,98.9011,98.9011
2021 to 22,London,A level,Modern languages - other,Modern Greek,28.0,67.85714,78.57143,89.28571,89.28571,100.0,100.0
2021 to 22,London,A level,Science - other,Geology,12.0,0.0,8.33333,33.33333,66.66667,91.66667,91.66667
2021 to 22,London,A level,Arts,Creative Writing,0.0,,,,,,
2021 to 22,London,A level,Maths,Use of mathematics,0.0,,,,,,
2021 to 22,London,A level,Classical studies,Ancient History,15.0,6.66667,26.66667,60.0,93.33333,100.0,100.0
2021 to 22,London,A level,Modern languages - other,Irish,0.0,,,,,,
2021 to 22,London,A level,General studies,Critical Thinking,0.0,,,,,,
2021 to 22,London,A level,Art & Design,Textiles,256.0,18.35938,37.5,64.0625,85.15625,99.21875,99.60938
2021 to 22,London,A level,Government and politics,Total Government and Politics,4441.0,12.42963,34.00135,63.54425,83.33709,93.87525,97.52308
2021 to 22,London,A level,Physical Education,Total Physical Education,1064.0,10.52632,28.85338,56.39098,78.7594,93.60902,98.02632
2021 to 22,London,A level,Modern languages - other,Punjabi,23.0,30.43478,60.86957,69.56522,86.95652,86.95652,100.0
2021 to 22,London,A level,Religious Studies,Total Religious Studies,2821.0,11.76888,33.35697,65.89862,85.74973,95.21446,98.47572
2021 to 22,London,A level,Modern languages - other,Persian,34.0,58.82353,73.52941,79.41176,82.35294,82.35294,85.29412
2021 to 22,London,A level,Psychology,Total Psychology,11571.0,10.7683,29.11589,58.19722,80.39927,92.87875,97.80486
2021 to 22,London,A level,Science - Physics,Total Physics,5804.0,16.78153,39.04204,59.59683,76.44728,89.14542,96.79531
2021 to 22,London,A level,Science - other,Environmental Science,6.0,16.66667,16.66667,16.66667,33.33333,83.33333,83.33333
2021 to 22,London,A level,Science - other,Electronics,36.0,16.66667,44.44444,58.33333,63.88889,83.33333,97.22222
2021 to 22,London,A level,Modern languages - other,Gujarati,2.0,100.0,100.0,100.0,100.0,100.0,100.0
2021 to 22,London,A level,Art & Design,Art and design,975.0,16.30769,35.28205,66.46154,88.92308,96.30769,98.97436
2021 to 22,London,A level,Computer Science,Total Computer Science,2660.0,12.5188,30.6391,51.80451,70.82707,86.76692,94.28571
2021 to 22,London,A level,Geography,Total Geography,4009.0,11.27463,33.8239,66.10127,86.33076,95.88426,98.50337
2021 to 22,London,A level,Maths - Further,Total Further Mathematics,2459.0,41.52094,68.23912,82.22855,91.62261,97.07198,98.94266
2021 to 22,London,A level,Law,Total Law,1215.0,3.86831,16.13169,37.11934,61.8107,82.38683,95.14403
2021 to 22,London,A level,Modern languages,German,298.0,28.85906,58.72483,79.86577,91.27517,97.65101,98.99329
2021 to 22,London,A level,General studies,Total General studies,0.0,,,,,,
2021 to 22,London,A level,Maths,Maths,16255.0,22.9837,47.19163,63.34051,78.17287,90.03999,97.40388
2021 to 22,London,A level,Modern languages - other,Modern Hebrew,11.0,45.45455,72.72727,100.0,100.0,100.0,100.0
2021 to 22,London,A level,Classical studies,Classics (General),0.0,,,,,,
2021 to 22,London,A level,Art & Design,Graphics,485.0,11.34021,27.62887,62.8866,84.12371,95.05155,98.35052
2021 to 22,London,A level,Modern languages,French,1086.0,17.86372,44.6593,69.8895,85.08287,95.39595,98.71087
2021 to 22,London,A level,Classical studies,Other Classical Languages,19.0,68.42105,89.47368,94.73684,94.73684,100.0,100.0
2021 to 22,London,A level,Accounting and Finance,Total Accounting and finance,171.0,1.75439,8.77193,30.40936,57.30994,77.77778,92.98246
2021 to 22,London,A level,Design and technology,D&T Systems & Control,0.0,,,,,,
2021 to 22,London,A level,All subjects,Total subjects,125975.0,14.29172,35.27763,61.26533,80.96686,92.46835,97.72495
2021 to 22,London,A level,Music,Total Music,708.0,13.55932,35.31073,62.85311,82.06215,93.22034,98.58757
2021 to 22,London,A level,Design and technology,D&T Engineering,59.0,8.47458,25.42373,47.45763,59.32203,74.57627,93.22034
2021 to 22,London,A level,Arts,Communication Studies,0.0,,,,,,
2021 to 22,London,A level,Business Studies,Total Business Studies,4964.0,5.31829,19.92345,53.0419,78.52538,92.18372,97.21998
2021 to 22,London,A level,Modern languages,Total Modern languages including Other,4060.0,25.73892,54.28571,77.11823,89.13793,95.91133,98.25123
2021 to 22,London,A level,Art & Design,Photography,1175.0,14.29787,32.51064,65.2766,87.48936,96.51064,99.31915
2021 to 22,London,A level,Anthropology,Total Anthropology,0.0,,,,,,
2021 to 22,London,A level,Logic/Philosophy,Total Logic/ Philosophy,646.0,13.62229,31.42415,56.03715,73.06502,88.54489,96.43963
2021 to 22,London,A level,Geography,Geography (World Development),0.0,,,,,,
2021 to 22,London,A level,English,Total English,8047.0,13.84367,32.55872,63.91202,87.41146,96.43345,98.96856
2021 to 22,London,A level,Humanities,Total Humanities,0.0,,,,,,
2021 to 22,London,A level,Arts,Drama & Theatre Studies,1040.0,12.40385,37.11538,71.25,91.15385,97.88462,99.42308
2021 to 22,London,A level,Archaeology,Total Archaeology,0.0,,,,,,
2021 to 22,London,A level,Art & Design,Fine Art,1623.0,22.61245,42.63709,72.33518,89.46396,96.42637,99.1374
2021 to 22,London,A level,Modern languages - other,Russian,89.0,62.92135,92.13483,96.62921,97.75281,97.75281,97.75281
2021 to 22,London,A level,Home Economics,Home Economics (Food),0.0,,,,,,
2021 to 22,London,A level,Modern languages - other,Arabic,143.0,28.67133,55.94406,72.02797,80.41958,89.51049,92.30769
2021 to 22,London,A level,Modern languages - other,Dutch,0.0,,,,,,
2021 to 22,London,A level,All facilitating subjects,Total facilitating subjects,66335.0,17.47343,40.37084,62.80847,80.30904,91.65297,97.689
2021 to 22,London,A level,Classical studies,Classical Civilisation,432.0,24.30556,49.76852,78.93519,91.89815,96.2963,98.84259
2021 to 22,London,A level,Modern languages - other,Polish,188.0,34.57447,77.65957,92.02128,95.21277,96.80851,97.87234
2021 to 22,London,A level,Science - Biology,Total Biology,10594.0,12.03511,31.59335,52.61469,73.73985,88.65396,97.05494
2021 to 22,London,A level,History,Total History,6712.0,12.26162,36.50179,69.38319,87.61919,95.97735,98.8379
2021 to 22,London,A level,Maths,Total Maths,16285.0,22.94136,47.1047,63.26067,78.10255,89.99079,97.37796
2021 to 22,London,A level,Art & Design,Total Art & Design,4818.0,17.45538,36.09381,67.24782,87.60897,96.2225,99.04525
2021 to 22,London,A level,Music,Music Technology,214.0,7.94393,25.23364,52.80374,74.76636,88.31776,98.13084
2021 to 22,London,A level,Economics,Total Economics,8402.0,11.62818,33.9562,62.58034,83.11116,94.02523,97.88146
2021 to 22,London,A level,Geography,Geography,4009.0,11.27463,33.8239,66.10127,86.33076,95.88426,98.50337
2021 to 22,London,A level,Citizenship studies,Total Citizenship studies,0.0,,,,,,
2021 to 22,London,A level,Design and technology,D&T Product Design,968.0,10.22727,30.16529,58.26446,81.50826,92.8719,97.62397
2021 to 22,London,A level,Arts,Media/Film/Tv Studies,2601.0,4.99808,20.79969,58.74664,85.58247,95.61707,98.80815
2021 to 22,London,A level,Physical Education,Dance,110.0,20.0,42.72727,71.81818,93.63636,98.18182,99.09091
2021 to 22,London,A level,Modern languages - other,Turkish,203.0,18.71921,55.17241,80.78818,91.133,94.58128,96.05911
2021 to 22,London,A level,English,English language,615.0,5.04065,19.02439,53.65854,83.90244,95.60976,99.02439
2021 to 22,London,A level,Design and technology,D&T Textiles Technology,34.0,8.82353,35.29412,64.70588,94.11765,97.05882,100.0
2021 to 22,London,A level,Design and technology,D&T Food Technology,0.0,,,,,,
2021 to 22,London,A level,Science - other,Total Other Sciences,54.0,12.96296,33.33333,48.14815,61.11111,85.18519,94.44444
2021 to 22,London,A level,Arts,Film Studies,908.0,6.38767,25.0,62.88546,85.57269,94.38326,98.01762
2021 to 22,London,A level,Maths,Mathematics (Pure),0.0,,,,,,
2021 to 22,London,A level,Modern languages - other,Bengali,8.0,62.5,87.5,100.0,100.0,100.0,100.0
2021 to 22,London,A level,English,English literature,6672.0,15.52758,35.53657,66.63669,88.56415,96.83753,99.14568
2021 to 22,London,A level,Design and technology,Design & Technology,0.0,,,,,,
2021 to 22,London,A level,Music,Music,494.0,15.9919,39.67611,67.20648,85.22267,95.34413,98.78543
2021 to 22,London,A level,Classical studies,Classical Greek,11.0,36.36364,72.72727,90.90909,100.0,100.0,100.0
2021 to 22,London,A level,English,English language & literature,760.0,6.18421,17.36842,48.28947,80.13158,93.55263,97.36842
2021 to 22,London,A level,Art & Design,History of Art,48.0,22.91667,29.16667,64.58333,91.66667,97.91667,100.0
2021 to 22,London,A level,Art & Design,3d Studies,216.0,11.11111,25.46296,54.16667,76.38889,90.74074,97.68519
2021 to 22,London,A level,Modern languages,Spanish,1569.0,22.88082,50.47801,76.09943,90.05736,96.87699,99.17145
2021 to 22,London,A level,Sociology,Total Sociology,8624.0,10.36642,28.96568,59.48516,83.14007,94.5385,98.07514
2021 to 22,London,A level,Arts,Total Arts,4549.0,6.96856,25.36821,62.4313,86.85425,95.88921,98.79094
2021 to 22,London,A level,Design and technology,Total D&T,1061.0,10.08483,30.06598,57.86993,80.67861,91.98869,97.45523
2021 to 22,London,A level,Science - Chemistry,Total Chemistry,9668.0,12.19487,34.70211,55.2441,73.38643,87.57758,96.69011
2021 to 22,London,A level,ICT,Total ICT,0.0,,,,,,
2021 to 22,London,A level,General studies,General Studies,0.0,,,,,,
2021 to 22,London,A level,Modern languages - other,Portuguese,135.0,18.51852,47.40741,72.59259,85.18519,91.85185,94.07407
2021 to 22,London,A level,Maths,Additional Mathematics,0.0,,,,,,
2021 to 22,London,A level,Home Economics,Total Home Economics,0.0,,,,,,
2021 to 22,London,A level,Maths,Mathematics (Statistics),30.0,0.0,0.0,20.0,40.0,63.33333,83.33333
2021 to 22,London,A level,Physical Education,Physical Education/Sports Studies,954.0,9.43396,27.25367,54.61216,77.04403,93.08176,97.90356
2021 to 22,London,A level,Art & Design,Critical Studies,40.0,25.0,55.0,85.0,97.5,100.0,100.0
2021 to 22,London,A level,All STEM subjects,Total STEM subjects,47470.0,17.94396,40.30335,59.14472,76.25869,89.28376,97.00232
2021 to 22,London,A level,Classical studies,Total Classical studies,568.0,29.75352,55.98592,80.28169,92.95775,97.00704,98.94366
2021 to 22,London,A level,Modern languages - other,Total Other Modern Languages,1107.0,36.6757,67.93135,84.91418,91.23758,94.57995,96.2963
2021 to 22,London,A level,Modern languages - other,Urdu,27.0,40.74074,77.77778,92.59259,92.59259,92.59259,96.2963
2021 to 22,North West,A level,Modern languages - other,Chinese,11.0,36.36364,90.90909,90.90909,90.90909,100.0,100.0
2021 to 22,North West,A level,Modern languages - other,Italian,59.0,61.01695,88.13559,98.30508,100.0,100.0,100.0
2021 to 22,North West,A level,Modern languages - other,Japanese,0.0,,,,,,
2021 to 22,North West,A level,Classical studies,Latin,19.0,73.68421,94.73684,100.0,100.0,100.0,100.0
2021 to 22,North West,A level,Modern languages - other,Modern Greek,1.0,100.0,100.0,100.0,100.0,100.0,100.0
2021 to 22,North West,A level,Science - other,Geology,176.0,15.90909,38.63636,59.09091,78.40909,95.45455,99.43182
2021 to 22,North West,A level,Arts,Creative Writing,0.0,,,,,,
2021 to 22,North West,A level,Maths,Use of mathematics,0.0,,,,,,
2021 to 22,North West,A level,Classical studies,Ancient History,198.0,6.56566,22.72727,63.13131,89.39394,96.9697,98.48485
2021 to 22,North West,A level,Modern languages - other,Irish,0.0,,,,,,
2021 to 22,North West,A level,General studies,Critical Thinking,0.0,,,,,,
2021 to 22,North West,A level,Art & Design,Textiles,476.0,21.21849,45.37815,83.19328,96.0084,99.57983,100.0
2021 to 22,North West,A level,Government and politics,Total Government and Politics,1406.0,16.85633,40.39829,67.0697,87.1266,94.95021,98.29303
2021 to 22,North West,A level,Physical Education,Total Physical Education,1422.0,12.23629,31.36428,57.80591,80.02813,93.24895,97.81997
2021 to 22,North West,A level,Modern languages - other,Punjabi,1.0,100.0,100.0,100.0,100.0,100.0,100.0
2021 to 22,North West,A level,Religious Studies,Total Religious Studies,1562.0,9.15493,30.85787,64.08451,85.53137,95.0064,98.71959
2021 to 22,North West,A level,Modern languages - other,Persian,8.0,25.0,62.5,75.0,87.5,100.0,100.0
2021 to 22,North West,A level,Psychology,Total Psychology,8848.0,11.15506,30.61709,58.08092,80.91094,93.34313,98.10127
2021 to 22,North West,A level,Science - Physics,Total Physics,3386.0,14.79622,35.26285,54.78441,75.2215,90.22445,97.63733
2021 to 22,North West,A level,Science - other,Environmental Science,63.0,7.93651,17.46032,49.20635,77.77778,96.8254,98.4127
2021 to 22,North West,A level,Science - other,Electronics,110.0,22.72727,48.18182,66.36364,80.90909,97.27273,99.09091
2021 to 22,North West,A level,Modern languages - other,Gujarati,0.0,,,,,,
2021 to 22,North West,A level,Art & Design,Art and design,843.0,21.94543,39.14591,69.15777,88.6121,95.61091,98.93238
2021 to 22,North West,A level,Computer Science,Total Computer Science,1874.0,12.91355,32.01708,54.32231,74.54642,90.12807,97.492
2021 to 22,North West,A level,Geography,Total Geography,3417.0,8.6333,29.11911,60.84284,83.49429,95.11267,98.56599
2021 to 22,North West,A level,Maths - Further,Total Further Mathematics,1065.0,37.84038,63.75587,80.0,90.23474,95.77465,98.68545
2021 to 22,North West,A level,Law,Total Law,2666.0,10.42761,29.96999,54.35109,74.71868,89.27232,97.14929
2021 to 22,North West,A level,Modern languages,German,214.0,21.96262,55.14019,75.70093,89.71963,97.19626,100.0
2021 to 22,North West,A level,General studies,Total General studies,0.0,,,,,,
2021 to 22,North West,A level,Maths,Maths,8194.0,18.69661,43.34879,59.61679,76.67806,90.22455,97.77886
2021 to 22,North West,A level,Modern languages - other,Modern Hebrew,5.0,80.0,100.0,100.0,100.0,100.0,100.0
2021 to 22,North West,A level,Classical studies,Classics (General),0.0,,,,,,
2021 to 22,North West,A level,Art & Design,Graphics,930.0,16.98925,39.24731,78.3871,94.51613,98.92473,99.35484
2021 to 22,North West,A level,Modern languages,French,569.0,17.57469,47.27592,73.98946,89.10369,95.78207,99.12127
2021 to 22,North West,A level,Classical studies,Other Classical Languages,1.0,100.0,100.0,100.0,100.0,100.0,100.0
2021 to 22,North West,A level,Accounting and Finance,Total Accounting and finance,526.0,8.93536,27.18631,52.85171,76.42586,92.39544,97.3384
2021 to 22,North West,A level,Design and technology,D&T Systems & Control,0.0,,,,,,
2021 to 22,North West,A level,All subjects,Total subjects,82513.0,12.54227,33.37535,60.45229,81.70349,93.49315,98.30936
2021 to 22,North West,A level,Music,Total Music,451.0,11.97339,31.70732,58.53659,79.37916,93.56984,98.44789
2021 to 22,North West,A level,Design and technology,D&T Engineering,104.0,5.76923,22.11538,38.46154,64.42308,86.53846,96.15385
2021 to 22,North West,A level,Arts,Communication Studies,0.0,,,,,,
2021 to 22,North West,A level,Business Studies,Total Business Studies,4423.0,7.16708,24.71173,60.97671,84.73887,95.36514,98.53041
2021 to 22,North West,A level,Modern languages,Total Modern languages including Other,1842.0,20.84691,50.86862,74.59283,88.65364,95.43974,98.69707
2021 to 22,North West,A level,Art & Design,Photography,1114.0,13.55476,32.94434,70.73609,91.20287,97.12747,98.6535
2021 to 22,North West,A level,Anthropology,Total Anthropology,0.0,,,,,,
2021 to 22,North West,A level,Logic/Philosophy,Total Logic/ Philosophy,205.0,9.26829,28.78049,50.73171,72.68293,90.73171,98.53659
2021 to 22,North West,A level,Geography,Geography (World Development),0.0,,,,,,
2021 to 22,North West,A level,English,Total English,6139.0,10.24597,29.5325,63.43053,87.40837,97.19824,99.28327
2021 to 22,North West,A level,Humanities,Total Humanities,0.0,,,,,,
2021 to 22,North West,A level,Arts,Drama & Theatre Studies,842.0,11.99525,36.69834,68.40855,89.90499,97.86223,99.64371
2021 to 22,North West,A level,Archaeology,Total Archaeology,0.0,,,,,,
2021 to 22,North West,A level,Art & Design,Fine Art,1255.0,19.36255,40.71713,71.63347,91.55378,98.24701,99.28287
2021 to 22,North West,A level,Modern languages - other,Russian,13.0,30.76923,100.0,100.0,100.0,100.0,100.0
2021 to 22,North West,A level,Home Economics,Home Economics (Food),0.0,,,,,,
2021 to 22,North West,A level,Modern languages - other,Arabic,44.0,29.54545,63.63636,70.45455,79.54545,86.36364,86.36364
2021 to 22,North West,A level,Modern languages - other,Dutch,0.0,,,,,,
2021 to 22,North West,A level,All facilitating subjects,Total facilitating subjects,37984.0,14.51401,36.9761,59.90154,79.57824,92.26253,98.15449
2021 to 22,North West,A level,Classical studies,Classical Civilisation,207.0,7.72947,28.50242,65.70048,89.85507,97.10145,100.0
2021 to 22,North West,A level,Modern languages - other,Polish,35.0,34.28571,68.57143,85.71429,97.14286,97.14286,97.14286
2021 to 22,North West,A level,Science - Biology,Total Biology,7195.0,12.78666,33.60667,55.13551,75.39958,90.70188,97.92912
2021 to 22,North West,A level,History,Total History,4303.0,9.73739,30.30444,63.21171,86.52103,96.7697,99.20985
2021 to 22,North West,A level,Maths,Total Maths,8503.0,18.20534,42.42032,58.97918,76.46713,90.10937,97.76549
2021 to 22,North West,A level,Art & Design,Total Art & Design,4990.0,17.93587,38.59719,73.58717,92.14429,97.75551,99.11824
2021 to 22,North West,A level,Music,Music Technology,69.0,7.24638,24.63768,50.72464,75.36232,95.65217,98.55072
2021 to 22,North West,A level,Economics,Total Economics,2537.0,9.45999,29.16831,56.44462,80.37052,93.61451,98.50217
2021 to 22,North West,A level,Geography,Geography,3417.0,8.6333,29.11911,60.84284,83.49429,95.11267,98.56599
2021 to 22,North West,A level,Citizenship studies,Total Citizenship studies,0.0,,,,,,
2021 to 22,North West,A level,Design and technology,D&T Product Design,653.0,9.80092,25.26799,50.38285,80.5513,94.79326,99.38744
2021 to 22,North West,A level,Arts,Media/Film/Tv Studies,1606.0,5.47945,22.22914,58.77958,87.67123,96.94894,99.4396
2021 to 22,North West,A level,Physical Education,Dance,129.0,16.27907,43.41085,72.09302,93.02326,98.44961,99.22481
2021 to 22,North West,A level,Modern languages - other,Turkish,7.0,14.28571,42.85714,71.42857,85.71429,100.0,100.0
2021 to 22,North West,A level,English,English language,2694.0,6.90423,24.83296,60.8389,86.67409,97.10468,99.36897
2021 to 22,North West,A level,Design and technology,D&T Textiles Technology,31.0,22.58065,45.16129,74.19355,90.32258,100.0,100.0
2021 to 22,North West,A level,Design and technology,D&T Food Technology,0.0,,,,,,
2021 to 22,North West,A level,Science - other,Total Other Sciences,349.0,16.61891,37.82235,59.59885,79.08309,96.27507,99.1404
2021 to 22,North West,A level,Arts,Film Studies,702.0,10.54131,27.77778,68.66097,91.16809,97.29345,99.00285
2021 to 22,North West,A level,Maths,Mathematics (Pure),0.0,,,,,,
2021 to 22,North West,A level,Modern languages - other,Bengali,0.0,,,,,,
2021 to 22,North West,A level,English,English literature,2582.0,13.86522,33.84973,64.60108,87.49032,97.17273,99.07049
2021 to 22,North West,A level,Design and technology,Design & Technology,0.0,,,,,,
2021 to 22,North West,A level,Music,Music,382.0,12.82723,32.98429,59.94764,80.10471,93.19372,98.42932
2021 to 22,North West,A level,Classical studies,Classical Greek,1.0,100.0,100.0,100.0,100.0,100.0,100.0
2021 to 22,North West,A level,English,English language & literature,863.0,9.84936,31.28621,68.01854,89.45539,97.56663,99.65238
2021 to 22,North West,A level,Art & Design,History of Art,1.0,100.0,100.0,100.0,100.0,100.0,100.0
2021 to 22,North West,A level,Art & Design,3d Studies,369.0,14.90515,36.58537,74.52575,94.03794,97.56098,98.64499
2021 to 22,North West,A level,Modern languages,Spanish,855.0,17.89474,45.96491,71.57895,87.01754,94.61988,98.71345
2021 to 22,North West,A level,Sociology,Total Sociology,5060.0,9.64427,29.48617,61.04743,84.11067,94.86166,98.10277
2021 to 22,North West,A level,Arts,Total Arts,3150.0,8.34921,27.33333,63.55556,89.04762,97.26984,99.39683
2021 to 22,North West,A level,Design and technology,Total D&T,788.0,9.77157,25.63452,49.74619,78.80711,93.90863,98.98477
2021 to 22,North West,A level,Science - Chemistry,Total Chemistry,5980.0,11.47157,34.66555,55.73579,75.63545,89.46488,97.57525
2021 to 22,North West,A level,ICT,Total ICT,0.0,,,,,,
2021 to 22,North West,A level,General studies,General Studies,0.0,,,,,,
2021 to 22,North West,A level,Modern languages - other,Portuguese,5.0,40.0,40.0,80.0,80.0,80.0,80.0
2021 to 22,North West,A level,Maths,Additional Mathematics,0.0,,,,,,
2021 to 22,North West,A level,Home Economics,Total Home Economics,0.0,,,,,,
2021 to 22,North West,A level,Maths,Mathematics (Statistics),309.0,5.17799,17.79935,42.0712,70.87379,87.05502,97.411
2021 to 22,North West,A level,Physical Education,Physical Education/Sports Studies,1293.0,11.83295,30.16241,56.38051,78.73163,92.73009,97.67981
2021 to 22,North West,A level,Art & Design,Critical Studies,2.0,50.0,50.0,50.0,100.0,100.0,100.0
2021 to 22,North West,A level,All STEM subjects,Total STEM subjects,28003.0,15.3555,37.74953,57.27958,76.25969,90.3546,97.7681
2021 to 22,North West,A level,Classical studies,Total Classical studies,426.0,10.56338,29.10798,66.19718,90.14085,97.1831,99.29577
2021 to 22,North West,A level,Modern languages - other,Total Other Modern Languages,204.0,41.17647,76.96078,87.7451,93.13725,96.07843,96.07843
2021 to 22,North West,A level,Modern languages - other,Urdu,15.0,26.66667,86.66667,100.0,100.0,100.0,100.0
2021 to 22,West Midlands,A level,Modern languages - other,Chinese,9.0,55.55556,77.77778,88.88889,100.0,100.0,100.0
2021 to 22,West Midlands,A level,Modern languages - other,Italian,101.0,23.76238,68.31683,87.12871,94.05941,94.05941,95.0495
2021 to 22,West Midlands,A level,Modern languages - other,Japanese,2.0,0.0,100.0,100.0,100.0,100.0,100.0
2021 to 22,West Midlands,A level,Classical studies,Latin,13.0,38.46154,92.30769,100.0,100.0,100.0,100.0
2021 to 22,West Midlands,A level,Modern languages - other,Modern Greek,4.0,75.0,75.0,100.0,100.0,100.0,100.0
2021 to 22,West Midlands,A level,Science - other,Geology,131.0,10.68702,35.1145,62.59542,83.20611,93.12977,98.47328
2021 to 22,West Midlands,A level,Arts,Creative Writing,0.0,,,,,,
2021 to 22,West Midlands,A level,Maths,Use of mathematics,0.0,,,,,,
2021 to 22,West Midlands,A level,Classical studies,Ancient History,31.0,0.0,25.80645,48.3871,77.41935,90.32258,100.0
2021 to 22,West Midlands,A level,Modern languages - other,Irish,0.0,,,,,,
2021 to 22,West Midlands,A level,General studies,Critical Thinking,0.0,,,,,,
2021 to 22,West Midlands,A level,Art & Design,Textiles,177.0,16.94915,37.85311,74.57627,96.0452,100.0,100.0
2021 to 22,West Midlands,A level,Government and politics,Total Government and Politics,1069.0,12.06735,34.51824,64.26567,85.31338,95.79046,98.78391
2021 to 22,West Midlands,A level,Physical Education,Total Physical Education,1019.0,10.20608,28.75368,54.5633,78.80275,93.03238,98.52797
2021 to 22,West Midlands,A level,Modern languages - other,Punjabi,34.0,32.35294,70.58824,85.29412,85.29412,94.11765,94.11765
2021 to 22,West Midlands,A level,Religious Studies,Total Religious Studies,1543.0,8.74919,30.1361,62.41089,86.26053,95.00972,97.86131
2021 to 22,West Midlands,A level,Modern languages - other,Persian,5.0,60.0,80.0,80.0,100.0,100.0,100.0
2021 to 22,West Midlands,A level,Psychology,Total Psychology,7151.0,9.94267,27.12907,55.30695,78.00308,92.05705,98.09817
2021 to 22,West Midlands,A level,Science - Physics,Total Physics,3073.0,11.94273,31.37,52.71721,72.01432,87.73186,96.61568
2021 to 22,West Midlands,A level,Science - other,Environmental Science,113.0,2.65487,9.73451,35.39823,64.60177,88.49558,97.34513
2021 to 22,West Midlands,A level,Science - other,Electronics,23.0,8.69565,17.3913,47.82609,65.21739,82.6087,86.95652
2021 to 22,West Midlands,A level,Modern languages - other,Gujarati,0.0,,,,,,
2021 to 22,West Midlands,A level,Art & Design,Art and design,283.0,14.13428,33.92226,67.84452,89.75265,97.87986,100.0
2021 to 22,West Midlands,A level,Computer Science,Total Computer Science,1455.0,12.43986,31.27148,56.08247,74.91409,90.65292,97.04467
2021 to 22,West Midlands,A level,Geography,Total Geography,2937.0,8.06946,28.90705,61.38917,85.22302,95.30133,99.08069
2021 to 22,West Midlands,A level,Maths - Further,Total Further Mathematics,882.0,35.37415,60.99773,79.2517,90.58957,97.39229,99.20635
2021 to 22,West Midlands,A level,Law,Total Law,1569.0,9.05035,25.74888,48.75717,70.42702,87.25303,97.00446
2021 to 22,West Midlands,A level,Modern languages,German,183.0,20.21858,50.27322,72.6776,90.16393,97.81421,99.45355
2021 to 22,West Midlands,A level,General studies,Total General studies,0.0,,,,,,
2021 to 22,West Midlands,A level,Maths,Maths,7089.0,16.89942,39.28622,56.65115,73.80449,88.15066,97.15051
2021 to 22,West Midlands,A level,Modern languages - other,Modern Hebrew,0.0,,,,,,
2021 to 22,West Midlands,A level,Classical studies,Classics (General),0.0,,,,,,
2021 to 22,West Midlands,A level,Art & Design,Graphics,401.0,10.97257,26.68329,66.83292,89.52618,96.00998,99.00249
2021 to 22,West Midlands,A level,Modern languages,French,522.0,15.1341,43.48659,67.04981,83.90805,96.16858,99.61686
2021 to 22,West Midlands,A level,Classical studies,Other Classical Languages,0.0,,,,,,
2021 to 22,West Midlands,A level,Accounting and Finance,Total Accounting and finance,348.0,3.44828,16.95402,37.35632,62.06897,84.77011,95.11494
2021 to 22,West Midlands,A level,Design and technology,D&T Systems & Control,0.0,,,,,,
2021 to 22,West Midlands,A level,All subjects,Total subjects,66979.0,10.74367,30.10347,57.20748,79.06956,92.1871,98.01878
2021 to 22,West Midlands,A level,Music,Total Music,329.0,12.46201,37.08207,66.8693,87.23404,96.65653,99.08815
2021 to 22,West Midlands,A level,Design and technology,D&T Engineering,22.0,22.72727,36.36364,72.72727,86.36364,90.90909,90.90909
2021 to 22,West Midlands,A level,Arts,Communication Studies,0.0,,,,,,
2021 to 22,West Midlands,A level,Business Studies,Total Business Studies,3439.0,6.5426,24.42571,60.39546,83.7162,95.08578,98.89503
2021 to 22,West Midlands,A level,Modern languages,Total Modern languages including Other,1427.0,20.60266,50.80589,73.37071,87.38612,96.00561,98.66854
2021 to 22,West Midlands,A level,Art & Design,Photography,752.0,7.84574,21.40957,58.1117,85.50532,96.54255,98.67021
2021 to 22,West Midlands,A level,Anthropology,Total Anthropology,0.0,,,,,,
2021 to 22,West Midlands,A level,Logic/Philosophy,Total Logic/ Philosophy,170.0,8.82353,27.05882,60.58824,81.76471,93.52941,98.82353
2021 to 22,West Midlands,A level,Geography,Geography (World Development),0.0,,,,,,
2021 to 22,West Midlands,A level,English,Total English,4983.0,9.55248,26.16897,59.50231,85.0893,96.26731,99.03672
2021 to 22,West Midlands,A level,Humanities,Total Humanities,0.0,,,,,,
2021 to 22,West Midlands,A level,Arts,Drama & Theatre Studies,543.0,9.57643,31.12339,67.21915,89.13444,97.05341,99.26335
2021 to 22,West Midlands,A level,Archaeology,Total Archaeology,0.0,,,,,,
2021 to 22,West Midlands,A level,Art & Design,Fine Art,1353.0,13.45159,34.07243,67.77531,89.43089,97.48707,99.63045
2021 to 22,West Midlands,A level,Modern languages - other,Russian,18.0,33.33333,72.22222,88.88889,100.0,100.0,100.0
2021 to 22,West Midlands,A level,Home Economics,Home Economics (Food),0.0,,,,,,
2021 to 22,West Midlands,A level,Modern languages - other,Arabic,28.0,35.71429,67.85714,71.42857,75.0,85.71429,89.28571
2021 to 22,West Midlands,A level,Modern languages - other,Dutch,0.0,,,,,,
2021 to 22,West Midlands,A level,All facilitating subjects,Total facilitating subjects,33765.0,12.51,33.33037,56.78661,76.911,90.68266,97.7758
2021 to 22,West Midlands,A level,Classical studies,Classical Civilisation,188.0,13.29787,36.70213,64.89362,86.17021,96.80851,98.40426
2021 to 22,West Midlands,A level,Modern languages - other,Polish,42.0,40.47619,80.95238,95.2381,100.0,100.0,100.0
2021 to 22,West Midlands,A level,Science - Biology,Total Biology,6440.0,9.92236,28.46273,49.53416,71.00932,87.95031,97.26708
2021 to 22,West Midlands,A level,History,Total History,3762.0,8.87826,28.92079,59.64912,85.51302,96.41148,99.2823
2021 to 22,West Midlands,A level,Maths,Total Maths,7313.0,16.57323,38.57514,56.18761,73.69069,88.17175,97.15575
2021 to 22,West Midlands,A level,Art & Design,Total Art & Design,3123.0,11.81556,29.93916,65.0016,88.2805,97.05411,99.35959
2021 to 22,West Midlands,A level,Music,Music Technology,35.0,8.57143,17.14286,48.57143,71.42857,85.71429,97.14286
2021 to 22,West Midlands,A level,Economics,Total Economics,1959.0,7.96325,32.4145,61.61307,83.20572,94.84431,98.77489
2021 to 22,West Midlands,A level,Geography,Geography,2937.0,8.06946,28.90705,61.38917,85.22302,95.30133,99.08069
2021 to 22,West Midlands,A level,Citizenship studies,Total Citizenship studies,0.0,,,,,,
2021 to 22,West Midlands,A level,Design and technology,D&T Product Design,751.0,9.85353,26.09854,52.06391,77.23036,90.94541,96.67111
2021 to 22,West Midlands,A level,Arts,Media/Film/Tv Studies,1099.0,4.4586,20.47316,60.60055,86.53321,96.72429,99.09008
2021 to 22,West Midlands,A level,Physical Education,Dance,67.0,10.44776,34.32836,61.19403,89.55224,100.0,100.0
2021 to 22,West Midlands,A level,Modern languages - other,Turkish,12.0,66.66667,83.33333,91.66667,91.66667,91.66667,100.0
2021 to 22,West Midlands,A level,English,English language,1211.0,4.78943,19.98348,54.50041,84.47564,96.61437,98.67878
2021 to 22,West Midlands,A level,Design and technology,D&T Textiles Technology,14.0,14.28571,14.28571,50.0,92.85714,92.85714,100.0
2021 to 22,West Midlands,A level,Design and technology,D&T Food Technology,0.0,,,,,,
2021 to 22,West Midlands,A level,Science - other,Total Other Sciences,267.0,7.1161,22.84644,49.81273,73.78277,90.26217,97.00375
2021 to 22,West Midlands,A level,Arts,Film Studies,536.0,6.15672,22.76119,62.5,88.24627,94.77612,96.64179
2021 to 22,West Midlands,A level,Maths,Mathematics (Pure),0.0,,,,,,
2021 to 22,West Midlands,A level,Modern languages - other,Bengali,0.0,,,,,,
2021 to 22,West Midlands,A level,English,English literature,3001.0,11.76275,29.0903,61.47951,84.77174,96.06798,99.06698
2021 to 22,West Midlands,A level,Design and technology,Design & Technology,0.0,,,,,,
2021 to 22,West Midlands,A level,Music,Music,294.0,12.92517,39.45578,69.04762,89.11565,97.95918,99.31973
2021 to 22,West Midlands,A level,Classical studies,Classical Greek,2.0,100.0,100.0,100.0,100.0,100.0,100.0
2021 to 22,West Midlands,A level,English,English language & literature,771.0,8.43061,24.51362,59.66278,87.28923,96.49805,99.48119
2021 to 22,West Midlands,A level,Art & Design,History of Art,15.0,6.66667,46.66667,73.33333,80.0,93.33333,100.0
2021 to 22,West Midlands,A level,Art & Design,3d Studies,142.0,9.15493,25.35211,51.40845,76.76056,93.66197,99.29577
2021 to 22,West Midlands,A level,Modern languages,Spanish,432.0,17.82407,45.83333,71.99074,86.80556,95.37037,98.61111
2021 to 22,West Midlands,A level,Sociology,Total Sociology,4383.0,8.12229,23.24892,54.09537,80.0365,93.74857,97.96943
2021 to 22,West Midlands,A level,Arts,Total Arts,2178.0,6.15243,23.69146,62.71809,87.60331,96.32691,98.53076
2021 to 22,West Midlands,A level,Design and technology,Total D&T,787.0,10.29225,26.17535,52.60483,77.76366,90.9784,96.56925
2021 to 22,West Midlands,A level,Science - Chemistry,Total Chemistry,5139.0,9.39872,30.84258,52.44211,70.55847,86.72894,96.86709
2021 to 22,West Midlands,A level,ICT,Total ICT,0.0,,,,,,
2021 to 22,West Midlands,A level,General studies,General Studies,0.0,,,,,,
2021 to 22,West Midlands,A level,Modern languages - other,Portuguese,6.0,33.33333,50.0,66.66667,66.66667,100.0,100.0
2021 to 22,West Midlands,A level,Maths,Additional Mathematics,0.0,,,,,,
2021 to 22,West Midlands,A level,Home Economics,Total Home Economics,0.0,,,,,,
2021 to 22,West Midlands,A level,Maths,Mathematics (Statistics),224.0,6.25,16.07143,41.51786,70.08929,88.83929,97.32143
2021 to 22,West Midlands,A level,Physical Education,Physical Education/Sports Studies,952.0,10.18908,28.36134,54.09664,78.04622,92.54202,98.42437
2021 to 22,West Midlands,A level,Art & Design,Critical Studies,0.0,,,,,,
2021 to 22,West Midlands,A level,All STEM subjects,Total STEM subjects,24302.0,13.14295,33.72562,54.02436,72.79236,88.23554,97.12369
2021 to 22,West Midlands,A level,Classical studies,Total Classical studies,234.0,13.67521,38.88889,64.95726,85.89744,96.15385,98.71795
2021 to 22,West Midlands,A level,Modern languages - other,Total Other Modern Languages,290.0,34.82759,71.72414,87.24138,92.75862,95.51724,96.55172
2021 to 22,West Midlands,A level,Modern languages - other,Urdu,29.0,41.37931,68.96552,93.10345,100.0,100.0,100.0
2021 to 22,East of England,A level,Modern languages - other,Chinese,19.0,10.52632,57.89474,89.47368,94.73684,100.0,100.0
2021 to 22,East of England,A level,Modern languages - other,Italian,100.0,46.0,71.0,91.0,96.0,98.0,99.0
2021 to 22,East of England,A level,Modern languages - other,Japanese,9.0,55.55556,88.88889,88.88889,100.0,100.0,100.0
2021 to 22,East of England,A level,Classical studies,Latin,56.0,33.92857,69.64286,82.14286,92.85714,96.42857,100.0
2021 to 22,East of England,A level,Modern languages - other,Modern Greek,9.0,55.55556,88.88889,100.0,100.0,100.0,100.0
2021 to 22,East of England,A level,Science - other,Geology,97.0,12.37113,31.95876,48.45361,73.19588,90.72165,98.96907
2021 to 22,East of England,A level,Arts,Creative Writing,0.0,,,,,,
2021 to 22,East of England,A level,Maths,Use of mathematics,0.0,,,,,,
2021 to 22,East of England,A level,Classical studies,Ancient History,68.0,4.41176,17.64706,44.11765,77.94118,94.11765,100.0
2021 to 22,East of England,A level,Modern languages - other,Irish,0.0,,,,,,
2021 to 22,East of England,A level,General studies,Critical Thinking,0.0,,,,,,
2021 to 22,East of England,A level,Art & Design,Textiles,266.0,10.90226,30.82707,61.65414,89.84962,94.73684,97.74436
2021 to 22,East of England,A level,Government and politics,Total Government and Politics,1921.0,13.7949,37.11609,65.95523,86.5695,94.74232,98.43831
2021 to 22,East of England,A level,Physical Education,Total Physical Education,1674.0,13.79928,33.45281,58.8411,80.58542,93.01075,97.9092
2021 to 22,East of England,A level,Modern languages - other,Punjabi,0.0,,,,,,
2021 to 22,East of England,A level,Religious Studies,Total Religious Studies,1407.0,9.66596,32.55153,65.74271,85.78536,95.66453,98.79176
2021 to 22,East of England,A level,Modern languages - other,Persian,7.0,42.85714,71.42857,71.42857,71.42857,71.42857,71.42857
2021 to 22,East of England,A level,Psychology,Total Psychology,8111.0,9.59191,27.33325,55.17199,77.82024,91.32043,97.46024
2021 to 22,East of England,A level,Science - Physics,Total Physics,3512.0,13.86674,34.90888,55.12528,74.65831,88.582,96.9533
2021 to 22,East of England,A level,Science - other,Environmental Science,180.0,3.33333,15.55556,37.77778,62.77778,81.66667,92.22222
2021 to 22,East of England,A level,Science - other,Electronics,32.0,21.875,43.75,56.25,68.75,87.5,100.0
2021 to 22,East of England,A level,Modern languages - other,Gujarati,0.0,,,,,,
2021 to 22,East of England,A level,Art & Design,Art and design,555.0,16.21622,36.03604,66.12613,88.82883,96.57658,98.37838
2021 to 22,East of England,A level,Computer Science,Total Computer Science,1701.0,15.34392,37.15461,59.90594,77.18989,90.71135,97.64844
2021 to 22,East of England,A level,Geography,Total Geography,3757.0,10.16769,31.06202,59.83497,83.25792,94.94277,98.77562
2021 to 22,East of England,A level,Maths - Further,Total Further Mathematics,1375.0,36.0,63.34545,81.16364,92.0,96.21818,98.83636
2021 to 22,East of England,A level,Law,Total Law,1462.0,5.60876,20.79343,43.63885,66.55267,85.90971,96.10123
2021 to 22,East of England,A level,Modern languages,German,278.0,28.05755,58.63309,77.69784,90.64748,97.48201,100.0
2021 to 22,East of England,A level,General studies,Total General studies,0.0,,,,,,
2021 to 22,East of England,A level,Maths,Maths,8204.0,21.35544,44.88055,61.88445,76.92589,89.22477,97.294
2021 to 22,East of England,A level,Modern languages - other,Modern Hebrew,1.0,0.0,100.0,100.0,100.0,100.0,100.0
2021 to 22,East of England,A level,Classical studies,Classics (General),0.0,,,,,,
2021 to 22,East of England,A level,Art & Design,Graphics,369.0,13.27913,30.62331,57.45257,84.28184,95.12195,98.64499
2021 to 22,East of England,A level,Modern languages,French,711.0,21.09705,49.22644,70.46414,86.35724,95.4993,99.01547
2021 to 22,East of England,A level,Classical studies,Other Classical Languages,0.0,,,,,,
2021 to 22,East of England,A level,Accounting and Finance,Total Accounting and finance,242.0,4.54545,18.59504,39.66942,62.80992,82.2314,95.86777
2021 to 22,East of England,A level,Design and technology,D&T Systems & Control,0.0,,,,,,
2021 to 22,East of England,A level,All subjects,Total subjects,80082.0,12.94423,33.21096,59.53772,80.6823,92.57136,97.9496
2021 to 22,East of England,A level,Music,Total Music,623.0,16.53291,39.80738,62.27929,83.46709,94.70305,97.91332
2021 to 22,East of England,A level,Design and technology,D&T Engineering,25.0,4.0,20.0,32.0,60.0,76.0,88.0
2021 to 22,East of England,A level,Arts,Communication Studies,0.0,,,,,,
2021 to 22,East of England,A level,Business Studies,Total Business Studies,4447.0,7.24084,23.36407,58.12908,83.35957,94.17585,98.22352
2021 to 22,East of England,A level,Modern languages,Total Modern languages including Other,1998.0,25.07508,53.65365,74.07407,88.33834,95.94595,98.6987
2021 to 22,East of England,A level,Art & Design,Photography,1400.0,10.5,25.78571,58.21429,84.35714,94.78571,99.21429
2021 to 22,East of England,A level,Anthropology,Total Anthropology,0.0,,,,,,
2021 to 22,East of England,A level,Logic/Philosophy,Total Logic/ Philosophy,370.0,7.2973,27.02703,53.24324,73.24324,88.37838,96.48649
2021 to 22,East of England,A level,Geography,Geography (World Development),0.0,,,,,,
2021 to 22,East of England,A level,English,Total English,5434.0,11.7961,28.22967,60.34229,86.03239,96.33787,98.96945
2021 to 22,East of England,A level,Humanities,Total Humanities,0.0,,,,,,
2021 to 22,East of England,A level,Arts,Drama & Theatre Studies,1116.0,10.75269,30.64516,65.5914,87.36559,96.41577,99.28315
2021 to 22,East of England,A level,Archaeology,Total Archaeology,0.0,,,,,,
2021 to 22,East of England,A level,Art & Design,Fine Art,1469.0,19.60517,39.82301,69.1627,89.92512,97.07284,99.52349
2021 to 22,East of England,A level,Modern languages - other,Russian,45.0,55.55556,97.77778,100.0,100.0,100.0,100.0
2021 to 22,East of England,A level,Home Economics,Home Economics (Food),0.0,,,,,,
2021 to 22,East of England,A level,Modern languages - other,Arabic,13.0,53.84615,61.53846,84.61538,84.61538,92.30769,92.30769
2021 to 22,East of England,A level,Modern languages - other,Dutch,0.0,,,,,,
2021 to 22,East of England,A level,All facilitating subjects,Total facilitating subjects,37390.0,16.00963,38.38459,60.9655,79.63894,91.56726,97.81225
2021 to 22,East of England,A level,Classical studies,Classical Civilisation,274.0,12.0438,36.49635,65.32847,85.40146,94.52555,97.81022
2021 to 22,East of England,A level,Modern languages - other,Polish,63.0,11.11111,42.85714,71.42857,88.88889,92.06349,95.2381
2021 to 22,East of England,A level,Science - Biology,Total Biology,6122.0,12.28357,33.50212,54.83502,75.18785,89.39889,97.59882
2021 to 22,East of England,A level,History,Total History,4526.0,10.69377,31.2859,62.54971,85.41759,95.71365,98.51966
2021 to 22,East of England,A level,Maths,Total Maths,8266.0,21.20736,44.6286,61.57755,76.72393,89.13622,97.26591
2021 to 22,East of England,A level,Art & Design,Total Art & Design,4232.0,14.93384,33.08129,63.42155,87.00378,95.6758,98.98393
2021 to 22,East of England,A level,Music,Music Technology,188.0,9.04255,25.0,53.19149,78.19149,89.3617,95.74468
2021 to 22,East of England,A level,Economics,Total Economics,3569.0,13.33707,36.42477,65.39647,84.81367,95.09667,98.31886
2021 to 22,East of England,A level,Geography,Geography,3757.0,10.16769,31.06202,59.83497,83.25792,94.94277,98.77562
2021 to 22,East of England,A level,Citizenship studies,Total Citizenship studies,0.0,,,,,,
2021 to 22,East of England,A level,Design and technology,D&T Product Design,1067.0,9.74695,24.17994,50.14058,76.0075,91.56514,97.7507
2021 to 22,East of England,A level,Arts,Media/Film/Tv Studies,1856.0,4.9569,21.92888,57.75862,84.375,96.01293,98.92241
2021 to 22,East of England,A level,Physical Education,Dance,124.0,23.3871,46.77419,74.19355,93.54839,98.3871,100.0
2021 to 22,East of England,A level,Modern languages - other,Turkish,32.0,31.25,50.0,87.5,93.75,93.75,96.875
2021 to 22,East of England,A level,English,English language,1142.0,5.8669,20.75306,54.55342,84.41331,96.40981,99.12434
2021 to 22,East of England,A level,Design and technology,D&T Textiles Technology,73.0,13.69863,31.50685,61.64384,89.0411,98.63014,100.0
2021 to 22,East of England,A level,Design and technology,D&T Food Technology,0.0,,,,,,
2021 to 22,East of England,A level,Science - other,Total Other Sciences,309.0,8.09061,23.6246,43.04207,66.66667,85.11327,95.14563
2021 to 22,East of England,A level,Arts,Film Studies,873.0,6.87285,22.45132,57.15922,84.53608,94.15808,97.02176
2021 to 22,East of England,A level,Maths,Mathematics (Pure),0.0,,,,,,
2021 to 22,East of England,A level,Modern languages - other,Bengali,0.0,,,,,,
2021 to 22,East of England,A level,English,English literature,3211.0,14.91747,32.82467,63.22018,86.76425,96.29399,98.87885
2021 to 22,East of England,A level,Design and technology,Design & Technology,0.0,,,,,,
2021 to 22,East of England,A level,Music,Music,435.0,19.77011,46.2069,66.2069,85.74713,97.01149,98.85057
2021 to 22,East of England,A level,Classical studies,Classical Greek,4.0,75.0,100.0,100.0,100.0,100.0,100.0
2021 to 22,East of England,A level,English,English language & literature,1081.0,8.78816,22.47919,57.90934,85.56892,96.39223,99.07493
2021 to 22,East of England,A level,Art & Design,History of Art,26.0,46.15385,65.38462,80.76923,84.61538,96.15385,100.0
2021 to 22,East of England,A level,Art & Design,3d Studies,130.0,11.53846,29.23077,60.0,78.46154,90.0,96.15385
2021 to 22,East of England,A level,Modern languages,Spanish,648.0,23.45679,51.08025,70.83333,87.65432,96.60494,99.38272
2021 to 22,East of England,A level,Sociology,Total Sociology,4987.0,8.9232,26.56908,56.06577,81.7325,94.14478,98.09505
2021 to 22,East of England,A level,Arts,Total Arts,3845.0,7.07412,24.57737,59.89597,85.27958,95.70871,98.59558
2021 to 22,East of England,A level,Design and technology,Total D&T,1165.0,9.87124,24.54936,50.4721,76.48069,91.67382,97.6824
2021 to 22,East of England,A level,Science - Chemistry,Total Chemistry,4625.0,13.66486,38.27027,57.72973,72.97297,87.43784,96.73514
2021 to 22,East of England,A level,ICT,Total ICT,0.0,,,,,,
2021 to 22,East of England,A level,General studies,General Studies,0.0,,,,,,
2021 to 22,East of England,A level,Modern languages - other,Portuguese,58.0,18.96552,46.55172,68.96552,81.03448,87.93103,87.93103
2021 to 22,East of England,A level,Maths,Additional Mathematics,0.0,,,,,,
2021 to 22,East of England,A level,Home Economics,Total Home Economics,0.0,,,,,,
2021 to 22,East of England,A level,Maths,Mathematics (Statistics),62.0,1.6129,11.29032,20.96774,50.0,77.41935,93.54839
2021 to 22,East of England,A level,Physical Education,Physical Education/Sports Studies,1550.0,13.03226,32.3871,57.6129,79.54839,92.58065,97.74194
2021 to 22,East of England,A level,Art & Design,Critical Studies,17.0,11.76471,23.52941,64.70588,76.47059,88.23529,100.0
2021 to 22,East of England,A level,All STEM subjects,Total STEM subjects,25601.0,17.10871,39.99453,59.32581,76.24702,89.3012,97.31651
2021 to 22,East of England,A level,Classical studies,Total Classical studies,402.0,14.42786,38.55721,64.42786,85.32338,94.77612,98.50746
2021 to 22,East of England,A level,Modern languages - other,Total Other Modern Languages,361.0,33.51801,63.15789,84.21053,91.68975,94.45983,95.84488
2021 to 22,East of England,A level,Modern languages - other,Urdu,5.0,0.0,40.0,80.0,80.0,80.0,100.0
2021 to 22,Yorkshire and The Humber,A level,Modern languages - other,Chinese,18.0,27.77778,44.44444,83.33333,88.88889,94.44444,100.0
2021 to 22,Yorkshire and The Humber,A level,Modern languages - other,Italian,24.0,29.16667,62.5,95.83333,100.0,100.0,100.0
2021 to 22,Yorkshire and The Humber,A level,Modern languages - other,Japanese,9.0,33.33333,44.44444,55.55556,77.77778,100.0,100.0
2021 to 22,Yorkshire and The Humber,A level,Classical studies,Latin,5.0,40.0,80.0,100.0,100.0,100.0,100.0
2021 to 22,Yorkshire and The Humber,A level,Modern languages - other,Modern Greek,2.0,100.0,100.0,100.0,100.0,100.0,100.0
2021 to 22,Yorkshire and The Humber,A level,Science - other,Geology,88.0,11.36364,34.09091,50.0,67.04545,89.77273,98.86364
2021 to 22,Yorkshire and The Humber,A level,Arts,Creative Writing,0.0,,,,,,
2021 to 22,Yorkshire and The Humber,A level,Maths,Use of mathematics,0.0,,,,,,
2021 to 22,Yorkshire and The Humber,A level,Classical studies,Ancient History,71.0,11.26761,35.21127,67.60563,91.5493,97.1831,100.0
2021 to 22,Yorkshire and The Humber,A level,Modern languages - other,Irish,0.0,,,,,,
2021 to 22,Yorkshire and The Humber,A level,General studies,Critical Thinking,0.0,,,,,,
2021 to 22,Yorkshire and The Humber,A level,Art & Design,Textiles,256.0,13.67188,35.54688,67.57813,91.40625,98.04688,99.60938
2021 to 22,Yorkshire and The Humber,A level,Government and politics,Total Government and Politics,1223.0,10.71137,32.70646,64.59526,84.21913,94.84873,98.36468
2021 to 22,Yorkshire and The Humber,A level,Physical Education,Total Physical Education,985.0,11.87817,32.58883,59.28934,81.3198,93.29949,98.07107
2021 to 22,Yorkshire and The Humber,A level,Modern languages - other,Punjabi,2.0,50.0,50.0,100.0,100.0,100.0,100.0
2021 to 22,Yorkshire and The Humber,A level,Religious Studies,Total Religious Studies,1092.0,8.69963,28.93773,61.26374,85.89744,94.68864,98.1685
2021 to 22,Yorkshire and The Humber,A level,Modern languages - other,Persian,4.0,75.0,75.0,100.0,100.0,100.0,100.0
2021 to 22,Yorkshire and The Humber,A level,Psychology,Total Psychology,5680.0,8.66197,25.12324,53.71479,76.95423,91.33803,97.48239
2021 to 22,Yorkshire and The Humber,A level,Science - Physics,Total Physics,2458.0,13.3035,33.40114,53.62083,73.1489,88.60862,97.27421
2021 to 22,Yorkshire and The Humber,A level,Science - other,Environmental Science,6.0,0.0,0.0,0.0,0.0,33.33333,83.33333
2021 to 22,Yorkshire and The Humber,A level,Science - other,Electronics,27.0,3.7037,29.62963,44.44444,70.37037,88.88889,100.0
2021 to 22,Yorkshire and The Humber,A level,Modern languages - other,Gujarati,0.0,,,,,,
2021 to 22,Yorkshire and The Humber,A level,Art & Design,Art and design,420.0,14.52381,34.28571,65.95238,88.57143,96.66667,99.28571
2021 to 22,Yorkshire and The Humber,A level,Computer Science,Total Computer Science,970.0,12.98969,32.47423,56.59794,75.87629,90.10309,96.49485
2021 to 22,Yorkshire and The Humber,A level,Geography,Total Geography,2500.0,9.16,29.56,59.76,83.76,94.6,98.8
2021 to 22,Yorkshire and The Humber,A level,Maths - Further,Total Further Mathematics,805.0,36.39752,60.49689,77.14286,89.44099,96.02484,98.63354
2021 to 22,Yorkshire and The Humber,A level,Law,Total Law,1683.0,7.48663,25.07427,49.49495,72.54902,87.99762,96.25668
2021 to 22,Yorkshire and The Humber,A level,Modern languages,German,143.0,17.48252,52.44755,75.52448,88.81119,97.2028,99.3007
2021 to 22,Yorkshire and The Humber,A level,General studies,Total General studies,0.0,,,,,,
2021 to 22,Yorkshire and The Humber,A level,Maths,Maths,5778.0,18.01661,40.74074,58.03046,73.8837,87.90239,97.23088
2021 to 22,Yorkshire and The Humber,A level,Modern languages - other,Modern Hebrew,1.0,100.0,100.0,100.0,100.0,100.0,100.0
2021 to 22,Yorkshire and The Humber,A level,Classical studies,Classics (General),0.0,,,,,,
2021 to 22,Yorkshire and The Humber,A level,Art & Design,Graphics,441.0,15.4195,35.60091,71.65533,93.19728,99.09297,99.77324
2021 to 22,Yorkshire and The Humber,A level,Modern languages,French,410.0,17.80488,41.95122,68.29268,87.31707,96.82927,99.02439
2021 to 22,Yorkshire and The Humber,A level,Classical studies,Other Classical Languages,0.0,,,,,,
2021 to 22,Yorkshire and The Humber,A level,Accounting and Finance,Total Accounting and finance,185.0,8.64865,34.05405,57.2973,84.86486,93.51351,98.37838
2021 to 22,Yorkshire and The Humber,A level,Design and technology,D&T Systems & Control,0.0,,,,,,
2021 to 22,Yorkshire and The Humber,A level,All subjects,Total subjects,56011.0,11.271,31.00641,58.37246,80.28959,92.61395,98.05038
2021 to 22,Yorkshire and The Humber,A level,Music,Total Music,304.0,9.86842,30.59211,57.89474,81.25,94.40789,98.35526
2021 to 22,Yorkshire and The Humber,A level,Design and technology,D&T Engineering,44.0,9.09091,34.09091,77.27273,97.72727,100.0,100.0
2021 to 22,Yorkshire and The Humber,A level,Arts,Communication Studies,0.0,,,,,,
2021 to 22,Yorkshire and The Humber,A level,Business Studies,Total Business Studies,2762.0,7.45836,24.9819,61.36857,84.14193,95.58291,98.84142
2021 to 22,Yorkshire and The Humber,A level,Modern languages,Total Modern languages including Other,1279.0,20.7975,47.7717,71.77482,87.56841,96.40344,98.59265
2021 to 22,Yorkshire and The Humber,A level,Art & Design,Photography,908.0,12.99559,28.19383,62.55507,88.76652,97.2467,99.00881
2021 to 22,Yorkshire and The Humber,A level,Anthropology,Total Anthropology,0.0,,,,,,
2021 to 22,Yorkshire and The Humber,A level,Logic/Philosophy,Total Logic/ Philosophy,77.0,3.8961,24.67532,37.66234,70.12987,89.61039,97.4026
2021 to 22,Yorkshire and The Humber,A level,Geography,Geography (World Development),0.0,,,,,,
2021 to 22,Yorkshire and The Humber,A level,English,Total English,4658.0,9.44611,26.62087,59.76814,86.38901,96.62945,99.14126
2021 to 22,Yorkshire and The Humber,A level,Humanities,Total Humanities,0.0,,,,,,
2021 to 22,Yorkshire and The Humber,A level,Arts,Drama & Theatre Studies,636.0,9.43396,31.13208,68.23899,90.09434,96.54088,99.21384
2021 to 22,Yorkshire and The Humber,A level,Archaeology,Total Archaeology,0.0,,,,,,
2021 to 22,Yorkshire and The Humber,A level,Art & Design,Fine Art,1057.0,18.16462,36.51845,70.4825,90.35005,98.20246,99.43236
2021 to 22,Yorkshire and The Humber,A level,Modern languages - other,Russian,13.0,23.07692,69.23077,84.61538,84.61538,84.61538,84.61538
2021 to 22,Yorkshire and The Humber,A level,Home Economics,Home Economics (Food),0.0,,,,,,
2021 to 22,Yorkshire and The Humber,A level,Modern languages - other,Arabic,49.0,24.4898,61.22449,71.42857,83.67347,89.79592,91.83673
2021 to 22,Yorkshire and The Humber,A level,Modern languages - other,Dutch,0.0,,,,,,
2021 to 22,Yorkshire and The Humber,A level,All facilitating subjects,Total facilitating subjects,27024.0,13.4177,35.06513,58.52946,78.26007,91.21522,97.89446
2021 to 22,Yorkshire and The Humber,A level,Classical studies,Classical Civilisation,105.0,12.38095,38.09524,62.85714,87.61905,96.19048,99.04762
2021 to 22,Yorkshire and The Humber,A level,Modern languages - other,Polish,35.0,25.71429,57.14286,80.0,88.57143,97.14286,100.0
2021 to 22,Yorkshire and The Humber,A level,Science - Biology,Total Biology,4876.0,9.82363,30.33224,52.60459,73.50287,89.47908,97.66202
2021 to 22,Yorkshire and The Humber,A level,History,Total History,3281.0,8.86925,29.22889,61.50564,84.60835,95.82444,98.7199
2021 to 22,Yorkshire and The Humber,A level,Maths,Total Maths,5806.0,17.92973,40.59594,57.92284,73.94075,87.96073,97.24423
2021 to 22,Yorkshire and The Humber,A level,Art & Design,Total Art & Design,3205.0,15.13261,33.22933,66.95788,89.9532,97.65991,99.37598
2021 to 22,Yorkshire and The Humber,A level,Music,Music Technology,88.0,9.09091,23.86364,46.59091,71.59091,88.63636,97.72727
2021 to 22,Yorkshire and The Humber,A level,Economics,Total Economics,1944.0,7.81893,27.88066,59.0535,84.00206,94.44444,98.66255
2021 to 22,Yorkshire and The Humber,A level,Geography,Geography,2500.0,9.16,29.56,59.76,83.76,94.6,98.8
2021 to 22,Yorkshire and The Humber,A level,Citizenship studies,Total Citizenship studies,0.0,,,,,,
2021 to 22,Yorkshire and The Humber,A level,Design and technology,D&T Product Design,466.0,8.3691,20.17167,45.06438,74.24893,91.41631,97.2103
2021 to 22,Yorkshire and The Humber,A level,Arts,Media/Film/Tv Studies,887.0,6.5389,20.96956,56.59526,85.23112,96.27959,99.4363
2021 to 22,Yorkshire and The Humber,A level,Physical Education,Dance,149.0,23.48993,57.04698,86.57718,97.31544,99.32886,99.32886
2021 to 22,Yorkshire and The Humber,A level,Modern languages - other,Turkish,15.0,13.33333,66.66667,86.66667,93.33333,100.0,100.0
2021 to 22,Yorkshire and The Humber,A level,English,English language,2097.0,6.24702,21.98379,57.41536,85.36004,96.32809,98.95088
2021 to 22,Yorkshire and The Humber,A level,Design and technology,D&T Textiles Technology,52.0,9.61538,40.38462,65.38462,76.92308,96.15385,100.0
2021 to 22,Yorkshire and The Humber,A level,Design and technology,D&T Food Technology,0.0,,,,,,
2021 to 22,Yorkshire and The Humber,A level,Science - other,Total Other Sciences,121.0,9.09091,31.40496,46.28099,64.46281,86.77686,98.34711
2021 to 22,Yorkshire and The Humber,A level,Arts,Film Studies,415.0,7.71084,27.46988,68.43373,90.60241,97.59036,98.79518
2021 to 22,Yorkshire and The Humber,A level,Maths,Mathematics (Pure),0.0,,,,,,
2021 to 22,Yorkshire and The Humber,A level,Modern languages - other,Bengali,0.0,,,,,,
2021 to 22,Yorkshire and The Humber,A level,English,English literature,2120.0,12.9717,32.68868,63.01887,87.21698,97.0283,99.33962
2021 to 22,Yorkshire and The Humber,A level,Design and technology,Design & Technology,0.0,,,,,,
2021 to 22,Yorkshire and The Humber,A level,Music,Music,216.0,10.18519,33.33333,62.5,85.18519,96.75926,98.61111
2021 to 22,Yorkshire and The Humber,A level,Classical studies,Classical Greek,0.0,,,,,,
2021 to 22,Yorkshire and The Humber,A level,English,English language & literature,441.0,7.70975,19.50113,55.3288,87.30159,96.14512,99.09297
2021 to 22,Yorkshire and The Humber,A level,Art & Design,History of Art,1.0,100.0,100.0,100.0,100.0,100.0,100.0
2021 to 22,Yorkshire and The Humber,A level,Art & Design,3d Studies,122.0,8.19672,24.59016,54.09836,85.2459,93.44262,100.0
2021 to 22,Yorkshire and The Humber,A level,Modern languages,Spanish,531.0,22.0339,46.32768,70.0565,86.629,96.23352,98.68173
2021 to 22,Yorkshire and The Humber,A level,Sociology,Total Sociology,3514.0,8.90723,26.66477,56.23221,81.36027,93.71087,97.75185
2021 to 22,Yorkshire and The Humber,A level,Arts,Total Arts,1938.0,7.73994,25.69659,62.9515,87.9773,96.64603,99.22601
2021 to 22,Yorkshire and The Humber,A level,Design and technology,Total D&T,562.0,8.54093,23.13167,49.46619,76.33452,92.52669,97.68683
2021 to 22,Yorkshire and The Humber,A level,Science - Chemistry,Total Chemistry,3922.0,10.78531,33.88577,55.81336,74.80877,88.04182,97.11882
2021 to 22,Yorkshire and The Humber,A level,ICT,Total ICT,0.0,,,,,,
2021 to 22,Yorkshire and The Humber,A level,General studies,General Studies,0.0,,,,,,
2021 to 22,Yorkshire and The Humber,A level,Modern languages - other,Portuguese,7.0,28.57143,71.42857,71.42857,85.71429,100.0,100.0
2021 to 22,Yorkshire and The Humber,A level,Maths,Additional Mathematics,0.0,,,,,,
2021 to 22,Yorkshire and The Humber,A level,Home Economics,Total Home Economics,0.0,,,,,,
2021 to 22,Yorkshire and The Humber,A level,Maths,Mathematics (Statistics),28.0,0.0,10.71429,35.71429,85.71429,100.0,100.0
2021 to 22,Yorkshire and The Humber,A level,Physical Education,Physical Education/Sports Studies,836.0,9.80861,28.22967,54.42584,78.4689,92.22488,97.84689
2021 to 22,Yorkshire and The Humber,A level,Art & Design,Critical Studies,0.0,,,,,,
2021 to 22,Yorkshire and The Humber,A level,All STEM subjects,Total STEM subjects,18837.0,14.2751,36.03546,56.29877,74.66688,88.91012,97.35096
2021 to 22,Yorkshire and The Humber,A level,Classical studies,Total Classical studies,181.0,12.70718,38.12155,65.74586,89.50276,96.68508,99.44751
2021 to 22,Yorkshire and The Humber,A level,Modern languages - other,Total Other Modern Languages,195.0,26.15385,60.51282,81.02564,89.74359,95.38462,96.92308
2021 to 22,Yorkshire and The Humber,A level,Modern languages - other,Urdu,16.0,6.25,62.5,87.5,100.0,100.0,100.0
2021 to 22,North East,A level,Modern languages - other,Chinese,0.0,,,,,,
2021 to 22,North East,A level,Modern languages - other,Italian,16.0,37.5,68.75,100.0,100.0,100.0,100.0
2021 to 22,North East,A level,Modern languages - other,Japanese,0.0,,,,,,
2021 to 22,North East,A level,Classical studies,Latin,6.0,33.33333,66.66667,100.0,100.0,100.0,100.0
2021 to 22,North East,A level,Modern languages - other,Modern Greek,3.0,66.66667,66.66667,100.0,100.0,100.0,100.0
2021 to 22,North East,A level,Science - other,Geology,47.0,14.89362,40.42553,76.59574,91.48936,100.0,100.0
2021 to 22,North East,A level,Arts,Creative Writing,0.0,,,,,,
2021 to 22,North East,A level,Maths,Use of mathematics,0.0,,,,,,
2021 to 22,North East,A level,Classical studies,Ancient History,0.0,,,,,,
2021 to 22,North East,A level,Modern languages - other,Irish,0.0,,,,,,
2021 to 22,North East,A level,General studies,Critical Thinking,0.0,,,,,,
2021 to 22,North East,A level,Art & Design,Textiles,140.0,18.57143,36.42857,73.57143,90.71429,97.85714,100.0
2021 to 22,North East,A level,Government and politics,Total Government and Politics,439.0,9.79499,29.15718,61.50342,85.87699,97.03872,97.94989
2021 to 22,North East,A level,Physical Education,Total Physical Education,405.0,9.1358,26.41975,51.85185,73.33333,91.35802,97.53086
2021 to 22,North East,A level,Modern languages - other,Punjabi,0.0,,,,,,
2021 to 22,North East,A level,Religious Studies,Total Religious Studies,569.0,7.02988,27.59227,59.75395,87.34622,94.90334,99.12127
2021 to 22,North East,A level,Modern languages - other,Persian,0.0,,,,,,
2021 to 22,North East,A level,Psychology,Total Psychology,2701.0,7.6268,24.02814,50.98112,75.52758,91.33654,97.51944
2021 to 22,North East,A level,Science - Physics,Total Physics,1035.0,13.42995,31.30435,53.42995,74.29952,89.27536,98.06763
2021 to 22,North East,A level,Science - other,Environmental Science,19.0,0.0,15.78947,26.31579,73.68421,89.47368,100.0
2021 to 22,North East,A level,Science - other,Electronics,0.0,,,,,,
2021 to 22,North East,A level,Modern languages - other,Gujarati,0.0,,,,,,
2021 to 22,North East,A level,Art & Design,Art and design,230.0,13.91304,28.69565,59.56522,84.34783,94.78261,98.69565
2021 to 22,North East,A level,Computer Science,Total Computer Science,468.0,10.04274,32.90598,55.76923,74.35897,90.59829,98.07692
2021 to 22,North East,A level,Geography,Total Geography,1193.0,9.05281,28.91869,58.59179,83.90612,95.38977,98.91031
2021 to 22,North East,A level,Maths - Further,Total Further Mathematics,315.0,40.31746,62.53968,80.31746,92.69841,96.8254,98.4127
2021 to 22,North East,A level,Law,Total Law,855.0,6.78363,20.93567,45.84795,68.88889,87.36842,97.19298
2021 to 22,North East,A level,Modern languages,German,77.0,25.97403,51.94805,74.02597,94.80519,100.0,100.0
2021 to 22,North East,A level,General studies,Total General studies,0.0,,,,,,
2021 to 22,North East,A level,Maths,Maths,2331.0,17.63192,39.51094,56.28486,75.03218,88.54569,97.855
2021 to 22,North East,A level,Modern languages - other,Modern Hebrew,0.0,,,,,,
2021 to 22,North East,A level,Classical studies,Classics (General),0.0,,,,,,
2021 to 22,North East,A level,Art & Design,Graphics,195.0,12.30769,37.4359,70.76923,94.87179,99.48718,100.0
2021 to 22,North East,A level,Modern languages,French,207.0,16.90821,48.30918,70.04831,87.92271,96.61836,99.51691
2021 to 22,North East,A level,Classical studies,Other Classical Languages,5.0,0.0,60.0,80.0,100.0,100.0,100.0
2021 to 22,North East,A level,Accounting and Finance,Total Accounting and finance,94.0,9.57447,25.53191,42.55319,73.40426,91.48936,100.0
2021 to 22,North East,A level,Design and technology,D&T Systems & Control,0.0,,,,,,
2021 to 22,North East,A level,All subjects,Total subjects,24677.0,10.43482,29.42011,57.01666,80.37849,92.96511,98.25749
2021 to 22,North East,A level,Music,Total Music,119.0,15.12605,42.85714,65.54622,89.91597,96.63866,99.15966
2021 to 22,North East,A level,Design and technology,D&T Engineering,24.0,8.33333,29.16667,66.66667,87.5,95.83333,100.0
2021 to 22,North East,A level,Arts,Communication Studies,0.0,,,,,,
2021 to 22,North East,A level,Business Studies,Total Business Studies,1281.0,6.40125,25.76112,60.65574,85.16784,95.39422,98.51678
2021 to 22,North East,A level,Modern languages,Total Modern languages including Other,577.0,17.50433,44.88735,69.67071,87.00173,96.70711,99.30676
2021 to 22,North East,A level,Art & Design,Photography,375.0,8.26667,25.33333,58.66667,87.73333,94.66667,97.6
2021 to 22,North East,A level,Anthropology,Total Anthropology,0.0,,,,,,
2021 to 22,North East,A level,Logic/Philosophy,Total Logic/ Philosophy,31.0,22.58065,38.70968,70.96774,90.32258,96.77419,100.0
2021 to 22,North East,A level,Geography,Geography (World Development),0.0,,,,,,
2021 to 22,North East,A level,English,Total English,2325.0,9.72043,26.70968,60.64516,87.48387,97.54839,99.31183
2021 to 22,North East,A level,Humanities,Total Humanities,0.0,,,,,,
2021 to 22,North East,A level,Arts,Drama & Theatre Studies,196.0,14.28571,37.2449,71.42857,91.83673,97.95918,99.4898
2021 to 22,North East,A level,Archaeology,Total Archaeology,0.0,,,,,,
2021 to 22,North East,A level,Art & Design,Fine Art,482.0,19.50207,38.58921,67.63485,89.41909,97.09544,98.75519
2021 to 22,North East,A level,Modern languages - other,Russian,1.0,0.0,0.0,100.0,100.0,100.0,100.0
2021 to 22,North East,A level,Home Economics,Home Economics (Food),0.0,,,,,,
2021 to 22,North East,A level,Modern languages - other,Arabic,13.0,46.15385,61.53846,61.53846,76.92308,92.30769,92.30769
2021 to 22,North East,A level,Modern languages - other,Dutch,0.0,,,,,,
2021 to 22,North East,A level,All facilitating subjects,Total facilitating subjects,11531.0,13.44203,33.83922,57.8354,79.0738,92.03018,98.35227
2021 to 22,North East,A level,Classical studies,Classical Civilisation,54.0,16.66667,35.18519,70.37037,90.74074,100.0,100.0
2021 to 22,North East,A level,Modern languages - other,Polish,11.0,9.09091,45.45455,54.54545,81.81818,81.81818,90.90909
2021 to 22,North East,A level,Science - Biology,Total Biology,1942.0,10.24717,28.26982,51.18435,71.93615,89.54686,98.09475
2021 to 22,North East,A level,History,Total History,1468.0,8.44687,28.33787,61.58038,86.9891,96.66213,98.6376
2021 to 22,North East,A level,Maths,Total Maths,2331.0,17.63192,39.51094,56.28486,75.03218,88.54569,97.855
2021 to 22,North East,A level,Art & Design,Total Art & Design,1457.0,14.41318,32.80714,64.92793,88.81263,96.29375,98.76458
2021 to 22,North East,A level,Music,Music Technology,10.0,30.0,60.0,70.0,90.0,100.0,100.0
2021 to 22,North East,A level,Economics,Total Economics,621.0,6.44122,28.01932,60.38647,87.27858,95.8132,98.71176
2021 to 22,North East,A level,Geography,Geography,1193.0,9.05281,28.91869,58.59179,83.90612,95.38977,98.91031
2021 to 22,North East,A level,Citizenship studies,Total Citizenship studies,0.0,,,,,,
2021 to 22,North East,A level,Design and technology,D&T Product Design,261.0,2.68199,18.00766,42.52874,67.04981,85.82375,95.01916
2021 to 22,North East,A level,Arts,Media/Film/Tv Studies,506.0,5.13834,20.75099,57.90514,87.54941,97.62846,99.40711
2021 to 22,North East,A level,Physical Education,Dance,7.0,14.28571,28.57143,57.14286,71.42857,100.0,100.0
2021 to 22,North East,A level,Modern languages - other,Turkish,5.0,20.0,80.0,80.0,80.0,80.0,100.0
2021 to 22,North East,A level,English,English language,1134.0,4.67372,20.10582,57.84832,86.77249,97.17813,99.11817
2021 to 22,North East,A level,Design and technology,D&T Textiles Technology,9.0,0.0,0.0,44.44444,66.66667,66.66667,88.88889
2021 to 22,North East,A level,Design and technology,D&T Food Technology,0.0,,,,,,
2021 to 22,North East,A level,Science - other,Total Other Sciences,66.0,10.60606,33.33333,62.12121,86.36364,96.9697,100.0
2021 to 22,North East,A level,Arts,Film Studies,225.0,3.55556,23.11111,61.33333,87.11111,97.33333,98.22222
2021 to 22,North East,A level,Maths,Mathematics (Pure),0.0,,,,,,
2021 to 22,North East,A level,Modern languages - other,Bengali,0.0,,,,,,
2021 to 22,North East,A level,English,English literature,1126.0,15.00888,33.9254,64.2984,88.54352,98.04618,99.46714
2021 to 22,North East,A level,Design and technology,Design & Technology,0.0,,,,,,
2021 to 22,North East,A level,Music,Music,109.0,13.76147,41.2844,65.13761,89.90826,96.33028,99.08257
2021 to 22,North East,A level,Classical studies,Classical Greek,0.0,,,,,,
2021 to 22,North East,A level,English,English language & literature,65.0,6.15385,16.92308,46.15385,81.53846,95.38462,100.0
2021 to 22,North East,A level,Art & Design,History of Art,1.0,0.0,100.0,100.0,100.0,100.0,100.0
2021 to 22,North East,A level,Art & Design,3d Studies,24.0,12.5,20.83333,66.66667,79.16667,87.5,100.0
2021 to 22,North East,A level,Modern languages,Spanish,244.0,12.29508,36.47541,66.39344,83.60656,96.72131,99.59016
2021 to 22,North East,A level,Sociology,Total Sociology,1561.0,5.38117,22.2934,53.93978,81.29404,93.46573,97.56566
2021 to 22,North East,A level,Arts,Total Arts,927.0,6.68824,24.81122,61.59655,88.34951,97.62675,99.137
2021 to 22,North East,A level,Design and technology,Total D&T,294.0,3.06122,18.36735,44.55782,68.70748,86.05442,95.2381
2021 to 22,North East,A level,Science - Chemistry,Total Chemistry,1538.0,11.05332,32.83485,53.44603,73.342,88.10143,97.72432
2021 to 22,North East,A level,ICT,Total ICT,0.0,,,,,,
2021 to 22,North East,A level,General studies,General Studies,0.0,,,,,,
2021 to 22,North East,A level,Modern languages - other,Portuguese,0.0,,,,,,
2021 to 22,North East,A level,Maths,Additional Mathematics,0.0,,,,,,
2021 to 22,North East,A level,Home Economics,Total Home Economics,0.0,,,,,,
2021 to 22,North East,A level,Maths,Mathematics (Statistics),0.0,,,,,,
2021 to 22,North East,A level,Physical Education,Physical Education/Sports Studies,398.0,9.04523,26.38191,51.75879,73.36683,91.20603,97.48744
2021 to 22,North East,A level,Art & Design,Critical Studies,10.0,0.0,10.0,50.0,80.0,90.0,100.0
2021 to 22,North East,A level,All STEM subjects,Total STEM subjects,7629.0,14.32691,34.73588,54.98755,74.49207,89.27776,97.95517
2021 to 22,North East,A level,Classical studies,Total Classical studies,65.0,16.92308,40.0,73.84615,92.30769,100.0,100.0
2021 to 22,North East,A level,Modern languages - other,Total Other Modern Languages,49.0,32.65306,61.22449,77.55102,87.7551,91.83673,95.91837
2021 to 22,North East,A level,Modern languages - other,Urdu,0.0,,,,,,
2021 to 22,South East,A level,Modern languages - other,Chinese,28.0,25.0,78.57143,96.42857,100.0,100.0,100.0
2021 to 22,South East,A level,Modern languages - other,Italian,101.0,41.58416,75.24752,92.07921,97.0297,97.0297,98.0198
2021 to 22,South East,A level,Modern languages - other,Japanese,17.0,52.94118,82.35294,88.23529,100.0,100.0,100.0
2021 to 22,South East,A level,Classical studies,Latin,69.0,47.82609,75.36232,85.50725,94.2029,95.65217,100.0
2021 to 22,South East,A level,Modern languages - other,Modern Greek,6.0,83.33333,100.0,100.0,100.0,100.0,100.0
2021 to 22,South East,A level,Science - other,Geology,68.0,11.76471,25.0,54.41176,69.11765,92.64706,98.52941
2021 to 22,South East,A level,Arts,Creative Writing,0.0,,,,,,
2021 to 22,South East,A level,Maths,Use of mathematics,0.0,,,,,,
2021 to 22,South East,A level,Classical studies,Ancient History,130.0,7.69231,35.38462,79.23077,96.15385,97.69231,99.23077
2021 to 22,South East,A level,Modern languages - other,Irish,0.0,,,,,,
2021 to 22,South East,A level,General studies,Critical Thinking,0.0,,,,,,
2021 to 22,South East,A level,Art & Design,Textiles,739.0,17.05007,38.97158,73.88363,93.91069,98.24087,99.59405
2021 to 22,South East,A level,Government and politics,Total Government and Politics,2960.0,14.69595,39.93243,69.69595,87.80405,95.87838,98.64865
2021 to 22,South East,A level,Physical Education,Total Physical Education,2537.0,13.20457,30.42964,56.95704,79.06977,91.32834,97.24084
2021 to 22,South East,A level,Modern languages - other,Punjabi,12.0,16.66667,50.0,66.66667,83.33333,91.66667,100.0
2021 to 22,South East,A level,Religious Studies,Total Religious Studies,1715.0,10.72886,33.17784,66.4723,86.18076,95.56851,98.36735
2021 to 22,South East,A level,Modern languages - other,Persian,7.0,57.14286,71.42857,85.71429,85.71429,85.71429,100.0
2021 to 22,South East,A level,Psychology,Total Psychology,12268.0,9.89566,27.73883,55.54288,78.15455,91.56342,97.49755
2021 to 22,South East,A level,Science - Physics,Total Physics,5629.0,16.41499,39.40309,60.33043,77.75804,90.72659,97.49511
2021 to 22,South East,A level,Science - other,Environmental Science,459.0,6.31808,18.95425,44.88017,67.1024,84.53159,96.07843
2021 to 22,South East,A level,Science - other,Electronics,107.0,21.49533,50.46729,65.42056,84.11215,95.3271,99.06542
2021 to 22,South East,A level,Modern languages - other,Gujarati,0.0,,,,,,
2021 to 22,South East,A level,Art & Design,Art and design,817.0,15.42228,37.6989,68.05386,89.71848,97.67442,99.388
2021 to 22,South East,A level,Computer Science,Total Computer Science,2521.0,15.39072,38.55613,60.49187,77.58826,91.55097,97.77866
2021 to 22,South East,A level,Geography,Total Geography,5807.0,10.00517,31.72034,63.01016,85.84467,95.29878,98.65679
2021 to 22,South East,A level,Maths - Further,Total Further Mathematics,2106.0,40.88319,69.75309,83.66572,92.35518,97.151,99.24027
2021 to 22,South East,A level,Law,Total Law,2121.0,9.09948,26.68553,51.20226,73.12588,88.82603,96.46393
2021 to 22,South East,A level,Modern languages,German,444.0,23.42342,54.27928,74.32432,89.86486,97.52252,99.32432
2021 to 22,South East,A level,General studies,Total General studies,0.0,,,,,,
2021 to 22,South East,A level,Maths,Maths,13038.0,23.44685,48.46602,64.43473,79.08422,91.01856,97.98282
2021 to 22,South East,A level,Modern languages - other,Modern Hebrew,0.0,,,,,,
2021 to 22,South East,A level,Classical studies,Classics (General),0.0,,,,,,
2021 to 22,South East,A level,Art & Design,Graphics,1411.0,16.86747,37.49114,70.94259,92.9837,98.08646,99.43303
2021 to 22,South East,A level,Modern languages,French,1105.0,18.19005,48.68778,73.57466,89.50226,97.28507,99.45701
2021 to 22,South East,A level,Classical studies,Other Classical Languages,0.0,,,,,,
2021 to 22,South East,A level,Accounting and Finance,Total Accounting and finance,207.0,9.66184,20.28986,42.99517,67.14976,83.57488,94.68599
2021 to 22,South East,A level,Design and technology,D&T Systems & Control,0.0,,,,,,
2021 to 22,South East,A level,All subjects,Total subjects,122783.0,13.82765,35.39252,62.13971,82.06836,93.16599,98.12596
2021 to 22,South East,A level,Music,Total Music,859.0,16.64726,42.14203,68.80093,86.03027,95.34342,99.1851
2021 to 22,South East,A level,Design and technology,D&T Engineering,27.0,0.0,22.22222,48.14815,81.48148,100.0,100.0
2021 to 22,South East,A level,Arts,Communication Studies,0.0,,,,,,
2021 to 22,South East,A level,Business Studies,Total Business Studies,6584.0,6.36391,23.5723,56.33354,80.92345,93.31713,98.13183
2021 to 22,South East,A level,Modern languages,Total Modern languages including Other,3251.0,21.13196,50.75361,74.06952,89.2956,96.58567,99.23101
2021 to 22,South East,A level,Art & Design,Photography,2431.0,14.3151,32.53805,66.18675,88.97573,96.70917,98.84821
2021 to 22,South East,A level,Anthropology,Total Anthropology,0.0,,,,,,
2021 to 22,South East,A level,Logic/Philosophy,Total Logic/ Philosophy,889.0,11.13611,34.08324,57.93026,75.25309,88.86389,97.07537
2021 to 22,South East,A level,Geography,Geography (World Development),0.0,,,,,,
2021 to 22,South East,A level,English,Total English,8085.0,12.66543,33.43228,65.70192,87.5572,96.92022,99.1713
2021 to 22,South East,A level,Humanities,Total Humanities,0.0,,,,,,
2021 to 22,South East,A level,Arts,Drama & Theatre Studies,1444.0,12.46537,34.34903,68.07479,90.44321,98.2687,99.58449
2021 to 22,South East,A level,Archaeology,Total Archaeology,0.0,,,,,,
2021 to 22,South East,A level,Art & Design,Fine Art,2188.0,20.88665,42.27605,75.50274,92.32176,97.6691,99.40585
2021 to 22,South East,A level,Modern languages - other,Russian,28.0,53.57143,82.14286,100.0,100.0,100.0,100.0
2021 to 22,South East,A level,Home Economics,Home Economics (Food),0.0,,,,,,
2021 to 22,South East,A level,Modern languages - other,Arabic,23.0,39.13043,65.21739,73.91304,78.26087,82.6087,91.30435
2021 to 22,South East,A level,Modern languages - other,Dutch,0.0,,,,,,
2021 to 22,South East,A level,All facilitating subjects,Total facilitating subjects,57717.0,17.05563,40.90649,63.64503,81.29321,92.45456,98.14613
2021 to 22,South East,A level,Classical studies,Classical Civilisation,532.0,12.40602,40.03759,69.73684,88.15789,96.05263,98.87218
2021 to 22,South East,A level,Modern languages - other,Polish,67.0,29.85075,68.65672,89.55224,94.02985,98.50746,98.50746
2021 to 22,South East,A level,Science - Biology,Total Biology,9386.0,13.09397,34.84978,56.17942,75.34626,89.36714,97.31515
2021 to 22,South East,A level,History,Total History,6672.0,11.54077,34.30755,66.95144,87.58993,96.28297,99.02578
2021 to 22,South East,A level,Maths,Total Maths,13115.0,23.36256,48.30347,64.33854,78.98589,90.98742,97.95654
2021 to 22,South East,A level,Art & Design,Total Art & Design,8022.0,17.10297,37.62154,70.78035,91.07455,97.44453,99.26452
2021 to 22,South East,A level,Music,Music Technology,272.0,6.98529,29.77941,62.5,83.08824,95.95588,99.26471
2021 to 22,South East,A level,Economics,Total Economics,5456.0,12.17009,36.30865,67.24707,86.27199,95.52786,98.71701
2021 to 22,South East,A level,Geography,Geography,5807.0,10.00517,31.72034,63.01016,85.84467,95.29878,98.65679
2021 to 22,South East,A level,Citizenship studies,Total Citizenship studies,0.0,,,,,,
2021 to 22,South East,A level,Design and technology,D&T Product Design,1441.0,11.24219,30.81194,55.517,79.52811,92.29702,97.36294
2021 to 22,South East,A level,Arts,Media/Film/Tv Studies,2913.0,6.35084,23.75558,61.75764,85.68486,95.67456,98.24923
2021 to 22,South East,A level,Physical Education,Dance,300.0,19.0,42.33333,77.66667,94.66667,98.0,99.0
2021 to 22,South East,A level,Modern languages - other,Turkish,17.0,64.70588,76.47059,88.23529,100.0,100.0,100.0
2021 to 22,South East,A level,English,English language,1879.0,6.65247,24.37467,59.81905,86.74827,96.54071,99.25492
2021 to 22,South East,A level,Design and technology,D&T Textiles Technology,47.0,8.51064,14.89362,46.80851,76.59574,87.23404,95.74468
2021 to 22,South East,A level,Design and technology,D&T Food Technology,0.0,,,,,,
2021 to 22,South East,A level,Science - other,Total Other Sciences,634.0,9.46372,24.92114,49.36909,70.18927,87.22397,96.84543
2021 to 22,South East,A level,Arts,Film Studies,1321.0,8.25132,25.73808,61.31718,86.22256,95.98789,98.18319
2021 to 22,South East,A level,Maths,Mathematics (Pure),0.0,,,,,,
2021 to 22,South East,A level,Modern languages - other,Bengali,0.0,,,,,,
2021 to 22,South East,A level,English,English literature,4768.0,15.58305,37.7307,67.74329,87.5,97.00084,99.16107
2021 to 22,South East,A level,Design and technology,Design & Technology,0.0,,,,,,
2021 to 22,South East,A level,Music,Music,587.0,21.12436,47.87053,71.72061,87.39353,95.05963,99.14821
2021 to 22,South East,A level,Classical studies,Classical Greek,0.0,,,,,,
2021 to 22,South East,A level,English,English language & literature,1438.0,10.8484,31.0153,66.62031,88.80389,97.14882,99.09597
2021 to 22,South East,A level,Art & Design,History of Art,36.0,30.55556,66.66667,80.55556,91.66667,94.44444,100.0
2021 to 22,South East,A level,Art & Design,3d Studies,388.0,16.75258,37.8866,70.87629,87.37113,96.64948,99.48454
2021 to 22,South East,A level,Modern languages,Spanish,1372.0,18.22157,45.99125,70.84548,87.7551,95.91837,99.27114
2021 to 22,South East,A level,Sociology,Total Sociology,7044.0,8.57467,25.58206,55.45145,80.08234,92.50426,97.45883
2021 to 22,South East,A level,Arts,Total Arts,5678.0,8.34801,26.91088,63.26171,87.02008,96.40719,98.57344
2021 to 22,South East,A level,Design and technology,Total D&T,1515.0,10.9571,30.16502,55.11551,79.47195,92.27723,97.35974
2021 to 22,South East,A level,Science - Chemistry,Total Chemistry,6991.0,13.71764,38.63539,58.34645,75.03934,88.18481,97.28222
2021 to 22,South East,A level,ICT,Total ICT,0.0,,,,,,
2021 to 22,South East,A level,General studies,General Studies,0.0,,,,,,
2021 to 22,South East,A level,Modern languages - other,Portuguese,21.0,28.57143,52.38095,71.42857,80.95238,80.95238,95.2381
2021 to 22,South East,A level,Maths,Additional Mathematics,0.0,,,,,,
2021 to 22,South East,A level,Home Economics,Total Home Economics,0.0,,,,,,
2021 to 22,South East,A level,Maths,Mathematics (Statistics),77.0,9.09091,20.77922,48.05195,62.33766,85.71429,93.50649
2021 to 22,South East,A level,Physical Education,Physical Education/Sports Studies,2237.0,12.42736,28.83326,54.1797,76.9781,90.43362,97.00492
2021 to 22,South East,A level,Art & Design,Critical Studies,12.0,8.33333,50.0,83.33333,100.0,100.0,100.0
2021 to 22,South East,A level,All STEM subjects,Total STEM subjects,39748.0,18.68019,42.68391,61.57039,77.87813,90.43725,97.67787
2021 to 22,South East,A level,Classical studies,Total Classical studies,731.0,14.91108,42.54446,72.91382,90.15048,96.30643,99.04241
2021 to 22,South East,A level,Modern languages - other,Total Other Modern Languages,330.0,40.0,72.72727,88.78788,94.24242,95.75758,98.18182
2021 to 22,South East,A level,Modern languages - other,Urdu,3.0,66.66667,100.0,100.0,100.0,100.0,100.0
2021 to 22,East Midlands,A level,Modern languages - other,Chinese,6.0,16.66667,50.0,100.0,100.0,100.0,100.0
2021 to 22,East Midlands,A level,Modern languages - other,Italian,39.0,43.58974,71.79487,92.30769,100.0,100.0,100.0
2021 to 22,East Midlands,A level,Modern languages - other,Japanese,0.0,,,,,,
2021 to 22,East Midlands,A level,Classical studies,Latin,2.0,50.0,100.0,100.0,100.0,100.0,100.0
2021 to 22,East Midlands,A level,Modern languages - other,Modern Greek,0.0,,,,,,
2021 to 22,East Midlands,A level,Science - other,Geology,57.0,21.05263,38.59649,50.87719,71.92982,87.7193,94.73684
2021 to 22,East Midlands,A level,Arts,Creative Writing,0.0,,,,,,
2021 to 22,East Midlands,A level,Maths,Use of mathematics,0.0,,,,,,
2021 to 22,East Midlands,A level,Classical studies,Ancient History,26.0,11.53846,34.61538,73.07692,80.76923,88.46154,96.15385
2021 to 22,East Midlands,A level,Modern languages - other,Irish,0.0,,,,,,
2021 to 22,East Midlands,A level,General studies,Critical Thinking,0.0,,,,,,
2021 to 22,East Midlands,A level,Art & Design,Textiles,149.0,26.1745,41.61074,71.81208,91.27517,98.65772,100.0
2021 to 22,East Midlands,A level,Government and politics,Total Government and Politics,730.0,10.82192,31.91781,61.50685,83.9726,94.93151,98.35616
2021 to 22,East Midlands,A level,Physical Education,Total Physical Education,1081.0,10.54579,30.52729,55.87419,78.07586,91.02683,98.05735
2021 to 22,East Midlands,A level,Modern languages - other,Punjabi,3.0,0.0,66.66667,100.0,100.0,100.0,100.0
2021 to 22,East Midlands,A level,Religious Studies,Total Religious Studies,933.0,9.21758,31.18971,62.70096,85.209,94.42658,98.39228
2021 to 22,East Midlands,A level,Modern languages - other,Persian,4.0,75.0,75.0,100.0,100.0,100.0,100.0
2021 to 22,East Midlands,A level,Psychology,Total Psychology,5865.0,8.69565,25.01279,52.02046,75.66922,90.75874,97.34015
2021 to 22,East Midlands,A level,Science - Physics,Total Physics,2531.0,11.61596,30.42276,52.35085,72.38246,88.226,96.72066
2021 to 22,East Midlands,A level,Science - other,Environmental Science,29.0,6.89655,20.68966,31.03448,55.17241,79.31034,93.10345
2021 to 22,East Midlands,A level,Science - other,Electronics,74.0,5.40541,27.02703,51.35135,64.86486,85.13514,94.59459
2021 to 22,East Midlands,A level,Modern languages - other,Gujarati,1.0,100.0,100.0,100.0,100.0,100.0,100.0
2021 to 22,East Midlands,A level,Art & Design,Art and design,318.0,13.20755,27.35849,58.80503,81.44654,91.8239,96.54088
2021 to 22,East Midlands,A level,Computer Science,Total Computer Science,1118.0,10.91234,31.03757,54.20394,75.4025,89.26655,97.49553
2021 to 22,East Midlands,A level,Geography,Total Geography,2590.0,7.79923,27.06564,57.52896,81.23552,93.97683,98.4556
2021 to 22,East Midlands,A level,Maths - Further,Total Further Mathematics,727.0,36.17607,65.19945,81.15543,90.50894,96.56121,99.31224
2021 to 22,East Midlands,A level,Law,Total Law,851.0,6.11046,24.20682,46.53349,69.68273,88.0141,96.23972
2021 to 22,East Midlands,A level,Modern languages,German,194.0,16.49485,40.20619,64.43299,82.98969,93.81443,99.48454
2021 to 22,East Midlands,A level,General studies,Total General studies,0.0,,,,,,
2021 to 22,East Midlands,A level,Maths,Maths,5226.0,18.79066,42.17375,59.22312,75.58362,89.01646,97.72292
2021 to 22,East Midlands,A level,Modern languages - other,Modern Hebrew,0.0,,,,,,
2021 to 22,East Midlands,A level,Classical studies,Classics (General),0.0,,,,,,
2021 to 22,East Midlands,A level,Art & Design,Graphics,177.0,19.77401,41.24294,70.0565,90.39548,96.0452,99.43503
2021 to 22,East Midlands,A level,Modern languages,French,426.0,14.78873,46.71362,70.18779,86.38498,95.07042,98.82629
2021 to 22,East Midlands,A level,Classical studies,Other Classical Languages,0.0,,,,,,
2021 to 22,East Midlands,A level,Accounting and Finance,Total Accounting and finance,241.0,2.90456,17.42739,35.68465,59.3361,78.83817,92.94606
2021 to 22,East Midlands,A level,Design and technology,D&T Systems & Control,0.0,,,,,,
2021 to 22,East Midlands,A level,All subjects,Total subjects,51885.0,10.77961,29.79474,56.41708,78.79927,92.02852,97.93775
2021 to 22,East Midlands,A level,Music,Total Music,293.0,9.55631,34.12969,59.72696,80.20478,93.85666,98.97611
2021 to 22,East Midlands,A level,Design and technology,D&T Engineering,114.0,12.2807,28.07018,48.24561,75.4386,95.61404,99.12281
2021 to 22,East Midlands,A level,Arts,Communication Studies,0.0,,,,,,
2021 to 22,East Midlands,A level,Business Studies,Total Business Studies,2880.0,7.29167,22.88194,57.01389,83.57639,94.89583,98.68056
2021 to 22,East Midlands,A level,Modern languages,Total Modern languages including Other,1223.0,18.80621,47.66966,71.95421,87.73508,95.58463,99.2641
2021 to 22,East Midlands,A level,Art & Design,Photography,707.0,10.18388,26.02546,63.64922,88.11881,96.88826,98.86846
2021 to 22,East Midlands,A level,Anthropology,Total Anthropology,0.0,,,,,,
2021 to 22,East Midlands,A level,Logic/Philosophy,Total Logic/ Philosophy,91.0,4.3956,17.58242,49.45055,75.82418,89.01099,98.9011
2021 to 22,East Midlands,A level,Geography,Geography (World Development),0.0,,,,,,
2021 to 22,East Midlands,A level,English,Total English,3996.0,9.48448,25.85085,55.98098,83.00801,95.94595,98.97397
2021 to 22,East Midlands,A level,Humanities,Total Humanities,0.0,,,,,,
2021 to 22,East Midlands,A level,Arts,Drama & Theatre Studies,631.0,8.08241,27.25832,64.34231,89.22345,97.14739,99.20761
2021 to 22,East Midlands,A level,Archaeology,Total Archaeology,0.0,,,,,,
2021 to 22,East Midlands,A level,Art & Design,Fine Art,968.0,18.80165,39.77273,68.90496,90.59917,96.69421,99.48347
2021 to 22,East Midlands,A level,Modern languages - other,Russian,16.0,31.25,50.0,93.75,100.0,100.0,100.0
2021 to 22,East Midlands,A level,Home Economics,Home Economics (Food),0.0,,,,,,
2021 to 22,East Midlands,A level,Modern languages - other,Arabic,17.0,47.05882,76.47059,82.35294,88.23529,100.0,100.0
2021 to 22,East Midlands,A level,Modern languages - other,Dutch,0.0,,,,,,
2021 to 22,East Midlands,A level,All facilitating subjects,Total facilitating subjects,25381.0,12.81667,33.7536,56.87325,76.9946,90.71747,97.77787
2021 to 22,East Midlands,A level,Classical studies,Classical Civilisation,2.0,50.0,50.0,50.0,100.0,100.0,100.0
2021 to 22,East Midlands,A level,Modern languages - other,Polish,68.0,17.64706,69.11765,86.76471,95.58824,97.05882,98.52941
2021 to 22,East Midlands,A level,Science - Biology,Total Biology,4709.0,9.55617,28.13761,49.54343,70.50329,87.53451,97.02697
2021 to 22,East Midlands,A level,History,Total History,2870.0,8.43206,28.57143,59.65157,85.22648,95.92334,98.78049
2021 to 22,East Midlands,A level,Maths,Total Maths,5237.0,18.75119,42.12335,59.1942,75.53943,88.98224,97.72771
2021 to 22,East Midlands,A level,Art & Design,Total Art & Design,2402.0,15.73689,33.51374,65.69525,88.09326,96.00333,98.87594
2021 to 22,East Midlands,A level,Music,Music Technology,46.0,6.52174,34.78261,60.86957,80.43478,93.47826,100.0
2021 to 22,East Midlands,A level,Economics,Total Economics,1534.0,7.88787,27.90091,57.10561,81.68188,93.35072,98.50065
2021 to 22,East Midlands,A level,Geography,Geography,2590.0,7.79923,27.06564,57.52896,81.23552,93.97683,98.4556
2021 to 22,East Midlands,A level,Citizenship studies,Total Citizenship studies,0.0,,,,,,
2021 to 22,East Midlands,A level,Design and technology,D&T Product Design,719.0,7.51043,21.14047,51.87761,79.41586,95.41029,99.02643
2021 to 22,East Midlands,A level,Arts,Media/Film/Tv Studies,1045.0,4.49761,19.13876,53.7799,83.15789,96.84211,98.94737
2021 to 22,East Midlands,A level,Physical Education,Dance,89.0,11.23596,33.70787,67.41573,89.88764,97.75281,100.0
2021 to 22,East Midlands,A level,Modern languages - other,Turkish,11.0,45.45455,63.63636,90.90909,100.0,100.0,100.0
2021 to 22,East Midlands,A level,English,English language,1412.0,6.16147,21.17564,53.54108,83.78187,95.96317,98.79603
2021 to 22,East Midlands,A level,Design and technology,D&T Textiles Technology,53.0,7.54717,24.5283,50.9434,88.67925,98.11321,98.11321
2021 to 22,East Midlands,A level,Design and technology,D&T Food Technology,0.0,,,,,,
2021 to 22,East Midlands,A level,Science - other,Total Other Sciences,160.0,11.25,30.0,47.5,65.625,85.0,94.375
2021 to 22,East Midlands,A level,Arts,Film Studies,306.0,5.55556,24.5098,67.64706,87.9085,96.07843,98.36601
2021 to 22,East Midlands,A level,Maths,Mathematics (Pure),0.0,,,,,,
2021 to 22,East Midlands,A level,Modern languages - other,Bengali,0.0,,,,,,
2021 to 22,East Midlands,A level,English,English literature,2068.0,11.65377,29.54545,58.12379,82.83366,96.08317,99.17795
2021 to 22,East Midlands,A level,Design and technology,Design & Technology,0.0,,,,,,
2021 to 22,East Midlands,A level,Music,Music,247.0,10.12146,34.0081,59.51417,80.16194,93.92713,98.78543
2021 to 22,East Midlands,A level,Classical studies,Classical Greek,1.0,0.0,100.0,100.0,100.0,100.0,100.0
2021 to 22,East Midlands,A level,English,English language & literature,516.0,9.88372,23.83721,54.06977,81.58915,95.34884,98.64341
2021 to 22,East Midlands,A level,Art & Design,History of Art,0.0,,,,,,
2021 to 22,East Midlands,A level,Art & Design,3d Studies,82.0,9.7561,17.07317,51.21951,73.17073,91.46341,97.56098
2021 to 22,East Midlands,A level,Modern languages,Spanish,416.0,18.75,43.02885,69.23077,87.25962,95.67308,99.51923
2021 to 22,East Midlands,A level,Sociology,Total Sociology,3490.0,8.08023,24.12607,56.67622,81.69054,94.46991,98.02292
2021 to 22,East Midlands,A level,Arts,Total Arts,1982.0,5.80222,22.55298,59.28355,85.8224,96.82139,98.94046
2021 to 22,East Midlands,A level,Design and technology,Total D&T,886.0,8.12641,22.23476,51.3544,79.45824,95.59819,98.9842
2021 to 22,East Midlands,A level,Science - Chemistry,Total Chemistry,3434.0,10.13395,31.33372,52.56261,71.14153,86.48806,96.62202
2021 to 22,East Midlands,A level,ICT,Total ICT,0.0,,,,,,
2021 to 22,East Midlands,A level,General studies,General Studies,0.0,,,,,,
2021 to 22,East Midlands,A level,Modern languages - other,Portuguese,10.0,10.0,60.0,80.0,90.0,90.0,100.0
2021 to 22,East Midlands,A level,Maths,Additional Mathematics,0.0,,,,,,
2021 to 22,East Midlands,A level,Home Economics,Total Home Economics,0.0,,,,,,
2021 to 22,East Midlands,A level,Maths,Mathematics (Statistics),11.0,0.0,18.18182,45.45455,54.54545,72.72727,100.0
2021 to 22,East Midlands,A level,Physical Education,Physical Education/Sports Studies,992.0,10.48387,30.24194,54.83871,77.01613,90.42339,97.88306
2021 to 22,East Midlands,A level,Art & Design,Critical Studies,1.0,0.0,0.0,100.0,100.0,100.0,100.0
2021 to 22,East Midlands,A level,All STEM subjects,Total STEM subjects,17756.0,13.84884,34.90651,54.9617,73.50755,88.33634,97.23474
2021 to 22,East Midlands,A level,Classical studies,Total Classical studies,31.0,16.12903,41.93548,74.19355,83.87097,90.32258,96.77419
2021 to 22,East Midlands,A level,Modern languages - other,Total Other Modern Languages,187.0,30.48128,67.91444,89.83957,96.79144,98.39572,99.46524
2021 to 22,East Midlands,A level,Modern languages - other,Urdu,12.0,33.33333,75.0,100.0,100.0,100.0,100.0
2021 to 22,London,AS level,Modern languages,German,36.0,0.0,66.66667,83.33333,88.88889,91.66667,100.0
2021 to 22,London,AS level,Modern languages - other,Modern Hebrew,0.0,,,,,,
2021 to 22,London,AS level,Science - Chemistry,Total Chemistry,1444.0,0.0,31.09418,48.54571,65.65097,79.50139,89.61219
2021 to 22,London,AS level,Design and technology,Design & Technology,0.0,,,,,,
2021 to 22,London,AS level,Physical Education,Physical Education/Sports Studies,18.0,0.0,22.22222,33.33333,44.44444,55.55556,83.33333
2021 to 22,London,AS level,Design and technology,D&T Engineering,0.0,,,,,,
2021 to 22,London,AS level,Art & Design,Textiles,13.0,0.0,38.46154,53.84615,76.92308,92.30769,92.30769
2021 to 22,London,AS level,English,English language,39.0,0.0,33.33333,46.15385,74.35897,84.61538,94.87179
2021 to 22,London,AS level,Modern languages - other,Modern Greek,0.0,,,,,,
2021 to 22,London,AS level,Religious Studies,Total Religious Studies,251.0,0.0,39.04382,65.73705,83.26693,93.6255,96.41434
2021 to 22,London,AS level,Art & Design,History of Art,0.0,,,,,,
2021 to 22,London,AS level,Modern languages - other,Irish,0.0,,,,,,
2021 to 22,London,AS level,Business Studies,Total Business Studies,570.0,0.0,17.7193,40.0,64.73684,81.22807,90.70175
2021 to 22,London,AS level,Anthropology,Total Anthropology,0.0,,,,,,
2021 to 22,London,AS level,Psychology,Total Psychology,1352.0,0.0,28.3284,50.66568,71.07988,84.39349,92.52959
2021 to 22,London,AS level,Modern languages - other,Japanese,0.0,,,,,,
2021 to 22,London,AS level,Geography,Total Geography,382.0,0.0,40.8377,61.25654,80.10471,89.5288,95.02618
2021 to 22,London,AS level,Classical studies,Latin,16.0,0.0,62.5,75.0,93.75,93.75,100.0
2021 to 22,London,AS level,Classical studies,Classical Greek,5.0,0.0,80.0,100.0,100.0,100.0,100.0
2021 to 22,London,AS level,Science - other,Electronics,0.0,,,,,,
2021 to 22,London,AS level,Maths,Maths,2407.0,0.0,37.76485,52.59659,66.3897,79.51807,87.70253
2021 to 22,London,AS level,Maths,Additional Mathematics,0.0,,,,,,
2021 to 22,London,AS level,Classical studies,Classical Civilisation,26.0,0.0,65.38462,76.92308,80.76923,88.46154,96.15385
2021 to 22,London,AS level,Music,Music Technology,6.0,0.0,16.66667,50.0,83.33333,100.0,100.0
2021 to 22,London,AS level,Arts,Film Studies,72.0,0.0,23.61111,41.66667,69.44444,87.5,91.66667
2021 to 22,London,AS level,Modern languages - other,Chinese,0.0,,,,,,
2021 to 22,London,AS level,Government and politics,Total Government and Politics,400.0,0.0,34.75,60.0,80.5,91.0,95.25
2021 to 22,London,AS level,General studies,Critical Thinking,0.0,,,,,,
2021 to 22,London,AS level,English,English language & literature,89.0,0.0,14.60674,43.82022,79.77528,92.13483,96.62921
2021 to 22,London,AS level,Modern languages - other,Russian,0.0,,,,,,
2021 to 22,London,AS level,Art & Design,3d Studies,0.0,,,,,,
2021 to 22,London,AS level,Arts,Communication Studies,0.0,,,,,,
2021 to 22,London,AS level,Modern languages - other,Punjabi,0.0,,,,,,
2021 to 22,London,AS level,Modern languages - other,Persian,0.0,,,,,,
2021 to 22,London,AS level,Modern languages - other,Italian,0.0,,,,,,
2021 to 22,London,AS level,Classical studies,Ancient History,0.0,,,,,,
2021 to 22,London,AS level,English,English literature,586.0,0.0,26.62116,54.94881,78.49829,90.61433,97.95222
2021 to 22,London,AS level,Economics,Total Economics,1074.0,0.0,37.24395,60.05587,77.46741,86.87151,93.29609
2021 to 22,London,AS level,Science - Physics,Total Physics,925.0,0.0,39.13514,53.94595,71.56757,82.16216,90.59459
2021 to 22,London,AS level,Art & Design,Fine Art,72.0,0.0,43.05556,70.83333,87.5,95.83333,98.61111
2021 to 22,London,AS level,Computer Science,Total Computer Science,320.0,0.0,43.75,58.4375,76.5625,85.0,94.0625
2021 to 22,London,AS level,Maths,Statistics,0.0,,,,,,
2021 to 22,London,AS level,Maths - Further,Total Further Mathematics,497.0,0.0,54.72837,71.02616,81.89135,90.34205,94.3662
2021 to 22,London,AS level,General studies,Total General studies,0.0,,,,,,
2021 to 22,London,AS level,Modern languages - other,Turkish,0.0,,,,,,
2021 to 22,London,AS level,Science - other,Geology,0.0,,,,,,
2021 to 22,London,AS level,Classical studies,Other Classical Languages,0.0,,,,,,
2021 to 22,London,AS level,Modern languages - other,Polish,0.0,,,,,,
2021 to 22,London,AS level,Modern languages - other,Gujarati,0.0,,,,,,
2021 to 22,London,AS level,Design and technology,D&T Systems & Control,0.0,,,,,,
2021 to 22,London,AS level,Classical studies,Classics (General),0.0,,,,,,
2021 to 22,London,AS level,Archaeology,Total Archaeology,0.0,,,,,,
2021 to 22,London,AS level,Music,Total Music,23.0,0.0,65.21739,86.95652,95.65217,100.0,100.0
2021 to 22,London,AS level,Modern languages - other,Urdu,0.0,,,,,,
2021 to 22,London,AS level,Music,Music,17.0,0.0,82.35294,100.0,100.0,100.0,100.0
2021 to 22,London,AS level,Citizenship studies,Total Citizenship studies,0.0,,,,,,
2021 to 22,London,AS level,Physical Education,Dance,0.0,,,,,,
2021 to 22,London,AS level,Art & Design,Photography,80.0,0.0,17.5,47.5,76.25,90.0,97.5
2021 to 22,London,AS level,History,Total History,543.0,0.0,33.33333,64.45672,83.24125,93.37017,97.05341
2021 to 22,London,AS level,Logic/Philosophy,Total Logic/ Philosophy,0.0,,,,,,
2021 to 22,London,AS level,Art & Design,Art and design,12.0,0.0,8.33333,25.0,33.33333,66.66667,91.66667
2021 to 22,London,AS level,Design and technology,D&T Food Technology,0.0,,,,,,
2021 to 22,London,AS level,Sociology,Total Sociology,938.0,0.0,32.72921,54.47761,71.96162,85.50107,92.21748
2021 to 22,London,AS level,Geography,Geography (World Development),0.0,,,,,,
2021 to 22,London,AS level,Law,Total Law,83.0,0.0,13.25301,28.91566,43.37349,63.85542,74.6988
2021 to 22,London,AS level,Accounting and Finance,Total Accounting and finance,0.0,,,,,,
2021 to 22,London,AS level,Modern languages - other,Bengali,0.0,,,,,,
2021 to 22,London,AS level,Home Economics,Home Economics (Food),0.0,,,,,,
2021 to 22,London,AS level,Science - other,Environmental Science,0.0,,,,,,
2021 to 22,London,AS level,All facilitating subjects,Total facilitating subjects,8512.0,0.0,35.57331,53.47744,69.71335,82.11936,90.93045
2021 to 22,London,AS level,Modern languages - other,Portuguese,0.0,,,,,,
2021 to 22,London,AS level,ICT,Total ICT,0.0,,,,,,
2021 to 22,London,AS level,Arts,Drama & Theatre Studies,16.0,0.0,31.25,75.0,93.75,100.0,100.0
2021 to 22,London,AS level,Design and technology,D&T Textiles Technology,0.0,,,,,,
2021 to 22,London,AS level,Science - Biology,Total Biology,1448.0,0.0,28.93646,44.40608,60.49724,75.3453,89.50276
2021 to 22,London,AS level,Art & Design,Total Art & Design,199.0,0.0,28.1407,54.77387,75.8794,88.94472,95.47739
2021 to 22,London,AS level,Classical studies,Total Classical studies,47.0,0.0,65.95745,78.7234,87.23404,91.48936,97.87234
2021 to 22,London,AS level,Design and technology,Total D&T,9.0,0.0,77.77778,88.88889,88.88889,88.88889,88.88889
2021 to 22,London,AS level,All subjects,Total subjects,14120.0,0.0,33.87394,53.54108,71.22521,83.59773,91.72096
2021 to 22,London,AS level,Home Economics,Total Home Economics,0.0,,,,,,
2021 to 22,London,AS level,Modern languages,Total Modern languages including Other,259.0,0.0,42.47104,64.47876,79.15058,88.03089,95.3668
2021 to 22,London,AS level,Arts,Total Arts,217.0,0.0,23.5023,47.46544,75.57604,89.86175,94.93088
2021 to 22,London,AS level,All STEM subjects,Total STEM subjects,7041.0,0.0,36.23065,51.82502,67.26317,80.01704,89.60375
2021 to 22,London,AS level,General studies,General Studies,0.0,,,,,,
2021 to 22,London,AS level,Maths,Total Maths,2407.0,0.0,37.76485,52.59659,66.3897,79.51807,87.70253
2021 to 22,London,AS level,Art & Design,Critical Studies,0.0,,,,,,
2021 to 22,London,AS level,Humanities,Total Humanities,0.0,,,,,,
2021 to 22,London,AS level,English,Total English,714.0,0.0,25.4902,53.08123,78.43137,90.47619,97.61905
2021 to 22,London,AS level,Physical Education,Total Physical Education,18.0,0.0,22.22222,33.33333,44.44444,55.55556,83.33333
2021 to 22,London,AS level,Science - other,Total Other Sciences,0.0,,,,,,
2021 to 22,London,AS level,Arts,Creative Writing,0.0,,,,,,
2021 to 22,London,AS level,Geography,Geography,382.0,0.0,40.8377,61.25654,80.10471,89.5288,95.02618
2021 to 22,London,AS level,Design and technology,D&T Product Design,9.0,0.0,77.77778,88.88889,88.88889,88.88889,88.88889
2021 to 22,London,AS level,Modern languages - other,Arabic,0.0,,,,,,
2021 to 22,London,AS level,Modern languages - other,Total Other Modern Languages,0.0,,,,,,
2021 to 22,London,AS level,Modern languages,Spanish,112.0,0.0,35.71429,58.03571,76.78571,86.60714,92.85714
2021 to 22,London,AS level,Modern languages,French,111.0,0.0,41.44144,64.86486,78.37838,88.28829,96.3964
2021 to 22,London,AS level,Maths,Mathematics (Statistics),0.0,,,,,,
2021 to 22,London,AS level,Arts,Media/Film/Tv Studies,129.0,0.0,22.48062,47.28682,76.74419,89.92248,96.12403
2021 to 22,London,AS level,Maths,Mathematics (Pure),0.0,,,,,,
2021 to 22,London,AS level,Maths,Use of mathematics,0.0,,,,,,
2021 to 22,London,AS level,Art & Design,Graphics,22.0,0.0,22.72727,45.45455,59.09091,72.72727,81.81818
2021 to 22,London,AS level,Modern languages - other,Dutch,0.0,,,,,,
2021 to 22,North West,AS level,Modern languages,German,7.0,0.0,28.57143,71.42857,85.71429,100.0,100.0
2021 to 22,North West,AS level,Modern languages - other,Modern Hebrew,0.0,,,,,,
2021 to 22,North West,AS level,Science - Chemistry,Total Chemistry,621.0,0.0,10.78905,24.79871,42.35105,62.80193,81.64251
2021 to 22,North West,AS level,Design and technology,Design & Technology,0.0,,,,,,
2021 to 22,North West,AS level,Physical Education,Physical Education/Sports Studies,96.0,0.0,10.41667,29.16667,58.33333,75.0,92.70833
2021 to 22,North West,AS level,Design and technology,D&T Engineering,0.0,,,,,,
2021 to 22,North West,AS level,Art & Design,Textiles,63.0,0.0,31.74603,60.31746,80.95238,93.65079,96.8254
2021 to 22,North West,AS level,English,English language,195.0,0.0,22.5641,48.71795,78.46154,90.25641,94.87179
2021 to 22,North West,AS level,Modern languages - other,Modern Greek,0.0,,,,,,
2021 to 22,North West,AS level,Religious Studies,Total Religious Studies,152.0,0.0,23.68421,45.39474,61.18421,80.26316,92.10526
2021 to 22,North West,AS level,Art & Design,History of Art,0.0,,,,,,
2021 to 22,North West,AS level,Modern languages - other,Irish,0.0,,,,,,
2021 to 22,North West,AS level,Business Studies,Total Business Studies,482.0,0.0,9.54357,28.42324,50.41494,75.51867,90.87137
2021 to 22,North West,AS level,Anthropology,Total Anthropology,0.0,,,,,,
2021 to 22,North West,AS level,Psychology,Total Psychology,992.0,0.0,17.54032,34.97984,55.84677,73.68952,84.77823
2021 to 22,North West,AS level,Modern languages - other,Japanese,0.0,,,,,,
2021 to 22,North West,AS level,Geography,Total Geography,224.0,0.0,14.28571,30.80357,54.46429,74.55357,87.5
2021 to 22,North West,AS level,Classical studies,Latin,4.0,0.0,50.0,50.0,75.0,75.0,100.0
2021 to 22,North West,AS level,Classical studies,Classical Greek,1.0,0.0,100.0,100.0,100.0,100.0,100.0
2021 to 22,North West,AS level,Science - other,Electronics,74.0,0.0,25.67568,41.89189,58.10811,78.37838,93.24324
2021 to 22,North West,AS level,Maths,Maths,708.0,0.0,17.79661,31.07345,50.56497,67.65537,79.51977
2021 to 22,North West,AS level,Maths,Additional Mathematics,0.0,,,,,,
2021 to 22,North West,AS level,Classical studies,Classical Civilisation,57.0,0.0,29.82456,66.66667,82.45614,94.73684,98.24561
2021 to 22,North West,AS level,Music,Music Technology,0.0,,,,,,
2021 to 22,North West,AS level,Arts,Film Studies,97.0,0.0,26.80412,57.73196,83.50515,92.78351,96.90722
2021 to 22,North West,AS level,Modern languages - other,Chinese,0.0,,,,,,
2021 to 22,North West,AS level,Government and politics,Total Government and Politics,155.0,0.0,18.06452,36.77419,61.29032,79.35484,91.6129
2021 to 22,North West,AS level,General studies,Critical Thinking,0.0,,,,,,
2021 to 22,North West,AS level,English,English language & literature,36.0,0.0,30.55556,41.66667,77.77778,91.66667,97.22222
2021 to 22,North West,AS level,Modern languages - other,Russian,0.0,,,,,,
2021 to 22,North West,AS level,Art & Design,3d Studies,54.0,0.0,14.81481,59.25926,81.48148,94.44444,98.14815
2021 to 22,North West,AS level,Arts,Communication Studies,0.0,,,,,,
2021 to 22,North West,AS level,Modern languages - other,Punjabi,0.0,,,,,,
2021 to 22,North West,AS level,Modern languages - other,Persian,0.0,,,,,,
2021 to 22,North West,AS level,Modern languages - other,Italian,0.0,,,,,,
2021 to 22,North West,AS level,Classical studies,Ancient History,40.0,0.0,20.0,42.5,67.5,87.5,92.5
2021 to 22,North West,AS level,English,English literature,222.0,0.0,12.61261,31.98198,54.95495,77.02703,93.24324
2021 to 22,North West,AS level,Economics,Total Economics,226.0,0.0,5.30973,16.81416,37.16814,53.9823,80.97345
2021 to 22,North West,AS level,Science - Physics,Total Physics,298.0,0.0,10.73826,23.15436,37.58389,61.07383,81.20805
2021 to 22,North West,AS level,Art & Design,Fine Art,92.0,0.0,41.30435,71.73913,92.3913,97.82609,98.91304
2021 to 22,North West,AS level,Computer Science,Total Computer Science,208.0,0.0,13.46154,36.05769,56.25,78.36538,91.82692
2021 to 22,North West,AS level,Maths,Statistics,0.0,,,,,,
2021 to 22,North West,AS level,Maths - Further,Total Further Mathematics,391.0,0.0,44.50128,68.79795,85.42199,93.86189,97.44246
2021 to 22,North West,AS level,General studies,Total General studies,0.0,,,,,,
2021 to 22,North West,AS level,Modern languages - other,Turkish,0.0,,,,,,
2021 to 22,North West,AS level,Science - other,Geology,32.0,0.0,6.25,18.75,46.875,78.125,93.75
2021 to 22,North West,AS level,Classical studies,Other Classical Languages,0.0,,,,,,
2021 to 22,North West,AS level,Modern languages - other,Polish,0.0,,,,,,
2021 to 22,North West,AS level,Modern languages - other,Gujarati,0.0,,,,,,
2021 to 22,North West,AS level,Design and technology,D&T Systems & Control,0.0,,,,,,
2021 to 22,North West,AS level,Classical studies,Classics (General),0.0,,,,,,
2021 to 22,North West,AS level,Archaeology,Total Archaeology,0.0,,,,,,
2021 to 22,North West,AS level,Music,Total Music,15.0,0.0,20.0,46.66667,66.66667,86.66667,100.0
2021 to 22,North West,AS level,Modern languages - other,Urdu,0.0,,,,,,
2021 to 22,North West,AS level,Music,Music,15.0,0.0,20.0,46.66667,66.66667,86.66667,100.0
2021 to 22,North West,AS level,Citizenship studies,Total Citizenship studies,0.0,,,,,,
2021 to 22,North West,AS level,Physical Education,Dance,0.0,,,,,,
2021 to 22,North West,AS level,Art & Design,Photography,66.0,0.0,19.69697,63.63636,93.93939,96.9697,96.9697
2021 to 22,North West,AS level,History,Total History,391.0,0.0,14.57801,36.82864,61.63683,80.30691,90.79284
2021 to 22,North West,AS level,Logic/Philosophy,Total Logic/ Philosophy,0.0,,,,,,
2021 to 22,North West,AS level,Art & Design,Art and design,42.0,0.0,14.28571,23.80952,54.7619,80.95238,88.09524
2021 to 22,North West,AS level,Design and technology,D&T Food Technology,0.0,,,,,,
2021 to 22,North West,AS level,Sociology,Total Sociology,743.0,0.0,22.34186,41.31898,61.91117,79.40781,89.09825
2021 to 22,North West,AS level,Geography,Geography (World Development),0.0,,,,,,
2021 to 22,North West,AS level,Law,Total Law,303.0,0.0,18.15182,33.0033,53.46535,72.93729,87.12871
2021 to 22,North West,AS level,Accounting and Finance,Total Accounting and finance,0.0,,,,,,
2021 to 22,North West,AS level,Modern languages - other,Bengali,0.0,,,,,,
2021 to 22,North West,AS level,Home Economics,Home Economics (Food),0.0,,,,,,
2021 to 22,North West,AS level,Science - other,Environmental Science,0.0,,,,,,
2021 to 22,North West,AS level,All facilitating subjects,Total facilitating subjects,3758.0,0.0,16.81746,32.41086,51.22406,69.98403,85.17829
2021 to 22,North West,AS level,Modern languages - other,Portuguese,0.0,,,,,,
2021 to 22,North West,AS level,ICT,Total ICT,0.0,,,,,,
2021 to 22,North West,AS level,Arts,Drama & Theatre Studies,20.0,0.0,10.0,55.0,80.0,100.0,100.0
2021 to 22,North West,AS level,Design and technology,D&T Textiles Technology,0.0,,,,,,
2021 to 22,North West,AS level,Science - Biology,Total Biology,798.0,0.0,12.03008,23.68421,39.72431,60.65163,81.82957
2021 to 22,North West,AS level,Art & Design,Total Art & Design,407.0,0.0,26.78133,59.45946,83.04668,94.10319,97.0516
2021 to 22,North West,AS level,Classical studies,Total Classical studies,102.0,0.0,27.45098,56.86275,76.47059,91.17647,96.07843
2021 to 22,North West,AS level,Design and technology,Total D&T,30.0,0.0,13.33333,16.66667,36.66667,70.0,86.66667
2021 to 22,North West,AS level,All subjects,Total subjects,8272.0,0.0,17.56528,35.79545,56.45551,74.7824,87.80222
2021 to 22,North West,AS level,Home Economics,Total Home Economics,0.0,,,,,,
2021 to 22,North West,AS level,Modern languages,Total Modern languages including Other,100.0,0.0,17.0,30.0,52.0,72.0,92.0
2021 to 22,North West,AS level,Arts,Total Arts,271.0,0.0,18.08118,47.60148,77.12177,92.25092,97.41697
2021 to 22,North West,AS level,All STEM subjects,Total STEM subjects,3024.0,0.0,17.29497,32.27513,49.63624,68.28704,83.8955
2021 to 22,North West,AS level,General studies,General Studies,0.0,,,,,,
2021 to 22,North West,AS level,Maths,Total Maths,708.0,0.0,17.79661,31.07345,50.56497,67.65537,79.51977
2021 to 22,North West,AS level,Art & Design,Critical Studies,0.0,,,,,,
2021 to 22,North West,AS level,Humanities,Total Humanities,0.0,,,,,,
2021 to 22,North West,AS level,English,Total English,453.0,0.0,18.3223,39.95585,66.88742,83.88521,94.26049
2021 to 22,North West,AS level,Physical Education,Total Physical Education,96.0,0.0,10.41667,29.16667,58.33333,75.0,92.70833
2021 to 22,North West,AS level,Science - other,Total Other Sciences,106.0,0.0,19.81132,34.90566,54.71698,78.30189,93.39623
2021 to 22,North West,AS level,Arts,Creative Writing,0.0,,,,,,
2021 to 22,North West,AS level,Geography,Geography,224.0,0.0,14.28571,30.80357,54.46429,74.55357,87.5
2021 to 22,North West,AS level,Design and technology,D&T Product Design,30.0,0.0,13.33333,16.66667,36.66667,70.0,86.66667
2021 to 22,North West,AS level,Modern languages - other,Arabic,0.0,,,,,,
2021 to 22,North West,AS level,Modern languages - other,Total Other Modern Languages,0.0,,,,,,
2021 to 22,North West,AS level,Modern languages,Spanish,60.0,0.0,21.66667,33.33333,50.0,73.33333,90.0
2021 to 22,North West,AS level,Modern languages,French,33.0,0.0,6.06061,15.15152,48.48485,63.63636,93.93939
2021 to 22,North West,AS level,Maths,Mathematics (Statistics),0.0,,,,,,
2021 to 22,North West,AS level,Arts,Media/Film/Tv Studies,154.0,0.0,13.63636,40.25974,72.72727,90.90909,97.4026
2021 to 22,North West,AS level,Maths,Mathematics (Pure),0.0,,,,,,
2021 to 22,North West,AS level,Maths,Use of mathematics,0.0,,,,,,
2021 to 22,North West,AS level,Art & Design,Graphics,90.0,0.0,26.66667,60.0,81.11111,94.44444,98.88889
2021 to 22,North West,AS level,Modern languages - other,Dutch,0.0,,,,,,
2021 to 22,West Midlands,AS level,Modern languages,German,8.0,0.0,37.5,37.5,37.5,50.0,87.5
2021 to 22,West Midlands,AS level,Modern languages - other,Modern Hebrew,0.0,,,,,,
2021 to 22,West Midlands,AS level,Science - Chemistry,Total Chemistry,645.0,0.0,11.16279,25.27132,44.96124,64.18605,81.70543
2021 to 22,West Midlands,AS level,Design and technology,Design & Technology,0.0,,,,,,
2021 to 22,West Midlands,AS level,Physical Education,Physical Education/Sports Studies,66.0,0.0,24.24242,36.36364,54.54545,81.81818,92.42424
2021 to 22,West Midlands,AS level,Design and technology,D&T Engineering,0.0,,,,,,
2021 to 22,West Midlands,AS level,Art & Design,Textiles,0.0,,,,,,
2021 to 22,West Midlands,AS level,English,English language,115.0,0.0,7.82609,40.0,72.17391,93.04348,96.52174
2021 to 22,West Midlands,AS level,Modern languages - other,Modern Greek,0.0,,,,,,
2021 to 22,West Midlands,AS level,Religious Studies,Total Religious Studies,245.0,0.0,23.26531,50.20408,74.28571,86.12245,93.46939
2021 to 22,West Midlands,AS level,Art & Design,History of Art,0.0,,,,,,
2021 to 22,West Midlands,AS level,Modern languages - other,Irish,0.0,,,,,,
2021 to 22,West Midlands,AS level,Business Studies,Total Business Studies,482.0,0.0,13.07054,31.95021,53.3195,71.9917,87.75934
2021 to 22,West Midlands,AS level,Anthropology,Total Anthropology,0.0,,,,,,
2021 to 22,West Midlands,AS level,Psychology,Total Psychology,1164.0,0.0,14.43299,31.70103,53.09278,71.30584,84.19244
2021 to 22,West Midlands,AS level,Modern languages - other,Japanese,0.0,,,,,,
2021 to 22,West Midlands,AS level,Geography,Total Geography,226.0,0.0,16.81416,31.41593,53.53982,72.56637,84.51327
2021 to 22,West Midlands,AS level,Classical studies,Latin,0.0,,,,,,
2021 to 22,West Midlands,AS level,Classical studies,Classical Greek,4.0,0.0,50.0,75.0,100.0,100.0,100.0
2021 to 22,West Midlands,AS level,Science - other,Electronics,1.0,0.0,0.0,0.0,0.0,0.0,0.0
2021 to 22,West Midlands,AS level,Maths,Maths,883.0,0.0,21.6308,35.90034,51.41563,66.93092,82.55946
2021 to 22,West Midlands,AS level,Maths,Additional Mathematics,0.0,,,,,,
2021 to 22,West Midlands,AS level,Classical studies,Classical Civilisation,34.0,0.0,23.52941,47.05882,64.70588,94.11765,97.05882
2021 to 22,West Midlands,AS level,Music,Music Technology,2.0,0.0,0.0,0.0,0.0,100.0,100.0
2021 to 22,West Midlands,AS level,Arts,Film Studies,80.0,0.0,12.5,41.25,71.25,87.5,93.75
2021 to 22,West Midlands,AS level,Modern languages - other,Chinese,0.0,,,,,,
2021 to 22,West Midlands,AS level,Government and politics,Total Government and Politics,115.0,0.0,14.78261,32.17391,60.86957,80.86957,93.04348
2021 to 22,West Midlands,AS level,General studies,Critical Thinking,0.0,,,,,,
2021 to 22,West Midlands,AS level,English,English language & literature,74.0,0.0,13.51351,32.43243,67.56757,89.18919,94.59459
2021 to 22,West Midlands,AS level,Modern languages - other,Russian,0.0,,,,,,
2021 to 22,West Midlands,AS level,Art & Design,3d Studies,0.0,,,,,,
2021 to 22,West Midlands,AS level,Arts,Communication Studies,0.0,,,,,,
2021 to 22,West Midlands,AS level,Modern languages - other,Punjabi,0.0,,,,,,
2021 to 22,West Midlands,AS level,Modern languages - other,Persian,0.0,,,,,,
2021 to 22,West Midlands,AS level,Modern languages - other,Italian,0.0,,,,,,
2021 to 22,West Midlands,AS level,Classical studies,Ancient History,0.0,,,,,,
2021 to 22,West Midlands,AS level,English,English literature,223.0,0.0,10.3139,27.35426,52.46637,80.71749,92.82511
2021 to 22,West Midlands,AS level,Economics,Total Economics,151.0,0.0,6.62252,15.89404,32.45033,58.9404,72.84768
2021 to 22,West Midlands,AS level,Science - Physics,Total Physics,278.0,0.0,10.79137,22.30216,41.36691,63.30935,80.93525
2021 to 22,West Midlands,AS level,Art & Design,Fine Art,77.0,0.0,32.46753,76.62338,90.90909,96.1039,98.7013
2021 to 22,West Midlands,AS level,Computer Science,Total Computer Science,131.0,0.0,9.92366,32.06107,53.43511,76.33588,87.0229
2021 to 22,West Midlands,AS level,Maths,Statistics,0.0,,,,,,
2021 to 22,West Midlands,AS level,Maths - Further,Total Further Mathematics,277.0,0.0,45.12635,65.70397,79.06137,88.44765,94.94585
2021 to 22,West Midlands,AS level,General studies,Total General studies,0.0,,,,,,
2021 to 22,West Midlands,AS level,Modern languages - other,Turkish,0.0,,,,,,
2021 to 22,West Midlands,AS level,Science - other,Geology,48.0,0.0,6.25,12.5,35.41667,68.75,85.41667
2021 to 22,West Midlands,AS level,Classical studies,Other Classical Languages,0.0,,,,,,
2021 to 22,West Midlands,AS level,Modern languages - other,Polish,0.0,,,,,,
2021 to 22,West Midlands,AS level,Modern languages - other,Gujarati,0.0,,,,,,
2021 to 22,West Midlands,AS level,Design and technology,D&T Systems & Control,0.0,,,,,,
2021 to 22,West Midlands,AS level,Classical studies,Classics (General),0.0,,,,,,
2021 to 22,West Midlands,AS level,Archaeology,Total Archaeology,0.0,,,,,,
2021 to 22,West Midlands,AS level,Music,Total Music,11.0,0.0,36.36364,45.45455,63.63636,90.90909,100.0
2021 to 22,West Midlands,AS level,Modern languages - other,Urdu,0.0,,,,,,
2021 to 22,West Midlands,AS level,Music,Music,9.0,0.0,44.44444,55.55556,77.77778,88.88889,100.0
2021 to 22,West Midlands,AS level,Citizenship studies,Total Citizenship studies,0.0,,,,,,
2021 to 22,West Midlands,AS level,Physical Education,Dance,0.0,,,,,,
2021 to 22,West Midlands,AS level,Art & Design,Photography,68.0,0.0,23.52941,55.88235,75.0,85.29412,92.64706
2021 to 22,West Midlands,AS level,History,Total History,366.0,0.0,10.38251,31.96721,55.19126,77.3224,91.53005
2021 to 22,West Midlands,AS level,Logic/Philosophy,Total Logic/ Philosophy,0.0,,,,,,
2021 to 22,West Midlands,AS level,Art & Design,Art and design,8.0,0.0,12.5,62.5,75.0,87.5,100.0
2021 to 22,West Midlands,AS level,Design and technology,D&T Food Technology,0.0,,,,,,
2021 to 22,West Midlands,AS level,Sociology,Total Sociology,929.0,0.0,13.02476,32.831,55.5436,74.16577,85.57589
2021 to 22,West Midlands,AS level,Geography,Geography (World Development),0.0,,,,,,
2021 to 22,West Midlands,AS level,Law,Total Law,317.0,0.0,17.98107,35.96215,50.15773,64.35331,79.17981
2021 to 22,West Midlands,AS level,Accounting and Finance,Total Accounting and finance,0.0,,,,,,
2021 to 22,West Midlands,AS level,Modern languages - other,Bengali,0.0,,,,,,
2021 to 22,West Midlands,AS level,Home Economics,Home Economics (Food),0.0,,,,,,
2021 to 22,West Midlands,AS level,Science - other,Environmental Science,0.0,,,,,,
2021 to 22,West Midlands,AS level,All facilitating subjects,Total facilitating subjects,3765.0,0.0,16.52058,31.44754,49.98672,68.63214,84.62151
2021 to 22,West Midlands,AS level,Modern languages - other,Portuguese,0.0,,,,,,
2021 to 22,West Midlands,AS level,ICT,Total ICT,0.0,,,,,,
2021 to 22,West Midlands,AS level,Arts,Drama & Theatre Studies,12.0,0.0,41.66667,100.0,100.0,100.0,100.0
2021 to 22,West Midlands,AS level,Design and technology,D&T Textiles Technology,0.0,,,,,,
2021 to 22,West Midlands,AS level,Science - Biology,Total Biology,775.0,0.0,9.93548,21.29032,38.45161,58.58065,80.3871
2021 to 22,West Midlands,AS level,Art & Design,Total Art & Design,197.0,0.0,31.9797,69.03553,85.7868,92.8934,96.95431
2021 to 22,West Midlands,AS level,Classical studies,Total Classical studies,38.0,0.0,26.31579,50.0,68.42105,94.73684,97.36842
2021 to 22,West Midlands,AS level,Design and technology,Total D&T,4.0,0.0,0.0,25.0,75.0,100.0,100.0
2021 to 22,West Midlands,AS level,All subjects,Total subjects,8027.0,0.0,15.83406,33.63648,53.80591,72.1191,85.76056
2021 to 22,West Midlands,AS level,Home Economics,Total Home Economics,0.0,,,,,,
2021 to 22,West Midlands,AS level,Modern languages,Total Modern languages including Other,88.0,0.0,29.54545,48.86364,70.45455,82.95455,93.18182
2021 to 22,West Midlands,AS level,Arts,Total Arts,178.0,0.0,16.85393,50.5618,72.47191,85.95506,93.82022
2021 to 22,West Midlands,AS level,All STEM subjects,Total STEM subjects,2989.0,0.0,16.99565,31.14754,48.37738,66.24289,83.00435
2021 to 22,West Midlands,AS level,General studies,General Studies,0.0,,,,,,
2021 to 22,West Midlands,AS level,Maths,Total Maths,883.0,0.0,21.6308,35.90034,51.41563,66.93092,82.55946
2021 to 22,West Midlands,AS level,Art & Design,Critical Studies,0.0,,,,,,
2021 to 22,West Midlands,AS level,Humanities,Total Humanities,0.0,,,,,,
2021 to 22,West Midlands,AS level,English,Total English,412.0,0.0,10.19417,31.79612,60.67961,85.67961,94.17476
2021 to 22,West Midlands,AS level,Physical Education,Total Physical Education,66.0,0.0,24.24242,36.36364,54.54545,81.81818,92.42424
2021 to 22,West Midlands,AS level,Science - other,Total Other Sciences,49.0,0.0,6.12245,12.2449,34.69388,67.34694,83.67347
2021 to 22,West Midlands,AS level,Arts,Creative Writing,0.0,,,,,,
2021 to 22,West Midlands,AS level,Geography,Geography,226.0,0.0,16.81416,31.41593,53.53982,72.56637,84.51327
2021 to 22,West Midlands,AS level,Design and technology,D&T Product Design,4.0,0.0,0.0,25.0,75.0,100.0,100.0
2021 to 22,West Midlands,AS level,Modern languages - other,Arabic,0.0,,,,,,
2021 to 22,West Midlands,AS level,Modern languages - other,Total Other Modern Languages,0.0,,,,,,
2021 to 22,West Midlands,AS level,Modern languages,Spanish,29.0,0.0,34.48276,62.06897,79.31034,93.10345,100.0
2021 to 22,West Midlands,AS level,Modern languages,French,51.0,0.0,25.4902,43.13725,70.58824,82.35294,90.19608
2021 to 22,West Midlands,AS level,Maths,Mathematics (Statistics),0.0,,,,,,
2021 to 22,West Midlands,AS level,Arts,Media/Film/Tv Studies,86.0,0.0,17.44186,52.32558,69.76744,82.55814,93.02326
2021 to 22,West Midlands,AS level,Maths,Mathematics (Pure),0.0,,,,,,
2021 to 22,West Midlands,AS level,Maths,Use of mathematics,0.0,,,,,,
2021 to 22,West Midlands,AS level,Art & Design,Graphics,44.0,0.0,47.72727,77.27273,95.45455,100.0,100.0
2021 to 22,West Midlands,AS level,Modern languages - other,Dutch,0.0,,,,,,
2021 to 22,East of England,AS level,Modern languages,German,22.0,0.0,31.81818,59.09091,90.90909,90.90909,100.0
2021 to 22,East of England,AS level,Modern languages - other,Modern Hebrew,0.0,,,,,,
2021 to 22,East of England,AS level,Science - Chemistry,Total Chemistry,319.0,0.0,21.00313,42.00627,58.93417,68.96552,81.19122
2021 to 22,East of England,AS level,Design and technology,Design & Technology,0.0,,,,,,
2021 to 22,East of England,AS level,Physical Education,Physical Education/Sports Studies,32.0,0.0,46.875,65.625,75.0,90.625,96.875
2021 to 22,East of England,AS level,Design and technology,D&T Engineering,0.0,,,,,,
2021 to 22,East of England,AS level,Art & Design,Textiles,19.0,0.0,47.36842,73.68421,89.47368,94.73684,100.0
2021 to 22,East of England,AS level,English,English language,58.0,0.0,17.24138,39.65517,65.51724,79.31034,96.55172
2021 to 22,East of England,AS level,Modern languages - other,Modern Greek,0.0,,,,,,
2021 to 22,East of England,AS level,Religious Studies,Total Religious Studies,56.0,0.0,23.21429,51.78571,69.64286,76.78571,87.5
2021 to 22,East of England,AS level,Art & Design,History of Art,0.0,,,,,,
2021 to 22,East of England,AS level,Modern languages - other,Irish,0.0,,,,,,
2021 to 22,East of England,AS level,Business Studies,Total Business Studies,258.0,0.0,17.05426,37.9845,58.52713,78.68217,90.31008
2021 to 22,East of England,AS level,Anthropology,Total Anthropology,0.0,,,,,,
2021 to 22,East of England,AS level,Psychology,Total Psychology,611.0,0.0,16.53028,35.51555,58.42881,76.26841,86.41571
2021 to 22,East of England,AS level,Modern languages - other,Japanese,0.0,,,,,,
2021 to 22,East of England,AS level,Geography,Total Geography,172.0,0.0,19.18605,45.34884,69.18605,80.23256,90.11628
2021 to 22,East of England,AS level,Classical studies,Latin,1.0,0.0,100.0,100.0,100.0,100.0,100.0
2021 to 22,East of England,AS level,Classical studies,Classical Greek,0.0,,,,,,
2021 to 22,East of England,AS level,Science - other,Electronics,0.0,,,,,,
2021 to 22,East of England,AS level,Maths,Maths,713.0,0.0,23.70266,33.80084,51.47265,67.32118,80.2244
2021 to 22,East of England,AS level,Maths,Additional Mathematics,0.0,,,,,,
2021 to 22,East of England,AS level,Classical studies,Classical Civilisation,33.0,0.0,15.15152,39.39394,66.66667,81.81818,87.87879
2021 to 22,East of England,AS level,Music,Music Technology,34.0,0.0,29.41176,47.05882,76.47059,82.35294,91.17647
2021 to 22,East of England,AS level,Arts,Film Studies,72.0,0.0,16.66667,40.27778,63.88889,79.16667,90.27778
2021 to 22,East of England,AS level,Modern languages - other,Chinese,0.0,,,,,,
2021 to 22,East of England,AS level,Government and politics,Total Government and Politics,189.0,0.0,23.80952,35.44974,56.61376,76.19048,88.88889
2021 to 22,East of England,AS level,General studies,Critical Thinking,0.0,,,,,,
2021 to 22,East of England,AS level,English,English language & literature,95.0,0.0,15.78947,35.78947,67.36842,82.10526,92.63158
2021 to 22,East of England,AS level,Modern languages - other,Russian,0.0,,,,,,
2021 to 22,East of England,AS level,Art & Design,3d Studies,29.0,0.0,41.37931,68.96552,82.75862,93.10345,96.55172
2021 to 22,East of England,AS level,Arts,Communication Studies,0.0,,,,,,
2021 to 22,East of England,AS level,Modern languages - other,Punjabi,0.0,,,,,,
2021 to 22,East of England,AS level,Modern languages - other,Persian,0.0,,,,,,
2021 to 22,East of England,AS level,Modern languages - other,Italian,0.0,,,,,,
2021 to 22,East of England,AS level,Classical studies,Ancient History,1.0,0.0,0.0,100.0,100.0,100.0,100.0
2021 to 22,East of England,AS level,English,English literature,156.0,0.0,13.46154,32.05128,55.12821,77.5641,89.74359
2021 to 22,East of England,AS level,Economics,Total Economics,225.0,0.0,22.66667,36.88889,53.33333,76.88889,88.0
2021 to 22,East of England,AS level,Science - Physics,Total Physics,272.0,0.0,18.01471,27.20588,43.01471,61.76471,83.08824
2021 to 22,East of England,AS level,Art & Design,Fine Art,62.0,0.0,35.48387,64.51613,80.64516,91.93548,98.3871
2021 to 22,East of England,AS level,Computer Science,Total Computer Science,116.0,0.0,21.55172,50.0,69.82759,80.17241,90.51724
2021 to 22,East of England,AS level,Maths,Statistics,0.0,,,,,,
2021 to 22,East of England,AS level,Maths - Further,Total Further Mathematics,312.0,0.0,50.64103,69.55128,80.12821,88.46154,95.19231
2021 to 22,East of England,AS level,General studies,Total General studies,0.0,,,,,,
2021 to 22,East of England,AS level,Modern languages - other,Turkish,0.0,,,,,,
2021 to 22,East of England,AS level,Science - other,Geology,19.0,0.0,31.57895,36.84211,57.89474,63.15789,84.21053
2021 to 22,East of England,AS level,Classical studies,Other Classical Languages,0.0,,,,,,
2021 to 22,East of England,AS level,Modern languages - other,Polish,0.0,,,,,,
2021 to 22,East of England,AS level,Modern languages - other,Gujarati,0.0,,,,,,
2021 to 22,East of England,AS level,Design and technology,D&T Systems & Control,0.0,,,,,,
2021 to 22,East of England,AS level,Classical studies,Classics (General),0.0,,,,,,
2021 to 22,East of England,AS level,Archaeology,Total Archaeology,0.0,,,,,,
2021 to 22,East of England,AS level,Music,Total Music,50.0,0.0,30.0,52.0,82.0,88.0,94.0
2021 to 22,East of England,AS level,Modern languages - other,Urdu,0.0,,,,,,
2021 to 22,East of England,AS level,Music,Music,16.0,0.0,31.25,62.5,93.75,100.0,100.0
2021 to 22,East of England,AS level,Citizenship studies,Total Citizenship studies,0.0,,,,,,
2021 to 22,East of England,AS level,Physical Education,Dance,0.0,,,,,,
2021 to 22,East of England,AS level,Art & Design,Photography,63.0,0.0,17.46032,50.79365,73.01587,84.12698,92.06349
2021 to 22,East of England,AS level,History,Total History,209.0,0.0,15.311,42.10526,67.94258,81.33971,88.51675
2021 to 22,East of England,AS level,Logic/Philosophy,Total Logic/ Philosophy,0.0,,,,,,
2021 to 22,East of England,AS level,Art & Design,Art and design,2.0,0.0,0.0,0.0,50.0,100.0,100.0
2021 to 22,East of England,AS level,Design and technology,D&T Food Technology,0.0,,,,,,
2021 to 22,East of England,AS level,Sociology,Total Sociology,411.0,0.0,14.11192,34.30657,56.93431,76.39903,85.15815
2021 to 22,East of England,AS level,Geography,Geography (World Development),0.0,,,,,,
2021 to 22,East of England,AS level,Law,Total Law,193.0,0.0,23.31606,38.8601,55.95855,75.12953,87.04663
2021 to 22,East of England,AS level,Accounting and Finance,Total Accounting and finance,0.0,,,,,,
2021 to 22,East of England,AS level,Modern languages - other,Bengali,0.0,,,,,,
2021 to 22,East of England,AS level,Home Economics,Home Economics (Food),0.0,,,,,,
2021 to 22,East of England,AS level,Science - other,Environmental Science,0.0,,,,,,
2021 to 22,East of England,AS level,All facilitating subjects,Total facilitating subjects,2670.0,0.0,23.85768,40.6367,59.21348,73.55805,85.88015
2021 to 22,East of England,AS level,Modern languages - other,Portuguese,0.0,,,,,,
2021 to 22,East of England,AS level,ICT,Total ICT,0.0,,,,,,
2021 to 22,East of England,AS level,Arts,Drama & Theatre Studies,8.0,0.0,50.0,87.5,87.5,100.0,100.0
2021 to 22,East of England,AS level,Design and technology,D&T Textiles Technology,0.0,,,,,,
2021 to 22,East of England,AS level,Science - Biology,Total Biology,421.0,0.0,19.2399,36.8171,57.95724,74.34679,87.88599
2021 to 22,East of England,AS level,Art & Design,Total Art & Design,199.0,0.0,29.64824,60.80402,79.8995,90.95477,96.48241
2021 to 22,East of England,AS level,Classical studies,Total Classical studies,35.0,0.0,17.14286,42.85714,68.57143,82.85714,88.57143
2021 to 22,East of England,AS level,Design and technology,Total D&T,12.0,0.0,25.0,33.33333,41.66667,91.66667,100.0
2021 to 22,East of England,AS level,All subjects,Total subjects,5472.0,0.0,21.45468,39.80263,59.8136,76.11477,87.4269
2021 to 22,East of England,AS level,Home Economics,Total Home Economics,0.0,,,,,,
2021 to 22,East of England,AS level,Modern languages,Total Modern languages including Other,95.0,0.0,27.36842,49.47368,70.52632,81.05263,92.63158
2021 to 22,East of England,AS level,Arts,Total Arts,244.0,0.0,11.06557,30.7377,53.27869,78.27869,90.16393
2021 to 22,East of England,AS level,All STEM subjects,Total STEM subjects,2153.0,0.0,25.4993,40.82675,57.91918,71.99257,84.95123
2021 to 22,East of England,AS level,General studies,General Studies,0.0,,,,,,
2021 to 22,East of England,AS level,Maths,Total Maths,713.0,0.0,23.70266,33.80084,51.47265,67.32118,80.2244
2021 to 22,East of England,AS level,Art & Design,Critical Studies,0.0,,,,,,
2021 to 22,East of England,AS level,Humanities,Total Humanities,0.0,,,,,,
2021 to 22,East of England,AS level,English,Total English,309.0,0.0,14.88673,34.62783,60.84142,79.28803,91.90939
2021 to 22,East of England,AS level,Physical Education,Total Physical Education,32.0,0.0,46.875,65.625,75.0,90.625,96.875
2021 to 22,East of England,AS level,Science - other,Total Other Sciences,19.0,0.0,31.57895,36.84211,57.89474,63.15789,84.21053
2021 to 22,East of England,AS level,Arts,Creative Writing,0.0,,,,,,
2021 to 22,East of England,AS level,Geography,Geography,172.0,0.0,19.18605,45.34884,69.18605,80.23256,90.11628
2021 to 22,East of England,AS level,Design and technology,D&T Product Design,12.0,0.0,25.0,33.33333,41.66667,91.66667,100.0
2021 to 22,East of England,AS level,Modern languages - other,Arabic,0.0,,,,,,
2021 to 22,East of England,AS level,Modern languages - other,Total Other Modern Languages,0.0,,,,,,
2021 to 22,East of England,AS level,Modern languages,Spanish,41.0,0.0,36.58537,63.41463,82.92683,87.80488,95.12195
2021 to 22,East of England,AS level,Modern languages,French,32.0,0.0,12.5,25.0,40.625,65.625,84.375
2021 to 22,East of England,AS level,Maths,Mathematics (Statistics),0.0,,,,,,
2021 to 22,East of England,AS level,Arts,Media/Film/Tv Studies,164.0,0.0,6.70732,23.78049,46.95122,76.82927,89.63415
2021 to 22,East of England,AS level,Maths,Mathematics (Pure),0.0,,,,,,
2021 to 22,East of England,AS level,Maths,Use of mathematics,0.0,,,,,,
2021 to 22,East of England,AS level,Art & Design,Graphics,24.0,0.0,20.83333,62.5,87.5,100.0,100.0
2021 to 22,East of England,AS level,Modern languages - other,Dutch,0.0,,,,,,
2021 to 22,Yorkshire and The Humber,AS level,Modern languages,German,12.0,0.0,8.33333,41.66667,58.33333,83.33333,100.0
2021 to 22,Yorkshire and The Humber,AS level,Modern languages - other,Modern Hebrew,0.0,,,,,,
2021 to 22,Yorkshire and The Humber,AS level,Science - Chemistry,Total Chemistry,196.0,0.0,12.7551,28.06122,43.36735,63.26531,84.69388
2021 to 22,Yorkshire and The Humber,AS level,Design and technology,Design & Technology,0.0,,,,,,
2021 to 22,Yorkshire and The Humber,AS level,Physical Education,Physical Education/Sports Studies,24.0,0.0,20.83333,37.5,50.0,79.16667,95.83333
2021 to 22,Yorkshire and The Humber,AS level,Design and technology,D&T Engineering,2.0,0.0,0.0,50.0,100.0,100.0,100.0
2021 to 22,Yorkshire and The Humber,AS level,Art & Design,Textiles,15.0,0.0,20.0,46.66667,66.66667,73.33333,80.0
2021 to 22,Yorkshire and The Humber,AS level,English,English language,111.0,0.0,13.51351,53.15315,80.18018,88.28829,95.4955
2021 to 22,Yorkshire and The Humber,AS level,Modern languages - other,Modern Greek,0.0,,,,,,
2021 to 22,Yorkshire and The Humber,AS level,Religious Studies,Total Religious Studies,77.0,0.0,7.79221,33.76623,62.33766,75.32468,85.71429
2021 to 22,Yorkshire and The Humber,AS level,Art & Design,History of Art,0.0,,,,,,
2021 to 22,Yorkshire and The Humber,AS level,Modern languages - other,Irish,0.0,,,,,,
2021 to 22,Yorkshire and The Humber,AS level,Business Studies,Total Business Studies,145.0,0.0,11.03448,24.13793,41.37931,66.2069,90.34483
2021 to 22,Yorkshire and The Humber,AS level,Anthropology,Total Anthropology,0.0,,,,,,
2021 to 22,Yorkshire and The Humber,AS level,Psychology,Total Psychology,294.0,0.0,14.62585,35.71429,53.7415,69.38776,82.65306
2021 to 22,Yorkshire and The Humber,AS level,Modern languages - other,Japanese,0.0,,,,,,
2021 to 22,Yorkshire and The Humber,AS level,Geography,Total Geography,136.0,0.0,13.97059,30.14706,53.67647,83.08824,92.64706
2021 to 22,Yorkshire and The Humber,AS level,Classical studies,Latin,0.0,,,,,,
2021 to 22,Yorkshire and The Humber,AS level,Classical studies,Classical Greek,0.0,,,,,,
2021 to 22,Yorkshire and The Humber,AS level,Science - other,Electronics,0.0,,,,,,
2021 to 22,Yorkshire and The Humber,AS level,Maths,Maths,547.0,0.0,21.20658,33.27239,48.08044,60.87751,73.67459
2021 to 22,Yorkshire and The Humber,AS level,Maths,Additional Mathematics,0.0,,,,,,
2021 to 22,Yorkshire and The Humber,AS level,Classical studies,Classical Civilisation,1.0,0.0,0.0,0.0,0.0,0.0,0.0
2021 to 22,Yorkshire and The Humber,AS level,Music,Music Technology,22.0,0.0,22.72727,45.45455,63.63636,72.72727,95.45455
2021 to 22,Yorkshire and The Humber,AS level,Arts,Film Studies,86.0,0.0,12.7907,39.53488,73.25581,91.86047,97.67442
2021 to 22,Yorkshire and The Humber,AS level,Modern languages - other,Chinese,0.0,,,,,,
2021 to 22,Yorkshire and The Humber,AS level,Government and politics,Total Government and Politics,74.0,0.0,10.81081,29.72973,62.16216,75.67568,90.54054
2021 to 22,Yorkshire and The Humber,AS level,General studies,Critical Thinking,0.0,,,,,,
2021 to 22,Yorkshire and The Humber,AS level,English,English language & literature,34.0,0.0,8.82353,11.76471,29.41176,52.94118,94.11765
2021 to 22,Yorkshire and The Humber,AS level,Modern languages - other,Russian,0.0,,,,,,
2021 to 22,Yorkshire and The Humber,AS level,Art & Design,3d Studies,0.0,,,,,,
2021 to 22,Yorkshire and The Humber,AS level,Arts,Communication Studies,0.0,,,,,,
2021 to 22,Yorkshire and The Humber,AS level,Modern languages - other,Punjabi,0.0,,,,,,
2021 to 22,Yorkshire and The Humber,AS level,Modern languages - other,Persian,0.0,,,,,,
2021 to 22,Yorkshire and The Humber,AS level,Modern languages - other,Italian,0.0,,,,,,
2021 to 22,Yorkshire and The Humber,AS level,Classical studies,Ancient History,69.0,0.0,13.04348,36.23188,68.11594,89.85507,97.10145
2021 to 22,Yorkshire and The Humber,AS level,English,English literature,110.0,0.0,23.63636,39.09091,67.27273,86.36364,97.27273
2021 to 22,Yorkshire and The Humber,AS level,Economics,Total Economics,96.0,0.0,8.33333,17.70833,37.5,59.375,83.33333
2021 to 22,Yorkshire and The Humber,AS level,Science - Physics,Total Physics,162.0,0.0,16.04938,27.16049,43.20988,61.11111,79.62963
2021 to 22,Yorkshire and The Humber,AS level,Art & Design,Fine Art,45.0,0.0,22.22222,53.33333,84.44444,91.11111,95.55556
2021 to 22,Yorkshire and The Humber,AS level,Computer Science,Total Computer Science,93.0,0.0,13.97849,35.48387,59.13978,80.64516,89.24731
2021 to 22,Yorkshire and The Humber,AS level,Maths,Statistics,0.0,,,,,,
2021 to 22,Yorkshire and The Humber,AS level,Maths - Further,Total Further Mathematics,352.0,0.0,53.69318,71.59091,85.79545,91.76136,96.59091
2021 to 22,Yorkshire and The Humber,AS level,General studies,Total General studies,0.0,,,,,,
2021 to 22,Yorkshire and The Humber,AS level,Modern languages - other,Turkish,0.0,,,,,,
2021 to 22,Yorkshire and The Humber,AS level,Science - other,Geology,12.0,0.0,16.66667,41.66667,66.66667,100.0,100.0
2021 to 22,Yorkshire and The Humber,AS level,Classical studies,Other Classical Languages,0.0,,,,,,
2021 to 22,Yorkshire and The Humber,AS level,Modern languages - other,Polish,0.0,,,,,,
2021 to 22,Yorkshire and The Humber,AS level,Modern languages - other,Gujarati,0.0,,,,,,
2021 to 22,Yorkshire and The Humber,AS level,Design and technology,D&T Systems & Control,0.0,,,,,,
2021 to 22,Yorkshire and The Humber,AS level,Classical studies,Classics (General),0.0,,,,,,
2021 to 22,Yorkshire and The Humber,AS level,Archaeology,Total Archaeology,0.0,,,,,,
2021 to 22,Yorkshire and The Humber,AS level,Music,Total Music,31.0,0.0,25.80645,54.83871,74.19355,80.64516,96.77419
2021 to 22,Yorkshire and The Humber,AS level,Modern languages - other,Urdu,0.0,,,,,,
2021 to 22,Yorkshire and The Humber,AS level,Music,Music,9.0,0.0,33.33333,77.77778,100.0,100.0,100.0
2021 to 22,Yorkshire and The Humber,AS level,Citizenship studies,Total Citizenship studies,0.0,,,,,,
2021 to 22,Yorkshire and The Humber,AS level,Physical Education,Dance,0.0,,,,,,
2021 to 22,Yorkshire and The Humber,AS level,Art & Design,Photography,69.0,0.0,21.73913,49.27536,82.6087,88.4058,97.10145
2021 to 22,Yorkshire and The Humber,AS level,History,Total History,147.0,0.0,14.28571,38.77551,63.26531,82.9932,93.87755
2021 to 22,Yorkshire and The Humber,AS level,Logic/Philosophy,Total Logic/ Philosophy,0.0,,,,,,
2021 to 22,Yorkshire and The Humber,AS level,Art & Design,Art and design,5.0,0.0,40.0,40.0,60.0,80.0,80.0
2021 to 22,Yorkshire and The Humber,AS level,Design and technology,D&T Food Technology,0.0,,,,,,
2021 to 22,Yorkshire and The Humber,AS level,Sociology,Total Sociology,311.0,0.0,14.14791,33.44051,57.87781,75.24116,85.85209
2021 to 22,Yorkshire and The Humber,AS level,Geography,Geography (World Development),0.0,,,,,,
2021 to 22,Yorkshire and The Humber,AS level,Law,Total Law,114.0,0.0,15.78947,28.94737,40.35088,63.15789,79.82456
2021 to 22,Yorkshire and The Humber,AS level,Accounting and Finance,Total Accounting and finance,0.0,,,,,,
2021 to 22,Yorkshire and The Humber,AS level,Modern languages - other,Bengali,0.0,,,,,,
2021 to 22,Yorkshire and The Humber,AS level,Home Economics,Home Economics (Food),0.0,,,,,,
2021 to 22,Yorkshire and The Humber,AS level,Science - other,Environmental Science,0.0,,,,,,
2021 to 22,Yorkshire and The Humber,AS level,All facilitating subjects,Total facilitating subjects,1962.0,0.0,24.56677,40.01019,57.23751,73.29256,85.98369
2021 to 22,Yorkshire and The Humber,AS level,Modern languages - other,Portuguese,0.0,,,,,,
2021 to 22,Yorkshire and The Humber,AS level,ICT,Total ICT,0.0,,,,,,
2021 to 22,Yorkshire and The Humber,AS level,Arts,Drama & Theatre Studies,27.0,0.0,33.33333,66.66667,96.2963,100.0,100.0
2021 to 22,Yorkshire and The Humber,AS level,Design and technology,D&T Textiles Technology,0.0,,,,,,
2021 to 22,Yorkshire and The Humber,AS level,Science - Biology,Total Biology,242.0,0.0,17.35537,29.75207,44.6281,67.7686,85.95041
2021 to 22,Yorkshire and The Humber,AS level,Art & Design,Total Art & Design,140.0,0.0,21.42857,49.28571,79.28571,86.42857,94.28571
2021 to 22,Yorkshire and The Humber,AS level,Classical studies,Total Classical studies,70.0,0.0,12.85714,35.71429,67.14286,88.57143,95.71429
2021 to 22,Yorkshire and The Humber,AS level,Design and technology,Total D&T,30.0,0.0,6.66667,43.33333,80.0,86.66667,90.0
2021 to 22,Yorkshire and The Humber,AS level,All subjects,Total subjects,3809.0,0.0,19.55894,37.96272,58.25676,74.77028,87.45077
2021 to 22,Yorkshire and The Humber,AS level,Home Economics,Total Home Economics,0.0,,,,,,
2021 to 22,Yorkshire and The Humber,AS level,Modern languages,Total Modern languages including Other,70.0,0.0,25.71429,55.71429,78.57143,92.85714,100.0
2021 to 22,Yorkshire and The Humber,AS level,Arts,Total Arts,191.0,0.0,17.27749,44.50262,74.86911,92.67016,97.90576
2021 to 22,Yorkshire and The Humber,AS level,All STEM subjects,Total STEM subjects,1592.0,0.0,25.81658,40.07538,55.46482,70.22613,83.4799
2021 to 22,Yorkshire and The Humber,AS level,General studies,General Studies,0.0,,,,,,
2021 to 22,Yorkshire and The Humber,AS level,Maths,Total Maths,547.0,0.0,21.20658,33.27239,48.08044,60.87751,73.67459
2021 to 22,Yorkshire and The Humber,AS level,Art & Design,Critical Studies,0.0,,,,,,
2021 to 22,Yorkshire and The Humber,AS level,Humanities,Total Humanities,0.0,,,,,,
2021 to 22,Yorkshire and The Humber,AS level,English,Total English,255.0,0.0,17.2549,41.56863,67.84314,82.7451,96.07843
2021 to 22,Yorkshire and The Humber,AS level,Physical Education,Total Physical Education,24.0,0.0,20.83333,37.5,50.0,79.16667,95.83333
2021 to 22,Yorkshire and The Humber,AS level,Science - other,Total Other Sciences,12.0,0.0,16.66667,41.66667,66.66667,100.0,100.0
2021 to 22,Yorkshire and The Humber,AS level,Arts,Creative Writing,0.0,,,,,,
2021 to 22,Yorkshire and The Humber,AS level,Geography,Geography,136.0,0.0,13.97059,30.14706,53.67647,83.08824,92.64706
2021 to 22,Yorkshire and The Humber,AS level,Design and technology,D&T Product Design,28.0,0.0,7.14286,42.85714,78.57143,85.71429,89.28571
2021 to 22,Yorkshire and The Humber,AS level,Modern languages - other,Arabic,0.0,,,,,,
2021 to 22,Yorkshire and The Humber,AS level,Modern languages - other,Total Other Modern Languages,0.0,,,,,,
2021 to 22,Yorkshire and The Humber,AS level,Modern languages,Spanish,36.0,0.0,33.33333,63.88889,94.44444,97.22222,100.0
2021 to 22,Yorkshire and The Humber,AS level,Modern languages,French,22.0,0.0,22.72727,50.0,63.63636,90.90909,100.0
2021 to 22,Yorkshire and The Humber,AS level,Maths,Mathematics (Statistics),0.0,,,,,,
2021 to 22,Yorkshire and The Humber,AS level,Arts,Media/Film/Tv Studies,78.0,0.0,16.66667,42.30769,69.23077,91.02564,97.4359
2021 to 22,Yorkshire and The Humber,AS level,Maths,Mathematics (Pure),0.0,,,,,,
2021 to 22,Yorkshire and The Humber,AS level,Maths,Use of mathematics,0.0,,,,,,
2021 to 22,Yorkshire and The Humber,AS level,Art & Design,Graphics,6.0,0.0,0.0,33.33333,50.0,66.66667,100.0
2021 to 22,Yorkshire and The Humber,AS level,Modern languages - other,Dutch,0.0,,,,,,
2021 to 22,North East,AS level,Modern languages,German,6.0,0.0,33.33333,66.66667,100.0,100.0,100.0
2021 to 22,North East,AS level,Modern languages - other,Modern Hebrew,0.0,,,,,,
2021 to 22,North East,AS level,Science - Chemistry,Total Chemistry,129.0,0.0,12.4031,31.78295,58.91473,75.1938,87.5969
2021 to 22,North East,AS level,Design and technology,Design & Technology,0.0,,,,,,
2021 to 22,North East,AS level,Physical Education,Physical Education/Sports Studies,1.0,0.0,0.0,0.0,0.0,0.0,0.0
2021 to 22,North East,AS level,Design and technology,D&T Engineering,0.0,,,,,,
2021 to 22,North East,AS level,Art & Design,Textiles,1.0,0.0,0.0,100.0,100.0,100.0,100.0
2021 to 22,North East,AS level,English,English language,84.0,0.0,9.52381,34.52381,65.47619,82.14286,89.28571
2021 to 22,North East,AS level,Modern languages - other,Modern Greek,0.0,,,,,,
2021 to 22,North East,AS level,Religious Studies,Total Religious Studies,38.0,0.0,13.15789,55.26316,68.42105,86.84211,92.10526
2021 to 22,North East,AS level,Art & Design,History of Art,0.0,,,,,,
2021 to 22,North East,AS level,Modern languages - other,Irish,0.0,,,,,,
2021 to 22,North East,AS level,Business Studies,Total Business Studies,89.0,0.0,16.85393,30.33708,53.93258,78.65169,91.01124
2021 to 22,North East,AS level,Anthropology,Total Anthropology,0.0,,,,,,
2021 to 22,North East,AS level,Psychology,Total Psychology,264.0,0.0,12.12121,24.24242,46.21212,66.28788,85.22727
2021 to 22,North East,AS level,Modern languages - other,Japanese,0.0,,,,,,
2021 to 22,North East,AS level,Geography,Total Geography,72.0,0.0,16.66667,36.11111,52.77778,73.61111,87.5
2021 to 22,North East,AS level,Classical studies,Latin,1.0,0.0,100.0,100.0,100.0,100.0,100.0
2021 to 22,North East,AS level,Classical studies,Classical Greek,0.0,,,,,,
2021 to 22,North East,AS level,Science - other,Electronics,0.0,,,,,,
2021 to 22,North East,AS level,Maths,Maths,181.0,0.0,20.99448,37.01657,54.14365,70.16575,84.53039
2021 to 22,North East,AS level,Maths,Additional Mathematics,0.0,,,,,,
2021 to 22,North East,AS level,Classical studies,Classical Civilisation,15.0,0.0,13.33333,33.33333,73.33333,73.33333,93.33333
2021 to 22,North East,AS level,Music,Music Technology,0.0,,,,,,
2021 to 22,North East,AS level,Arts,Film Studies,37.0,0.0,2.7027,37.83784,75.67568,91.89189,100.0
2021 to 22,North East,AS level,Modern languages - other,Chinese,0.0,,,,,,
2021 to 22,North East,AS level,Government and politics,Total Government and Politics,35.0,0.0,8.57143,28.57143,48.57143,71.42857,77.14286
2021 to 22,North East,AS level,General studies,Critical Thinking,0.0,,,,,,
2021 to 22,North East,AS level,English,English language & literature,0.0,,,,,,
2021 to 22,North East,AS level,Modern languages - other,Russian,0.0,,,,,,
2021 to 22,North East,AS level,Art & Design,3d Studies,0.0,,,,,,
2021 to 22,North East,AS level,Arts,Communication Studies,0.0,,,,,,
2021 to 22,North East,AS level,Modern languages - other,Punjabi,0.0,,,,,,
2021 to 22,North East,AS level,Modern languages - other,Persian,0.0,,,,,,
2021 to 22,North East,AS level,Modern languages - other,Italian,0.0,,,,,,
2021 to 22,North East,AS level,Classical studies,Ancient History,0.0,,,,,,
2021 to 22,North East,AS level,English,English literature,69.0,0.0,14.49275,26.08696,53.62319,82.6087,89.85507
2021 to 22,North East,AS level,Economics,Total Economics,33.0,0.0,9.09091,9.09091,39.39394,60.60606,84.84848
2021 to 22,North East,AS level,Science - Physics,Total Physics,77.0,0.0,19.48052,33.76623,53.24675,76.62338,89.61039
2021 to 22,North East,AS level,Art & Design,Fine Art,27.0,0.0,3.7037,25.92593,44.44444,70.37037,88.88889
2021 to 22,North East,AS level,Computer Science,Total Computer Science,51.0,0.0,1.96078,17.64706,29.41176,50.98039,76.47059
2021 to 22,North East,AS level,Maths,Statistics,0.0,,,,,,
2021 to 22,North East,AS level,Maths - Further,Total Further Mathematics,145.0,0.0,61.37931,78.62069,87.58621,93.10345,98.62069
2021 to 22,North East,AS level,General studies,Total General studies,0.0,,,,,,
2021 to 22,North East,AS level,Modern languages - other,Turkish,0.0,,,,,,
2021 to 22,North East,AS level,Science - other,Geology,5.0,0.0,40.0,40.0,80.0,100.0,100.0
2021 to 22,North East,AS level,Classical studies,Other Classical Languages,0.0,,,,,,
2021 to 22,North East,AS level,Modern languages - other,Polish,0.0,,,,,,
2021 to 22,North East,AS level,Modern languages - other,Gujarati,0.0,,,,,,
2021 to 22,North East,AS level,Design and technology,D&T Systems & Control,0.0,,,,,,
2021 to 22,North East,AS level,Classical studies,Classics (General),0.0,,,,,,
2021 to 22,North East,AS level,Archaeology,Total Archaeology,0.0,,,,,,
2021 to 22,North East,AS level,Music,Total Music,0.0,,,,,,
2021 to 22,North East,AS level,Modern languages - other,Urdu,0.0,,,,,,
2021 to 22,North East,AS level,Music,Music,0.0,,,,,,
2021 to 22,North East,AS level,Citizenship studies,Total Citizenship studies,0.0,,,,,,
2021 to 22,North East,AS level,Physical Education,Dance,0.0,,,,,,
2021 to 22,North East,AS level,Art & Design,Photography,2.0,0.0,50.0,100.0,100.0,100.0,100.0
2021 to 22,North East,AS level,History,Total History,128.0,0.0,21.09375,47.65625,71.875,89.0625,93.75
2021 to 22,North East,AS level,Logic/Philosophy,Total Logic/ Philosophy,0.0,,,,,,
2021 to 22,North East,AS level,Art & Design,Art and design,7.0,0.0,28.57143,71.42857,100.0,100.0,100.0
2021 to 22,North East,AS level,Design and technology,D&T Food Technology,0.0,,,,,,
2021 to 22,North East,AS level,Sociology,Total Sociology,197.0,0.0,12.69036,26.90355,53.29949,77.66497,85.27919
2021 to 22,North East,AS level,Geography,Geography (World Development),0.0,,,,,,
2021 to 22,North East,AS level,Law,Total Law,106.0,0.0,10.37736,32.07547,50.0,67.92453,86.79245
2021 to 22,North East,AS level,Accounting and Finance,Total Accounting and finance,0.0,,,,,,
2021 to 22,North East,AS level,Modern languages - other,Bengali,0.0,,,,,,
2021 to 22,North East,AS level,Home Economics,Home Economics (Food),0.0,,,,,,
2021 to 22,North East,AS level,Science - other,Environmental Science,0.0,,,,,,
2021 to 22,North East,AS level,All facilitating subjects,Total facilitating subjects,1012.0,0.0,23.6166,41.40316,60.37549,77.37154,88.73518
2021 to 22,North East,AS level,Modern languages - other,Portuguese,0.0,,,,,,
2021 to 22,North East,AS level,ICT,Total ICT,0.0,,,,,,
2021 to 22,North East,AS level,Arts,Drama & Theatre Studies,0.0,,,,,,
2021 to 22,North East,AS level,Design and technology,D&T Textiles Technology,0.0,,,,,,
2021 to 22,North East,AS level,Science - Biology,Total Biology,199.0,0.0,14.57286,29.14573,45.72864,64.82412,81.90955
2021 to 22,North East,AS level,Art & Design,Total Art & Design,37.0,0.0,10.81081,40.54054,59.45946,78.37838,91.89189
2021 to 22,North East,AS level,Classical studies,Total Classical studies,16.0,0.0,18.75,37.5,75.0,75.0,93.75
2021 to 22,North East,AS level,Design and technology,Total D&T,2.0,0.0,0.0,0.0,0.0,50.0,50.0
2021 to 22,North East,AS level,All subjects,Total subjects,2085.0,0.0,17.79376,35.73141,56.88249,75.53957,87.86571
2021 to 22,North East,AS level,Home Economics,Total Home Economics,0.0,,,,,,
2021 to 22,North East,AS level,Modern languages,Total Modern languages including Other,11.0,0.0,18.18182,63.63636,90.90909,100.0,100.0
2021 to 22,North East,AS level,Arts,Total Arts,116.0,0.0,18.10345,46.55172,72.41379,88.7931,94.82759
2021 to 22,North East,AS level,All STEM subjects,Total STEM subjects,782.0,0.0,24.04092,40.28133,57.289,73.27366,86.95652
2021 to 22,North East,AS level,General studies,General Studies,0.0,,,,,,
2021 to 22,North East,AS level,Maths,Total Maths,181.0,0.0,20.99448,37.01657,54.14365,70.16575,84.53039
2021 to 22,North East,AS level,Art & Design,Critical Studies,0.0,,,,,,
2021 to 22,North East,AS level,Humanities,Total Humanities,0.0,,,,,,
2021 to 22,North East,AS level,English,Total English,153.0,0.0,11.76471,30.71895,60.13072,82.35294,89.54248
2021 to 22,North East,AS level,Physical Education,Total Physical Education,1.0,0.0,0.0,0.0,0.0,0.0,0.0
2021 to 22,North East,AS level,Science - other,Total Other Sciences,5.0,0.0,40.0,40.0,80.0,100.0,100.0
2021 to 22,North East,AS level,Arts,Creative Writing,0.0,,,,,,
2021 to 22,North East,AS level,Geography,Geography,72.0,0.0,16.66667,36.11111,52.77778,73.61111,87.5
2021 to 22,North East,AS level,Design and technology,D&T Product Design,2.0,0.0,0.0,0.0,0.0,50.0,50.0
2021 to 22,North East,AS level,Modern languages - other,Arabic,0.0,,,,,,
2021 to 22,North East,AS level,Modern languages - other,Total Other Modern Languages,0.0,,,,,,
2021 to 22,North East,AS level,Modern languages,Spanish,1.0,0.0,0.0,100.0,100.0,100.0,100.0
2021 to 22,North East,AS level,Modern languages,French,4.0,0.0,0.0,50.0,75.0,100.0,100.0
2021 to 22,North East,AS level,Maths,Mathematics (Statistics),0.0,,,,,,
2021 to 22,North East,AS level,Arts,Media/Film/Tv Studies,79.0,0.0,25.31646,50.63291,70.88608,87.34177,92.40506
2021 to 22,North East,AS level,Maths,Mathematics (Pure),0.0,,,,,,
2021 to 22,North East,AS level,Maths,Use of mathematics,0.0,,,,,,
2021 to 22,North East,AS level,Art & Design,Graphics,0.0,,,,,,
2021 to 22,North East,AS level,Modern languages - other,Dutch,0.0,,,,,,
2021 to 22,South East,AS level,Modern languages,German,42.0,0.0,23.80952,54.7619,71.42857,92.85714,97.61905
2021 to 22,South East,AS level,Modern languages - other,Modern Hebrew,0.0,,,,,,
2021 to 22,South East,AS level,Science - Chemistry,Total Chemistry,259.0,0.0,18.91892,30.88803,45.17375,57.91506,74.90347
2021 to 22,South East,AS level,Design and technology,Design & Technology,0.0,,,,,,
2021 to 22,South East,AS level,Physical Education,Physical Education/Sports Studies,3.0,0.0,33.33333,33.33333,33.33333,33.33333,66.66667
2021 to 22,South East,AS level,Design and technology,D&T Engineering,0.0,,,,,,
2021 to 22,South East,AS level,Art & Design,Textiles,23.0,0.0,4.34783,34.78261,65.21739,78.26087,82.6087
2021 to 22,South East,AS level,English,English language,50.0,0.0,8.0,24.0,64.0,84.0,92.0
2021 to 22,South East,AS level,Modern languages - other,Modern Greek,0.0,,,,,,
2021 to 22,South East,AS level,Religious Studies,Total Religious Studies,68.0,0.0,19.11765,55.88235,67.64706,86.76471,92.64706
2021 to 22,South East,AS level,Art & Design,History of Art,0.0,,,,,,
2021 to 22,South East,AS level,Modern languages - other,Irish,0.0,,,,,,
2021 to 22,South East,AS level,Business Studies,Total Business Studies,328.0,0.0,8.84146,25.30488,45.42683,58.23171,75.60976
2021 to 22,South East,AS level,Anthropology,Total Anthropology,0.0,,,,,,
2021 to 22,South East,AS level,Psychology,Total Psychology,501.0,0.0,11.37725,23.35329,41.91617,59.68064,76.84631
2021 to 22,South East,AS level,Modern languages - other,Japanese,0.0,,,,,,
2021 to 22,South East,AS level,Geography,Total Geography,126.0,0.0,32.53968,52.38095,74.60317,85.71429,92.85714
2021 to 22,South East,AS level,Classical studies,Latin,5.0,0.0,100.0,100.0,100.0,100.0,100.0
2021 to 22,South East,AS level,Classical studies,Classical Greek,0.0,,,,,,
2021 to 22,South East,AS level,Science - other,Electronics,5.0,0.0,20.0,60.0,60.0,60.0,80.0
2021 to 22,South East,AS level,Maths,Maths,856.0,0.0,22.78037,35.63084,49.41589,65.30374,78.73832
2021 to 22,South East,AS level,Maths,Additional Mathematics,0.0,,,,,,
2021 to 22,South East,AS level,Classical studies,Classical Civilisation,11.0,0.0,18.18182,45.45455,90.90909,90.90909,90.90909
2021 to 22,South East,AS level,Music,Music Technology,0.0,,,,,,
2021 to 22,South East,AS level,Arts,Film Studies,16.0,0.0,12.5,25.0,43.75,68.75,87.5
2021 to 22,South East,AS level,Modern languages - other,Chinese,0.0,,,,,,
2021 to 22,South East,AS level,Government and politics,Total Government and Politics,88.0,0.0,15.90909,31.81818,44.31818,61.36364,81.81818
2021 to 22,South East,AS level,General studies,Critical Thinking,0.0,,,,,,
2021 to 22,South East,AS level,English,English language & literature,3.0,0.0,33.33333,33.33333,33.33333,66.66667,66.66667
2021 to 22,South East,AS level,Modern languages - other,Russian,0.0,,,,,,
2021 to 22,South East,AS level,Art & Design,3d Studies,2.0,0.0,0.0,0.0,50.0,100.0,100.0
2021 to 22,South East,AS level,Arts,Communication Studies,0.0,,,,,,
2021 to 22,South East,AS level,Modern languages - other,Punjabi,0.0,,,,,,
2021 to 22,South East,AS level,Modern languages - other,Persian,0.0,,,,,,
2021 to 22,South East,AS level,Modern languages - other,Italian,0.0,,,,,,
2021 to 22,South East,AS level,Classical studies,Ancient History,11.0,0.0,27.27273,36.36364,72.72727,90.90909,90.90909
2021 to 22,South East,AS level,English,English literature,131.0,0.0,24.42748,50.38168,68.70229,87.78626,96.94656
2021 to 22,South East,AS level,Economics,Total Economics,105.0,0.0,23.80952,38.09524,48.57143,63.80952,76.19048
2021 to 22,South East,AS level,Science - Physics,Total Physics,241.0,0.0,19.08714,34.0249,51.45228,64.31535,79.66805
2021 to 22,South East,AS level,Art & Design,Fine Art,32.0,0.0,34.375,56.25,75.0,90.625,96.875
2021 to 22,South East,AS level,Computer Science,Total Computer Science,131.0,0.0,24.42748,56.48855,73.28244,85.49618,93.89313
2021 to 22,South East,AS level,Maths,Statistics,0.0,,,,,,
2021 to 22,South East,AS level,Maths - Further,Total Further Mathematics,758.0,0.0,60.29024,76.51715,87.33509,93.27177,96.56992
2021 to 22,South East,AS level,General studies,Total General studies,0.0,,,,,,
2021 to 22,South East,AS level,Modern languages - other,Turkish,0.0,,,,,,
2021 to 22,South East,AS level,Science - other,Geology,6.0,0.0,33.33333,66.66667,66.66667,83.33333,100.0
2021 to 22,South East,AS level,Classical studies,Other Classical Languages,0.0,,,,,,
2021 to 22,South East,AS level,Modern languages - other,Polish,0.0,,,,,,
2021 to 22,South East,AS level,Modern languages - other,Gujarati,0.0,,,,,,
2021 to 22,South East,AS level,Design and technology,D&T Systems & Control,0.0,,,,,,
2021 to 22,South East,AS level,Classical studies,Classics (General),0.0,,,,,,
2021 to 22,South East,AS level,Archaeology,Total Archaeology,0.0,,,,,,
2021 to 22,South East,AS level,Music,Total Music,4.0,0.0,25.0,75.0,75.0,75.0,75.0
2021 to 22,South East,AS level,Modern languages - other,Urdu,0.0,,,,,,
2021 to 22,South East,AS level,Music,Music,4.0,0.0,25.0,75.0,75.0,75.0,75.0
2021 to 22,South East,AS level,Citizenship studies,Total Citizenship studies,0.0,,,,,,
2021 to 22,South East,AS level,Physical Education,Dance,0.0,,,,,,
2021 to 22,South East,AS level,Art & Design,Photography,84.0,0.0,27.38095,58.33333,82.14286,92.85714,95.2381
2021 to 22,South East,AS level,History,Total History,221.0,0.0,16.74208,30.31674,51.58371,73.75566,87.33032
2021 to 22,South East,AS level,Logic/Philosophy,Total Logic/ Philosophy,0.0,,,,,,
2021 to 22,South East,AS level,Art & Design,Art and design,13.0,0.0,53.84615,76.92308,76.92308,100.0,100.0
2021 to 22,South East,AS level,Design and technology,D&T Food Technology,0.0,,,,,,
2021 to 22,South East,AS level,Sociology,Total Sociology,484.0,0.0,11.15702,27.47934,47.93388,65.08264,77.68595
2021 to 22,South East,AS level,Geography,Geography (World Development),0.0,,,,,,
2021 to 22,South East,AS level,Law,Total Law,62.0,0.0,8.06452,12.90323,30.64516,54.83871,77.41935
2021 to 22,South East,AS level,Accounting and Finance,Total Accounting and finance,0.0,,,,,,
2021 to 22,South East,AS level,Modern languages - other,Bengali,0.0,,,,,,
2021 to 22,South East,AS level,Home Economics,Home Economics (Food),0.0,,,,,,
2021 to 22,South East,AS level,Science - other,Environmental Science,0.0,,,,,,
2021 to 22,South East,AS level,All facilitating subjects,Total facilitating subjects,3073.0,0.0,31.30491,46.17637,61.04784,74.38985,85.74683
2021 to 22,South East,AS level,Modern languages - other,Portuguese,0.0,,,,,,
2021 to 22,South East,AS level,ICT,Total ICT,0.0,,,,,,
2021 to 22,South East,AS level,Arts,Drama & Theatre Studies,10.0,0.0,30.0,50.0,100.0,100.0,100.0
2021 to 22,South East,AS level,Design and technology,D&T Textiles Technology,0.0,,,,,,
2021 to 22,South East,AS level,Science - Biology,Total Biology,345.0,0.0,14.78261,26.08696,43.47826,60.0,80.28986
2021 to 22,South East,AS level,Art & Design,Total Art & Design,195.0,0.0,25.64103,51.79487,75.89744,89.74359,93.33333
2021 to 22,South East,AS level,Classical studies,Total Classical studies,27.0,0.0,37.03704,51.85185,85.18519,92.59259,92.59259
2021 to 22,South East,AS level,Design and technology,Total D&T,6.0,0.0,50.0,83.33333,100.0,100.0,100.0
2021 to 22,South East,AS level,All subjects,Total subjects,5202.0,0.0,24.56747,40.5421,57.30488,71.74164,83.87159
2021 to 22,South East,AS level,Home Economics,Total Home Economics,0.0,,,,,,
2021 to 22,South East,AS level,Modern languages,Total Modern languages including Other,131.0,0.0,37.40458,59.54198,74.0458,89.31298,94.65649
2021 to 22,South East,AS level,Arts,Total Arts,68.0,0.0,27.94118,44.11765,69.11765,85.29412,91.17647
2021 to 22,South East,AS level,All STEM subjects,Total STEM subjects,2590.0,0.0,32.04633,46.75676,60.69498,72.97297,84.6332
2021 to 22,South East,AS level,General studies,General Studies,0.0,,,,,,
2021 to 22,South East,AS level,Maths,Total Maths,856.0,0.0,22.78037,35.63084,49.41589,65.30374,78.73832
2021 to 22,South East,AS level,Art & Design,Critical Studies,1.0,0.0,0.0,0.0,0.0,100.0,100.0
2021 to 22,South East,AS level,Humanities,Total Humanities,0.0,,,,,,
2021 to 22,South East,AS level,English,Total English,184.0,0.0,20.1087,42.93478,66.84783,86.41304,95.1087
2021 to 22,South East,AS level,Physical Education,Total Physical Education,3.0,0.0,33.33333,33.33333,33.33333,33.33333,66.66667
2021 to 22,South East,AS level,Science - other,Total Other Sciences,11.0,0.0,27.27273,63.63636,63.63636,72.72727,90.90909
2021 to 22,South East,AS level,Arts,Creative Writing,0.0,,,,,,
2021 to 22,South East,AS level,Geography,Geography,126.0,0.0,32.53968,52.38095,74.60317,85.71429,92.85714
2021 to 22,South East,AS level,Design and technology,D&T Product Design,6.0,0.0,50.0,83.33333,100.0,100.0,100.0
2021 to 22,South East,AS level,Modern languages - other,Arabic,0.0,,,,,,
2021 to 22,South East,AS level,Modern languages - other,Total Other Modern Languages,0.0,,,,,,
2021 to 22,South East,AS level,Modern languages,Spanish,56.0,0.0,42.85714,67.85714,75.0,89.28571,92.85714
2021 to 22,South East,AS level,Modern languages,French,33.0,0.0,45.45455,51.51515,75.75758,84.84848,93.93939
2021 to 22,South East,AS level,Maths,Mathematics (Statistics),0.0,,,,,,
2021 to 22,South East,AS level,Arts,Media/Film/Tv Studies,42.0,0.0,33.33333,50.0,71.42857,88.09524,90.47619
2021 to 22,South East,AS level,Maths,Mathematics (Pure),0.0,,,,,,
2021 to 22,South East,AS level,Maths,Use of mathematics,0.0,,,,,,
2021 to 22,South East,AS level,Art & Design,Graphics,40.0,0.0,20.0,40.0,72.5,85.0,90.0
2021 to 22,South East,AS level,Modern languages - other,Dutch,0.0,,,,,,
2021 to 22,East Midlands,AS level,Modern languages,German,1.0,0.0,0.0,0.0,100.0,100.0,100.0
2021 to 22,East Midlands,AS level,Modern languages - other,Modern Hebrew,0.0,,,,,,
2021 to 22,East Midlands,AS level,Science - Chemistry,Total Chemistry,249.0,0.0,25.3012,40.96386,56.62651,71.88755,83.53414
2021 to 22,East Midlands,AS level,Design and technology,Design & Technology,0.0,,,,,,
2021 to 22,East Midlands,AS level,Physical Education,Physical Education/Sports Studies,57.0,0.0,15.78947,40.35088,63.15789,84.21053,96.49123
2021 to 22,East Midlands,AS level,Design and technology,D&T Engineering,1.0,0.0,0.0,0.0,100.0,100.0,100.0
2021 to 22,East Midlands,AS level,Art & Design,Textiles,3.0,0.0,0.0,100.0,100.0,100.0,100.0
2021 to 22,East Midlands,AS level,English,English language,92.0,0.0,10.86957,32.6087,69.56522,86.95652,94.56522
2021 to 22,East Midlands,AS level,Modern languages - other,Modern Greek,0.0,,,,,,
2021 to 22,East Midlands,AS level,Religious Studies,Total Religious Studies,34.0,0.0,17.64706,38.23529,76.47059,88.23529,91.17647
2021 to 22,East Midlands,AS level,Art & Design,History of Art,0.0,,,,,,
2021 to 22,East Midlands,AS level,Modern languages - other,Irish,0.0,,,,,,
2021 to 22,East Midlands,AS level,Business Studies,Total Business Studies,235.0,0.0,14.04255,39.14894,59.14894,80.85106,91.91489
2021 to 22,East Midlands,AS level,Anthropology,Total Anthropology,0.0,,,,,,
2021 to 22,East Midlands,AS level,Psychology,Total Psychology,375.0,0.0,18.66667,34.93333,54.66667,68.53333,81.06667
2021 to 22,East Midlands,AS level,Modern languages - other,Japanese,0.0,,,,,,
2021 to 22,East Midlands,AS level,Geography,Total Geography,96.0,0.0,22.91667,41.66667,62.5,79.16667,86.45833
2021 to 22,East Midlands,AS level,Classical studies,Latin,0.0,,,,,,
2021 to 22,East Midlands,AS level,Classical studies,Classical Greek,0.0,,,,,,
2021 to 22,East Midlands,AS level,Science - other,Electronics,0.0,,,,,,
2021 to 22,East Midlands,AS level,Maths,Maths,438.0,0.0,22.37443,33.56164,48.17352,61.87215,74.88584
2021 to 22,East Midlands,AS level,Maths,Additional Mathematics,0.0,,,,,,
2021 to 22,East Midlands,AS level,Classical studies,Classical Civilisation,5.0,0.0,0.0,0.0,40.0,80.0,100.0
2021 to 22,East Midlands,AS level,Music,Music Technology,0.0,,,,,,
2021 to 22,East Midlands,AS level,Arts,Film Studies,9.0,0.0,11.11111,55.55556,66.66667,77.77778,77.77778
2021 to 22,East Midlands,AS level,Modern languages - other,Chinese,0.0,,,,,,
2021 to 22,East Midlands,AS level,Government and politics,Total Government and Politics,68.0,0.0,25.0,44.11765,70.58824,83.82353,94.11765
2021 to 22,East Midlands,AS level,General studies,Critical Thinking,0.0,,,,,,
2021 to 22,East Midlands,AS level,English,English language & literature,0.0,,,,,,
2021 to 22,East Midlands,AS level,Modern languages - other,Russian,0.0,,,,,,
2021 to 22,East Midlands,AS level,Art & Design,3d Studies,4.0,0.0,0.0,0.0,0.0,50.0,75.0
2021 to 22,East Midlands,AS level,Arts,Communication Studies,0.0,,,,,,
2021 to 22,East Midlands,AS level,Modern languages - other,Punjabi,0.0,,,,,,
2021 to 22,East Midlands,AS level,Modern languages - other,Persian,0.0,,,,,,
2021 to 22,East Midlands,AS level,Modern languages - other,Italian,0.0,,,,,,
2021 to 22,East Midlands,AS level,Classical studies,Ancient History,0.0,,,,,,
2021 to 22,East Midlands,AS level,English,English literature,70.0,0.0,8.57143,25.71429,48.57143,78.57143,95.71429
2021 to 22,East Midlands,AS level,Economics,Total Economics,20.0,0.0,0.0,10.0,25.0,55.0,80.0
2021 to 22,East Midlands,AS level,Science - Physics,Total Physics,183.0,0.0,18.57923,30.60109,46.44809,65.02732,83.06011
2021 to 22,East Midlands,AS level,Art & Design,Fine Art,11.0,0.0,9.09091,45.45455,63.63636,81.81818,90.90909
2021 to 22,East Midlands,AS level,Computer Science,Total Computer Science,59.0,0.0,25.42373,45.76271,69.49153,77.9661,88.13559
2021 to 22,East Midlands,AS level,Maths,Statistics,0.0,,,,,,
2021 to 22,East Midlands,AS level,Maths - Further,Total Further Mathematics,307.0,0.0,53.74593,74.59283,85.66775,93.48534,96.74267
2021 to 22,East Midlands,AS level,General studies,Total General studies,0.0,,,,,,
2021 to 22,East Midlands,AS level,Modern languages - other,Turkish,0.0,,,,,,
2021 to 22,East Midlands,AS level,Science - other,Geology,1.0,0.0,0.0,100.0,100.0,100.0,100.0
2021 to 22,East Midlands,AS level,Classical studies,Other Classical Languages,0.0,,,,,,
2021 to 22,East Midlands,AS level,Modern languages - other,Polish,0.0,,,,,,
2021 to 22,East Midlands,AS level,Modern languages - other,Gujarati,0.0,,,,,,
2021 to 22,East Midlands,AS level,Design and technology,D&T Systems & Control,0.0,,,,,,
2021 to 22,East Midlands,AS level,Classical studies,Classics (General),0.0,,,,,,
2021 to 22,East Midlands,AS level,Archaeology,Total Archaeology,0.0,,,,,,
2021 to 22,East Midlands,AS level,Music,Total Music,4.0,0.0,0.0,25.0,25.0,75.0,100.0
2021 to 22,East Midlands,AS level,Modern languages - other,Urdu,0.0,,,,,,
2021 to 22,East Midlands,AS level,Music,Music,4.0,0.0,0.0,25.0,25.0,75.0,100.0
2021 to 22,East Midlands,AS level,Citizenship studies,Total Citizenship studies,0.0,,,,,,
2021 to 22,East Midlands,AS level,Physical Education,Dance,0.0,,,,,,
2021 to 22,East Midlands,AS level,Art & Design,Photography,11.0,0.0,27.27273,54.54545,72.72727,90.90909,90.90909
2021 to 22,East Midlands,AS level,History,Total History,118.0,0.0,6.77966,35.59322,67.79661,86.44068,98.30508
2021 to 22,East Midlands,AS level,Logic/Philosophy,Total Logic/ Philosophy,0.0,,,,,,
2021 to 22,East Midlands,AS level,Art & Design,Art and design,1.0,0.0,0.0,0.0,0.0,100.0,100.0
2021 to 22,East Midlands,AS level,Design and technology,D&T Food Technology,0.0,,,,,,
2021 to 22,East Midlands,AS level,Sociology,Total Sociology,333.0,0.0,15.61562,32.73273,55.25526,72.67267,86.48649
2021 to 22,East Midlands,AS level,Geography,Geography (World Development),0.0,,,,,,
2021 to 22,East Midlands,AS level,Law,Total Law,18.0,0.0,5.55556,22.22222,33.33333,61.11111,94.44444
2021 to 22,East Midlands,AS level,Accounting and Finance,Total Accounting and finance,0.0,,,,,,
2021 to 22,East Midlands,AS level,Modern languages - other,Bengali,0.0,,,,,,
2021 to 22,East Midlands,AS level,Home Economics,Home Economics (Food),0.0,,,,,,
2021 to 22,East Midlands,AS level,Science - other,Environmental Science,0.0,,,,,,
2021 to 22,East Midlands,AS level,All facilitating subjects,Total facilitating subjects,1816.0,0.0,26.21145,42.29075,59.36123,73.73348,85.95815
2021 to 22,East Midlands,AS level,Modern languages - other,Portuguese,0.0,,,,,,
2021 to 22,East Midlands,AS level,ICT,Total ICT,0.0,,,,,,
2021 to 22,East Midlands,AS level,Arts,Drama & Theatre Studies,17.0,0.0,29.41176,58.82353,76.47059,88.23529,100.0
2021 to 22,East Midlands,AS level,Design and technology,D&T Textiles Technology,0.0,,,,,,
2021 to 22,East Midlands,AS level,Science - Biology,Total Biology,329.0,0.0,21.8845,36.77812,56.53495,70.21277,86.93009
2021 to 22,East Midlands,AS level,Art & Design,Total Art & Design,31.0,0.0,12.90323,48.3871,61.29032,83.87097,90.32258
2021 to 22,East Midlands,AS level,Classical studies,Total Classical studies,5.0,0.0,0.0,0.0,40.0,80.0,100.0
2021 to 22,East Midlands,AS level,Design and technology,Total D&T,1.0,0.0,0.0,0.0,100.0,100.0,100.0
2021 to 22,East Midlands,AS level,All subjects,Total subjects,3209.0,0.0,22.00062,39.82549,59.20848,74.665,86.81832
2021 to 22,East Midlands,AS level,Home Economics,Total Home Economics,0.0,,,,,,
2021 to 22,East Midlands,AS level,Modern languages,Total Modern languages including Other,26.0,0.0,30.76923,50.0,69.23077,73.07692,92.30769
2021 to 22,East Midlands,AS level,Arts,Total Arts,60.0,0.0,21.66667,53.33333,73.33333,83.33333,93.33333
2021 to 22,East Midlands,AS level,All STEM subjects,Total STEM subjects,1565.0,0.0,28.5623,43.57827,59.23323,72.39617,84.53674
2021 to 22,East Midlands,AS level,General studies,General Studies,0.0,,,,,,
2021 to 22,East Midlands,AS level,Maths,Total Maths,438.0,0.0,22.37443,33.56164,48.17352,61.87215,74.88584
2021 to 22,East Midlands,AS level,Art & Design,Critical Studies,0.0,,,,,,
2021 to 22,East Midlands,AS level,Humanities,Total Humanities,0.0,,,,,,
2021 to 22,East Midlands,AS level,English,Total English,162.0,0.0,9.87654,29.62963,60.49383,83.33333,95.06173
2021 to 22,East Midlands,AS level,Physical Education,Total Physical Education,57.0,0.0,15.78947,40.35088,63.15789,84.21053,96.49123
2021 to 22,East Midlands,AS level,Science - other,Total Other Sciences,1.0,0.0,0.0,100.0,100.0,100.0,100.0
2021 to 22,East Midlands,AS level,Arts,Creative Writing,0.0,,,,,,
2021 to 22,East Midlands,AS level,Geography,Geography,96.0,0.0,22.91667,41.66667,62.5,79.16667,86.45833
2021 to 22,East Midlands,AS level,Design and technology,D&T Product Design,0.0,,,,,,
2021 to 22,East Midlands,AS level,Modern languages - other,Arabic,0.0,,,,,,
2021 to 22,East Midlands,AS level,Modern languages - other,Total Other Modern Languages,0.0,,,,,,
2021 to 22,East Midlands,AS level,Modern languages,Spanish,3.0,0.0,33.33333,33.33333,33.33333,66.66667,66.66667
2021 to 22,East Midlands,AS level,Modern languages,French,22.0,0.0,31.81818,54.54545,72.72727,72.72727,95.45455
2021 to 22,East Midlands,AS level,Maths,Mathematics (Statistics),0.0,,,,,,
2021 to 22,East Midlands,AS level,Arts,Media/Film/Tv Studies,34.0,0.0,20.58824,50.0,73.52941,82.35294,94.11765
2021 to 22,East Midlands,AS level,Maths,Mathematics (Pure),0.0,,,,,,
2021 to 22,East Midlands,AS level,Maths,Use of mathematics,0.0,,,,,,
2021 to 22,East Midlands,AS level,Art & Design,Graphics,1.0,0.0,0.0,100.0,100.0,100.0,100.0
2021 to 22,East Midlands,AS level,Modern languages - other,Dutch,0.0,,,,,,
2021 to 22,South West,AS level,Modern languages,German,9.0,0.0,44.44444,77.77778,88.88889,88.88889,100.0
2021 to 22,South West,AS level,Modern languages - other,Modern Hebrew,0.0,,,,,,
2021 to 22,South West,AS level,Science - Chemistry,Total Chemistry,358.0,0.0,12.84916,29.32961,47.2067,69.27374,84.9162
2021 to 22,South West,AS level,Design and technology,Design & Technology,0.0,,,,,,
2021 to 22,South West,AS level,Physical Education,Physical Education/Sports Studies,4.0,0.0,0.0,0.0,0.0,0.0,50.0
2021 to 22,South West,AS level,Design and technology,D&T Engineering,0.0,,,,,,
2021 to 22,South West,AS level,Art & Design,Textiles,5.0,0.0,20.0,80.0,100.0,100.0,100.0
2021 to 22,South West,AS level,English,English language,248.0,0.0,17.74194,45.96774,74.19355,89.91935,95.56452
2021 to 22,South West,AS level,Modern languages - other,Modern Greek,0.0,,,,,,
2021 to 22,South West,AS level,Religious Studies,Total Religious Studies,101.0,0.0,9.90099,27.72277,55.44554,71.28713,85.14851
2021 to 22,South West,AS level,Art & Design,History of Art,0.0,,,,,,
2021 to 22,South West,AS level,Modern languages - other,Irish,0.0,,,,,,
2021 to 22,South West,AS level,Business Studies,Total Business Studies,350.0,0.0,14.85714,38.85714,63.71429,81.14286,89.14286
2021 to 22,South West,AS level,Anthropology,Total Anthropology,0.0,,,,,,
2021 to 22,South West,AS level,Psychology,Total Psychology,678.0,0.0,11.79941,29.941,52.94985,70.059,84.0708
2021 to 22,South West,AS level,Modern languages - other,Japanese,0.0,,,,,,
2021 to 22,South West,AS level,Geography,Total Geography,175.0,0.0,14.85714,30.85714,56.0,81.71429,92.57143
2021 to 22,South West,AS level,Classical studies,Latin,0.0,,,,,,
2021 to 22,South West,AS level,Classical studies,Classical Greek,0.0,,,,,,
2021 to 22,South West,AS level,Science - other,Electronics,0.0,,,,,,
2021 to 22,South West,AS level,Maths,Maths,715.0,0.0,24.1958,41.11888,57.48252,73.14685,83.4965
2021 to 22,South West,AS level,Maths,Additional Mathematics,0.0,,,,,,
2021 to 22,South West,AS level,Classical studies,Classical Civilisation,120.0,0.0,28.33333,58.33333,77.5,87.5,91.66667
2021 to 22,South West,AS level,Music,Music Technology,1.0,0.0,0.0,100.0,100.0,100.0,100.0
2021 to 22,South West,AS level,Arts,Film Studies,107.0,0.0,25.23364,70.09346,91.58879,94.39252,95.3271
2021 to 22,South West,AS level,Modern languages - other,Chinese,0.0,,,,,,
2021 to 22,South West,AS level,Government and politics,Total Government and Politics,161.0,0.0,17.3913,31.67702,54.03727,78.26087,88.19876
2021 to 22,South West,AS level,General studies,Critical Thinking,0.0,,,,,,
2021 to 22,South West,AS level,English,English language & literature,6.0,0.0,0.0,16.66667,50.0,83.33333,100.0
2021 to 22,South West,AS level,Modern languages - other,Russian,0.0,,,,,,
2021 to 22,South West,AS level,Art & Design,3d Studies,65.0,0.0,32.30769,58.46154,83.07692,87.69231,92.30769
2021 to 22,South West,AS level,Arts,Communication Studies,0.0,,,,,,
2021 to 22,South West,AS level,Modern languages - other,Punjabi,0.0,,,,,,
2021 to 22,South West,AS level,Modern languages - other,Persian,0.0,,,,,,
2021 to 22,South West,AS level,Modern languages - other,Italian,0.0,,,,,,
2021 to 22,South West,AS level,Classical studies,Ancient History,10.0,0.0,40.0,60.0,70.0,90.0,90.0
2021 to 22,South West,AS level,English,English literature,251.0,0.0,20.71713,37.84861,72.11155,89.64143,96.41434
2021 to 22,South West,AS level,Economics,Total Economics,259.0,0.0,16.60232,35.52124,57.14286,72.97297,86.10039
2021 to 22,South West,AS level,Science - Physics,Total Physics,268.0,0.0,22.76119,37.68657,54.85075,70.89552,86.9403
2021 to 22,South West,AS level,Art & Design,Fine Art,71.0,0.0,4.22535,19.71831,67.60563,91.5493,97.1831
2021 to 22,South West,AS level,Computer Science,Total Computer Science,49.0,0.0,16.32653,40.81633,55.10204,61.22449,83.67347
2021 to 22,South West,AS level,Maths,Statistics,0.0,,,,,,
2021 to 22,South West,AS level,Maths - Further,Total Further Mathematics,276.0,0.0,52.17391,73.18841,84.78261,92.3913,96.01449
2021 to 22,South West,AS level,General studies,Total General studies,0.0,,,,,,
2021 to 22,South West,AS level,Modern languages - other,Turkish,0.0,,,,,,
2021 to 22,South West,AS level,Science - other,Geology,66.0,0.0,39.39394,53.0303,75.75758,90.90909,92.42424
2021 to 22,South West,AS level,Classical studies,Other Classical Languages,0.0,,,,,,
2021 to 22,South West,AS level,Modern languages - other,Polish,0.0,,,,,,
2021 to 22,South West,AS level,Modern languages - other,Gujarati,0.0,,,,,,
2021 to 22,South West,AS level,Design and technology,D&T Systems & Control,0.0,,,,,,
2021 to 22,South West,AS level,Classical studies,Classics (General),0.0,,,,,,
2021 to 22,South West,AS level,Archaeology,Total Archaeology,0.0,,,,,,
2021 to 22,South West,AS level,Music,Total Music,30.0,0.0,20.0,66.66667,83.33333,93.33333,100.0
2021 to 22,South West,AS level,Modern languages - other,Urdu,0.0,,,,,,
2021 to 22,South West,AS level,Music,Music,29.0,0.0,20.68966,65.51724,82.75862,93.10345,100.0
2021 to 22,South West,AS level,Citizenship studies,Total Citizenship studies,0.0,,,,,,
2021 to 22,South West,AS level,Physical Education,Dance,0.0,,,,,,
2021 to 22,South West,AS level,Art & Design,Photography,111.0,0.0,21.62162,54.95495,81.08108,92.79279,97.2973
2021 to 22,South West,AS level,History,Total History,317.0,0.0,26.49842,55.83596,78.86435,90.53628,95.89905
2021 to 22,South West,AS level,Logic/Philosophy,Total Logic/ Philosophy,0.0,,,,,,
2021 to 22,South West,AS level,Art & Design,Art and design,17.0,0.0,17.64706,47.05882,76.47059,88.23529,94.11765
2021 to 22,South West,AS level,Design and technology,D&T Food Technology,0.0,,,,,,
2021 to 22,South West,AS level,Sociology,Total Sociology,570.0,0.0,17.7193,38.77193,60.87719,76.84211,89.12281
2021 to 22,South West,AS level,Geography,Geography (World Development),0.0,,,,,,
2021 to 22,South West,AS level,Law,Total Law,262.0,0.0,17.55725,41.60305,59.54198,72.1374,82.82443
2021 to 22,South West,AS level,Accounting and Finance,Total Accounting and finance,0.0,,,,,,
2021 to 22,South West,AS level,Modern languages - other,Bengali,0.0,,,,,,
2021 to 22,South West,AS level,Home Economics,Home Economics (Food),0.0,,,,,,
2021 to 22,South West,AS level,Science - other,Environmental Science,0.0,,,,,,
2021 to 22,South West,AS level,All facilitating subjects,Total facilitating subjects,2972.0,0.0,22.98116,41.25168,60.2961,77.05249,88.4253
2021 to 22,South West,AS level,Modern languages - other,Portuguese,0.0,,,,,,
2021 to 22,South West,AS level,ICT,Total ICT,0.0,,,,,,
2021 to 22,South West,AS level,Arts,Drama & Theatre Studies,66.0,0.0,27.27273,51.51515,83.33333,92.42424,93.93939
2021 to 22,South West,AS level,Design and technology,D&T Textiles Technology,0.0,,,,,,
2021 to 22,South West,AS level,Science - Biology,Total Biology,569.0,0.0,15.11424,30.75571,47.97891,68.01406,84.35852
2021 to 22,South West,AS level,Art & Design,Total Art & Design,359.0,0.0,21.72702,51.81058,79.10864,92.20056,96.10028
2021 to 22,South West,AS level,Classical studies,Total Classical studies,130.0,0.0,29.23077,58.46154,76.92308,87.69231,91.53846
2021 to 22,South West,AS level,Design and technology,Total D&T,0.0,,,,,,
2021 to 22,South West,AS level,All subjects,Total subjects,6556.0,0.0,19.93594,40.90909,62.40085,78.30995,88.74314
2021 to 22,South West,AS level,Home Economics,Total Home Economics,0.0,,,,,,
2021 to 22,South West,AS level,Modern languages,Total Modern languages including Other,43.0,0.0,25.5814,53.48837,67.44186,74.4186,95.34884
2021 to 22,South West,AS level,Arts,Total Arts,311.0,0.0,20.57878,52.73312,80.38585,90.03215,93.56913
2021 to 22,South West,AS level,All STEM subjects,Total STEM subjects,2235.0,0.0,23.17673,40.13423,56.42058,73.06488,85.90604
2021 to 22,South West,AS level,General studies,General Studies,0.0,,,,,,
2021 to 22,South West,AS level,Maths,Total Maths,715.0,0.0,24.1958,41.11888,57.48252,73.14685,83.4965
2021 to 22,South West,AS level,Art & Design,Critical Studies,0.0,,,,,,
2021 to 22,South West,AS level,Humanities,Total Humanities,0.0,,,,,,
2021 to 22,South West,AS level,English,Total English,505.0,0.0,19.0099,41.58416,72.87129,89.70297,96.0396
2021 to 22,South West,AS level,Physical Education,Total Physical Education,4.0,0.0,0.0,0.0,0.0,0.0,50.0
2021 to 22,South West,AS level,Science - other,Total Other Sciences,66.0,0.0,39.39394,53.0303,75.75758,90.90909,92.42424
2021 to 22,South West,AS level,Arts,Creative Writing,0.0,,,,,,
2021 to 22,South West,AS level,Geography,Geography,175.0,0.0,14.85714,30.85714,56.0,81.71429,92.57143
2021 to 22,South West,AS level,Design and technology,D&T Product Design,0.0,,,,,,
2021 to 22,South West,AS level,Modern languages - other,Arabic,0.0,,,,,,
2021 to 22,South West,AS level,Modern languages - other,Total Other Modern Languages,0.0,,,,,,
2021 to 22,South West,AS level,Modern languages,Spanish,20.0,0.0,30.0,50.0,60.0,70.0,95.0
2021 to 22,South West,AS level,Modern languages,French,14.0,0.0,7.14286,42.85714,64.28571,71.42857,92.85714
2021 to 22,South West,AS level,Maths,Mathematics (Statistics),0.0,,,,,,
2021 to 22,South West,AS level,Arts,Media/Film/Tv Studies,138.0,0.0,13.76812,39.85507,70.28986,85.50725,92.02899
2021 to 22,South West,AS level,Maths,Mathematics (Pure),0.0,,,,,,
2021 to 22,South West,AS level,Maths,Use of mathematics,0.0,,,,,,
2021 to 22,South West,AS level,Art & Design,Graphics,90.0,0.0,28.88889,67.77778,82.22222,95.55556,96.66667
2021 to 22,South West,AS level,Modern languages - other,Dutch,0.0,,,,,,
2022 to 23,East Midlands,A level,General studies,General Studies,0.0,,,,,,
2022 to 23,East Midlands,A level,Maths,Use of mathematics,0.0,,,,,,
2022 to 23,East Midlands,A level,Modern languages - other,Irish,0.0,,,,,,
2022 to 23,East Midlands,A level,Government and politics,Total Government and Politics,977.0,5.62948,19.03787,45.44524,72.26203,89.86694,97.33879
2022 to 23,East Midlands,A level,Citizenship studies,Total Citizenship studies,0.0,,,,,,
2022 to 23,East Midlands,A level,Science - Chemistry,Total Chemistry,3533.0,6.00057,25.21936,46.44778,65.35522,83.01727,94.84857
2022 to 23,East Midlands,A level,Art & Design,Textiles,150.0,18.66667,36.0,64.0,86.0,96.66667,99.33333
2022 to 23,East Midlands,A level,Modern languages - other,Italian,53.0,26.41509,47.16981,75.4717,86.79245,96.22642,100.0
2022 to 23,East Midlands,A level,Modern languages - other,Modern Greek,8.0,12.5,37.5,37.5,100.0,100.0,100.0
2022 to 23,East Midlands,A level,Design and technology,D&T Product Design,654.0,3.97554,12.99694,38.2263,62.07951,85.01529,96.63609
2022 to 23,East Midlands,A level,Classical studies,Latin,2.0,0.0,0.0,0.0,50.0,50.0,100.0
2022 to 23,East Midlands,A level,Modern languages - other,Bengali,0.0,,,,,,
2022 to 23,East Midlands,A level,Geography,Total Geography,2646.0,3.7415,17.42252,46.93878,74.37642,90.28723,97.61905
2022 to 23,East Midlands,A level,History,Total History,3047.0,3.2491,18.28028,49.55694,78.50345,93.14079,98.35904
2022 to 23,East Midlands,A level,Accounting and Finance,Total Accounting and finance,245.0,2.44898,11.02041,28.16327,47.34694,71.83673,89.38776
2022 to 23,East Midlands,A level,Business Studies,Total Business Studies,3343.0,3.79898,13.87975,43.94257,74.84296,91.53455,97.9659
2022 to 23,East Midlands,A level,Modern languages,Spanish,375.0,8.26667,30.13333,59.73333,79.46667,92.8,98.93333
2022 to 23,East Midlands,A level,Economics,Total Economics,1674.0,4.06213,19.59379,48.98447,74.25329,90.62127,97.4313
2022 to 23,East Midlands,A level,Music,Music Technology,48.0,4.16667,14.58333,37.5,64.58333,85.41667,93.75
2022 to 23,East Midlands,A level,Modern languages - other,Chinese,9.0,11.11111,44.44444,88.88889,88.88889,88.88889,100.0
2022 to 23,East Midlands,A level,Classical studies,Ancient History,32.0,3.125,21.875,56.25,75.0,90.625,100.0
2022 to 23,East Midlands,A level,Modern languages - other,Persian,2.0,50.0,100.0,100.0,100.0,100.0,100.0
2022 to 23,East Midlands,A level,Art & Design,Photography,615.0,7.47967,16.91057,51.05691,80.3252,95.12195,98.53659
2022 to 23,East Midlands,A level,Home Economics,Home Economics (Food),0.0,,,,,,
2022 to 23,East Midlands,A level,Modern languages - other,Portuguese,8.0,0.0,25.0,50.0,62.5,87.5,87.5
2022 to 23,East Midlands,A level,Modern languages - other,Modern Hebrew,0.0,,,,,,
2022 to 23,East Midlands,A level,Anthropology,Total Anthropology,0.0,,,,,,
2022 to 23,East Midlands,A level,Logic/Philosophy,Total Logic/ Philosophy,117.0,0.8547,11.96581,25.64103,49.57265,71.79487,87.17949
2022 to 23,East Midlands,A level,Science - other,Geology,83.0,4.81928,16.86747,43.37349,69.87952,87.95181,96.38554
2022 to 23,East Midlands,A level,Sociology,Total Sociology,3677.0,4.81371,16.56242,44.73756,73.37503,91.02529,97.52516
2022 to 23,East Midlands,A level,Law,Total Law,949.0,4.21496,14.85774,34.87882,58.16649,80.82192,95.25817
2022 to 23,East Midlands,A level,Psychology,Total Psychology,6193.0,4.1014,15.17843,39.46391,65.60633,85.45132,96.09236
2022 to 23,East Midlands,A level,Modern languages - other,Polish,82.0,4.87805,42.68293,68.29268,75.60976,84.14634,90.2439
2022 to 23,East Midlands,A level,Computer Science,Total Computer Science,1232.0,4.38312,17.61364,38.31169,60.22727,79.38312,93.50649
2022 to 23,East Midlands,A level,Modern languages,German,137.0,8.75912,35.0365,65.69343,84.67153,93.43066,100.0
2022 to 23,East Midlands,A level,ICT,Total ICT,0.0,,,,,,
2022 to 23,East Midlands,A level,Classical studies,Total Classical studies,52.0,1.92308,21.15385,53.84615,78.84615,92.30769,100.0
2022 to 23,East Midlands,A level,Design and technology,D&T Food Technology,0.0,,,,,,
2022 to 23,East Midlands,A level,Maths,Maths,5078.0,12.34738,36.11658,55.71091,72.54825,86.3332,95.6282
2022 to 23,East Midlands,A level,Maths,Total Maths,5085.0,12.33038,36.06686,55.71288,72.56637,86.33235,95.61455
2022 to 23,East Midlands,A level,Classical studies,Other Classical Languages,0.0,,,,,,
2022 to 23,East Midlands,A level,Art & Design,Art and design,294.0,14.96599,27.89116,57.14286,80.95238,93.53741,98.97959
2022 to 23,East Midlands,A level,Science - other,Electronics,70.0,11.42857,32.85714,47.14286,71.42857,85.71429,97.14286
2022 to 23,East Midlands,A level,Geography,Geography,2646.0,3.7415,17.42252,46.93878,74.37642,90.28723,97.61905
2022 to 23,East Midlands,A level,Design and technology,D&T Engineering,126.0,0.79365,11.90476,34.12698,69.04762,89.68254,96.8254
2022 to 23,East Midlands,A level,English,English literature,2165.0,6.69746,20.46189,48.72979,77.55196,93.67206,98.7067
2022 to 23,East Midlands,A level,Music,Total Music,257.0,1.94553,13.61868,37.35409,69.2607,89.49416,95.71984
2022 to 23,East Midlands,A level,Modern languages,Total Modern languages including Other,1108.0,9.9278,35.01805,64.98195,81.58845,92.50903,97.74368
2022 to 23,East Midlands,A level,Music,Music,209.0,1.43541,13.39713,37.32057,70.33493,90.43062,96.17225
2022 to 23,East Midlands,A level,English,English language & literature,497.0,3.01811,15.89537,41.85111,71.62978,91.7505,98.79276
2022 to 23,East Midlands,A level,Modern languages - other,Japanese,0.0,,,,,,
2022 to 23,East Midlands,A level,Science - Biology,Total Biology,4833.0,5.75212,20.29795,40.88558,61.55597,80.48831,94.33064
2022 to 23,East Midlands,A level,Classical studies,Classical Civilisation,18.0,0.0,22.22222,55.55556,88.88889,100.0,100.0
2022 to 23,East Midlands,A level,Design and technology,D&T Textiles Technology,59.0,3.38983,6.77966,35.59322,66.10169,83.05085,94.91525
2022 to 23,East Midlands,A level,English,Total English,3923.0,4.76676,17.12975,45.65384,75.63089,93.49987,98.67448
2022 to 23,East Midlands,A level,Arts,Drama & Theatre Studies,556.0,3.05755,16.36691,47.30216,78.59712,95.32374,99.28058
2022 to 23,East Midlands,A level,Design and technology,D&T Systems & Control,0.0,,,,,,
2022 to 23,East Midlands,A level,Art & Design,Fine Art,927.0,9.60086,28.58684,57.17368,81.33765,93.41963,99.02913
2022 to 23,East Midlands,A level,Science - Physics,Total Physics,2313.0,7.13359,24.38392,43.79594,63.12149,81.71206,94.37959
2022 to 23,East Midlands,A level,Design and technology,Design & Technology,0.0,,,,,,
2022 to 23,East Midlands,A level,Modern languages - other,Russian,22.0,13.63636,90.90909,100.0,100.0,100.0,100.0
2022 to 23,East Midlands,A level,Maths - Further,Total Further Mathematics,695.0,24.46043,52.66187,72.51799,85.32374,93.38129,97.98561
2022 to 23,East Midlands,A level,General studies,Total General studies,0.0,,,,,,
2022 to 23,East Midlands,A level,Modern languages - other,Turkish,12.0,25.0,50.0,83.33333,91.66667,91.66667,100.0
2022 to 23,East Midlands,A level,Art & Design,3d Studies,92.0,3.26087,16.30435,44.56522,68.47826,84.78261,94.56522
2022 to 23,East Midlands,A level,Modern languages - other,Punjabi,6.0,66.66667,66.66667,100.0,100.0,100.0,100.0
2022 to 23,East Midlands,A level,Science - other,Total Other Sciences,190.0,6.31579,21.05263,42.10526,66.84211,84.73684,96.31579
2022 to 23,East Midlands,A level,All subjects,Total subjects,53059.0,5.89155,20.69018,46.11282,70.74389,87.77587,96.56986
2022 to 23,East Midlands,A level,Art & Design,Total Art & Design,2283.0,10.42488,25.36137,55.80377,81.07753,93.91152,98.55453
2022 to 23,East Midlands,A level,Home Economics,Total Home Economics,0.0,,,,,,
2022 to 23,East Midlands,A level,Modern languages - other,Gujarati,2.0,100.0,100.0,100.0,100.0,100.0,100.0
2022 to 23,East Midlands,A level,Classical studies,Classical Greek,0.0,,,,,,
2022 to 23,East Midlands,A level,Design and technology,Total D&T,839.0,3.4565,12.39571,37.42551,63.40882,85.57807,96.5435
2022 to 23,East Midlands,A level,Physical Education,Physical Education/Sports Studies,954.0,4.40252,16.03774,40.8805,65.51363,83.96226,94.86373
2022 to 23,East Midlands,A level,Art & Design,History of Art,9.0,22.22222,22.22222,33.33333,44.44444,66.66667,100.0
2022 to 23,East Midlands,A level,English,English language,1261.0,2.14116,11.89532,41.87153,73.9096,93.89374,98.57256
2022 to 23,East Midlands,A level,Modern languages - other,Total Other Modern Languages,225.0,17.33333,51.11111,76.0,84.88889,91.11111,95.11111
2022 to 23,East Midlands,A level,Arts,Communication Studies,0.0,,,,,,
2022 to 23,East Midlands,A level,All facilitating subjects,Total facilitating subjects,25420.0,7.4941,25.51141,49.13454,70.6727,86.65224,96.1133
2022 to 23,East Midlands,A level,Arts,Film Studies,359.0,2.22841,13.92758,58.49582,89.41504,97.21448,99.4429
2022 to 23,East Midlands,A level,Maths,Mathematics (Pure),0.0,,,,,,
2022 to 23,East Midlands,A level,Art & Design,Graphics,196.0,13.26531,29.08163,62.2449,86.22449,96.42857,96.93878
2022 to 23,East Midlands,A level,Science - other,Environmental Science,37.0,0.0,8.10811,29.72973,51.35135,75.67568,94.59459
2022 to 23,East Midlands,A level,Art & Design,Critical Studies,0.0,,,,,,
2022 to 23,East Midlands,A level,Modern languages - other,Urdu,6.0,0.0,50.0,66.66667,66.66667,66.66667,66.66667
2022 to 23,East Midlands,A level,Modern languages - other,Arabic,15.0,40.0,60.0,93.33333,100.0,100.0,100.0
2022 to 23,East Midlands,A level,Archaeology,Total Archaeology,0.0,,,,,,
2022 to 23,East Midlands,A level,Maths,Mathematics (Statistics),7.0,0.0,0.0,57.14286,85.71429,85.71429,85.71429
2022 to 23,East Midlands,A level,Modern languages,French,371.0,7.54717,30.18868,63.34232,80.59299,92.72237,97.30458
2022 to 23,East Midlands,A level,Arts,Media/Film/Tv Studies,1007.0,1.58888,9.33466,39.82125,76.56405,94.53823,99.10626
2022 to 23,East Midlands,A level,Arts,Total Arts,1922.0,2.13319,12.22685,45.47347,79.55255,95.26535,99.21956
2022 to 23,East Midlands,A level,Arts,Creative Writing,0.0,,,,,,
2022 to 23,East Midlands,A level,Physical Education,Total Physical Education,1027.0,4.28432,15.96884,41.09056,65.92016,84.42064,95.22882
2022 to 23,East Midlands,A level,Religious Studies,Total Religious Studies,899.0,3.00334,18.9099,47.27475,73.74861,89.32147,96.99666
2022 to 23,East Midlands,A level,All STEM subjects,Total STEM subjects,17691.0,8.5128,27.43203,47.70222,66.52535,83.26268,94.89571
2022 to 23,East Midlands,A level,Physical Education,Dance,73.0,2.73973,15.06849,43.83562,71.23288,90.41096,100.0
2022 to 23,South West,A level,General studies,General Studies,0.0,,,,,,
2022 to 23,South West,A level,Maths,Use of mathematics,0.0,,,,,,
2022 to 23,South West,A level,Modern languages - other,Irish,0.0,,,,,,
2022 to 23,South West,A level,Government and politics,Total Government and Politics,1313.0,6.09292,22.31531,50.7997,76.84692,91.31759,97.48667
2022 to 23,South West,A level,Citizenship studies,Total Citizenship studies,0.0,,,,,,
2022 to 23,South West,A level,Science - Chemistry,Total Chemistry,3660.0,8.00546,29.78142,51.72131,70.71038,85.38251,95.4918
2022 to 23,South West,A level,Art & Design,Textiles,322.0,11.49068,28.88199,60.55901,84.16149,95.96273,98.75776
2022 to 23,South West,A level,Modern languages - other,Italian,15.0,46.66667,73.33333,93.33333,100.0,100.0,100.0
2022 to 23,South West,A level,Modern languages - other,Modern Greek,4.0,25.0,25.0,75.0,100.0,100.0,100.0
2022 to 23,South West,A level,Design and technology,D&T Product Design,700.0,6.14286,17.57143,41.0,65.85714,86.85714,96.85714
2022 to 23,South West,A level,Classical studies,Latin,7.0,14.28571,42.85714,42.85714,57.14286,57.14286,71.42857
2022 to 23,South West,A level,Modern languages - other,Bengali,0.0,,,,,,
2022 to 23,South West,A level,Geography,Total Geography,3681.0,4.61831,20.5379,50.85575,77.53328,92.33904,98.07118
2022 to 23,South West,A level,History,Total History,3720.0,3.8172,20.08065,49.46237,75.02688,91.63978,98.01075
2022 to 23,South West,A level,Accounting and Finance,Total Accounting and finance,81.0,1.23457,19.75309,49.38272,72.83951,83.95062,95.06173
2022 to 23,South West,A level,Business Studies,Total Business Studies,3030.0,3.49835,15.0495,44.22442,72.40924,90.26403,96.76568
2022 to 23,South West,A level,Modern languages,Spanish,545.0,7.70642,29.90826,58.7156,83.11927,94.6789,98.7156
2022 to 23,South West,A level,Economics,Total Economics,1918.0,6.15224,25.65172,54.17101,77.94578,91.81439,97.28884
2022 to 23,South West,A level,Music,Music Technology,125.0,0.0,8.8,36.8,62.4,81.6,95.2
2022 to 23,South West,A level,Modern languages - other,Chinese,13.0,0.0,23.07692,84.61538,100.0,100.0,100.0
2022 to 23,South West,A level,Classical studies,Ancient History,75.0,0.0,12.0,53.33333,77.33333,88.0,98.66667
2022 to 23,South West,A level,Modern languages - other,Persian,3.0,33.33333,100.0,100.0,100.0,100.0,100.0
2022 to 23,South West,A level,Art & Design,Photography,1166.0,9.26244,21.61235,54.03087,79.24528,94.25386,98.97084
2022 to 23,South West,A level,Home Economics,Home Economics (Food),0.0,,,,,,
2022 to 23,South West,A level,Modern languages - other,Portuguese,4.0,25.0,50.0,75.0,100.0,100.0,100.0
2022 to 23,South West,A level,Modern languages - other,Modern Hebrew,0.0,,,,,,
2022 to 23,South West,A level,Anthropology,Total Anthropology,0.0,,,,,,
2022 to 23,South West,A level,Logic/Philosophy,Total Logic/ Philosophy,191.0,2.6178,15.70681,42.40838,72.77487,86.91099,95.81152
2022 to 23,South West,A level,Science - other,Geology,131.0,12.21374,25.9542,48.85496,72.51908,91.60305,96.94656
2022 to 23,South West,A level,Sociology,Total Sociology,3589.0,4.76456,17.74868,46.33603,74.33826,90.05294,96.68431
2022 to 23,South West,A level,Law,Total Law,1062.0,7.53296,20.99812,44.16196,65.91337,84.36911,94.91525
2022 to 23,South West,A level,Psychology,Total Psychology,6317.0,4.60662,17.3975,41.63369,66.9305,84.86623,95.8208
2022 to 23,South West,A level,Modern languages - other,Polish,19.0,5.26316,26.31579,68.42105,84.21053,84.21053,89.47368
2022 to 23,South West,A level,Computer Science,Total Computer Science,1307.0,3.36649,18.97475,41.3925,61.51492,79.342,92.65493
2022 to 23,South West,A level,Modern languages,German,145.0,9.65517,35.17241,60.68966,84.13793,92.41379,98.62069
2022 to 23,South West,A level,ICT,Total ICT,0.0,,,,,,
2022 to 23,South West,A level,Classical studies,Total Classical studies,411.0,1.21655,18.9781,52.55474,78.3455,92.21411,98.54015
2022 to 23,South West,A level,Design and technology,D&T Food Technology,0.0,,,,,,
2022 to 23,South West,A level,Maths,Maths,5733.0,15.21019,38.23478,57.75336,74.35897,87.37136,96.19745
2022 to 23,South West,A level,Maths,Total Maths,5733.0,15.21019,38.23478,57.75336,74.35897,87.37136,96.19745
2022 to 23,South West,A level,Classical studies,Other Classical Languages,0.0,,,,,,
2022 to 23,South West,A level,Art & Design,Art and design,372.0,13.17204,29.03226,57.7957,82.52688,94.35484,99.19355
2022 to 23,South West,A level,Science - other,Electronics,52.0,11.53846,32.69231,51.92308,67.30769,76.92308,88.46154
2022 to 23,South West,A level,Geography,Geography,3681.0,4.61831,20.5379,50.85575,77.53328,92.33904,98.07118
2022 to 23,South West,A level,Design and technology,D&T Engineering,33.0,9.09091,24.24242,33.33333,60.60606,90.90909,100.0
2022 to 23,South West,A level,English,English literature,2522.0,8.72324,24.62331,56.26487,83.3069,96.15385,99.24663
2022 to 23,South West,A level,Music,Total Music,412.0,2.91262,17.71845,43.93204,70.87379,87.86408,97.81553
2022 to 23,South West,A level,Modern languages,Total Modern languages including Other,1291.0,9.45004,32.45546,61.65763,83.50116,94.42293,98.29589
2022 to 23,South West,A level,Music,Music,287.0,4.18118,21.60279,47.03833,74.56446,90.59233,98.9547
2022 to 23,South West,A level,English,English language & literature,448.0,6.69643,17.1875,50.44643,82.8125,96.875,99.33036
2022 to 23,South West,A level,Modern languages - other,Japanese,10.0,20.0,50.0,60.0,80.0,90.0,100.0
2022 to 23,South West,A level,Science - Biology,Total Biology,5196.0,7.29407,24.05697,44.7652,64.81909,82.92918,95.07313
2022 to 23,South West,A level,Classical studies,Classical Civilisation,329.0,1.21581,20.06079,52.58359,79.02736,93.92097,99.08815
2022 to 23,South West,A level,Design and technology,D&T Textiles Technology,92.0,6.52174,25.0,52.17391,72.82609,88.04348,98.91304
2022 to 23,South West,A level,English,Total English,4168.0,6.5739,19.91363,52.11132,81.95777,95.92131,99.13628
2022 to 23,South West,A level,Arts,Drama & Theatre Studies,625.0,3.52,16.64,52.48,81.6,97.28,99.52
2022 to 23,South West,A level,Design and technology,D&T Systems & Control,0.0,,,,,,
2022 to 23,South West,A level,Art & Design,Fine Art,1378.0,12.33672,28.08418,59.21626,83.81713,94.77504,98.62119
2022 to 23,South West,A level,Science - Physics,Total Physics,2706.0,10.31042,29.97044,50.33259,68.55137,84.10939,95.75018
2022 to 23,South West,A level,Design and technology,Design & Technology,0.0,,,,,,
2022 to 23,South West,A level,Modern languages - other,Russian,23.0,30.43478,95.65217,100.0,100.0,100.0,100.0
2022 to 23,South West,A level,Maths - Further,Total Further Mathematics,962.0,24.53222,51.0395,72.24532,85.23909,93.76299,97.60915
2022 to 23,South West,A level,General studies,Total General studies,0.0,,,,,,
2022 to 23,South West,A level,Modern languages - other,Turkish,3.0,0.0,0.0,66.66667,100.0,100.0,100.0
2022 to 23,South West,A level,Art & Design,3d Studies,219.0,10.04566,20.09132,45.6621,71.6895,85.84475,94.97717
2022 to 23,South West,A level,Modern languages - other,Punjabi,0.0,,,,,,
2022 to 23,South West,A level,Science - other,Total Other Sciences,606.0,6.43564,18.81188,42.24422,65.18152,85.14851,94.22442
2022 to 23,South West,A level,All subjects,Total subjects,60950.0,7.1813,23.39295,49.58326,73.39951,88.93683,96.81378
2022 to 23,South West,A level,Art & Design,Total Art & Design,4033.0,11.23233,25.73766,56.31044,81.18026,93.75155,98.48748
2022 to 23,South West,A level,Home Economics,Total Home Economics,0.0,,,,,,
2022 to 23,South West,A level,Modern languages - other,Gujarati,0.0,,,,,,
2022 to 23,South West,A level,Classical studies,Classical Greek,0.0,,,,,,
2022 to 23,South West,A level,Design and technology,Total D&T,825.0,6.30303,18.66667,41.93939,66.42424,87.15152,97.21212
2022 to 23,South West,A level,Physical Education,Physical Education/Sports Studies,1091.0,3.94134,14.48213,37.21357,63.51971,85.51787,96.33364
2022 to 23,South West,A level,Art & Design,History of Art,10.0,10.0,40.0,70.0,80.0,90.0,100.0
2022 to 23,South West,A level,English,English language,1198.0,2.00334,11.01836,43.98998,78.798,95.07513,98.83139
2022 to 23,South West,A level,Modern languages - other,Total Other Modern Languages,106.0,22.64151,54.71698,81.13208,92.45283,95.28302,97.16981
2022 to 23,South West,A level,Arts,Communication Studies,0.0,,,,,,
2022 to 23,South West,A level,All facilitating subjects,Total facilitating subjects,29478.0,9.20687,28.42798,52.63926,73.68885,88.46258,96.72637
2022 to 23,South West,A level,Arts,Film Studies,637.0,2.66876,12.55887,54.16013,82.73155,94.34851,97.95918
2022 to 23,South West,A level,Maths,Mathematics (Pure),0.0,,,,,,
2022 to 23,South West,A level,Art & Design,Graphics,554.0,11.91336,27.07581,55.23466,80.1444,92.05776,97.83394
2022 to 23,South West,A level,Science - other,Environmental Science,423.0,4.01891,14.89362,39.00709,62.64775,84.16076,94.08983
2022 to 23,South West,A level,Art & Design,Critical Studies,12.0,0.0,0.0,16.66667,66.66667,75.0,100.0
2022 to 23,South West,A level,Modern languages - other,Urdu,3.0,0.0,0.0,33.33333,33.33333,100.0,100.0
2022 to 23,South West,A level,Modern languages - other,Arabic,9.0,44.44444,66.66667,77.77778,88.88889,88.88889,88.88889
2022 to 23,South West,A level,Archaeology,Total Archaeology,0.0,,,,,,
2022 to 23,South West,A level,Maths,Mathematics (Statistics),0.0,,,,,,
2022 to 23,South West,A level,Modern languages,French,495.0,8.48485,29.69697,61.0101,81.81818,94.54545,97.9798
2022 to 23,South West,A level,Arts,Media/Film/Tv Studies,1150.0,1.56522,12.0,44.6087,78.26087,93.82609,98.78261
2022 to 23,South West,A level,Arts,Total Arts,2412.0,2.36318,13.34992,49.17081,80.3068,94.85904,98.75622
2022 to 23,South West,A level,Arts,Creative Writing,0.0,,,,,,
2022 to 23,South West,A level,Physical Education,Total Physical Education,1156.0,4.15225,15.22491,39.01384,65.48443,86.33218,96.53979
2022 to 23,South West,A level,Religious Studies,Total Religious Studies,1170.0,4.10256,19.05983,49.31624,75.47009,90.8547,97.4359
2022 to 23,South West,A level,All STEM subjects,Total STEM subjects,19564.0,10.74934,31.08771,51.76855,70.01636,85.14619,95.53772
2022 to 23,South West,A level,Physical Education,Dance,65.0,7.69231,27.69231,69.23077,98.46154,100.0,100.0
2022 to 23,North West,A level,General studies,General Studies,0.0,,,,,,
2022 to 23,North West,A level,Maths,Use of mathematics,0.0,,,,,,
2022 to 23,North West,A level,Modern languages - other,Irish,0.0,,,,,,
2022 to 23,North West,A level,Government and politics,Total Government and Politics,1589.0,7.86658,27.62744,55.00315,78.72876,92.13342,97.86029
2022 to 23,North West,A level,Citizenship studies,Total Citizenship studies,0.0,,,,,,
2022 to 23,North West,A level,Science - Chemistry,Total Chemistry,6227.0,7.09812,28.08736,50.18468,69.63225,85.45046,96.41882
2022 to 23,North West,A level,Art & Design,Textiles,490.0,12.44898,37.7551,77.7551,93.26531,98.36735,100.0
2022 to 23,North West,A level,Modern languages - other,Italian,47.0,42.55319,72.34043,89.3617,93.61702,100.0,100.0
2022 to 23,North West,A level,Modern languages - other,Modern Greek,6.0,50.0,66.66667,83.33333,100.0,100.0,100.0
2022 to 23,North West,A level,Design and technology,D&T Product Design,601.0,4.15973,12.4792,32.27953,60.23295,81.198,94.00998
2022 to 23,North West,A level,Classical studies,Latin,12.0,25.0,58.33333,75.0,83.33333,100.0,100.0
2022 to 23,North West,A level,Modern languages - other,Bengali,0.0,,,,,,
2022 to 23,North West,A level,Geography,Total Geography,3318.0,4.18927,20.07233,50.3918,77.96866,93.21881,98.2821
2022 to 23,North West,A level,History,Total History,4507.0,3.94941,19.83581,49.90016,76.88041,93.05525,98.66874
2022 to 23,North West,A level,Accounting and Finance,Total Accounting and finance,529.0,1.70132,17.58034,42.72212,69.94329,88.65784,98.29868
2022 to 23,North West,A level,Business Studies,Total Business Studies,4763.0,4.13605,16.37623,46.98719,77.57716,92.86164,98.21541
2022 to 23,North West,A level,Modern languages,Spanish,725.0,7.58621,29.37931,56.96552,79.58621,91.31034,97.65517
2022 to 23,North West,A level,Economics,Total Economics,2767.0,4.33683,20.20239,47.99422,74.01518,90.49512,97.94001
2022 to 23,North West,A level,Music,Music Technology,85.0,3.52941,14.11765,32.94118,65.88235,84.70588,98.82353
2022 to 23,North West,A level,Modern languages - other,Chinese,23.0,4.34783,47.82609,86.95652,95.65217,100.0,100.0
2022 to 23,North West,A level,Classical studies,Ancient History,218.0,1.37615,16.97248,58.25688,83.02752,93.11927,96.78899
2022 to 23,North West,A level,Modern languages - other,Persian,4.0,50.0,50.0,50.0,50.0,75.0,100.0
2022 to 23,North West,A level,Art & Design,Photography,1073.0,12.67474,29.45014,64.30568,88.44362,97.1109,98.88164
2022 to 23,North West,A level,Home Economics,Home Economics (Food),0.0,,,,,,
2022 to 23,North West,A level,Modern languages - other,Portuguese,11.0,9.09091,54.54545,81.81818,90.90909,100.0,100.0
2022 to 23,North West,A level,Modern languages - other,Modern Hebrew,3.0,66.66667,100.0,100.0,100.0,100.0,100.0
2022 to 23,North West,A level,Anthropology,Total Anthropology,0.0,,,,,,
2022 to 23,North West,A level,Logic/Philosophy,Total Logic/ Philosophy,271.0,3.32103,14.02214,40.59041,65.31365,85.23985,96.30996
2022 to 23,North West,A level,Science - other,Geology,149.0,10.06711,31.54362,54.36242,71.81208,92.61745,98.65772
2022 to 23,North West,A level,Sociology,Total Sociology,5297.0,5.7391,19.67151,50.38701,78.08193,92.56183,97.67793
2022 to 23,North West,A level,Law,Total Law,2670.0,4.86891,17.75281,42.80899,67.82772,85.50562,96.06742
2022 to 23,North West,A level,Psychology,Total Psychology,9111.0,5.38909,18.51608,43.26638,69.83866,87.38887,96.72923
2022 to 23,North West,A level,Modern languages - other,Polish,23.0,8.69565,47.82609,73.91304,100.0,100.0,100.0
2022 to 23,North West,A level,Computer Science,Total Computer Science,2044.0,4.69667,20.84149,39.72603,61.1546,79.69667,92.85714
2022 to 23,North West,A level,Modern languages,German,179.0,11.17318,35.19553,66.48045,84.35754,95.53073,98.88268
2022 to 23,North West,A level,ICT,Total ICT,0.0,,,,,,
2022 to 23,North West,A level,Classical studies,Total Classical studies,526.0,3.42205,19.01141,52.28137,82.50951,95.43726,98.28897
2022 to 23,North West,A level,Design and technology,D&T Food Technology,0.0,,,,,,
2022 to 23,North West,A level,Maths,Maths,8041.0,12.9959,36.61236,56.28653,73.44858,87.45181,96.09501
2022 to 23,North West,A level,Maths,Total Maths,8376.0,12.52388,35.67335,55.51576,72.92264,87.2851,96.08405
2022 to 23,North West,A level,Classical studies,Other Classical Languages,1.0,100.0,100.0,100.0,100.0,100.0,100.0
2022 to 23,North West,A level,Art & Design,Art and design,831.0,13.71841,32.2503,61.85319,80.62575,92.77978,97.83394
2022 to 23,North West,A level,Science - other,Electronics,120.0,13.33333,35.83333,56.66667,80.0,95.0,99.16667
2022 to 23,North West,A level,Geography,Geography,3318.0,4.18927,20.07233,50.3918,77.96866,93.21881,98.2821
2022 to 23,North West,A level,Design and technology,D&T Engineering,112.0,0.89286,7.14286,25.0,52.67857,72.32143,92.85714
2022 to 23,North West,A level,English,English literature,2784.0,6.75287,20.79741,53.87931,81.03448,95.07902,98.99425
2022 to 23,North West,A level,Music,Total Music,399.0,6.01504,19.54887,46.36591,74.93734,91.22807,97.74436
2022 to 23,North West,A level,Modern languages,Total Modern languages including Other,1635.0,11.31498,34.49541,60.91743,81.46789,92.9052,97.98165
2022 to 23,North West,A level,Music,Music,314.0,6.6879,21.01911,50.0,77.38854,92.99363,97.45223
2022 to 23,North West,A level,English,English language & literature,881.0,4.08627,18.27469,49.94325,84.10897,97.16232,99.65948
2022 to 23,North West,A level,Modern languages - other,Japanese,5.0,0.0,60.0,100.0,100.0,100.0,100.0
2022 to 23,North West,A level,Science - Biology,Total Biology,7271.0,7.88062,25.08596,46.41727,67.5973,85.09146,96.21785
2022 to 23,North West,A level,Classical studies,Classical Civilisation,292.0,3.76712,17.80822,46.23288,81.84932,96.91781,99.31507
2022 to 23,North West,A level,Design and technology,D&T Textiles Technology,33.0,0.0,15.15152,54.54545,87.87879,100.0,100.0
2022 to 23,North West,A level,English,Total English,6048.0,5.05952,18.02249,50.38029,81.2996,95.71759,99.15675
2022 to 23,North West,A level,Arts,Drama & Theatre Studies,777.0,3.7323,17.37452,54.31145,82.49678,96.5251,99.4852
2022 to 23,North West,A level,Design and technology,D&T Systems & Control,0.0,,,,,,
2022 to 23,North West,A level,Art & Design,Fine Art,1239.0,13.31719,32.84907,66.10169,88.86199,97.09443,99.11219
2022 to 23,North West,A level,Science - Physics,Total Physics,3221.0,7.8547,25.11642,43.74418,63.58274,82.1484,94.59795
2022 to 23,North West,A level,Design and technology,Design & Technology,0.0,,,,,,
2022 to 23,North West,A level,Modern languages - other,Russian,10.0,30.0,100.0,100.0,100.0,100.0,100.0
2022 to 23,North West,A level,Maths - Further,Total Further Mathematics,971.0,23.89289,55.4068,75.69516,89.08342,96.08651,99.27909
2022 to 23,North West,A level,General studies,Total General studies,0.0,,,,,,
2022 to 23,North West,A level,Modern languages - other,Turkish,5.0,40.0,80.0,80.0,100.0,100.0,100.0
2022 to 23,North West,A level,Art & Design,3d Studies,384.0,11.45833,34.375,65.625,87.76042,94.53125,98.17708
2022 to 23,North West,A level,Modern languages - other,Punjabi,0.0,,,,,,
2022 to 23,North West,A level,Science - other,Total Other Sciences,410.0,7.80488,25.60976,45.60976,68.04878,88.78049,98.53659
2022 to 23,North West,A level,All subjects,Total subjects,83964.0,6.91963,23.43743,49.89996,74.33424,89.68606,97.23572
2022 to 23,North West,A level,Art & Design,Total Art & Design,4936.0,13.08752,32.98217,66.57212,87.90519,96.3128,98.92626
2022 to 23,North West,A level,Home Economics,Total Home Economics,0.0,,,,,,
2022 to 23,North West,A level,Modern languages - other,Gujarati,0.0,,,,,,
2022 to 23,North West,A level,Classical studies,Classical Greek,3.0,0.0,100.0,100.0,100.0,100.0,100.0
2022 to 23,North West,A level,Design and technology,Total D&T,746.0,3.48525,11.79625,32.17158,60.32172,80.69705,94.10188
2022 to 23,North West,A level,Physical Education,Physical Education/Sports Studies,1274.0,6.20094,17.97488,43.87755,69.93721,86.57771,97.25275
2022 to 23,North West,A level,Art & Design,History of Art,0.0,,,,,,
2022 to 23,North West,A level,English,English language,2383.0,3.44104,14.68737,46.45405,80.57071,95.9295,99.16072
2022 to 23,North West,A level,Modern languages - other,Total Other Modern Languages,233.0,29.61373,59.65665,78.11159,90.55794,95.70815,97.85408
2022 to 23,North West,A level,Arts,Communication Studies,0.0,,,,,,
2022 to 23,North West,A level,All facilitating subjects,Total facilitating subjects,37990.0,8.5233,27.84154,51.58989,72.97447,88.41011,96.91761
2022 to 23,North West,A level,Arts,Film Studies,914.0,2.84464,15.20788,60.7221,88.0744,96.17068,98.46827
2022 to 23,North West,A level,Maths,Mathematics (Pure),0.0,,,,,,
2022 to 23,North West,A level,Art & Design,Graphics,919.0,13.71055,34.82046,68.55277,89.77149,97.17084,99.45593
2022 to 23,North West,A level,Science - other,Environmental Science,141.0,0.70922,10.6383,26.95035,53.90071,79.43262,97.87234
2022 to 23,North West,A level,Art & Design,Critical Studies,0.0,,,,,,
2022 to 23,North West,A level,Modern languages - other,Urdu,23.0,47.82609,86.95652,100.0,100.0,100.0,100.0
2022 to 23,North West,A level,Modern languages - other,Arabic,73.0,30.13699,42.46575,57.53425,79.45205,87.67123,93.15068
2022 to 23,North West,A level,Archaeology,Total Archaeology,0.0,,,,,,
2022 to 23,North West,A level,Maths,Mathematics (Statistics),335.0,1.19403,13.13433,37.01493,60.29851,83.28358,95.8209
2022 to 23,North West,A level,Modern languages,French,498.0,8.23293,29.91968,56.62651,78.91566,92.97189,98.19277
2022 to 23,North West,A level,Arts,Media/Film/Tv Studies,1763.0,1.41804,11.40102,46.90868,81.45207,95.97277,98.97901
2022 to 23,North West,A level,Arts,Total Arts,3454.0,2.31616,13.75217,52.2293,83.43949,96.14939,98.95773
2022 to 23,North West,A level,Arts,Creative Writing,0.0,,,,,,
2022 to 23,North West,A level,Physical Education,Total Physical Education,1393.0,6.24551,18.44939,45.29792,71.21321,87.43719,97.48744
2022 to 23,North West,A level,Religious Studies,Total Religious Studies,1485.0,3.97306,19.39394,46.46465,71.71717,88.75421,96.36364
2022 to 23,North West,A level,All STEM subjects,Total STEM subjects,28110.0,9.40946,29.64781,50.18143,69.44859,85.47492,95.89826
2022 to 23,North West,A level,Physical Education,Dance,119.0,6.72269,23.52941,60.5042,84.87395,96.63866,100.0
2022 to 23,Yorkshire and The Humber,A level,General studies,General Studies,0.0,,,,,,
2022 to 23,Yorkshire and The Humber,A level,Maths,Use of mathematics,0.0,,,,,,
2022 to 23,Yorkshire and The Humber,A level,Modern languages - other,Irish,0.0,,,,,,
2022 to 23,Yorkshire and The Humber,A level,Government and politics,Total Government and Politics,1183.0,5.57904,22.40068,50.9721,75.99324,90.78614,97.37954
2022 to 23,Yorkshire and The Humber,A level,Citizenship studies,Total Citizenship studies,0.0,,,,,,
2022 to 23,Yorkshire and The Humber,A level,Science - Chemistry,Total Chemistry,4146.0,6.77762,26.1698,47.82923,68.21032,84.24988,95.12783
2022 to 23,Yorkshire and The Humber,A level,Art & Design,Textiles,273.0,10.25641,22.71062,65.20147,83.15018,95.9707,99.6337
2022 to 23,Yorkshire and The Humber,A level,Modern languages - other,Italian,16.0,25.0,56.25,81.25,100.0,100.0,100.0
2022 to 23,Yorkshire and The Humber,A level,Modern languages - other,Modern Greek,2.0,0.0,50.0,100.0,100.0,100.0,100.0
2022 to 23,Yorkshire and The Humber,A level,Design and technology,D&T Product Design,485.0,3.71134,12.78351,31.34021,61.4433,84.94845,97.31959
2022 to 23,Yorkshire and The Humber,A level,Classical studies,Latin,11.0,9.09091,36.36364,72.72727,81.81818,90.90909,90.90909
2022 to 23,Yorkshire and The Humber,A level,Modern languages - other,Bengali,0.0,,,,,,
2022 to 23,Yorkshire and The Humber,A level,Geography,Total Geography,2561.0,4.80281,20.77314,49.55096,77.2745,92.50293,98.63335
2022 to 23,Yorkshire and The Humber,A level,History,Total History,3262.0,4.813,19.86511,50.24525,77.25322,92.02943,98.34457
2022 to 23,Yorkshire and The Humber,A level,Accounting and Finance,Total Accounting and finance,195.0,1.02564,11.79487,38.97436,68.20513,88.71795,96.41026
2022 to 23,Yorkshire and The Humber,A level,Business Studies,Total Business Studies,2978.0,2.71995,14.57354,45.3996,73.87508,91.43721,97.54869
2022 to 23,Yorkshire and The Humber,A level,Modern languages,Spanish,416.0,9.13462,36.53846,64.66346,83.41346,93.26923,97.35577
2022 to 23,Yorkshire and The Humber,A level,Economics,Total Economics,2135.0,3.55972,18.92272,49.8829,76.67447,91.80328,98.03279
2022 to 23,Yorkshire and The Humber,A level,Music,Music Technology,79.0,2.53165,13.92405,48.10127,67.08861,89.87342,98.73418
2022 to 23,Yorkshire and The Humber,A level,Modern languages - other,Chinese,4.0,0.0,75.0,100.0,100.0,100.0,100.0
2022 to 23,Yorkshire and The Humber,A level,Classical studies,Ancient History,82.0,1.21951,9.7561,46.34146,81.70732,91.46341,98.78049
2022 to 23,Yorkshire and The Humber,A level,Modern languages - other,Persian,2.0,0.0,50.0,50.0,100.0,100.0,100.0
2022 to 23,Yorkshire and The Humber,A level,Art & Design,Photography,883.0,8.38052,22.65006,52.77463,80.97395,94.33749,98.641
2022 to 23,Yorkshire and The Humber,A level,Home Economics,Home Economics (Food),0.0,,,,,,
2022 to 23,Yorkshire and The Humber,A level,Modern languages - other,Portuguese,16.0,0.0,25.0,50.0,87.5,100.0,100.0
2022 to 23,Yorkshire and The Humber,A level,Modern languages - other,Modern Hebrew,1.0,100.0,100.0,100.0,100.0,100.0,100.0
2022 to 23,Yorkshire and The Humber,A level,Anthropology,Total Anthropology,0.0,,,,,,
2022 to 23,Yorkshire and The Humber,A level,Logic/Philosophy,Total Logic/ Philosophy,92.0,4.34783,14.13043,41.30435,59.78261,80.43478,96.73913
2022 to 23,Yorkshire and The Humber,A level,Science - other,Geology,68.0,7.35294,20.58824,38.23529,61.76471,94.11765,98.52941
2022 to 23,Yorkshire and The Humber,A level,Sociology,Total Sociology,3776.0,5.45551,17.90254,46.05403,75.50318,91.47246,96.98093
2022 to 23,Yorkshire and The Humber,A level,Law,Total Law,1737.0,5.52677,18.365,43.3506,67.1848,85.03166,96.31549
2022 to 23,Yorkshire and The Humber,A level,Psychology,Total Psychology,5909.0,4.18006,15.70486,40.88678,67.59181,85.93671,95.59993
2022 to 23,Yorkshire and The Humber,A level,Modern languages - other,Polish,41.0,4.87805,58.53659,82.92683,87.80488,95.12195,97.56098
2022 to 23,Yorkshire and The Humber,A level,Computer Science,Total Computer Science,1131.0,4.68612,16.35721,36.95844,59.85853,80.72502,94.78338
2022 to 23,Yorkshire and The Humber,A level,Modern languages,German,138.0,5.7971,31.88406,60.86957,80.43478,94.92754,99.27536
2022 to 23,Yorkshire and The Humber,A level,ICT,Total ICT,0.0,,,,,,
2022 to 23,Yorkshire and The Humber,A level,Classical studies,Total Classical studies,252.0,1.98413,16.26984,50.0,82.14286,93.65079,98.80952
2022 to 23,Yorkshire and The Humber,A level,Design and technology,D&T Food Technology,0.0,,,,,,
2022 to 23,Yorkshire and The Humber,A level,Maths,Maths,5646.0,11.83139,34.41374,53.93199,71.64364,86.89338,96.03259
2022 to 23,Yorkshire and The Humber,A level,Maths,Total Maths,5671.0,11.77923,34.27967,53.76477,71.52178,86.79245,96.01481
2022 to 23,Yorkshire and The Humber,A level,Classical studies,Other Classical Languages,0.0,,,,,,
2022 to 23,Yorkshire and The Humber,A level,Art & Design,Art and design,458.0,12.66376,27.51092,58.29694,79.91266,90.82969,97.59825
2022 to 23,Yorkshire and The Humber,A level,Science - other,Electronics,22.0,13.63636,40.90909,59.09091,63.63636,77.27273,95.45455
2022 to 23,Yorkshire and The Humber,A level,Geography,Geography,2561.0,4.80281,20.77314,49.55096,77.2745,92.50293,98.63335
2022 to 23,Yorkshire and The Humber,A level,Design and technology,D&T Engineering,20.0,5.0,25.0,45.0,70.0,80.0,100.0
2022 to 23,Yorkshire and The Humber,A level,English,English literature,2321.0,8.2723,21.3701,51.52951,78.9315,94.26971,99.18139
2022 to 23,Yorkshire and The Humber,A level,Music,Total Music,271.0,4.05904,21.03321,49.07749,76.38376,92.98893,98.15498
2022 to 23,Yorkshire and The Humber,A level,Modern languages,Total Modern languages including Other,1084.0,10.23985,37.54613,64.20664,83.76384,93.81919,97.60148
2022 to 23,Yorkshire and The Humber,A level,Music,Music,192.0,4.6875,23.95833,49.47917,80.20833,94.27083,97.91667
2022 to 23,Yorkshire and The Humber,A level,English,English language & literature,410.0,2.92683,12.68293,42.68293,77.56098,96.09756,99.02439
2022 to 23,Yorkshire and The Humber,A level,Modern languages - other,Japanese,6.0,33.33333,50.0,83.33333,100.0,100.0,100.0
2022 to 23,Yorkshire and The Humber,A level,Science - Biology,Total Biology,5239.0,6.89063,22.44703,43.61519,65.52777,83.26016,95.18992
2022 to 23,Yorkshire and The Humber,A level,Classical studies,Classical Civilisation,159.0,1.88679,18.23899,50.31447,82.38994,94.96855,99.37107
2022 to 23,Yorkshire and The Humber,A level,Design and technology,D&T Textiles Technology,57.0,5.26316,17.54386,54.38596,84.21053,98.24561,98.24561
2022 to 23,Yorkshire and The Humber,A level,English,Total English,4834.0,5.27513,17.17005,48.17956,79.60281,95.11791,99.25528
2022 to 23,Yorkshire and The Humber,A level,Arts,Drama & Theatre Studies,534.0,2.62172,14.98127,44.94382,79.40075,95.31835,99.25094
2022 to 23,Yorkshire and The Humber,A level,Design and technology,D&T Systems & Control,0.0,,,,,,
2022 to 23,Yorkshire and The Humber,A level,Art & Design,Fine Art,1017.0,10.7178,29.49853,64.30678,86.82399,96.55851,99.3117
2022 to 23,Yorkshire and The Humber,A level,Science - Physics,Total Physics,2237.0,7.68887,25.83818,44.12159,63.61198,81.58248,94.85919
2022 to 23,Yorkshire and The Humber,A level,Design and technology,Design & Technology,0.0,,,,,,
2022 to 23,Yorkshire and The Humber,A level,Modern languages - other,Russian,2.0,0.0,100.0,100.0,100.0,100.0,100.0
2022 to 23,Yorkshire and The Humber,A level,Maths - Further,Total Further Mathematics,732.0,24.04372,53.68852,73.08743,87.70492,94.94536,98.9071
2022 to 23,Yorkshire and The Humber,A level,General studies,Total General studies,0.0,,,,,,
2022 to 23,Yorkshire and The Humber,A level,Modern languages - other,Turkish,9.0,11.11111,44.44444,44.44444,66.66667,77.77778,88.88889
2022 to 23,Yorkshire and The Humber,A level,Art & Design,3d Studies,114.0,4.38596,14.03509,46.49123,80.70175,92.10526,99.12281
2022 to 23,Yorkshire and The Humber,A level,Modern languages - other,Punjabi,3.0,66.66667,66.66667,100.0,100.0,100.0,100.0
2022 to 23,Yorkshire and The Humber,A level,Science - other,Total Other Sciences,91.0,8.79121,25.27473,42.85714,62.63736,90.10989,97.8022
2022 to 23,Yorkshire and The Humber,A level,All subjects,Total subjects,57298.0,6.32308,21.87685,48.07498,73.06538,89.05721,96.97023
2022 to 23,Yorkshire and The Humber,A level,Art & Design,Total Art & Design,3173.0,9.64387,25.68547,59.88024,83.80082,95.02049,98.92846
2022 to 23,Yorkshire and The Humber,A level,Home Economics,Total Home Economics,0.0,,,,,,
2022 to 23,Yorkshire and The Humber,A level,Modern languages - other,Gujarati,0.0,,,,,,
2022 to 23,Yorkshire and The Humber,A level,Classical studies,Classical Greek,0.0,,,,,,
2022 to 23,Yorkshire and The Humber,A level,Design and technology,Total D&T,562.0,3.91459,13.70107,34.1637,64.05694,86.121,97.5089
2022 to 23,Yorkshire and The Humber,A level,Physical Education,Physical Education/Sports Studies,838.0,3.93795,15.0358,41.64678,67.6611,87.2315,96.18138
2022 to 23,Yorkshire and The Humber,A level,Art & Design,History of Art,1.0,0.0,100.0,100.0,100.0,100.0,100.0
2022 to 23,Yorkshire and The Humber,A level,English,English language,2103.0,2.42511,13.40942,45.55397,80.7418,95.86305,99.38184
2022 to 23,Yorkshire and The Humber,A level,Modern languages - other,Total Other Modern Languages,151.0,18.54305,56.29139,74.17219,89.40397,95.36424,97.35099
2022 to 23,Yorkshire and The Humber,A level,Arts,Communication Studies,0.0,,,,,,
2022 to 23,Yorkshire and The Humber,A level,All facilitating subjects,Total facilitating subjects,27239.0,8.23085,26.6603,50.08627,72.0254,87.62069,96.56375
2022 to 23,Yorkshire and The Humber,A level,Arts,Film Studies,524.0,1.9084,15.07634,54.38931,84.73282,95.80153,98.66412
2022 to 23,Yorkshire and The Humber,A level,Maths,Mathematics (Pure),0.0,,,,,,
2022 to 23,Yorkshire and The Humber,A level,Art & Design,Graphics,427.0,7.49415,25.76112,65.80796,87.82201,97.42389,99.53162
2022 to 23,Yorkshire and The Humber,A level,Science - other,Environmental Science,1.0,0.0,0.0,0.0,100.0,100.0,100.0
2022 to 23,Yorkshire and The Humber,A level,Art & Design,Critical Studies,0.0,,,,,,
2022 to 23,Yorkshire and The Humber,A level,Modern languages - other,Urdu,11.0,36.36364,54.54545,63.63636,90.90909,100.0,100.0
2022 to 23,Yorkshire and The Humber,A level,Modern languages - other,Arabic,38.0,31.57895,65.78947,73.68421,86.84211,92.10526,94.73684
2022 to 23,Yorkshire and The Humber,A level,Archaeology,Total Archaeology,0.0,,,,,,
2022 to 23,Yorkshire and The Humber,A level,Maths,Mathematics (Statistics),25.0,0.0,4.0,16.0,44.0,64.0,92.0
2022 to 23,Yorkshire and The Humber,A level,Modern languages,French,379.0,9.76253,33.24538,60.94987,83.11346,93.40369,97.36148
2022 to 23,Yorkshire and The Humber,A level,Arts,Media/Film/Tv Studies,1005.0,1.89055,12.93532,43.8806,78.50746,94.82587,99.40299
2022 to 23,Yorkshire and The Humber,A level,Arts,Total Arts,2063.0,2.08434,14.00873,46.82501,80.31992,95.20116,99.17596
2022 to 23,Yorkshire and The Humber,A level,Arts,Creative Writing,0.0,,,,,,
2022 to 23,Yorkshire and The Humber,A level,Physical Education,Total Physical Education,968.0,4.95868,17.66529,46.17769,71.28099,88.84298,96.69421
2022 to 23,Yorkshire and The Humber,A level,Religious Studies,Total Religious Studies,1016.0,4.42913,21.85039,50.29528,76.5748,91.14173,97.83465
2022 to 23,Yorkshire and The Humber,A level,All STEM subjects,Total STEM subjects,19156.0,8.93193,27.98601,48.32428,68.17185,84.62101,95.5001
2022 to 23,Yorkshire and The Humber,A level,Physical Education,Dance,130.0,11.53846,34.61538,75.38462,94.61538,99.23077,100.0
2022 to 23,South East,A level,General studies,General Studies,0.0,,,,,,
2022 to 23,South East,A level,Maths,Use of mathematics,0.0,,,,,,
2022 to 23,South East,A level,Modern languages - other,Irish,0.0,,,,,,
2022 to 23,South East,A level,Government and politics,Total Government and Politics,3203.0,7.6803,27.53668,57.29004,79.11333,91.32064,97.47112
2022 to 23,South East,A level,Citizenship studies,Total Citizenship studies,0.0,,,,,,
2022 to 23,South East,A level,Science - Chemistry,Total Chemistry,7295.0,8.8965,31.33653,52.59767,69.37629,83.67375,94.79095
2022 to 23,South East,A level,Art & Design,Textiles,785.0,14.26752,35.92357,66.36943,87.89809,96.56051,99.61783
2022 to 23,South East,A level,Modern languages - other,Italian,69.0,36.23188,79.71014,86.95652,94.2029,97.10145,98.55072
2022 to 23,South East,A level,Modern languages - other,Modern Greek,14.0,42.85714,85.71429,85.71429,92.85714,92.85714,100.0
2022 to 23,South East,A level,Design and technology,D&T Product Design,1252.0,4.71246,16.21406,40.97444,68.21086,86.98083,96.80511
2022 to 23,South East,A level,Classical studies,Latin,49.0,16.32653,61.22449,77.55102,95.91837,100.0,100.0
2022 to 23,South East,A level,Modern languages - other,Bengali,0.0,,,,,,
2022 to 23,South East,A level,Geography,Total Geography,6004.0,5.82945,23.03464,52.2485,77.76482,91.93871,97.76815
2022 to 23,South East,A level,History,Total History,6782.0,5.54409,24.44707,56.13388,80.35978,93.89561,98.56974
2022 to 23,South East,A level,Accounting and Finance,Total Accounting and finance,209.0,3.34928,18.18182,37.32057,62.20096,77.03349,95.21531
2022 to 23,South East,A level,Business Studies,Total Business Studies,7117.0,4.38387,15.91963,44.87846,72.67107,89.86933,97.18983
2022 to 23,South East,A level,Modern languages,Spanish,1125.0,9.95556,30.48889,60.8,79.73333,92.26667,98.57778
2022 to 23,South East,A level,Economics,Total Economics,5583.0,7.03923,28.38975,57.33477,79.65252,92.90704,97.92226
2022 to 23,South East,A level,Music,Music Technology,247.0,2.02429,9.31174,33.60324,62.75304,82.59109,93.92713
2022 to 23,South East,A level,Modern languages - other,Chinese,46.0,4.34783,54.34783,91.30435,97.82609,97.82609,97.82609
2022 to 23,South East,A level,Classical studies,Ancient History,196.0,3.57143,19.38776,61.22449,83.67347,93.87755,98.46939
2022 to 23,South East,A level,Modern languages - other,Persian,8.0,75.0,75.0,75.0,87.5,87.5,87.5
2022 to 23,South East,A level,Art & Design,Photography,2000.0,8.4,22.1,55.85,81.35,94.1,98.3
2022 to 23,South East,A level,Home Economics,Home Economics (Food),0.0,,,,,,
2022 to 23,South East,A level,Modern languages - other,Portuguese,25.0,12.0,28.0,72.0,88.0,96.0,96.0
2022 to 23,South East,A level,Modern languages - other,Modern Hebrew,0.0,,,,,,
2022 to 23,South East,A level,Anthropology,Total Anthropology,0.0,,,,,,
2022 to 23,South East,A level,Logic/Philosophy,Total Logic/ Philosophy,1075.0,4.0,17.95349,48.0,73.11628,87.72093,96.37209
2022 to 23,South East,A level,Science - other,Geology,73.0,4.10959,19.17808,47.94521,60.27397,86.30137,98.63014
2022 to 23,South East,A level,Sociology,Total Sociology,7546.0,5.72489,19.90459,49.19162,75.66923,90.85608,96.95203
2022 to 23,South East,A level,Law,Total Law,2224.0,5.89029,18.83993,42.76079,65.42266,84.03777,95.32374
2022 to 23,South East,A level,Psychology,Total Psychology,12280.0,5.4316,19.52769,45.08143,69.38925,86.43322,95.92834
2022 to 23,South East,A level,Modern languages - other,Polish,78.0,6.41026,50.0,73.07692,89.74359,96.15385,100.0
2022 to 23,South East,A level,Computer Science,Total Computer Science,2853.0,5.81844,25.517,48.68559,68.1388,85.52401,96.35471
2022 to 23,South East,A level,Modern languages,German,357.0,13.16527,42.85714,68.62745,86.55462,94.67787,98.59944
2022 to 23,South East,A level,ICT,Total ICT,0.0,,,,,,
2022 to 23,South East,A level,Classical studies,Total Classical studies,994.0,4.32596,25.95573,61.0664,82.59557,95.07042,99.09457
2022 to 23,South East,A level,Design and technology,D&T Food Technology,0.0,,,,,,
2022 to 23,South East,A level,Maths,Maths,13095.0,17.3425,42.69569,62.08477,77.28141,88.75907,96.50248
2022 to 23,South East,A level,Maths,Total Maths,13170.0,17.25133,42.50569,61.87547,77.14503,88.67122,96.48443
2022 to 23,South East,A level,Classical studies,Other Classical Languages,0.0,,,,,,
2022 to 23,South East,A level,Art & Design,Art and design,818.0,12.95844,27.38386,60.1467,84.22983,94.49878,98.77751
2022 to 23,South East,A level,Science - other,Electronics,103.0,14.56311,42.71845,66.99029,81.5534,91.26214,97.08738
2022 to 23,South East,A level,Geography,Geography,6004.0,5.82945,23.03464,52.2485,77.76482,91.93871,97.76815
2022 to 23,South East,A level,Design and technology,D&T Engineering,33.0,3.0303,6.06061,21.21212,48.48485,72.72727,90.90909
2022 to 23,South East,A level,English,English literature,5036.0,8.87609,25.47657,57.56553,83.1811,95.4726,99.00715
2022 to 23,South East,A level,Music,Total Music,749.0,5.34045,21.2283,47.26302,70.89453,87.98398,96.92924
2022 to 23,South East,A level,Modern languages,Total Modern languages including Other,2836.0,12.12976,39.17489,66.53738,83.95628,94.00564,98.62482
2022 to 23,South East,A level,Music,Music,502.0,6.97211,27.09163,53.98406,74.9004,90.63745,98.40637
2022 to 23,South East,A level,English,English language & literature,1573.0,5.21297,17.16465,50.73109,81.24603,95.61348,98.98284
2022 to 23,South East,A level,Modern languages - other,Japanese,20.0,30.0,60.0,85.0,90.0,95.0,100.0
2022 to 23,South East,A level,Science - Biology,Total Biology,9837.0,8.8035,27.39656,48.91735,67.66291,84.42615,95.51693
2022 to 23,South East,A level,Classical studies,Classical Civilisation,748.0,3.74332,25.26738,59.89305,81.41711,95.05348,99.19786
2022 to 23,South East,A level,Design and technology,D&T Textiles Technology,43.0,11.62791,20.93023,46.51163,62.7907,83.72093,93.02326
2022 to 23,South East,A level,English,Total English,8296.0,6.79846,21.23915,54.14658,82.34089,95.64851,99.01157
2022 to 23,South East,A level,Arts,Drama & Theatre Studies,1367.0,3.07242,15.36211,51.79225,81.49232,95.31822,98.82955
2022 to 23,South East,A level,Design and technology,D&T Systems & Control,0.0,,,,,,
2022 to 23,South East,A level,Art & Design,Fine Art,2064.0,14.82558,35.94961,67.97481,89.09884,96.07558,98.59496
2022 to 23,South East,A level,Science - Physics,Total Physics,5377.0,10.78668,30.96522,50.26967,68.38386,83.81997,94.88562
2022 to 23,South East,A level,Design and technology,Design & Technology,0.0,,,,,,
2022 to 23,South East,A level,Modern languages - other,Russian,58.0,22.41379,89.65517,93.10345,96.55172,96.55172,96.55172
2022 to 23,South East,A level,Maths - Further,Total Further Mathematics,2058.0,31.48688,60.68999,78.32847,89.60155,95.1895,98.10496
2022 to 23,South East,A level,General studies,Total General studies,0.0,,,,,,
2022 to 23,South East,A level,Modern languages - other,Turkish,34.0,29.41176,73.52941,88.23529,91.17647,97.05882,100.0
2022 to 23,South East,A level,Art & Design,3d Studies,322.0,12.1118,34.47205,62.1118,83.22981,95.34161,98.4472
2022 to 23,South East,A level,Modern languages - other,Punjabi,12.0,50.0,58.33333,75.0,91.66667,91.66667,100.0
2022 to 23,South East,A level,Science - other,Total Other Sciences,752.0,7.18085,20.74468,40.42553,63.43085,82.18085,95.21277
2022 to 23,South East,A level,All subjects,Total subjects,125086.0,8.38623,26.35387,52.94038,75.34576,89.66791,96.98447
2022 to 23,South East,A level,Art & Design,Total Art & Design,7335.0,12.24267,30.55215,62.60395,85.54874,95.21472,98.65031
2022 to 23,South East,A level,Home Economics,Total Home Economics,0.0,,,,,,
2022 to 23,South East,A level,Modern languages - other,Gujarati,1.0,100.0,100.0,100.0,100.0,100.0,100.0
2022 to 23,South East,A level,Classical studies,Classical Greek,1.0,0.0,100.0,100.0,100.0,100.0,100.0
2022 to 23,South East,A level,Design and technology,Total D&T,1328.0,4.89458,16.11446,40.66265,67.54518,86.52108,96.53614
2022 to 23,South East,A level,Physical Education,Physical Education/Sports Studies,2308.0,4.20277,16.20451,40.64125,66.89775,85.70191,95.88388
2022 to 23,South East,A level,Art & Design,History of Art,51.0,3.92157,43.13725,78.43137,94.11765,98.03922,98.03922
2022 to 23,South East,A level,English,English language,1687.0,2.07469,12.38886,47.12507,80.85359,96.20628,99.05157
2022 to 23,South East,A level,Modern languages - other,Total Other Modern Languages,400.0,24.5,65.75,82.75,92.25,95.75,98.25
2022 to 23,South East,A level,Arts,Communication Studies,0.0,,,,,,
2022 to 23,South East,A level,All facilitating subjects,Total facilitating subjects,58370.0,11.20267,32.46873,56.30118,75.54394,88.93267,96.72263
2022 to 23,South East,A level,Arts,Film Studies,1679.0,2.73973,15.54497,56.87909,84.27635,95.23526,98.0941
2022 to 23,South East,A level,Maths,Mathematics (Pure),0.0,,,,,,
2022 to 23,South East,A level,Art & Design,Graphics,1285.0,12.68482,32.14008,63.11284,85.9144,95.01946,98.67704
2022 to 23,South East,A level,Science - other,Environmental Science,576.0,6.25,17.01389,34.72222,60.59028,80.03472,94.44444
2022 to 23,South East,A level,Art & Design,Critical Studies,10.0,20.0,50.0,80.0,100.0,100.0,100.0
2022 to 23,South East,A level,Modern languages - other,Urdu,5.0,20.0,60.0,60.0,80.0,80.0,80.0
2022 to 23,South East,A level,Modern languages - other,Arabic,30.0,46.66667,63.33333,73.33333,86.66667,93.33333,100.0
2022 to 23,South East,A level,Archaeology,Total Archaeology,0.0,,,,,,
2022 to 23,South East,A level,Maths,Mathematics (Statistics),75.0,1.33333,9.33333,25.33333,53.33333,73.33333,93.33333
2022 to 23,South East,A level,Modern languages,French,954.0,9.1195,36.89727,65.72327,84.48637,95.07338,98.84696
2022 to 23,South East,A level,Arts,Media/Film/Tv Studies,3068.0,2.34681,13.59192,47.39244,78.52021,94.42634,98.59844
2022 to 23,South East,A level,Arts,Total Arts,6114.0,2.61694,14.52404,50.98135,80.76546,94.84789,98.51161
2022 to 23,South East,A level,Arts,Creative Writing,0.0,,,,,,
2022 to 23,South East,A level,Physical Education,Total Physical Education,2589.0,4.75087,17.9606,42.8737,68.86829,86.59714,96.292
2022 to 23,South East,A level,Religious Studies,Total Religious Studies,1480.0,4.12162,20.2027,50.60811,74.12162,90.06757,97.43243
2022 to 23,South East,A level,All STEM subjects,Total STEM subjects,40590.0,12.76423,35.03572,55.4373,72.28874,86.21089,95.80685
2022 to 23,South East,A level,Physical Education,Dance,281.0,9.25267,32.38434,61.20996,85.05338,93.95018,99.64413
2022 to 23,London,A level,General studies,General Studies,0.0,,,,,,
2022 to 23,London,A level,Maths,Use of mathematics,0.0,,,,,,
2022 to 23,London,A level,Modern languages - other,Irish,0.0,,,,,,
2022 to 23,London,A level,Government and politics,Total Government and Politics,4557.0,7.92188,25.56506,53.10511,77.13408,90.54202,96.68642
2022 to 23,London,A level,Citizenship studies,Total Citizenship studies,0.0,,,,,,
2022 to 23,London,A level,Science - Chemistry,Total Chemistry,10133.0,7.1351,27.71144,49.42268,68.38054,83.81526,94.80904
2022 to 23,London,A level,Art & Design,Textiles,268.0,10.07463,23.13433,55.59701,76.1194,94.02985,98.13433
2022 to 23,London,A level,Modern languages - other,Italian,215.0,34.4186,71.62791,89.30233,95.81395,99.06977,99.06977
2022 to 23,London,A level,Modern languages - other,Modern Greek,29.0,13.7931,34.48276,55.17241,72.41379,93.10345,100.0
2022 to 23,London,A level,Design and technology,D&T Product Design,989.0,3.64004,11.42568,35.69262,66.43074,88.47321,96.86552
2022 to 23,London,A level,Classical studies,Latin,93.0,40.86022,75.26882,88.17204,93.54839,97.84946,100.0
2022 to 23,London,A level,Modern languages - other,Bengali,8.0,62.5,87.5,100.0,100.0,100.0,100.0
2022 to 23,London,A level,Geography,Total Geography,4474.0,5.61019,23.64774,54.49262,79.61556,93.62986,98.18954
2022 to 23,London,A level,History,Total History,6825.0,5.8022,26.18315,59.76557,83.42857,94.57875,98.38828
2022 to 23,London,A level,Accounting and Finance,Total Accounting and finance,167.0,1.1976,10.77844,27.54491,49.7006,67.06587,87.42515
2022 to 23,London,A level,Business Studies,Total Business Studies,5106.0,2.82021,11.82922,41.67646,70.93615,89.03251,96.45515
2022 to 23,London,A level,Modern languages,Spanish,1413.0,8.84643,35.45648,65.95895,85.27955,94.97523,98.79689
2022 to 23,London,A level,Economics,Total Economics,9141.0,7.0233,26.56165,55.00492,77.72673,91.02943,97.33071
2022 to 23,London,A level,Music,Music Technology,175.0,1.71429,12.57143,34.28571,60.0,78.28571,92.57143
2022 to 23,London,A level,Modern languages - other,Chinese,39.0,0.0,30.76923,76.92308,84.61538,94.87179,94.87179
2022 to 23,London,A level,Classical studies,Ancient History,5.0,0.0,60.0,100.0,100.0,100.0,100.0
2022 to 23,London,A level,Modern languages - other,Persian,54.0,42.59259,75.92593,83.33333,98.14815,100.0,100.0
2022 to 23,London,A level,Art & Design,Photography,1083.0,8.40259,19.9446,51.80055,78.67036,92.42844,98.15328
2022 to 23,London,A level,Home Economics,Home Economics (Food),0.0,,,,,,
2022 to 23,London,A level,Modern languages - other,Portuguese,115.0,9.56522,37.3913,64.34783,84.34783,91.30435,96.52174
2022 to 23,London,A level,Modern languages - other,Modern Hebrew,26.0,76.92308,92.30769,92.30769,92.30769,96.15385,96.15385
2022 to 23,London,A level,Anthropology,Total Anthropology,0.0,,,,,,
2022 to 23,London,A level,Logic/Philosophy,Total Logic/ Philosophy,734.0,7.22071,22.07084,50.40872,73.43324,87.19346,96.32153
2022 to 23,London,A level,Science - other,Geology,22.0,0.0,13.63636,22.72727,40.90909,59.09091,95.45455
2022 to 23,London,A level,Sociology,Total Sociology,9003.0,6.4423,21.11518,52.43808,78.74042,93.06898,97.88959
2022 to 23,London,A level,Law,Total Law,1276.0,3.29154,12.14734,32.13166,57.52351,80.48589,93.80878
2022 to 23,London,A level,Psychology,Total Psychology,12174.0,5.97996,19.13093,45.46575,71.24199,88.03187,96.72252
2022 to 23,London,A level,Modern languages - other,Polish,223.0,13.90135,60.53812,83.40807,93.27354,96.41256,97.75785
2022 to 23,London,A level,Computer Science,Total Computer Science,3301.0,4.33202,18.26719,40.35141,63.64738,81.64193,93.97152
2022 to 23,London,A level,Modern languages,German,233.0,13.73391,47.2103,72.96137,88.8412,98.28326,99.57082
2022 to 23,London,A level,ICT,Total ICT,0.0,,,,,,
2022 to 23,London,A level,Classical studies,Total Classical studies,642.0,15.73209,42.3676,71.33956,88.62928,95.17134,98.90966
2022 to 23,London,A level,Design and technology,D&T Food Technology,0.0,,,,,,
2022 to 23,London,A level,Maths,Maths,16985.0,15.58434,40.17074,59.29938,75.15455,87.60082,95.73742
2022 to 23,London,A level,Maths,Total Maths,17037.0,15.53677,40.05987,59.16535,75.02495,87.53889,95.72108
2022 to 23,London,A level,Classical studies,Other Classical Languages,23.0,60.86957,69.56522,78.26087,91.30435,100.0,100.0
2022 to 23,London,A level,Art & Design,Art and design,1037.0,12.24687,30.37608,62.10222,85.14947,94.98554,98.93925
2022 to 23,London,A level,Science - other,Electronics,49.0,26.53061,46.93878,53.06122,69.38776,83.67347,89.79592
2022 to 23,London,A level,Geography,Geography,4474.0,5.61019,23.64774,54.49262,79.61556,93.62986,98.18954
2022 to 23,London,A level,Design and technology,D&T Engineering,57.0,5.26316,12.2807,45.61404,71.92982,85.96491,98.24561
2022 to 23,London,A level,English,English literature,6580.0,9.72644,24.51368,57.29483,82.88754,95.6231,99.05775
2022 to 23,London,A level,Music,Total Music,645.0,6.20155,21.39535,46.82171,71.47287,87.28682,96.74419
2022 to 23,London,A level,Modern languages,Total Modern languages including Other,3871.0,14.85404,43.08964,69.93025,86.02428,94.70421,98.29501
2022 to 23,London,A level,Music,Music,470.0,7.87234,24.68085,51.48936,75.74468,90.6383,98.29787
2022 to 23,London,A level,English,English language & literature,712.0,2.52809,9.12921,35.11236,72.33146,92.55618,98.17416
2022 to 23,London,A level,Modern languages - other,Japanese,28.0,57.14286,78.57143,89.28571,89.28571,100.0,100.0
2022 to 23,London,A level,Science - Biology,Total Biology,11111.0,7.35307,24.24624,45.80146,65.59266,83.32283,94.70795
2022 to 23,London,A level,Classical studies,Classical Civilisation,518.0,9.07336,34.94208,67.76062,87.45174,94.40154,98.64865
2022 to 23,London,A level,Design and technology,D&T Textiles Technology,45.0,11.11111,22.22222,42.22222,66.66667,86.66667,97.77778
2022 to 23,London,A level,English,Total English,7832.0,8.51634,22.16547,54.11134,81.3713,95.23749,98.92748
2022 to 23,London,A level,Arts,Drama & Theatre Studies,980.0,4.4898,19.59184,54.59184,82.7551,95.0,98.67347
2022 to 23,London,A level,Design and technology,D&T Systems & Control,0.0,,,,,,
2022 to 23,London,A level,Art & Design,Fine Art,1599.0,14.00876,34.95935,64.91557,86.2414,95.87242,98.81176
2022 to 23,London,A level,Science - Physics,Total Physics,5727.0,10.45923,30.76654,50.28811,68.18579,83.58652,94.30767
2022 to 23,London,A level,Design and technology,Design & Technology,0.0,,,,,,
2022 to 23,London,A level,Modern languages - other,Russian,84.0,26.19048,89.28571,95.2381,97.61905,98.80952,98.80952
2022 to 23,London,A level,Maths - Further,Total Further Mathematics,2501.0,26.9892,56.01759,75.32987,88.32467,94.28229,97.84086
2022 to 23,London,A level,General studies,Total General studies,0.0,,,,,,
2022 to 23,London,A level,Modern languages - other,Turkish,258.0,18.99225,39.53488,75.5814,87.9845,95.73643,97.67442
2022 to 23,London,A level,Art & Design,3d Studies,257.0,11.28405,26.07004,52.52918,79.76654,89.10506,97.27626
2022 to 23,London,A level,Modern languages - other,Punjabi,15.0,46.66667,53.33333,80.0,86.66667,93.33333,93.33333
2022 to 23,London,A level,Science - other,Total Other Sciences,78.0,16.66667,33.33333,41.02564,58.97436,78.20513,92.30769
2022 to 23,London,A level,All subjects,Total subjects,130250.0,8.49981,26.40384,52.43608,74.86449,89.26987,96.63263
2022 to 23,London,A level,Art & Design,Total Art & Design,4829.0,11.28598,28.22531,58.81135,82.60509,94.11887,98.44688
2022 to 23,London,A level,Home Economics,Total Home Economics,0.0,,,,,,
2022 to 23,London,A level,Modern languages - other,Gujarati,1.0,100.0,100.0,100.0,100.0,100.0,100.0
2022 to 23,London,A level,Classical studies,Classical Greek,3.0,66.66667,66.66667,66.66667,100.0,100.0,100.0
2022 to 23,London,A level,Design and technology,Total D&T,1091.0,4.033,11.91567,36.48029,66.72777,88.26764,96.97525
2022 to 23,London,A level,Physical Education,Physical Education/Sports Studies,986.0,3.5497,13.48884,36.81542,61.66329,82.55578,94.11765
2022 to 23,London,A level,Art & Design,History of Art,58.0,8.62069,36.2069,68.96552,89.65517,100.0,100.0
2022 to 23,London,A level,English,English language,540.0,1.66667,10.74074,40.37037,74.81481,94.07407,98.33333
2022 to 23,London,A level,Modern languages - other,Total Other Modern Languages,1282.0,24.80499,57.4103,80.42122,90.32761,95.55382,97.34789
2022 to 23,London,A level,Arts,Communication Studies,0.0,,,,,,
2022 to 23,London,A level,All facilitating subjects,Total facilitating subjects,68303.0,10.77991,31.7497,55.65056,74.99817,88.53345,96.28567
2022 to 23,London,A level,Arts,Film Studies,866.0,1.84758,12.70208,49.88453,83.14088,95.38106,97.57506
2022 to 23,London,A level,Maths,Mathematics (Pure),0.0,,,,,,
2022 to 23,London,A level,Art & Design,Graphics,505.0,7.52475,22.57426,51.28713,78.41584,92.07921,97.42574
2022 to 23,London,A level,Science - other,Environmental Science,7.0,0.0,0.0,14.28571,42.85714,100.0,100.0
2022 to 23,London,A level,Art & Design,Critical Studies,22.0,18.18182,40.90909,63.63636,81.81818,100.0,100.0
2022 to 23,London,A level,Modern languages - other,Urdu,27.0,29.62963,62.96296,92.59259,92.59259,92.59259,96.2963
2022 to 23,London,A level,Modern languages - other,Arabic,160.0,29.375,53.125,73.75,84.375,89.375,93.125
2022 to 23,London,A level,Archaeology,Total Archaeology,0.0,,,,,,
2022 to 23,London,A level,Maths,Mathematics (Statistics),52.0,0.0,3.84615,15.38462,32.69231,67.30769,90.38462
2022 to 23,London,A level,Modern languages,French,943.0,10.60445,34.0403,60.86957,80.59385,92.25875,98.51538
2022 to 23,London,A level,Arts,Media/Film/Tv Studies,2466.0,1.58151,10.42174,44.20114,77.77778,94.60665,98.78345
2022 to 23,London,A level,Arts,Total Arts,4312.0,2.29592,12.96382,47.70408,79.98609,94.85158,98.51577
2022 to 23,London,A level,Arts,Creative Writing,0.0,,,,,,
2022 to 23,London,A level,Physical Education,Total Physical Education,1070.0,4.39252,14.85981,38.8785,64.01869,83.64486,94.57944
2022 to 23,London,A level,Religious Studies,Total Religious Studies,2613.0,5.24302,24.49292,53.6548,78.49215,92.00153,97.4359
2022 to 23,London,A level,All STEM subjects,Total STEM subjects,49810.0,11.25075,32.30877,52.74644,70.69665,85.33427,95.13752
2022 to 23,London,A level,Physical Education,Dance,84.0,14.28571,30.95238,63.09524,91.66667,96.42857,100.0
2022 to 23,East of England,A level,General studies,General Studies,0.0,,,,,,
2022 to 23,East of England,A level,Maths,Use of mathematics,0.0,,,,,,
2022 to 23,East of England,A level,Modern languages - other,Irish,0.0,,,,,,
2022 to 23,East of England,A level,Government and politics,Total Government and Politics,2205.0,6.12245,25.62358,54.01361,77.68707,90.92971,97.50567
2022 to 23,East of England,A level,Citizenship studies,Total Citizenship studies,0.0,,,,,,
2022 to 23,East of England,A level,Science - Chemistry,Total Chemistry,4724.0,9.2718,29.76291,51.10076,69.5597,84.92803,95.72396
2022 to 23,East of England,A level,Art & Design,Textiles,264.0,7.57576,23.48485,55.30303,85.22727,96.9697,99.62121
2022 to 23,East of England,A level,Modern languages - other,Italian,74.0,27.02703,55.40541,78.37838,87.83784,95.94595,100.0
2022 to 23,East of England,A level,Modern languages - other,Modern Greek,14.0,14.28571,64.28571,85.71429,100.0,100.0,100.0
2022 to 23,East of England,A level,Design and technology,D&T Product Design,984.0,2.7439,10.56911,29.77642,57.62195,81.09756,93.39431
2022 to 23,East of England,A level,Classical studies,Latin,41.0,14.63415,48.78049,68.29268,82.92683,90.2439,95.12195
2022 to 23,East of England,A level,Modern languages - other,Bengali,0.0,,,,,,
2022 to 23,East of England,A level,Geography,Total Geography,3724.0,5.96133,23.38883,50.69817,77.52417,92.64232,97.85177
2022 to 23,East of England,A level,History,Total History,4640.0,4.76293,21.57328,52.67241,78.42672,93.18966,98.53448
2022 to 23,East of England,A level,Accounting and Finance,Total Accounting and finance,267.0,1.87266,13.10861,27.71536,47.94007,75.2809,90.26217
2022 to 23,East of England,A level,Business Studies,Total Business Studies,4368.0,3.73168,14.90385,44.94048,73.83242,91.09432,97.09249
2022 to 23,East of England,A level,Modern languages,Spanish,611.0,9.49264,30.11457,55.31915,79.7054,92.14403,98.527
2022 to 23,East of England,A level,Economics,Total Economics,3699.0,6.299,26.35848,54.58232,78.66991,91.37605,97.51284
2022 to 23,East of England,A level,Music,Music Technology,189.0,5.82011,12.69841,36.50794,65.07937,78.30688,93.65079
2022 to 23,East of England,A level,Modern languages - other,Chinese,18.0,0.0,38.88889,77.77778,77.77778,83.33333,100.0
2022 to 23,East of England,A level,Classical studies,Ancient History,69.0,1.44928,15.94203,56.52174,86.95652,92.75362,94.2029
2022 to 23,East of England,A level,Modern languages - other,Persian,5.0,20.0,40.0,40.0,60.0,80.0,80.0
2022 to 23,East of England,A level,Art & Design,Photography,1178.0,8.31919,20.4584,54.75382,80.3056,93.37861,97.70798
2022 to 23,East of England,A level,Home Economics,Home Economics (Food),0.0,,,,,,
2022 to 23,East of England,A level,Modern languages - other,Portuguese,44.0,9.09091,43.18182,70.45455,79.54545,88.63636,88.63636
2022 to 23,East of England,A level,Modern languages - other,Modern Hebrew,4.0,50.0,100.0,100.0,100.0,100.0,100.0
2022 to 23,East of England,A level,Anthropology,Total Anthropology,0.0,,,,,,
2022 to 23,East of England,A level,Logic/Philosophy,Total Logic/ Philosophy,376.0,1.59574,12.76596,38.29787,64.62766,84.30851,93.88298
2022 to 23,East of England,A level,Science - other,Geology,108.0,12.03704,31.48148,57.40741,75.0,86.11111,95.37037
2022 to 23,East of England,A level,Sociology,Total Sociology,5110.0,6.12524,18.80626,47.67123,76.22309,91.64384,97.49511
2022 to 23,East of England,A level,Law,Total Law,1384.0,4.04624,15.53468,38.36705,61.63295,81.06936,95.08671
2022 to 23,East of England,A level,Psychology,Total Psychology,7984.0,5.4484,18.42435,43.21142,68.53707,86.61072,96.14228
2022 to 23,East of England,A level,Modern languages - other,Polish,78.0,8.97436,35.89744,66.66667,80.76923,87.17949,93.58974
2022 to 23,East of England,A level,Computer Science,Total Computer Science,1890.0,5.82011,24.65608,47.51323,68.83598,84.55026,95.13228
2022 to 23,East of England,A level,Modern languages,German,234.0,12.39316,38.03419,64.10256,84.18803,93.58974,99.57265
2022 to 23,East of England,A level,ICT,Total ICT,0.0,,,,,,
2022 to 23,East of England,A level,Classical studies,Total Classical studies,482.0,4.97925,24.89627,58.92116,82.36515,93.9834,98.13278
2022 to 23,East of England,A level,Design and technology,D&T Food Technology,0.0,,,,,,
2022 to 23,East of England,A level,Maths,Maths,8121.0,15.39219,38.14801,57.13582,73.57468,87.05824,96.13348
2022 to 23,East of England,A level,Maths,Total Maths,8214.0,15.23009,37.81349,56.85415,73.3382,86.93694,96.10421
2022 to 23,East of England,A level,Classical studies,Other Classical Languages,0.0,,,,,,
2022 to 23,East of England,A level,Art & Design,Art and design,525.0,12.19048,28.38095,61.14286,87.42857,95.61905,98.66667
2022 to 23,East of England,A level,Science - other,Electronics,44.0,34.09091,50.0,68.18182,77.27273,88.63636,97.72727
2022 to 23,East of England,A level,Geography,Geography,3724.0,5.96133,23.38883,50.69817,77.52417,92.64232,97.85177
2022 to 23,East of England,A level,Design and technology,D&T Engineering,14.0,0.0,7.14286,7.14286,21.42857,35.71429,71.42857
2022 to 23,East of England,A level,English,English literature,3141.0,8.46864,23.71856,55.6829,81.31168,94.42853,98.94938
2022 to 23,East of England,A level,Music,Total Music,579.0,5.35406,19.17098,42.31434,69.60276,86.5285,96.71848
2022 to 23,East of England,A level,Modern languages,Total Modern languages including Other,1756.0,11.33257,37.75626,64.06606,82.23235,92.71071,98.06378
2022 to 23,East of England,A level,Music,Music,390.0,5.12821,22.30769,45.12821,71.79487,90.51282,98.20513
2022 to 23,East of England,A level,English,English language & literature,1101.0,3.45141,12.17075,42.68847,77.3842,93.73297,98.81926
2022 to 23,East of England,A level,Modern languages - other,Japanese,6.0,33.33333,66.66667,83.33333,83.33333,100.0,100.0
2022 to 23,East of England,A level,Science - Biology,Total Biology,6266.0,8.76157,25.34312,46.20172,66.58155,84.43983,95.5474
2022 to 23,East of England,A level,Classical studies,Classical Civilisation,369.0,4.33604,23.30623,57.99458,81.30081,94.57995,99.18699
2022 to 23,East of England,A level,Design and technology,D&T Textiles Technology,95.0,4.21053,22.10526,51.57895,72.63158,89.47368,96.84211
2022 to 23,East of England,A level,English,Total English,5282.0,6.2855,19.10261,50.71942,80.57554,94.54752,98.97766
2022 to 23,East of England,A level,Arts,Drama & Theatre Studies,1048.0,2.48092,14.50382,47.90076,76.24046,93.03435,98.66412
2022 to 23,East of England,A level,Design and technology,D&T Systems & Control,0.0,,,,,,
2022 to 23,East of England,A level,Art & Design,Fine Art,1316.0,11.39818,29.10334,58.81459,82.44681,94.83283,99.3921
2022 to 23,East of England,A level,Science - Physics,Total Physics,3341.0,8.6501,26.87818,46.87219,64.77103,82.10117,94.19336
2022 to 23,East of England,A level,Design and technology,Design & Technology,0.0,,,,,,
2022 to 23,East of England,A level,Modern languages - other,Russian,42.0,26.19048,90.47619,100.0,100.0,100.0,100.0
2022 to 23,East of England,A level,Maths - Further,Total Further Mathematics,1300.0,26.07692,55.69231,75.07692,85.92308,93.07692,97.61538
2022 to 23,East of England,A level,General studies,Total General studies,0.0,,,,,,
2022 to 23,East of England,A level,Modern languages - other,Turkish,27.0,14.81481,55.55556,81.48148,88.88889,92.59259,96.2963
2022 to 23,East of England,A level,Art & Design,3d Studies,145.0,6.2069,22.06897,47.58621,68.96552,86.2069,98.62069
2022 to 23,East of England,A level,Modern languages - other,Punjabi,1.0,0.0,100.0,100.0,100.0,100.0,100.0
2022 to 23,East of England,A level,Science - other,Total Other Sciences,417.0,9.11271,20.14388,41.00719,63.54916,82.2542,92.56595
2022 to 23,East of England,A level,All subjects,Total subjects,79766.0,7.55961,23.98641,49.74927,73.55264,89.0605,96.837
2022 to 23,East of England,A level,Art & Design,Total Art & Design,3923.0,9.68646,25.23579,56.13051,81.28983,93.9842,98.59801
2022 to 23,East of England,A level,Home Economics,Total Home Economics,0.0,,,,,,
2022 to 23,East of England,A level,Modern languages - other,Gujarati,0.0,,,,,,
2022 to 23,East of England,A level,Classical studies,Classical Greek,3.0,33.33333,100.0,100.0,100.0,100.0,100.0
2022 to 23,East of England,A level,Design and technology,Total D&T,1093.0,2.83623,11.5279,31.38152,58.46295,81.24428,93.41263
2022 to 23,East of England,A level,Physical Education,Physical Education/Sports Studies,1425.0,5.33333,17.75439,40.5614,66.24561,86.38596,95.78947
2022 to 23,East of England,A level,Art & Design,History of Art,22.0,0.0,13.63636,45.45455,81.81818,95.45455,95.45455
2022 to 23,East of England,A level,English,English language,1040.0,2.69231,12.5,44.23077,81.73077,95.76923,99.23077
2022 to 23,East of England,A level,Modern languages - other,Total Other Modern Languages,338.0,18.04734,53.5503,77.81065,86.68639,92.89941,96.4497
2022 to 23,East of England,A level,Arts,Communication Studies,0.0,,,,,,
2022 to 23,East of England,A level,All facilitating subjects,Total facilitating subjects,37057.0,10.2005,29.72988,53.23691,73.60283,88.33419,96.6619
2022 to 23,East of England,A level,Arts,Film Studies,935.0,2.56684,12.19251,46.63102,79.89305,94.0107,98.71658
2022 to 23,East of England,A level,Maths,Mathematics (Pure),0.0,,,,,,
2022 to 23,East of England,A level,Art & Design,Graphics,456.0,8.55263,25.4386,49.7807,74.34211,91.66667,98.02632
2022 to 23,East of England,A level,Science - other,Environmental Science,265.0,3.77358,10.56604,29.81132,56.60377,79.62264,90.56604
2022 to 23,East of England,A level,Art & Design,Critical Studies,17.0,0.0,23.52941,58.82353,100.0,100.0,100.0
2022 to 23,East of England,A level,Modern languages - other,Urdu,9.0,11.11111,22.22222,77.77778,100.0,100.0,100.0
2022 to 23,East of England,A level,Modern languages - other,Arabic,16.0,43.75,68.75,81.25,87.5,100.0,100.0
2022 to 23,East of England,A level,Archaeology,Total Archaeology,0.0,,,,,,
2022 to 23,East of England,A level,Maths,Mathematics (Statistics),93.0,1.07527,8.60215,32.25806,52.68817,76.34409,93.54839
2022 to 23,East of England,A level,Modern languages,French,573.0,8.90052,36.47469,65.27051,81.50087,92.84468,97.90576
2022 to 23,East of England,A level,Arts,Media/Film/Tv Studies,1907.0,1.88778,12.06083,43.89093,78.02832,94.8086,99.16099
2022 to 23,East of England,A level,Arts,Total Arts,3890.0,2.2108,12.75064,45.62982,77.99486,94.13882,98.92031
2022 to 23,East of England,A level,Arts,Creative Writing,0.0,,,,,,
2022 to 23,East of England,A level,Physical Education,Total Physical Education,1521.0,5.32544,17.61999,41.15713,67.12689,86.78501,95.98948
2022 to 23,East of England,A level,Religious Studies,Total Religious Studies,1331.0,4.73328,21.41247,50.63862,74.60556,89.63186,96.01803
2022 to 23,East of England,A level,All STEM subjects,Total STEM subjects,25735.0,11.56402,31.81659,52.143,70.19235,85.46726,95.65572
2022 to 23,East of England,A level,Physical Education,Dance,96.0,5.20833,15.625,50.0,80.20833,92.70833,98.95833
2022 to 23,North East,A level,General studies,General Studies,0.0,,,,,,
2022 to 23,North East,A level,Maths,Use of mathematics,0.0,,,,,,
2022 to 23,North East,A level,Modern languages - other,Irish,0.0,,,,,,
2022 to 23,North East,A level,Government and politics,Total Government and Politics,410.0,3.90244,16.09756,45.36585,70.73171,85.60976,97.31707
2022 to 23,North East,A level,Citizenship studies,Total Citizenship studies,0.0,,,,,,
2022 to 23,North East,A level,Science - Chemistry,Total Chemistry,1578.0,6.14702,26.9962,49.68314,70.08872,85.99493,96.13435
2022 to 23,North East,A level,Art & Design,Textiles,135.0,4.44444,25.92593,66.66667,88.14815,96.2963,98.51852
2022 to 23,North East,A level,Modern languages - other,Italian,19.0,31.57895,73.68421,89.47368,94.73684,94.73684,100.0
2022 to 23,North East,A level,Modern languages - other,Modern Greek,2.0,50.0,50.0,50.0,100.0,100.0,100.0
2022 to 23,North East,A level,Design and technology,D&T Product Design,244.0,0.81967,6.96721,24.59016,55.7377,76.63934,91.80328
2022 to 23,North East,A level,Classical studies,Latin,8.0,0.0,62.5,75.0,75.0,100.0,100.0
2022 to 23,North East,A level,Modern languages - other,Bengali,0.0,,,,,,
2022 to 23,North East,A level,Geography,Total Geography,1124.0,3.73665,18.77224,49.7331,77.84698,91.99288,97.41993
2022 to 23,North East,A level,History,Total History,1526.0,2.75229,17.69332,48.82045,77.52294,93.51245,98.42726
2022 to 23,North East,A level,Accounting and Finance,Total Accounting and finance,74.0,1.35135,13.51351,43.24324,74.32432,94.59459,98.64865
2022 to 23,North East,A level,Business Studies,Total Business Studies,1214.0,3.21252,13.59143,44.72817,73.88797,90.60956,97.19934
2022 to 23,North East,A level,Modern languages,Spanish,162.0,4.32099,20.98765,53.08642,76.54321,93.82716,99.38272
2022 to 23,North East,A level,Economics,Total Economics,651.0,3.0722,20.58372,50.23041,77.72657,92.62673,98.15668
2022 to 23,North East,A level,Music,Music Technology,14.0,0.0,14.28571,35.71429,42.85714,71.42857,92.85714
2022 to 23,North East,A level,Modern languages - other,Chinese,2.0,0.0,0.0,0.0,50.0,100.0,100.0
2022 to 23,North East,A level,Classical studies,Ancient History,0.0,,,,,,
2022 to 23,North East,A level,Modern languages - other,Persian,1.0,100.0,100.0,100.0,100.0,100.0,100.0
2022 to 23,North East,A level,Art & Design,Photography,326.0,4.90798,16.25767,50.30675,82.51534,93.25153,96.31902
2022 to 23,North East,A level,Home Economics,Home Economics (Food),0.0,,,,,,
2022 to 23,North East,A level,Modern languages - other,Portuguese,1.0,0.0,0.0,0.0,0.0,0.0,0.0
2022 to 23,North East,A level,Modern languages - other,Modern Hebrew,5.0,100.0,100.0,100.0,100.0,100.0,100.0
2022 to 23,North East,A level,Anthropology,Total Anthropology,0.0,,,,,,
2022 to 23,North East,A level,Logic/Philosophy,Total Logic/ Philosophy,40.0,0.0,10.0,47.5,72.5,85.0,95.0
2022 to 23,North East,A level,Science - other,Geology,49.0,8.16327,18.36735,44.89796,73.46939,91.83673,97.95918
2022 to 23,North East,A level,Sociology,Total Sociology,1589.0,4.97168,17.99874,46.50724,74.38641,91.56702,96.79043
2022 to 23,North East,A level,Law,Total Law,823.0,4.73876,15.43135,37.05954,62.81896,82.86756,95.86877
2022 to 23,North East,A level,Psychology,Total Psychology,2511.0,4.57985,15.33254,38.5902,65.5914,84.98606,96.33612
2022 to 23,North East,A level,Modern languages - other,Polish,7.0,0.0,42.85714,42.85714,57.14286,71.42857,85.71429
2022 to 23,North East,A level,Computer Science,Total Computer Science,475.0,2.73684,14.94737,35.78947,61.26316,81.68421,93.68421
2022 to 23,North East,A level,Modern languages,German,61.0,8.19672,36.06557,57.37705,88.52459,96.72131,100.0
2022 to 23,North East,A level,ICT,Total ICT,0.0,,,,,,
2022 to 23,North East,A level,Classical studies,Total Classical studies,115.0,5.21739,17.3913,51.30435,83.47826,93.04348,99.13043
2022 to 23,North East,A level,Design and technology,D&T Food Technology,0.0,,,,,,
2022 to 23,North East,A level,Maths,Maths,2295.0,11.80828,33.94336,52.46187,71.98257,86.01307,96.47059
2022 to 23,North East,A level,Maths,Total Maths,2303.0,11.76726,33.82545,52.36648,71.86279,85.97482,96.43943
2022 to 23,North East,A level,Classical studies,Other Classical Languages,4.0,100.0,100.0,100.0,100.0,100.0,100.0
2022 to 23,North East,A level,Art & Design,Art and design,212.0,9.90566,25.9434,55.66038,80.66038,91.98113,96.22642
2022 to 23,North East,A level,Science - other,Electronics,4.0,0.0,0.0,0.0,0.0,25.0,100.0
2022 to 23,North East,A level,Geography,Geography,1124.0,3.73665,18.77224,49.7331,77.84698,91.99288,97.41993
2022 to 23,North East,A level,Design and technology,D&T Engineering,15.0,0.0,6.66667,26.66667,53.33333,80.0,93.33333
2022 to 23,North East,A level,English,English literature,1156.0,6.83391,18.51211,50.0,81.31488,96.6263,99.74048
2022 to 23,North East,A level,Music,Total Music,96.0,2.08333,13.54167,40.625,78.125,92.70833,97.91667
2022 to 23,North East,A level,Modern languages,Total Modern languages including Other,486.0,9.0535,32.30453,61.11111,81.893,94.03292,98.55967
2022 to 23,North East,A level,Music,Music,82.0,2.43902,13.41463,41.46341,84.14634,96.34146,98.78049
2022 to 23,North East,A level,English,English language & literature,55.0,0.0,9.09091,29.09091,65.45455,89.09091,98.18182
2022 to 23,North East,A level,Modern languages - other,Japanese,2.0,0.0,50.0,100.0,100.0,100.0,100.0
2022 to 23,North East,A level,Science - Biology,Total Biology,1978.0,5.7634,21.78969,45.34884,67.29019,86.19818,96.51163
2022 to 23,North East,A level,Classical studies,Classical Civilisation,103.0,1.94175,10.67961,47.57282,83.49515,92.23301,99.02913
2022 to 23,North East,A level,Design and technology,D&T Textiles Technology,6.0,0.0,0.0,50.0,66.66667,83.33333,100.0
2022 to 23,North East,A level,English,Total English,2260.0,4.64602,14.95575,46.41593,79.82301,96.68142,99.60177
2022 to 23,North East,A level,Arts,Drama & Theatre Studies,170.0,1.76471,8.23529,40.58824,73.52941,95.29412,98.82353
2022 to 23,North East,A level,Design and technology,D&T Systems & Control,0.0,,,,,,
2022 to 23,North East,A level,Art & Design,Fine Art,508.0,10.82677,26.37795,54.33071,82.48031,93.89764,99.01575
2022 to 23,North East,A level,Science - Physics,Total Physics,987.0,7.59878,26.0385,45.49139,65.75481,82.77609,96.4539
2022 to 23,North East,A level,Design and technology,Design & Technology,0.0,,,,,,
2022 to 23,North East,A level,Modern languages - other,Russian,5.0,20.0,100.0,100.0,100.0,100.0,100.0
2022 to 23,North East,A level,Maths - Further,Total Further Mathematics,289.0,25.60554,50.86505,70.24221,83.73702,93.07958,98.2699
2022 to 23,North East,A level,General studies,Total General studies,0.0,,,,,,
2022 to 23,North East,A level,Modern languages - other,Turkish,8.0,50.0,62.5,100.0,100.0,100.0,100.0
2022 to 23,North East,A level,Art & Design,3d Studies,30.0,3.33333,20.0,70.0,90.0,96.66667,100.0
2022 to 23,North East,A level,Modern languages - other,Punjabi,0.0,,,,,,
2022 to 23,North East,A level,Science - other,Total Other Sciences,82.0,7.31707,17.07317,39.02439,62.19512,86.58537,98.78049
2022 to 23,North East,A level,All subjects,Total subjects,24336.0,5.62541,20.42653,46.96335,72.94543,89.24638,97.19757
2022 to 23,North East,A level,Art & Design,Total Art & Design,1459.0,7.67649,23.37217,55.79164,83.00206,94.03701,98.08088
2022 to 23,North East,A level,Home Economics,Total Home Economics,0.0,,,,,,
2022 to 23,North East,A level,Modern languages - other,Gujarati,0.0,,,,,,
2022 to 23,North East,A level,Classical studies,Classical Greek,0.0,,,,,,
2022 to 23,North East,A level,Design and technology,Total D&T,265.0,0.75472,6.79245,25.28302,55.84906,76.98113,92.07547
2022 to 23,North East,A level,Physical Education,Physical Education/Sports Studies,379.0,6.86016,17.94195,44.06332,69.65699,85.75198,97.36148
2022 to 23,North East,A level,Art & Design,History of Art,0.0,,,,,,
2022 to 23,North East,A level,English,English language,1049.0,2.47855,11.34414,43.37464,78.93232,97.14013,99.52336
2022 to 23,North East,A level,Modern languages - other,Total Other Modern Languages,72.0,30.55556,61.11111,76.38889,84.72222,88.88889,94.44444
2022 to 23,North East,A level,Arts,Communication Studies,0.0,,,,,,
2022 to 23,North East,A level,All facilitating subjects,Total facilitating subjects,11427.0,7.33351,25.35224,50.07439,73.35259,88.95598,97.25212
2022 to 23,North East,A level,Arts,Film Studies,285.0,1.05263,15.78947,60.70175,86.66667,96.84211,99.29825
2022 to 23,North East,A level,Maths,Mathematics (Pure),0.0,,,,,,
2022 to 23,North East,A level,Art & Design,Graphics,234.0,5.55556,24.35897,59.40171,83.76068,95.7265,99.57265
2022 to 23,North East,A level,Science - other,Environmental Science,29.0,6.89655,17.24138,34.48276,51.72414,86.2069,100.0
2022 to 23,North East,A level,Art & Design,Critical Studies,14.0,0.0,7.14286,42.85714,71.42857,92.85714,100.0
2022 to 23,North East,A level,Modern languages - other,Urdu,2.0,0.0,50.0,50.0,50.0,50.0,50.0
2022 to 23,North East,A level,Modern languages - other,Arabic,18.0,22.22222,44.44444,66.66667,77.77778,83.33333,94.44444
2022 to 23,North East,A level,Archaeology,Total Archaeology,0.0,,,,,,
2022 to 23,North East,A level,Maths,Mathematics (Statistics),8.0,0.0,0.0,25.0,37.5,75.0,87.5
2022 to 23,North East,A level,Modern languages,French,191.0,5.2356,29.84293,63.35079,83.24607,95.28796,98.95288
2022 to 23,North East,A level,Arts,Media/Film/Tv Studies,594.0,1.3468,12.79461,45.6229,77.60943,95.2862,99.6633
2022 to 23,North East,A level,Arts,Total Arts,1049.0,1.3346,12.8694,48.90372,79.40896,95.7102,99.42803
2022 to 23,North East,A level,Arts,Creative Writing,0.0,,,,,,
2022 to 23,North East,A level,Physical Education,Total Physical Education,388.0,6.70103,18.29897,44.58763,70.10309,86.08247,97.42268
2022 to 23,North East,A level,Religious Studies,Total Religious Studies,564.0,2.65957,16.84397,44.85816,72.51773,86.87943,95.56738
2022 to 23,North East,A level,All STEM subjects,Total STEM subjects,7610.0,8.46255,27.73982,48.7385,69.30355,85.62418,96.29435
2022 to 23,North East,A level,Physical Education,Dance,9.0,0.0,33.33333,66.66667,88.88889,100.0,100.0
2022 to 23,West Midlands,A level,General studies,General Studies,0.0,,,,,,
2022 to 23,West Midlands,A level,Maths,Use of mathematics,0.0,,,,,,
2022 to 23,West Midlands,A level,Modern languages - other,Irish,0.0,,,,,,
2022 to 23,West Midlands,A level,Government and politics,Total Government and Politics,1157.0,5.01296,22.81763,50.12965,75.54019,89.71478,97.66638
2022 to 23,West Midlands,A level,Citizenship studies,Total Citizenship studies,0.0,,,,,,
2022 to 23,West Midlands,A level,Science - Chemistry,Total Chemistry,5422.0,6.28919,23.88418,45.75802,64.60716,82.36813,94.89118
2022 to 23,West Midlands,A level,Art & Design,Textiles,171.0,9.35673,26.31579,52.63158,83.04094,92.98246,97.66082
2022 to 23,West Midlands,A level,Modern languages - other,Italian,80.0,21.25,66.25,82.5,90.0,96.25,98.75
2022 to 23,West Midlands,A level,Modern languages - other,Modern Greek,7.0,0.0,14.28571,71.42857,100.0,100.0,100.0
2022 to 23,West Midlands,A level,Design and technology,D&T Product Design,702.0,3.1339,13.67521,36.89459,64.67236,84.75783,95.01425
2022 to 23,West Midlands,A level,Classical studies,Latin,22.0,27.27273,68.18182,77.27273,100.0,100.0,100.0
2022 to 23,West Midlands,A level,Modern languages - other,Bengali,0.0,,,,,,
2022 to 23,West Midlands,A level,Geography,Total Geography,2857.0,5.14526,22.19111,50.40252,76.89884,92.68463,98.14491
2022 to 23,West Midlands,A level,History,Total History,3926.0,3.7188,17.49873,47.22364,74.73255,92.12939,98.08966
2022 to 23,West Midlands,A level,Accounting and Finance,Total Accounting and finance,329.0,0.6079,9.42249,27.35562,54.10334,74.46809,96.35258
2022 to 23,West Midlands,A level,Business Studies,Total Business Studies,3689.0,3.79507,15.01762,44.4836,74.16644,91.43399,97.75007
2022 to 23,West Midlands,A level,Modern languages,Spanish,350.0,5.71429,31.71429,57.42857,77.42857,91.42857,97.71429
2022 to 23,West Midlands,A level,Economics,Total Economics,2128.0,5.59211,25.79887,52.34962,77.44361,91.91729,97.65038
2022 to 23,West Midlands,A level,Music,Music Technology,26.0,0.0,0.0,15.38462,26.92308,76.92308,100.0
2022 to 23,West Midlands,A level,Modern languages - other,Chinese,19.0,5.26316,31.57895,84.21053,100.0,100.0,100.0
2022 to 23,West Midlands,A level,Classical studies,Ancient History,27.0,0.0,3.7037,48.14815,85.18519,100.0,100.0
2022 to 23,West Midlands,A level,Modern languages - other,Persian,1.0,0.0,0.0,0.0,100.0,100.0,100.0
2022 to 23,West Midlands,A level,Art & Design,Photography,645.0,6.20155,14.72868,44.96124,74.57364,90.23256,95.65891
2022 to 23,West Midlands,A level,Home Economics,Home Economics (Food),0.0,,,,,,
2022 to 23,West Midlands,A level,Modern languages - other,Portuguese,9.0,11.11111,55.55556,66.66667,88.88889,100.0,100.0
2022 to 23,West Midlands,A level,Modern languages - other,Modern Hebrew,0.0,,,,,,
2022 to 23,West Midlands,A level,Anthropology,Total Anthropology,0.0,,,,,,
2022 to 23,West Midlands,A level,Logic/Philosophy,Total Logic/ Philosophy,203.0,4.4335,19.21182,46.30542,71.92118,91.133,97.53695
2022 to 23,West Midlands,A level,Science - other,Geology,137.0,7.29927,16.78832,37.22628,70.07299,88.32117,96.35036
2022 to 23,West Midlands,A level,Sociology,Total Sociology,4541.0,3.96388,15.28298,44.02114,72.18674,90.35455,97.40145
2022 to 23,West Midlands,A level,Law,Total Law,1646.0,3.94897,14.5808,38.1531,63.97327,83.83961,94.59295
2022 to 23,West Midlands,A level,Psychology,Total Psychology,7301.0,5.42391,17.88796,42.89823,68.11396,85.94713,96.02794
2022 to 23,West Midlands,A level,Modern languages - other,Polish,41.0,14.63415,60.97561,75.60976,85.36585,87.80488,92.68293
2022 to 23,West Midlands,A level,Computer Science,Total Computer Science,1589.0,3.83889,17.30648,39.71051,63.37319,83.51164,94.08433
2022 to 23,West Midlands,A level,Modern languages,German,135.0,11.85185,34.81481,61.48148,82.22222,96.2963,99.25926
2022 to 23,West Midlands,A level,ICT,Total ICT,0.0,,,,,,
2022 to 23,West Midlands,A level,Classical studies,Total Classical studies,320.0,6.5625,28.4375,56.875,82.5,94.0625,98.75
2022 to 23,West Midlands,A level,Design and technology,D&T Food Technology,0.0,,,,,,
2022 to 23,West Midlands,A level,Maths,Maths,6969.0,11.53681,33.04635,53.10662,70.56967,85.11982,95.36519
2022 to 23,West Midlands,A level,Maths,Total Maths,7189.0,11.22548,32.38281,52.45514,70.30185,84.96314,95.36792
2022 to 23,West Midlands,A level,Classical studies,Other Classical Languages,0.0,,,,,,
2022 to 23,West Midlands,A level,Art & Design,Art and design,256.0,8.20313,25.39063,55.07813,79.29688,92.96875,98.04688
2022 to 23,West Midlands,A level,Science - other,Electronics,47.0,4.25532,21.2766,34.04255,59.57447,80.85106,89.3617
2022 to 23,West Midlands,A level,Geography,Geography,2857.0,5.14526,22.19111,50.40252,76.89884,92.68463,98.14491
2022 to 23,West Midlands,A level,Design and technology,D&T Engineering,56.0,1.78571,14.28571,30.35714,50.0,80.35714,96.42857
2022 to 23,West Midlands,A level,English,English literature,2935.0,7.35945,19.59114,49.26746,77.71721,92.91312,98.67121
2022 to 23,West Midlands,A level,Music,Total Music,282.0,4.60993,15.60284,37.94326,67.02128,86.17021,95.74468
2022 to 23,West Midlands,A level,Modern languages,Total Modern languages including Other,1162.0,11.27367,38.3821,64.80207,82.70224,93.71773,97.9346
2022 to 23,West Midlands,A level,Music,Music,256.0,5.07813,17.1875,40.23438,71.09375,87.10938,95.3125
2022 to 23,West Midlands,A level,English,English language & literature,753.0,2.92165,13.41301,42.49668,80.21248,95.61753,99.07039
2022 to 23,West Midlands,A level,Modern languages - other,Japanese,4.0,0.0,100.0,100.0,100.0,100.0,100.0
2022 to 23,West Midlands,A level,Science - Biology,Total Biology,6749.0,6.43058,21.21796,41.68025,63.5057,82.10105,94.84368
2022 to 23,West Midlands,A level,Classical studies,Classical Civilisation,270.0,5.18519,27.40741,55.92593,80.74074,92.96296,98.51852
2022 to 23,West Midlands,A level,Design and technology,D&T Textiles Technology,13.0,0.0,7.69231,46.15385,84.61538,100.0,100.0
2022 to 23,West Midlands,A level,English,Total English,4833.0,5.19346,16.09766,45.76867,77.81916,93.85475,98.75854
2022 to 23,West Midlands,A level,Arts,Drama & Theatre Studies,489.0,3.88548,11.86094,46.01227,76.48262,94.06953,99.182
2022 to 23,West Midlands,A level,Design and technology,D&T Systems & Control,0.0,,,,,,
2022 to 23,West Midlands,A level,Art & Design,Fine Art,1300.0,9.38462,25.92308,59.30769,84.0,94.84615,98.61538
2022 to 23,West Midlands,A level,Science - Physics,Total Physics,2865.0,7.36475,24.25829,41.7452,61.39616,79.0925,93.82199
2022 to 23,West Midlands,A level,Design and technology,Design & Technology,0.0,,,,,,
2022 to 23,West Midlands,A level,Modern languages - other,Russian,6.0,33.33333,83.33333,83.33333,100.0,100.0,100.0
2022 to 23,West Midlands,A level,Maths - Further,Total Further Mathematics,858.0,23.31002,50.58275,71.56177,85.19814,93.93939,97.08625
2022 to 23,West Midlands,A level,General studies,Total General studies,0.0,,,,,,
2022 to 23,West Midlands,A level,Modern languages - other,Turkish,6.0,50.0,83.33333,100.0,100.0,100.0,100.0
2022 to 23,West Midlands,A level,Art & Design,3d Studies,124.0,3.22581,10.48387,34.67742,64.51613,83.87097,95.16129
2022 to 23,West Midlands,A level,Modern languages - other,Punjabi,28.0,42.85714,64.28571,75.0,89.28571,96.42857,96.42857
2022 to 23,West Midlands,A level,Science - other,Total Other Sciences,312.0,4.48718,12.5,29.48718,62.5,85.25641,93.91026
2022 to 23,West Midlands,A level,All subjects,Total subjects,67603.0,6.13878,21.16622,46.36776,71.05306,87.74315,96.51791
2022 to 23,West Midlands,A level,Art & Design,Total Art & Design,2932.0,7.94679,21.99864,53.54707,80.21828,92.97408,97.68076
2022 to 23,West Midlands,A level,Home Economics,Total Home Economics,0.0,,,,,,
2022 to 23,West Midlands,A level,Modern languages - other,Gujarati,0.0,,,,,,
2022 to 23,West Midlands,A level,Classical studies,Classical Greek,1.0,100.0,100.0,100.0,100.0,100.0,100.0
2022 to 23,West Midlands,A level,Design and technology,Total D&T,771.0,2.98314,13.61868,36.57588,63.94293,84.6952,95.20104
2022 to 23,West Midlands,A level,Physical Education,Physical Education/Sports Studies,881.0,3.63224,14.30193,36.43587,63.90465,84.563,97.38933
2022 to 23,West Midlands,A level,Art & Design,History of Art,28.0,0.0,7.14286,25.0,64.28571,96.42857,96.42857
2022 to 23,West Midlands,A level,English,English language,1145.0,1.13537,8.9083,38.95197,76.50655,95.10917,98.77729
2022 to 23,West Midlands,A level,Modern languages - other,Total Other Modern Languages,267.0,24.7191,61.42322,80.14981,89.51311,94.00749,96.62921
2022 to 23,West Midlands,A level,Arts,Communication Studies,0.0,,,,,,
2022 to 23,West Midlands,A level,All facilitating subjects,Total facilitating subjects,33766.0,7.80963,25.2236,48.3208,69.87206,86.22579,96.02855
2022 to 23,West Midlands,A level,Arts,Film Studies,583.0,2.05832,12.17839,51.45798,85.59177,97.08405,98.97084
2022 to 23,West Midlands,A level,Maths,Mathematics (Pure),0.0,,,,,,
2022 to 23,West Midlands,A level,Art & Design,Graphics,408.0,7.35294,21.56863,55.88235,82.35294,93.87255,98.52941
2022 to 23,West Midlands,A level,Science - other,Environmental Science,128.0,1.5625,4.6875,19.53125,55.46875,83.59375,92.96875
2022 to 23,West Midlands,A level,Art & Design,Critical Studies,0.0,,,,,,
2022 to 23,West Midlands,A level,Modern languages - other,Urdu,29.0,37.93103,65.51724,93.10345,96.55172,100.0,100.0
2022 to 23,West Midlands,A level,Modern languages - other,Arabic,37.0,35.13514,62.16216,72.97297,75.67568,81.08108,89.18919
2022 to 23,West Midlands,A level,Archaeology,Total Archaeology,0.0,,,,,,
2022 to 23,West Midlands,A level,Maths,Mathematics (Statistics),220.0,1.36364,11.36364,31.81818,61.81818,80.0,95.45455
2022 to 23,West Midlands,A level,Modern languages,French,410.0,7.07317,30.2439,62.19512,82.92683,94.63415,98.53659
2022 to 23,West Midlands,A level,Arts,Media/Film/Tv Studies,1035.0,1.83575,12.56039,43.18841,78.16425,93.71981,98.55072
2022 to 23,West Midlands,A level,Arts,Total Arts,2107.0,2.37304,12.29236,46.13194,79.82914,94.73185,98.81348
2022 to 23,West Midlands,A level,Arts,Creative Writing,0.0,,,,,,
2022 to 23,West Midlands,A level,Physical Education,Total Physical Education,933.0,4.07288,15.43408,37.62058,64.84459,85.10182,97.42765
2022 to 23,West Midlands,A level,Religious Studies,Total Religious Studies,1502.0,3.99467,20.03995,49.73369,78.22903,91.81092,98.33555
2022 to 23,West Midlands,A level,All STEM subjects,Total STEM subjects,24672.0,8.32523,26.17947,46.63586,66.22892,83.14689,94.91732
2022 to 23,West Midlands,A level,Physical Education,Dance,52.0,11.53846,34.61538,57.69231,80.76923,94.23077,98.07692
2022 to 23,West Midlands,AS level,Arts,Communication Studies,0.0,,,,,,
2022 to 23,West Midlands,AS level,Science - Chemistry,Total Chemistry,589.0,0.0,7.97963,21.05263,35.31409,52.80136,72.1562
2022 to 23,West Midlands,AS level,Art & Design,3d Studies,1.0,0.0,0.0,0.0,0.0,100.0,100.0
2022 to 23,West Midlands,AS level,Art & Design,Photography,58.0,0.0,18.96552,39.65517,70.68966,87.93103,93.10345
2022 to 23,West Midlands,AS level,General studies,General Studies,0.0,,,,,,
2022 to 23,West Midlands,AS level,Science - other,Total Other Sciences,16.0,0.0,6.25,31.25,37.5,81.25,87.5
2022 to 23,West Midlands,AS level,Art & Design,Textiles,10.0,0.0,40.0,80.0,100.0,100.0,100.0
2022 to 23,West Midlands,AS level,Sociology,Total Sociology,862.0,0.0,9.28074,22.96984,41.64733,60.32483,77.61021
2022 to 23,West Midlands,AS level,Art & Design,Graphics,17.0,0.0,47.05882,70.58824,100.0,100.0,100.0
2022 to 23,West Midlands,AS level,Maths,Mathematics (Statistics),0.0,,,,,,
2022 to 23,West Midlands,AS level,Modern languages,Total Modern languages including Other,61.0,0.0,18.03279,47.54098,67.21311,85.2459,95.08197
2022 to 23,West Midlands,AS level,English,English literature,292.0,0.0,6.84932,24.65753,48.63014,74.31507,92.80822
2022 to 23,West Midlands,AS level,Accounting and Finance,Total Accounting and finance,0.0,,,,,,
2022 to 23,West Midlands,AS level,Classical studies,Ancient History,0.0,,,,,,
2022 to 23,West Midlands,AS level,Home Economics,Home Economics (Food),0.0,,,,,,
2022 to 23,West Midlands,AS level,Arts,Drama & Theatre Studies,17.0,0.0,29.41176,70.58824,88.23529,100.0,100.0
2022 to 23,West Midlands,AS level,Design and technology,D&T Product Design,7.0,0.0,0.0,14.28571,14.28571,57.14286,85.71429
2022 to 23,West Midlands,AS level,Classical studies,Latin,1.0,0.0,100.0,100.0,100.0,100.0,100.0
2022 to 23,West Midlands,AS level,Business Studies,Total Business Studies,494.0,0.0,10.52632,25.50607,49.19028,72.46964,88.05668
2022 to 23,West Midlands,AS level,Modern languages - other,Irish,0.0,,,,,,
2022 to 23,West Midlands,AS level,English,English language & literature,70.0,0.0,4.28571,17.14286,42.85714,72.85714,85.71429
2022 to 23,West Midlands,AS level,Modern languages - other,Turkish,0.0,,,,,,
2022 to 23,West Midlands,AS level,Science - other,Geology,16.0,0.0,6.25,31.25,37.5,81.25,87.5
2022 to 23,West Midlands,AS level,Modern languages - other,Japanese,0.0,,,,,,
2022 to 23,West Midlands,AS level,Physical Education,Total Physical Education,36.0,0.0,19.44444,41.66667,63.88889,77.77778,88.88889
2022 to 23,West Midlands,AS level,Arts,Creative Writing,0.0,,,,,,
2022 to 23,West Midlands,AS level,Modern languages - other,Bengali,0.0,,,,,,
2022 to 23,West Midlands,AS level,Maths,Use of mathematics,0.0,,,,,,
2022 to 23,West Midlands,AS level,Economics,Total Economics,140.0,0.0,7.14286,19.28571,30.71429,47.85714,63.57143
2022 to 23,West Midlands,AS level,Geography,Total Geography,185.0,0.0,11.89189,29.18919,45.94595,66.48649,76.75676
2022 to 23,West Midlands,AS level,Physical Education,Physical Education/Sports Studies,36.0,0.0,19.44444,41.66667,63.88889,77.77778,88.88889
2022 to 23,West Midlands,AS level,Modern languages - other,Portuguese,0.0,,,,,,
2022 to 23,West Midlands,AS level,Modern languages,German,10.0,0.0,10.0,70.0,80.0,80.0,100.0
2022 to 23,West Midlands,AS level,Physical Education,Dance,0.0,,,,,,
2022 to 23,West Midlands,AS level,Religious Studies,Total Religious Studies,220.0,0.0,12.72727,32.27273,56.36364,75.0,87.72727
2022 to 23,West Midlands,AS level,Science - Biology,Total Biology,700.0,0.0,9.85714,21.0,40.42857,57.28571,77.42857
2022 to 23,West Midlands,AS level,Modern languages - other,Italian,0.0,,,,,,
2022 to 23,West Midlands,AS level,Art & Design,Art and design,12.0,0.0,25.0,58.33333,75.0,91.66667,100.0
2022 to 23,West Midlands,AS level,Modern languages - other,Modern Greek,0.0,,,,,,
2022 to 23,West Midlands,AS level,Home Economics,Total Home Economics,0.0,,,,,,
2022 to 23,West Midlands,AS level,Government and politics,Total Government and Politics,141.0,0.0,11.34752,26.24113,47.51773,69.50355,85.10638
2022 to 23,West Midlands,AS level,Design and technology,Design & Technology,0.0,,,,,,
2022 to 23,West Midlands,AS level,Design and technology,D&T Engineering,0.0,,,,,,
2022 to 23,West Midlands,AS level,Computer Science,Total Computer Science,126.0,0.0,7.93651,16.66667,26.98413,44.44444,61.90476
2022 to 23,West Midlands,AS level,Art & Design,Critical Studies,0.0,,,,,,
2022 to 23,West Midlands,AS level,Classical studies,Classical Greek,0.0,,,,,,
2022 to 23,West Midlands,AS level,Music,Music,10.0,0.0,10.0,20.0,60.0,90.0,100.0
2022 to 23,West Midlands,AS level,Logic/Philosophy,Total Logic/ Philosophy,0.0,,,,,,
2022 to 23,West Midlands,AS level,English,English language,105.0,0.0,10.47619,26.66667,55.2381,80.95238,92.38095
2022 to 23,West Midlands,AS level,Maths,Total Maths,793.0,0.0,18.28499,28.87768,42.11854,58.13367,71.62673
2022 to 23,West Midlands,AS level,Modern languages - other,Punjabi,0.0,,,,,,
2022 to 23,West Midlands,AS level,Archaeology,Total Archaeology,0.0,,,,,,
2022 to 23,West Midlands,AS level,Modern languages - other,Chinese,0.0,,,,,,
2022 to 23,West Midlands,AS level,Psychology,Total Psychology,1004.0,0.0,10.65737,22.31076,40.13944,58.76494,76.59363
2022 to 23,West Midlands,AS level,Arts,Film Studies,78.0,0.0,7.69231,39.74359,58.97436,84.61538,92.30769
2022 to 23,West Midlands,AS level,Modern languages - other,Total Other Modern Languages,0.0,,,,,,
2022 to 23,West Midlands,AS level,Music,Total Music,12.0,0.0,16.66667,25.0,66.66667,91.66667,100.0
2022 to 23,West Midlands,AS level,Maths - Further,Total Further Mathematics,357.0,0.0,43.41737,57.42297,73.38936,84.59384,90.19608
2022 to 23,West Midlands,AS level,Citizenship studies,Total Citizenship studies,0.0,,,,,,
2022 to 23,West Midlands,AS level,Anthropology,Total Anthropology,0.0,,,,,,
2022 to 23,West Midlands,AS level,Classical studies,Other Classical Languages,0.0,,,,,,
2022 to 23,West Midlands,AS level,General studies,Total General studies,0.0,,,,,,
2022 to 23,West Midlands,AS level,Modern languages - other,Modern Hebrew,0.0,,,,,,
2022 to 23,West Midlands,AS level,Art & Design,Fine Art,75.0,0.0,21.33333,60.0,88.0,97.33333,100.0
2022 to 23,West Midlands,AS level,Music,Music Technology,2.0,0.0,50.0,50.0,100.0,100.0,100.0
2022 to 23,West Midlands,AS level,Science - other,Electronics,0.0,,,,,,
2022 to 23,West Midlands,AS level,Geography,Geography,185.0,0.0,11.89189,29.18919,45.94595,66.48649,76.75676
2022 to 23,West Midlands,AS level,Arts,Media/Film/Tv Studies,50.0,0.0,0.0,8.0,40.0,68.0,92.0
2022 to 23,West Midlands,AS level,Art & Design,History of Art,0.0,,,,,,
2022 to 23,West Midlands,AS level,Science - Physics,Total Physics,246.0,0.0,10.56911,20.73171,31.70732,48.37398,73.98374
2022 to 23,West Midlands,AS level,All STEM subjects,Total STEM subjects,2811.0,0.0,16.07969,27.64141,42.65386,58.69797,75.31128
2022 to 23,West Midlands,AS level,Modern languages - other,Persian,0.0,,,,,,
2022 to 23,West Midlands,AS level,Classical studies,Classical Civilisation,19.0,0.0,15.78947,42.10526,52.63158,68.42105,78.94737
2022 to 23,West Midlands,AS level,Modern languages,French,28.0,0.0,21.42857,50.0,71.42857,89.28571,96.42857
2022 to 23,West Midlands,AS level,Maths,Maths,793.0,0.0,18.28499,28.87768,42.11854,58.13367,71.62673
2022 to 23,West Midlands,AS level,Modern languages - other,Gujarati,0.0,,,,,,
2022 to 23,West Midlands,AS level,Design and technology,D&T Systems & Control,0.0,,,,,,
2022 to 23,West Midlands,AS level,Law,Total Law,359.0,0.0,9.47075,19.49861,34.26184,50.69638,68.52368
2022 to 23,West Midlands,AS level,Design and technology,D&T Textiles Technology,0.0,,,,,,
2022 to 23,West Midlands,AS level,Modern languages,Spanish,23.0,0.0,17.3913,34.78261,56.52174,82.6087,91.30435
2022 to 23,West Midlands,AS level,Modern languages - other,Russian,0.0,,,,,,
2022 to 23,West Midlands,AS level,Modern languages - other,Urdu,0.0,,,,,,
2022 to 23,West Midlands,AS level,All subjects,Total subjects,7413.0,0.0,12.66694,26.46702,44.71874,63.15931,79.26615
2022 to 23,West Midlands,AS level,Art & Design,Total Art & Design,173.0,0.0,24.27746,54.91329,82.65896,94.21965,97.68786
2022 to 23,West Midlands,AS level,Modern languages - other,Arabic,0.0,,,,,,
2022 to 23,West Midlands,AS level,ICT,Total ICT,0.0,,,,,,
2022 to 23,West Midlands,AS level,History,Total History,260.0,0.0,10.0,23.84615,48.07692,66.92308,86.92308
2022 to 23,West Midlands,AS level,Modern languages - other,Polish,0.0,,,,,,
2022 to 23,West Midlands,AS level,Design and technology,D&T Food Technology,0.0,,,,,,
2022 to 23,West Midlands,AS level,Science - other,Environmental Science,0.0,,,,,,
2022 to 23,West Midlands,AS level,Design and technology,Total D&T,7.0,0.0,0.0,14.28571,14.28571,57.14286,85.71429
2022 to 23,West Midlands,AS level,All facilitating subjects,Total facilitating subjects,3484.0,0.0,14.98278,27.95637,44.74742,62.02641,78.55913
2022 to 23,West Midlands,AS level,Classical studies,Total Classical studies,20.0,0.0,20.0,45.0,55.0,70.0,80.0
2022 to 23,West Midlands,AS level,Maths,Mathematics (Pure),0.0,,,,,,
2022 to 23,West Midlands,AS level,English,Total English,467.0,0.0,7.28051,23.98287,49.25054,75.58887,91.64882
2022 to 23,West Midlands,AS level,Arts,Total Arts,145.0,0.0,7.58621,32.41379,55.86207,80.68966,93.10345
2022 to 23,Yorkshire and The Humber,AS level,Arts,Communication Studies,0.0,,,,,,
2022 to 23,Yorkshire and The Humber,AS level,Science - Chemistry,Total Chemistry,187.0,0.0,12.83422,25.13369,37.43316,53.47594,72.19251
2022 to 23,Yorkshire and The Humber,AS level,Art & Design,3d Studies,1.0,0.0,100.0,100.0,100.0,100.0,100.0
2022 to 23,Yorkshire and The Humber,AS level,Art & Design,Photography,64.0,0.0,15.625,32.8125,68.75,81.25,84.375
2022 to 23,Yorkshire and The Humber,AS level,General studies,General Studies,0.0,,,,,,
2022 to 23,Yorkshire and The Humber,AS level,Science - other,Total Other Sciences,17.0,0.0,5.88235,11.76471,17.64706,29.41176,58.82353
2022 to 23,Yorkshire and The Humber,AS level,Art & Design,Textiles,18.0,0.0,27.77778,44.44444,61.11111,77.77778,94.44444
2022 to 23,Yorkshire and The Humber,AS level,Sociology,Total Sociology,245.0,0.0,12.65306,30.20408,48.16327,69.38776,86.93878
2022 to 23,Yorkshire and The Humber,AS level,Art & Design,Graphics,1.0,0.0,100.0,100.0,100.0,100.0,100.0
2022 to 23,Yorkshire and The Humber,AS level,Maths,Mathematics (Statistics),0.0,,,,,,
2022 to 23,Yorkshire and The Humber,AS level,Modern languages,Total Modern languages including Other,60.0,0.0,30.0,56.66667,65.0,88.33333,96.66667
2022 to 23,Yorkshire and The Humber,AS level,English,English literature,106.0,0.0,21.69811,36.79245,59.43396,78.30189,95.28302
2022 to 23,Yorkshire and The Humber,AS level,Accounting and Finance,Total Accounting and finance,0.0,,,,,,
2022 to 23,Yorkshire and The Humber,AS level,Classical studies,Ancient History,60.0,0.0,15.0,46.66667,71.66667,88.33333,91.66667
2022 to 23,Yorkshire and The Humber,AS level,Home Economics,Home Economics (Food),0.0,,,,,,
2022 to 23,Yorkshire and The Humber,AS level,Arts,Drama & Theatre Studies,28.0,0.0,42.85714,60.71429,85.71429,92.85714,96.42857
2022 to 23,Yorkshire and The Humber,AS level,Design and technology,D&T Product Design,20.0,0.0,35.0,60.0,75.0,90.0,95.0
2022 to 23,Yorkshire and The Humber,AS level,Classical studies,Latin,0.0,,,,,,
2022 to 23,Yorkshire and The Humber,AS level,Business Studies,Total Business Studies,159.0,0.0,11.94969,28.30189,47.79874,66.66667,85.53459
2022 to 23,Yorkshire and The Humber,AS level,Modern languages - other,Irish,0.0,,,,,,
2022 to 23,Yorkshire and The Humber,AS level,English,English language & literature,34.0,0.0,2.94118,2.94118,8.82353,44.11765,79.41176
2022 to 23,Yorkshire and The Humber,AS level,Modern languages - other,Turkish,0.0,,,,,,
2022 to 23,Yorkshire and The Humber,AS level,Science - other,Geology,17.0,0.0,5.88235,11.76471,17.64706,29.41176,58.82353
2022 to 23,Yorkshire and The Humber,AS level,Modern languages - other,Japanese,0.0,,,,,,
2022 to 23,Yorkshire and The Humber,AS level,Physical Education,Total Physical Education,14.0,0.0,14.28571,35.71429,57.14286,78.57143,85.71429
2022 to 23,Yorkshire and The Humber,AS level,Arts,Creative Writing,0.0,,,,,,
2022 to 23,Yorkshire and The Humber,AS level,Modern languages - other,Bengali,0.0,,,,,,
2022 to 23,Yorkshire and The Humber,AS level,Maths,Use of mathematics,0.0,,,,,,
2022 to 23,Yorkshire and The Humber,AS level,Economics,Total Economics,89.0,0.0,3.37079,17.97753,31.46067,49.4382,70.78652
2022 to 23,Yorkshire and The Humber,AS level,Geography,Total Geography,73.0,0.0,10.9589,28.76712,52.05479,68.49315,78.08219
2022 to 23,Yorkshire and The Humber,AS level,Physical Education,Physical Education/Sports Studies,14.0,0.0,14.28571,35.71429,57.14286,78.57143,85.71429
2022 to 23,Yorkshire and The Humber,AS level,Modern languages - other,Portuguese,0.0,,,,,,
2022 to 23,Yorkshire and The Humber,AS level,Modern languages,German,18.0,0.0,27.77778,55.55556,66.66667,88.88889,94.44444
2022 to 23,Yorkshire and The Humber,AS level,Physical Education,Dance,0.0,,,,,,
2022 to 23,Yorkshire and The Humber,AS level,Religious Studies,Total Religious Studies,89.0,0.0,10.11236,25.8427,51.68539,73.03371,85.39326
2022 to 23,Yorkshire and The Humber,AS level,Science - Biology,Total Biology,221.0,0.0,11.76471,20.81448,36.1991,51.13122,69.23077
2022 to 23,Yorkshire and The Humber,AS level,Modern languages - other,Italian,0.0,,,,,,
2022 to 23,Yorkshire and The Humber,AS level,Art & Design,Art and design,8.0,0.0,0.0,12.5,37.5,50.0,62.5
2022 to 23,Yorkshire and The Humber,AS level,Modern languages - other,Modern Greek,0.0,,,,,,
2022 to 23,Yorkshire and The Humber,AS level,Home Economics,Total Home Economics,0.0,,,,,,
2022 to 23,Yorkshire and The Humber,AS level,Government and politics,Total Government and Politics,71.0,0.0,12.67606,26.76056,59.15493,71.83099,80.28169
2022 to 23,Yorkshire and The Humber,AS level,Design and technology,Design & Technology,0.0,,,,,,
2022 to 23,Yorkshire and The Humber,AS level,Design and technology,D&T Engineering,0.0,,,,,,
2022 to 23,Yorkshire and The Humber,AS level,Computer Science,Total Computer Science,82.0,0.0,12.19512,29.26829,53.65854,70.73171,86.58537
2022 to 23,Yorkshire and The Humber,AS level,Art & Design,Critical Studies,0.0,,,,,,
2022 to 23,Yorkshire and The Humber,AS level,Classical studies,Classical Greek,0.0,,,,,,
2022 to 23,Yorkshire and The Humber,AS level,Music,Music,14.0,0.0,7.14286,50.0,92.85714,92.85714,100.0
2022 to 23,Yorkshire and The Humber,AS level,Logic/Philosophy,Total Logic/ Philosophy,0.0,,,,,,
2022 to 23,Yorkshire and The Humber,AS level,English,English language,106.0,0.0,5.66038,26.41509,57.54717,83.96226,90.56604
2022 to 23,Yorkshire and The Humber,AS level,Maths,Total Maths,435.0,0.0,16.55172,26.2069,40.22989,57.01149,68.96552
2022 to 23,Yorkshire and The Humber,AS level,Modern languages - other,Punjabi,0.0,,,,,,
2022 to 23,Yorkshire and The Humber,AS level,Archaeology,Total Archaeology,0.0,,,,,,
2022 to 23,Yorkshire and The Humber,AS level,Modern languages - other,Chinese,0.0,,,,,,
2022 to 23,Yorkshire and The Humber,AS level,Psychology,Total Psychology,275.0,0.0,10.18182,24.36364,41.45455,56.72727,72.0
2022 to 23,Yorkshire and The Humber,AS level,Arts,Film Studies,96.0,0.0,6.25,32.29167,75.0,89.58333,96.875
2022 to 23,Yorkshire and The Humber,AS level,Modern languages - other,Total Other Modern Languages,0.0,,,,,,
2022 to 23,Yorkshire and The Humber,AS level,Music,Total Music,42.0,0.0,7.14286,30.95238,52.38095,69.04762,92.85714
2022 to 23,Yorkshire and The Humber,AS level,Maths - Further,Total Further Mathematics,371.0,0.0,42.5876,65.76819,79.78437,89.21833,95.14825
2022 to 23,Yorkshire and The Humber,AS level,Citizenship studies,Total Citizenship studies,0.0,,,,,,
2022 to 23,Yorkshire and The Humber,AS level,Anthropology,Total Anthropology,0.0,,,,,,
2022 to 23,Yorkshire and The Humber,AS level,Classical studies,Other Classical Languages,0.0,,,,,,
2022 to 23,Yorkshire and The Humber,AS level,General studies,Total General studies,0.0,,,,,,
2022 to 23,Yorkshire and The Humber,AS level,Modern languages - other,Modern Hebrew,0.0,,,,,,
2022 to 23,Yorkshire and The Humber,AS level,Art & Design,Fine Art,56.0,0.0,26.78571,55.35714,91.07143,98.21429,100.0
2022 to 23,Yorkshire and The Humber,AS level,Music,Music Technology,28.0,0.0,7.14286,21.42857,32.14286,57.14286,89.28571
2022 to 23,Yorkshire and The Humber,AS level,Science - other,Electronics,0.0,,,,,,
2022 to 23,Yorkshire and The Humber,AS level,Geography,Geography,73.0,0.0,10.9589,28.76712,52.05479,68.49315,78.08219
2022 to 23,Yorkshire and The Humber,AS level,Arts,Media/Film/Tv Studies,82.0,0.0,10.97561,39.02439,65.85366,91.46341,96.34146
2022 to 23,Yorkshire and The Humber,AS level,Art & Design,History of Art,0.0,,,,,,
2022 to 23,Yorkshire and The Humber,AS level,Science - Physics,Total Physics,195.0,0.0,14.87179,24.61538,41.02564,58.97436,75.38462
2022 to 23,Yorkshire and The Humber,AS level,All STEM subjects,Total STEM subjects,1491.0,0.0,21.39504,35.07713,49.96647,64.72166,77.73307
2022 to 23,Yorkshire and The Humber,AS level,Modern languages - other,Persian,0.0,,,,,,
2022 to 23,Yorkshire and The Humber,AS level,Classical studies,Classical Civilisation,1.0,0.0,0.0,0.0,0.0,100.0,100.0
2022 to 23,Yorkshire and The Humber,AS level,Modern languages,French,19.0,0.0,52.63158,52.63158,57.89474,84.21053,94.73684
2022 to 23,Yorkshire and The Humber,AS level,Maths,Maths,435.0,0.0,16.55172,26.2069,40.22989,57.01149,68.96552
2022 to 23,Yorkshire and The Humber,AS level,Modern languages - other,Gujarati,0.0,,,,,,
2022 to 23,Yorkshire and The Humber,AS level,Design and technology,D&T Systems & Control,0.0,,,,,,
2022 to 23,Yorkshire and The Humber,AS level,Law,Total Law,164.0,0.0,7.92683,18.90244,39.02439,60.97561,76.21951
2022 to 23,Yorkshire and The Humber,AS level,Design and technology,D&T Textiles Technology,0.0,,,,,,
2022 to 23,Yorkshire and The Humber,AS level,Modern languages,Spanish,23.0,0.0,13.04348,60.86957,69.56522,91.30435,100.0
2022 to 23,Yorkshire and The Humber,AS level,Modern languages - other,Russian,0.0,,,,,,
2022 to 23,Yorkshire and The Humber,AS level,Modern languages - other,Urdu,0.0,,,,,,
2022 to 23,Yorkshire and The Humber,AS level,All subjects,Total subjects,3621.0,0.0,16.59762,32.67053,52.00221,68.95885,81.93869
2022 to 23,Yorkshire and The Humber,AS level,Art & Design,Total Art & Design,148.0,0.0,21.62162,42.56757,75.0,85.81081,90.54054
2022 to 23,Yorkshire and The Humber,AS level,Modern languages - other,Arabic,0.0,,,,,,
2022 to 23,Yorkshire and The Humber,AS level,ICT,Total ICT,0.0,,,,,,
2022 to 23,Yorkshire and The Humber,AS level,History,Total History,151.0,0.0,21.8543,39.07285,62.25166,78.80795,87.41722
2022 to 23,Yorkshire and The Humber,AS level,Modern languages - other,Polish,0.0,,,,,,
2022 to 23,Yorkshire and The Humber,AS level,Design and technology,D&T Food Technology,0.0,,,,,,
2022 to 23,Yorkshire and The Humber,AS level,Science - other,Environmental Science,0.0,,,,,,
2022 to 23,Yorkshire and The Humber,AS level,Design and technology,Total D&T,20.0,0.0,35.0,60.0,75.0,90.0,95.0
2022 to 23,Yorkshire and The Humber,AS level,All facilitating subjects,Total facilitating subjects,1799.0,0.0,21.7343,36.24236,51.97332,67.37076,79.82212
2022 to 23,Yorkshire and The Humber,AS level,Classical studies,Total Classical studies,61.0,0.0,14.7541,45.90164,70.4918,88.52459,91.80328
2022 to 23,Yorkshire and The Humber,AS level,Maths,Mathematics (Pure),0.0,,,,,,
2022 to 23,Yorkshire and The Humber,AS level,English,Total English,246.0,0.0,12.19512,27.64228,51.62602,76.01626,91.05691
2022 to 23,Yorkshire and The Humber,AS level,Arts,Total Arts,206.0,0.0,13.1068,38.83495,72.81553,90.7767,96.60194
2022 to 23,East Midlands,AS level,Arts,Communication Studies,0.0,,,,,,
2022 to 23,East Midlands,AS level,Science - Chemistry,Total Chemistry,225.0,0.0,10.22222,22.22222,41.77778,62.22222,79.11111
2022 to 23,East Midlands,AS level,Art & Design,3d Studies,0.0,,,,,,
2022 to 23,East Midlands,AS level,Art & Design,Photography,5.0,0.0,0.0,60.0,60.0,60.0,80.0
2022 to 23,East Midlands,AS level,General studies,General Studies,0.0,,,,,,
2022 to 23,East Midlands,AS level,Science - other,Total Other Sciences,3.0,0.0,66.66667,66.66667,66.66667,66.66667,100.0
2022 to 23,East Midlands,AS level,Art & Design,Textiles,1.0,0.0,0.0,0.0,0.0,100.0,100.0
2022 to 23,East Midlands,AS level,Sociology,Total Sociology,287.0,0.0,9.7561,23.34495,40.41812,60.62718,76.30662
2022 to 23,East Midlands,AS level,Art & Design,Graphics,1.0,0.0,0.0,0.0,0.0,100.0,100.0
2022 to 23,East Midlands,AS level,Maths,Mathematics (Statistics),0.0,,,,,,
2022 to 23,East Midlands,AS level,Modern languages,Total Modern languages including Other,29.0,0.0,27.58621,37.93103,62.06897,86.2069,93.10345
2022 to 23,East Midlands,AS level,English,English literature,58.0,0.0,6.89655,29.31034,56.89655,82.75862,91.37931
2022 to 23,East Midlands,AS level,Accounting and Finance,Total Accounting and finance,0.0,,,,,,
2022 to 23,East Midlands,AS level,Classical studies,Ancient History,0.0,,,,,,
2022 to 23,East Midlands,AS level,Home Economics,Home Economics (Food),0.0,,,,,,
2022 to 23,East Midlands,AS level,Arts,Drama & Theatre Studies,13.0,0.0,15.38462,61.53846,84.61538,84.61538,92.30769
2022 to 23,East Midlands,AS level,Design and technology,D&T Product Design,0.0,,,,,,
2022 to 23,East Midlands,AS level,Classical studies,Latin,0.0,,,,,,
2022 to 23,East Midlands,AS level,Business Studies,Total Business Studies,190.0,0.0,7.36842,23.68421,47.36842,67.36842,84.21053
2022 to 23,East Midlands,AS level,Modern languages - other,Irish,0.0,,,,,,
2022 to 23,East Midlands,AS level,English,English language & literature,0.0,,,,,,
2022 to 23,East Midlands,AS level,Modern languages - other,Turkish,0.0,,,,,,
2022 to 23,East Midlands,AS level,Science - other,Geology,3.0,0.0,66.66667,66.66667,66.66667,66.66667,100.0
2022 to 23,East Midlands,AS level,Modern languages - other,Japanese,0.0,,,,,,
2022 to 23,East Midlands,AS level,Physical Education,Total Physical Education,52.0,0.0,17.30769,44.23077,65.38462,78.84615,98.07692
2022 to 23,East Midlands,AS level,Arts,Creative Writing,0.0,,,,,,
2022 to 23,East Midlands,AS level,Modern languages - other,Bengali,0.0,,,,,,
2022 to 23,East Midlands,AS level,Maths,Use of mathematics,0.0,,,,,,
2022 to 23,East Midlands,AS level,Economics,Total Economics,14.0,0.0,7.14286,7.14286,14.28571,21.42857,57.14286
2022 to 23,East Midlands,AS level,Geography,Total Geography,59.0,0.0,23.72881,37.28814,47.45763,71.18644,81.35593
2022 to 23,East Midlands,AS level,Physical Education,Physical Education/Sports Studies,52.0,0.0,17.30769,44.23077,65.38462,78.84615,98.07692
2022 to 23,East Midlands,AS level,Modern languages - other,Portuguese,0.0,,,,,,
2022 to 23,East Midlands,AS level,Modern languages,German,6.0,0.0,50.0,50.0,83.33333,100.0,100.0
2022 to 23,East Midlands,AS level,Physical Education,Dance,0.0,,,,,,
2022 to 23,East Midlands,AS level,Religious Studies,Total Religious Studies,29.0,0.0,3.44828,6.89655,24.13793,65.51724,93.10345
2022 to 23,East Midlands,AS level,Science - Biology,Total Biology,308.0,0.0,13.31169,23.37662,38.96104,57.79221,72.4026
2022 to 23,East Midlands,AS level,Modern languages - other,Italian,0.0,,,,,,
2022 to 23,East Midlands,AS level,Art & Design,Art and design,0.0,,,,,,
2022 to 23,East Midlands,AS level,Modern languages - other,Modern Greek,0.0,,,,,,
2022 to 23,East Midlands,AS level,Home Economics,Total Home Economics,0.0,,,,,,
2022 to 23,East Midlands,AS level,Government and politics,Total Government and Politics,47.0,0.0,12.76596,36.17021,70.21277,85.10638,89.3617
2022 to 23,East Midlands,AS level,Design and technology,Design & Technology,0.0,,,,,,
2022 to 23,East Midlands,AS level,Design and technology,D&T Engineering,0.0,,,,,,
2022 to 23,East Midlands,AS level,Computer Science,Total Computer Science,35.0,0.0,25.71429,40.0,68.57143,71.42857,91.42857
2022 to 23,East Midlands,AS level,Art & Design,Critical Studies,0.0,,,,,,
2022 to 23,East Midlands,AS level,Classical studies,Classical Greek,0.0,,,,,,
2022 to 23,East Midlands,AS level,Music,Music,0.0,,,,,,
2022 to 23,East Midlands,AS level,Logic/Philosophy,Total Logic/ Philosophy,0.0,,,,,,
2022 to 23,East Midlands,AS level,English,English language,94.0,0.0,3.19149,25.53191,64.89362,82.97872,92.55319
2022 to 23,East Midlands,AS level,Maths,Total Maths,379.0,0.0,21.63588,32.98153,43.00792,56.99208,69.12929
2022 to 23,East Midlands,AS level,Modern languages - other,Punjabi,0.0,,,,,,
2022 to 23,East Midlands,AS level,Archaeology,Total Archaeology,0.0,,,,,,
2022 to 23,East Midlands,AS level,Modern languages - other,Chinese,0.0,,,,,,
2022 to 23,East Midlands,AS level,Psychology,Total Psychology,316.0,0.0,7.59494,22.78481,41.4557,58.5443,75.31646
2022 to 23,East Midlands,AS level,Arts,Film Studies,24.0,0.0,16.66667,58.33333,70.83333,95.83333,100.0
2022 to 23,East Midlands,AS level,Modern languages - other,Total Other Modern Languages,0.0,,,,,,
2022 to 23,East Midlands,AS level,Music,Total Music,0.0,,,,,,
2022 to 23,East Midlands,AS level,Maths - Further,Total Further Mathematics,400.0,0.0,50.5,67.0,80.25,91.5,96.0
2022 to 23,East Midlands,AS level,Citizenship studies,Total Citizenship studies,0.0,,,,,,
2022 to 23,East Midlands,AS level,Anthropology,Total Anthropology,0.0,,,,,,
2022 to 23,East Midlands,AS level,Classical studies,Other Classical Languages,0.0,,,,,,
2022 to 23,East Midlands,AS level,General studies,Total General studies,0.0,,,,,,
2022 to 23,East Midlands,AS level,Modern languages - other,Modern Hebrew,0.0,,,,,,
2022 to 23,East Midlands,AS level,Art & Design,Fine Art,4.0,0.0,25.0,50.0,75.0,100.0,100.0
2022 to 23,East Midlands,AS level,Music,Music Technology,0.0,,,,,,
2022 to 23,East Midlands,AS level,Science - other,Electronics,0.0,,,,,,
2022 to 23,East Midlands,AS level,Geography,Geography,59.0,0.0,23.72881,37.28814,47.45763,71.18644,81.35593
2022 to 23,East Midlands,AS level,Arts,Media/Film/Tv Studies,41.0,0.0,12.19512,41.46341,65.85366,87.80488,97.56098
2022 to 23,East Midlands,AS level,Art & Design,History of Art,0.0,,,,,,
2022 to 23,East Midlands,AS level,Science - Physics,Total Physics,180.0,0.0,15.55556,27.77778,42.22222,63.33333,78.33333
2022 to 23,East Midlands,AS level,All STEM subjects,Total STEM subjects,1527.0,0.0,25.21284,37.91749,52.25933,68.04191,79.89522
2022 to 23,East Midlands,AS level,Modern languages - other,Persian,0.0,,,,,,
2022 to 23,East Midlands,AS level,Classical studies,Classical Civilisation,6.0,0.0,0.0,16.66667,66.66667,83.33333,83.33333
2022 to 23,East Midlands,AS level,Modern languages,French,20.0,0.0,25.0,35.0,55.0,80.0,90.0
2022 to 23,East Midlands,AS level,Maths,Maths,379.0,0.0,21.63588,32.98153,43.00792,56.99208,69.12929
2022 to 23,East Midlands,AS level,Modern languages - other,Gujarati,0.0,,,,,,
2022 to 23,East Midlands,AS level,Design and technology,D&T Systems & Control,0.0,,,,,,
2022 to 23,East Midlands,AS level,Law,Total Law,32.0,0.0,3.125,21.875,28.125,43.75,68.75
2022 to 23,East Midlands,AS level,Design and technology,D&T Textiles Technology,0.0,,,,,,
2022 to 23,East Midlands,AS level,Modern languages,Spanish,3.0,0.0,0.0,33.33333,66.66667,100.0,100.0
2022 to 23,East Midlands,AS level,Modern languages - other,Russian,0.0,,,,,,
2022 to 23,East Midlands,AS level,Modern languages - other,Urdu,0.0,,,,,,
2022 to 23,East Midlands,AS level,All subjects,Total subjects,2916.0,0.0,17.86694,33.05898,50.68587,68.17558,81.31001
2022 to 23,East Midlands,AS level,Art & Design,Total Art & Design,11.0,0.0,9.09091,45.45455,54.54545,81.81818,90.90909
2022 to 23,East Midlands,AS level,Modern languages - other,Arabic,0.0,,,,,,
2022 to 23,East Midlands,AS level,ICT,Total ICT,0.0,,,,,,
2022 to 23,East Midlands,AS level,History,Total History,84.0,0.0,10.71429,35.71429,60.71429,78.57143,89.28571
2022 to 23,East Midlands,AS level,Modern languages - other,Polish,0.0,,,,,,
2022 to 23,East Midlands,AS level,Design and technology,D&T Food Technology,0.0,,,,,,
2022 to 23,East Midlands,AS level,Science - other,Environmental Science,0.0,,,,,,
2022 to 23,East Midlands,AS level,Design and technology,Total D&T,0.0,,,,,,
2022 to 23,East Midlands,AS level,All facilitating subjects,Total facilitating subjects,1722.0,0.0,23.8676,37.45645,52.4971,69.39605,80.77816
2022 to 23,East Midlands,AS level,Classical studies,Total Classical studies,6.0,0.0,0.0,16.66667,66.66667,83.33333,83.33333
2022 to 23,East Midlands,AS level,Maths,Mathematics (Pure),0.0,,,,,,
2022 to 23,East Midlands,AS level,English,Total English,152.0,0.0,4.60526,26.97368,61.84211,82.89474,92.10526
2022 to 23,East Midlands,AS level,Arts,Total Arts,78.0,0.0,14.10256,50.0,70.51282,89.74359,97.4359
2022 to 23,South West,AS level,Arts,Communication Studies,0.0,,,,,,
2022 to 23,South West,AS level,Science - Chemistry,Total Chemistry,346.0,0.0,16.76301,34.68208,49.42197,68.49711,83.52601
2022 to 23,South West,AS level,Art & Design,3d Studies,64.0,0.0,1.5625,31.25,57.8125,81.25,93.75
2022 to 23,South West,AS level,Art & Design,Photography,136.0,0.0,7.35294,52.20588,73.52941,88.97059,97.79412
2022 to 23,South West,AS level,General studies,General Studies,0.0,,,,,,
2022 to 23,South West,AS level,Science - other,Total Other Sciences,50.0,0.0,24.0,42.0,68.0,86.0,92.0
2022 to 23,South West,AS level,Art & Design,Textiles,6.0,0.0,0.0,33.33333,50.0,50.0,50.0
2022 to 23,South West,AS level,Sociology,Total Sociology,586.0,0.0,9.21502,24.06143,46.07509,63.99317,76.27986
2022 to 23,South West,AS level,Art & Design,Graphics,85.0,0.0,20.0,44.70588,76.47059,89.41176,95.29412
2022 to 23,South West,AS level,Maths,Mathematics (Statistics),0.0,,,,,,
2022 to 23,South West,AS level,Modern languages,Total Modern languages including Other,41.0,0.0,19.5122,43.90244,63.41463,85.36585,100.0
2022 to 23,South West,AS level,English,English literature,282.0,0.0,15.95745,39.00709,64.1844,82.62411,94.32624
2022 to 23,South West,AS level,Accounting and Finance,Total Accounting and finance,0.0,,,,,,
2022 to 23,South West,AS level,Classical studies,Ancient History,8.0,0.0,0.0,37.5,62.5,75.0,100.0
2022 to 23,South West,AS level,Home Economics,Home Economics (Food),0.0,,,,,,
2022 to 23,South West,AS level,Arts,Drama & Theatre Studies,63.0,0.0,25.39683,60.31746,93.65079,100.0,100.0
2022 to 23,South West,AS level,Design and technology,D&T Product Design,0.0,,,,,,
2022 to 23,South West,AS level,Classical studies,Latin,2.0,0.0,100.0,100.0,100.0,100.0,100.0
2022 to 23,South West,AS level,Business Studies,Total Business Studies,365.0,0.0,7.12329,22.73973,46.57534,70.68493,84.93151
2022 to 23,South West,AS level,Modern languages - other,Irish,0.0,,,,,,
2022 to 23,South West,AS level,English,English language & literature,10.0,0.0,30.0,40.0,40.0,70.0,90.0
2022 to 23,South West,AS level,Modern languages - other,Turkish,0.0,,,,,,
2022 to 23,South West,AS level,Science - other,Geology,50.0,0.0,24.0,42.0,68.0,86.0,92.0
2022 to 23,South West,AS level,Modern languages - other,Japanese,0.0,,,,,,
2022 to 23,South West,AS level,Physical Education,Total Physical Education,0.0,,,,,,
2022 to 23,South West,AS level,Arts,Creative Writing,0.0,,,,,,
2022 to 23,South West,AS level,Modern languages - other,Bengali,0.0,,,,,,
2022 to 23,South West,AS level,Maths,Use of mathematics,0.0,,,,,,
2022 to 23,South West,AS level,Economics,Total Economics,250.0,0.0,8.8,26.8,47.2,66.0,82.4
2022 to 23,South West,AS level,Geography,Total Geography,316.0,0.0,20.56962,40.50633,61.39241,75.94937,86.07595
2022 to 23,South West,AS level,Physical Education,Physical Education/Sports Studies,0.0,,,,,,
2022 to 23,South West,AS level,Modern languages - other,Portuguese,0.0,,,,,,
2022 to 23,South West,AS level,Modern languages,German,4.0,0.0,25.0,75.0,75.0,100.0,100.0
2022 to 23,South West,AS level,Physical Education,Dance,0.0,,,,,,
2022 to 23,South West,AS level,Religious Studies,Total Religious Studies,78.0,0.0,20.51282,38.46154,57.69231,75.64103,83.33333
2022 to 23,South West,AS level,Science - Biology,Total Biology,544.0,0.0,13.78676,26.28676,43.56618,61.58088,77.20588
2022 to 23,South West,AS level,Modern languages - other,Italian,0.0,,,,,,
2022 to 23,South West,AS level,Art & Design,Art and design,83.0,0.0,24.09639,54.21687,77.10843,91.56627,96.38554
2022 to 23,South West,AS level,Modern languages - other,Modern Greek,0.0,,,,,,
2022 to 23,South West,AS level,Home Economics,Total Home Economics,0.0,,,,,,
2022 to 23,South West,AS level,Government and politics,Total Government and Politics,125.0,0.0,12.8,27.2,43.2,65.6,84.0
2022 to 23,South West,AS level,Design and technology,Design & Technology,0.0,,,,,,
2022 to 23,South West,AS level,Design and technology,D&T Engineering,0.0,,,,,,
2022 to 23,South West,AS level,Computer Science,Total Computer Science,56.0,0.0,12.5,30.35714,46.42857,62.5,80.35714
2022 to 23,South West,AS level,Art & Design,Critical Studies,1.0,0.0,0.0,0.0,100.0,100.0,100.0
2022 to 23,South West,AS level,Classical studies,Classical Greek,0.0,,,,,,
2022 to 23,South West,AS level,Music,Music,25.0,0.0,16.0,32.0,68.0,92.0,100.0
2022 to 23,South West,AS level,Logic/Philosophy,Total Logic/ Philosophy,0.0,,,,,,
2022 to 23,South West,AS level,English,English language,204.0,0.0,9.80392,37.2549,69.11765,91.17647,95.09804
2022 to 23,South West,AS level,Maths,Total Maths,698.0,0.0,27.07736,40.83095,53.29513,66.04585,76.79083
2022 to 23,South West,AS level,Modern languages - other,Punjabi,0.0,,,,,,
2022 to 23,South West,AS level,Archaeology,Total Archaeology,0.0,,,,,,
2022 to 23,South West,AS level,Modern languages - other,Chinese,0.0,,,,,,
2022 to 23,South West,AS level,Psychology,Total Psychology,651.0,0.0,12.28879,27.64977,47.46544,64.0553,79.26267
2022 to 23,South West,AS level,Arts,Film Studies,110.0,0.0,13.63636,44.54545,70.90909,90.0,95.45455
2022 to 23,South West,AS level,Modern languages - other,Total Other Modern Languages,0.0,,,,,,
2022 to 23,South West,AS level,Music,Total Music,28.0,0.0,14.28571,28.57143,67.85714,92.85714,100.0
2022 to 23,South West,AS level,Maths - Further,Total Further Mathematics,347.0,0.0,42.36311,59.65418,74.0634,83.57349,91.64265
2022 to 23,South West,AS level,Citizenship studies,Total Citizenship studies,0.0,,,,,,
2022 to 23,South West,AS level,Anthropology,Total Anthropology,0.0,,,,,,
2022 to 23,South West,AS level,Classical studies,Other Classical Languages,0.0,,,,,,
2022 to 23,South West,AS level,General studies,Total General studies,0.0,,,,,,
2022 to 23,South West,AS level,Modern languages - other,Modern Hebrew,0.0,,,,,,
2022 to 23,South West,AS level,Art & Design,Fine Art,9.0,0.0,33.33333,33.33333,77.77778,88.88889,88.88889
2022 to 23,South West,AS level,Music,Music Technology,3.0,0.0,0.0,0.0,66.66667,100.0,100.0
2022 to 23,South West,AS level,Science - other,Electronics,0.0,,,,,,
2022 to 23,South West,AS level,Geography,Geography,316.0,0.0,20.56962,40.50633,61.39241,75.94937,86.07595
2022 to 23,South West,AS level,Arts,Media/Film/Tv Studies,106.0,0.0,2.83019,21.69811,50.0,66.98113,91.50943
2022 to 23,South West,AS level,Art & Design,History of Art,0.0,,,,,,
2022 to 23,South West,AS level,Science - Physics,Total Physics,268.0,0.0,18.65672,29.85075,42.91045,63.43284,82.83582
2022 to 23,South West,AS level,All STEM subjects,Total STEM subjects,2259.0,0.0,23.28464,37.7158,52.14697,67.64055,81.0093
2022 to 23,South West,AS level,Modern languages - other,Persian,0.0,,,,,,
2022 to 23,South West,AS level,Classical studies,Classical Civilisation,108.0,0.0,18.51852,44.44444,64.81481,78.7037,87.03704
2022 to 23,South West,AS level,Modern languages,French,17.0,0.0,35.29412,47.05882,70.58824,82.35294,100.0
2022 to 23,South West,AS level,Maths,Maths,698.0,0.0,27.07736,40.83095,53.29513,66.04585,76.79083
2022 to 23,South West,AS level,Modern languages - other,Gujarati,0.0,,,,,,
2022 to 23,South West,AS level,Design and technology,D&T Systems & Control,0.0,,,,,,
2022 to 23,South West,AS level,Law,Total Law,263.0,0.0,10.26616,25.09506,39.92395,56.65399,73.38403
2022 to 23,South West,AS level,Design and technology,D&T Textiles Technology,0.0,,,,,,
2022 to 23,South West,AS level,Modern languages,Spanish,20.0,0.0,5.0,35.0,55.0,85.0,100.0
2022 to 23,South West,AS level,Modern languages - other,Russian,0.0,,,,,,
2022 to 23,South West,AS level,Modern languages - other,Urdu,0.0,,,,,,
2022 to 23,South West,AS level,All subjects,Total subjects,6640.0,0.0,16.74699,35.09036,54.53313,71.61145,84.02108
2022 to 23,South West,AS level,Art & Design,Total Art & Design,384.0,0.0,13.28125,46.61458,72.13542,87.76042,95.3125
2022 to 23,South West,AS level,Modern languages - other,Arabic,0.0,,,,,,
2022 to 23,South West,AS level,ICT,Total ICT,0.0,,,,,,
2022 to 23,South West,AS level,History,Total History,351.0,0.0,23.07692,48.43305,65.24217,82.33618,90.02849
2022 to 23,South West,AS level,Modern languages - other,Polish,0.0,,,,,,
2022 to 23,South West,AS level,Design and technology,D&T Food Technology,0.0,,,,,,
2022 to 23,South West,AS level,Science - other,Environmental Science,0.0,,,,,,
2022 to 23,South West,AS level,Design and technology,Total D&T,0.0,,,,,,
2022 to 23,South West,AS level,All facilitating subjects,Total facilitating subjects,3195.0,0.0,22.53521,39.53052,55.83725,71.73709,83.94366
2022 to 23,South West,AS level,Classical studies,Total Classical studies,118.0,0.0,18.64407,44.91525,65.25424,78.81356,88.13559
2022 to 23,South West,AS level,Maths,Mathematics (Pure),0.0,,,,,,
2022 to 23,South West,AS level,English,Total English,496.0,0.0,13.70968,38.30645,65.72581,85.8871,94.55645
2022 to 23,South West,AS level,Arts,Total Arts,279.0,0.0,12.18638,39.42652,68.10036,83.51254,94.98208
2022 to 23,North West,AS level,Arts,Communication Studies,0.0,,,,,,
2022 to 23,North West,AS level,Science - Chemistry,Total Chemistry,640.0,0.0,13.125,24.53125,40.0,54.21875,71.09375
2022 to 23,North West,AS level,Art & Design,3d Studies,65.0,0.0,27.69231,58.46154,87.69231,96.92308,100.0
2022 to 23,North West,AS level,Art & Design,Photography,87.0,0.0,16.09195,48.27586,80.45977,96.55172,100.0
2022 to 23,North West,AS level,General studies,General Studies,0.0,,,,,,
2022 to 23,North West,AS level,Science - other,Total Other Sciences,101.0,0.0,27.72277,48.51485,62.37624,78.21782,86.13861
2022 to 23,North West,AS level,Art & Design,Textiles,70.0,0.0,28.57143,58.57143,75.71429,92.85714,100.0
2022 to 23,North West,AS level,Sociology,Total Sociology,854.0,0.0,15.80796,32.90398,54.44965,74.00468,86.53396
2022 to 23,North West,AS level,Art & Design,Graphics,107.0,0.0,16.82243,53.27103,72.8972,90.65421,100.0
2022 to 23,North West,AS level,Maths,Mathematics (Statistics),0.0,,,,,,
2022 to 23,North West,AS level,Modern languages,Total Modern languages including Other,128.0,0.0,21.09375,35.9375,46.875,65.625,82.03125
2022 to 23,North West,AS level,English,English literature,285.0,0.0,12.2807,31.92982,58.24561,81.40351,93.33333
2022 to 23,North West,AS level,Accounting and Finance,Total Accounting and finance,0.0,,,,,,
2022 to 23,North West,AS level,Classical studies,Ancient History,32.0,0.0,6.25,28.125,53.125,68.75,78.125
2022 to 23,North West,AS level,Home Economics,Home Economics (Food),0.0,,,,,,
2022 to 23,North West,AS level,Arts,Drama & Theatre Studies,27.0,0.0,22.22222,40.74074,70.37037,88.88889,100.0
2022 to 23,North West,AS level,Design and technology,D&T Product Design,20.0,0.0,0.0,10.0,35.0,60.0,80.0
2022 to 23,North West,AS level,Classical studies,Latin,1.0,0.0,0.0,0.0,100.0,100.0,100.0
2022 to 23,North West,AS level,Business Studies,Total Business Studies,501.0,0.0,6.98603,19.76048,43.71257,67.46507,84.83034
2022 to 23,North West,AS level,Modern languages - other,Irish,0.0,,,,,,
2022 to 23,North West,AS level,English,English language & literature,51.0,0.0,13.72549,45.09804,70.58824,92.15686,94.11765
2022 to 23,North West,AS level,Modern languages - other,Turkish,0.0,,,,,,
2022 to 23,North West,AS level,Science - other,Geology,27.0,0.0,14.81481,29.62963,48.14815,62.96296,77.77778
2022 to 23,North West,AS level,Modern languages - other,Japanese,0.0,,,,,,
2022 to 23,North West,AS level,Physical Education,Total Physical Education,103.0,0.0,8.73786,21.35922,33.98058,54.36893,77.6699
2022 to 23,North West,AS level,Arts,Creative Writing,0.0,,,,,,
2022 to 23,North West,AS level,Modern languages - other,Bengali,0.0,,,,,,
2022 to 23,North West,AS level,Maths,Use of mathematics,0.0,,,,,,
2022 to 23,North West,AS level,Economics,Total Economics,294.0,0.0,7.14286,17.68707,38.77551,56.12245,71.42857
2022 to 23,North West,AS level,Geography,Total Geography,273.0,0.0,13.91941,26.73993,47.98535,66.30037,82.05128
2022 to 23,North West,AS level,Physical Education,Physical Education/Sports Studies,103.0,0.0,8.73786,21.35922,33.98058,54.36893,77.6699
2022 to 23,North West,AS level,Modern languages - other,Portuguese,0.0,,,,,,
2022 to 23,North West,AS level,Modern languages,German,10.0,0.0,30.0,70.0,80.0,80.0,100.0
2022 to 23,North West,AS level,Physical Education,Dance,0.0,,,,,,
2022 to 23,North West,AS level,Religious Studies,Total Religious Studies,105.0,0.0,14.28571,35.2381,60.0,78.09524,92.38095
2022 to 23,North West,AS level,Science - Biology,Total Biology,818.0,0.0,13.32518,23.59413,36.79707,57.33496,74.93888
2022 to 23,North West,AS level,Modern languages - other,Italian,0.0,,,,,,
2022 to 23,North West,AS level,Art & Design,Art and design,33.0,0.0,12.12121,21.21212,39.39394,51.51515,69.69697
2022 to 23,North West,AS level,Modern languages - other,Modern Greek,0.0,,,,,,
2022 to 23,North West,AS level,Home Economics,Total Home Economics,0.0,,,,,,
2022 to 23,North West,AS level,Government and politics,Total Government and Politics,140.0,0.0,10.71429,30.0,49.28571,69.28571,80.71429
2022 to 23,North West,AS level,Design and technology,Design & Technology,0.0,,,,,,
2022 to 23,North West,AS level,Design and technology,D&T Engineering,0.0,,,,,,
2022 to 23,North West,AS level,Computer Science,Total Computer Science,278.0,0.0,14.02878,27.69784,42.44604,65.10791,80.57554
2022 to 23,North West,AS level,Art & Design,Critical Studies,0.0,,,,,,
2022 to 23,North West,AS level,Classical studies,Classical Greek,2.0,0.0,0.0,0.0,0.0,50.0,50.0
2022 to 23,North West,AS level,Music,Music,20.0,0.0,20.0,40.0,60.0,85.0,100.0
2022 to 23,North West,AS level,Logic/Philosophy,Total Logic/ Philosophy,0.0,,,,,,
2022 to 23,North West,AS level,English,English language,225.0,0.0,13.33333,40.0,68.0,84.88889,95.11111
2022 to 23,North West,AS level,Maths,Total Maths,786.0,0.0,18.32061,29.89822,46.18321,60.5598,73.79135
2022 to 23,North West,AS level,Modern languages - other,Punjabi,0.0,,,,,,
2022 to 23,North West,AS level,Archaeology,Total Archaeology,0.0,,,,,,
2022 to 23,North West,AS level,Modern languages - other,Chinese,0.0,,,,,,
2022 to 23,North West,AS level,Psychology,Total Psychology,1035.0,0.0,10.72464,21.0628,36.71498,54.87923,74.10628
2022 to 23,North West,AS level,Arts,Film Studies,123.0,0.0,12.19512,36.58537,79.6748,91.05691,95.12195
2022 to 23,North West,AS level,Modern languages - other,Total Other Modern Languages,0.0,,,,,,
2022 to 23,North West,AS level,Music,Total Music,21.0,0.0,19.04762,42.85714,61.90476,85.71429,100.0
2022 to 23,North West,AS level,Maths - Further,Total Further Mathematics,579.0,0.0,43.86874,63.55786,79.96546,90.32815,94.12781
2022 to 23,North West,AS level,Citizenship studies,Total Citizenship studies,0.0,,,,,,
2022 to 23,North West,AS level,Anthropology,Total Anthropology,0.0,,,,,,
2022 to 23,North West,AS level,Classical studies,Other Classical Languages,0.0,,,,,,
2022 to 23,North West,AS level,General studies,Total General studies,0.0,,,,,,
2022 to 23,North West,AS level,Modern languages - other,Modern Hebrew,0.0,,,,,,
2022 to 23,North West,AS level,Art & Design,Fine Art,100.0,0.0,29.0,71.0,90.0,99.0,100.0
2022 to 23,North West,AS level,Music,Music Technology,1.0,0.0,0.0,100.0,100.0,100.0,100.0
2022 to 23,North West,AS level,Science - other,Electronics,74.0,0.0,32.43243,55.40541,67.56757,83.78378,89.18919
2022 to 23,North West,AS level,Geography,Geography,273.0,0.0,13.91941,26.73993,47.98535,66.30037,82.05128
2022 to 23,North West,AS level,Arts,Media/Film/Tv Studies,171.0,0.0,12.2807,30.99415,61.40351,80.70175,92.39766
2022 to 23,North West,AS level,Art & Design,History of Art,0.0,,,,,,
2022 to 23,North West,AS level,Science - Physics,Total Physics,388.0,0.0,20.10309,28.09278,41.75258,57.98969,74.48454
2022 to 23,North West,AS level,All STEM subjects,Total STEM subjects,3489.0,0.0,20.29235,32.64546,47.66409,63.65721,77.55804
2022 to 23,North West,AS level,Modern languages - other,Persian,0.0,,,,,,
2022 to 23,North West,AS level,Classical studies,Classical Civilisation,65.0,0.0,13.84615,38.46154,64.61538,72.30769,81.53846
2022 to 23,North West,AS level,Modern languages,French,47.0,0.0,14.89362,27.65957,40.42553,63.82979,82.97872
2022 to 23,North West,AS level,Maths,Maths,786.0,0.0,18.32061,29.89822,46.18321,60.5598,73.79135
2022 to 23,North West,AS level,Modern languages - other,Gujarati,0.0,,,,,,
2022 to 23,North West,AS level,Design and technology,D&T Systems & Control,0.0,,,,,,
2022 to 23,North West,AS level,Law,Total Law,351.0,0.0,12.25071,29.91453,47.00855,65.81197,80.34188
2022 to 23,North West,AS level,Design and technology,D&T Textiles Technology,0.0,,,,,,
2022 to 23,North West,AS level,Modern languages,Spanish,71.0,0.0,23.94366,36.61972,46.47887,64.78873,78.87324
2022 to 23,North West,AS level,Modern languages - other,Russian,0.0,,,,,,
2022 to 23,North West,AS level,Modern languages - other,Urdu,0.0,,,,,,
2022 to 23,North West,AS level,All subjects,Total subjects,9281.0,0.0,16.15128,31.69917,50.80272,68.40858,82.0709
2022 to 23,North West,AS level,Art & Design,Total Art & Design,462.0,0.0,22.29437,55.41126,78.13853,91.99134,97.8355
2022 to 23,North West,AS level,Modern languages - other,Arabic,0.0,,,,,,
2022 to 23,North West,AS level,ICT,Total ICT,0.0,,,,,,
2022 to 23,North West,AS level,History,Total History,422.0,0.0,19.43128,39.09953,63.98104,81.75355,90.75829
2022 to 23,North West,AS level,Modern languages - other,Polish,0.0,,,,,,
2022 to 23,North West,AS level,Design and technology,D&T Food Technology,0.0,,,,,,
2022 to 23,North West,AS level,Science - other,Environmental Science,0.0,,,,,,
2022 to 23,North West,AS level,Design and technology,Total D&T,20.0,0.0,0.0,10.0,35.0,60.0,80.0
2022 to 23,North West,AS level,All facilitating subjects,Total facilitating subjects,4322.0,0.0,19.68996,33.2485,50.27765,66.72837,80.1018
2022 to 23,North West,AS level,Classical studies,Total Classical studies,100.0,0.0,11.0,34.0,60.0,71.0,80.0
2022 to 23,North West,AS level,Maths,Mathematics (Pure),0.0,,,,,,
2022 to 23,North West,AS level,English,Total English,561.0,0.0,12.83422,36.36364,63.27986,83.77897,94.11765
2022 to 23,North West,AS level,Arts,Total Arts,321.0,0.0,13.08411,33.95639,69.15888,85.35826,94.081
2022 to 23,North East,AS level,Arts,Communication Studies,0.0,,,,,,
2022 to 23,North East,AS level,Science - Chemistry,Total Chemistry,217.0,0.0,15.6682,29.03226,43.7788,64.0553,77.88018
2022 to 23,North East,AS level,Art & Design,3d Studies,0.0,,,,,,
2022 to 23,North East,AS level,Art & Design,Photography,8.0,0.0,25.0,37.5,62.5,62.5,100.0
2022 to 23,North East,AS level,General studies,General Studies,0.0,,,,,,
2022 to 23,North East,AS level,Science - other,Total Other Sciences,7.0,0.0,0.0,14.28571,42.85714,42.85714,85.71429
2022 to 23,North East,AS level,Art & Design,Textiles,1.0,0.0,0.0,100.0,100.0,100.0,100.0
2022 to 23,North East,AS level,Sociology,Total Sociology,176.0,0.0,11.36364,26.13636,49.43182,71.02273,84.65909
2022 to 23,North East,AS level,Art & Design,Graphics,6.0,0.0,16.66667,16.66667,66.66667,83.33333,83.33333
2022 to 23,North East,AS level,Maths,Mathematics (Statistics),0.0,,,,,,
2022 to 23,North East,AS level,Modern languages,Total Modern languages including Other,25.0,0.0,8.0,16.0,56.0,68.0,92.0
2022 to 23,North East,AS level,English,English literature,54.0,0.0,9.25926,25.92593,44.44444,68.51852,87.03704
2022 to 23,North East,AS level,Accounting and Finance,Total Accounting and finance,0.0,,,,,,
2022 to 23,North East,AS level,Classical studies,Ancient History,0.0,,,,,,
2022 to 23,North East,AS level,Home Economics,Home Economics (Food),0.0,,,,,,
2022 to 23,North East,AS level,Arts,Drama & Theatre Studies,0.0,,,,,,
2022 to 23,North East,AS level,Design and technology,D&T Product Design,0.0,,,,,,
2022 to 23,North East,AS level,Classical studies,Latin,1.0,0.0,100.0,100.0,100.0,100.0,100.0
2022 to 23,North East,AS level,Business Studies,Total Business Studies,125.0,0.0,4.8,21.6,45.6,71.2,88.0
2022 to 23,North East,AS level,Modern languages - other,Irish,0.0,,,,,,
2022 to 23,North East,AS level,English,English language & literature,1.0,0.0,0.0,0.0,100.0,100.0,100.0
2022 to 23,North East,AS level,Modern languages - other,Turkish,0.0,,,,,,
2022 to 23,North East,AS level,Science - other,Geology,7.0,0.0,0.0,14.28571,42.85714,42.85714,85.71429
2022 to 23,North East,AS level,Modern languages - other,Japanese,0.0,,,,,,
2022 to 23,North East,AS level,Physical Education,Total Physical Education,0.0,,,,,,
2022 to 23,North East,AS level,Arts,Creative Writing,0.0,,,,,,
2022 to 23,North East,AS level,Modern languages - other,Bengali,0.0,,,,,,
2022 to 23,North East,AS level,Maths,Use of mathematics,0.0,,,,,,
2022 to 23,North East,AS level,Economics,Total Economics,14.0,0.0,0.0,7.14286,14.28571,71.42857,92.85714
2022 to 23,North East,AS level,Geography,Total Geography,103.0,0.0,13.59223,33.00971,61.16505,77.6699,91.26214
2022 to 23,North East,AS level,Physical Education,Physical Education/Sports Studies,0.0,,,,,,
2022 to 23,North East,AS level,Modern languages - other,Portuguese,0.0,,,,,,
2022 to 23,North East,AS level,Modern languages,German,7.0,0.0,0.0,0.0,57.14286,71.42857,100.0
2022 to 23,North East,AS level,Physical Education,Dance,0.0,,,,,,
2022 to 23,North East,AS level,Religious Studies,Total Religious Studies,44.0,0.0,11.36364,22.72727,36.36364,54.54545,81.81818
2022 to 23,North East,AS level,Science - Biology,Total Biology,293.0,0.0,11.6041,20.81911,34.12969,52.21843,72.35495
2022 to 23,North East,AS level,Modern languages - other,Italian,0.0,,,,,,
2022 to 23,North East,AS level,Art & Design,Art and design,6.0,0.0,16.66667,50.0,50.0,50.0,66.66667
2022 to 23,North East,AS level,Modern languages - other,Modern Greek,0.0,,,,,,
2022 to 23,North East,AS level,Home Economics,Total Home Economics,0.0,,,,,,
2022 to 23,North East,AS level,Government and politics,Total Government and Politics,33.0,0.0,21.21212,42.42424,57.57576,78.78788,84.84848
2022 to 23,North East,AS level,Design and technology,Design & Technology,0.0,,,,,,
2022 to 23,North East,AS level,Design and technology,D&T Engineering,0.0,,,,,,
2022 to 23,North East,AS level,Computer Science,Total Computer Science,32.0,0.0,6.25,18.75,34.375,59.375,71.875
2022 to 23,North East,AS level,Art & Design,Critical Studies,0.0,,,,,,
2022 to 23,North East,AS level,Classical studies,Classical Greek,0.0,,,,,,
2022 to 23,North East,AS level,Music,Music,2.0,0.0,50.0,100.0,100.0,100.0,100.0
2022 to 23,North East,AS level,Logic/Philosophy,Total Logic/ Philosophy,0.0,,,,,,
2022 to 23,North East,AS level,English,English language,84.0,0.0,8.33333,38.09524,77.38095,92.85714,97.61905
2022 to 23,North East,AS level,Maths,Total Maths,326.0,0.0,19.93865,36.50307,53.06748,72.08589,82.20859
2022 to 23,North East,AS level,Modern languages - other,Punjabi,0.0,,,,,,
2022 to 23,North East,AS level,Archaeology,Total Archaeology,0.0,,,,,,
2022 to 23,North East,AS level,Modern languages - other,Chinese,0.0,,,,,,
2022 to 23,North East,AS level,Psychology,Total Psychology,239.0,0.0,11.29707,26.77824,41.00418,61.50628,78.24268
2022 to 23,North East,AS level,Arts,Film Studies,31.0,0.0,16.12903,48.3871,74.19355,96.77419,100.0
2022 to 23,North East,AS level,Modern languages - other,Total Other Modern Languages,0.0,,,,,,
2022 to 23,North East,AS level,Music,Total Music,2.0,0.0,50.0,100.0,100.0,100.0,100.0
2022 to 23,North East,AS level,Maths - Further,Total Further Mathematics,218.0,0.0,49.54128,67.43119,79.3578,90.36697,97.24771
2022 to 23,North East,AS level,Citizenship studies,Total Citizenship studies,0.0,,,,,,
2022 to 23,North East,AS level,Anthropology,Total Anthropology,0.0,,,,,,
2022 to 23,North East,AS level,Classical studies,Other Classical Languages,0.0,,,,,,
2022 to 23,North East,AS level,General studies,Total General studies,0.0,,,,,,
2022 to 23,North East,AS level,Modern languages - other,Modern Hebrew,0.0,,,,,,
2022 to 23,North East,AS level,Art & Design,Fine Art,49.0,0.0,6.12245,18.36735,42.85714,65.30612,81.63265
2022 to 23,North East,AS level,Music,Music Technology,0.0,,,,,,
2022 to 23,North East,AS level,Science - other,Electronics,0.0,,,,,,
2022 to 23,North East,AS level,Geography,Geography,103.0,0.0,13.59223,33.00971,61.16505,77.6699,91.26214
2022 to 23,North East,AS level,Arts,Media/Film/Tv Studies,22.0,0.0,0.0,27.27273,63.63636,81.81818,95.45455
2022 to 23,North East,AS level,Art & Design,History of Art,0.0,,,,,,
2022 to 23,North East,AS level,Science - Physics,Total Physics,140.0,0.0,14.28571,18.57143,37.85714,60.0,78.57143
2022 to 23,North East,AS level,All STEM subjects,Total STEM subjects,1226.0,0.0,21.45188,34.42088,49.34747,67.45514,81.07667
2022 to 23,North East,AS level,Modern languages - other,Persian,0.0,,,,,,
2022 to 23,North East,AS level,Classical studies,Classical Civilisation,21.0,0.0,0.0,14.28571,28.57143,42.85714,66.66667
2022 to 23,North East,AS level,Modern languages,French,9.0,0.0,11.11111,11.11111,55.55556,66.66667,100.0
2022 to 23,North East,AS level,Maths,Maths,326.0,0.0,19.93865,36.50307,53.06748,72.08589,82.20859
2022 to 23,North East,AS level,Modern languages - other,Gujarati,0.0,,,,,,
2022 to 23,North East,AS level,Design and technology,D&T Systems & Control,0.0,,,,,,
2022 to 23,North East,AS level,Law,Total Law,116.0,0.0,7.75862,12.06897,29.31034,49.13793,72.41379
2022 to 23,North East,AS level,Design and technology,D&T Textiles Technology,0.0,,,,,,
2022 to 23,North East,AS level,Modern languages,Spanish,9.0,0.0,11.11111,33.33333,55.55556,66.66667,77.77778
2022 to 23,North East,AS level,Modern languages - other,Russian,0.0,,,,,,
2022 to 23,North East,AS level,Modern languages - other,Urdu,0.0,,,,,,
2022 to 23,North East,AS level,All subjects,Total subjects,2532.0,0.0,15.44234,30.29226,48.85466,68.08847,82.89889
2022 to 23,North East,AS level,Art & Design,Total Art & Design,70.0,0.0,10.0,24.28571,48.57143,65.71429,82.85714
2022 to 23,North East,AS level,Modern languages - other,Arabic,0.0,,,,,,
2022 to 23,North East,AS level,ICT,Total ICT,0.0,,,,,,
2022 to 23,North East,AS level,History,Total History,138.0,0.0,8.69565,28.98551,50.0,70.28986,85.50725
2022 to 23,North East,AS level,Modern languages - other,Polish,0.0,,,,,,
2022 to 23,North East,AS level,Design and technology,D&T Food Technology,0.0,,,,,,
2022 to 23,North East,AS level,Science - other,Environmental Science,0.0,,,,,,
2022 to 23,North East,AS level,Design and technology,Total D&T,0.0,,,,,,
2022 to 23,North East,AS level,All facilitating subjects,Total facilitating subjects,1515.0,0.0,19.47195,33.59736,50.49505,68.64686,82.77228
2022 to 23,North East,AS level,Classical studies,Total Classical studies,22.0,0.0,4.54545,18.18182,31.81818,45.45455,68.18182
2022 to 23,North East,AS level,Maths,Mathematics (Pure),0.0,,,,,,
2022 to 23,North East,AS level,English,Total English,139.0,0.0,8.63309,33.09353,64.7482,83.45324,93.52518
2022 to 23,North East,AS level,Arts,Total Arts,53.0,0.0,9.43396,39.62264,69.81132,90.56604,98.11321
2022 to 23,South East,AS level,Arts,Communication Studies,0.0,,,,,,
2022 to 23,South East,AS level,Science - Chemistry,Total Chemistry,279.0,0.0,16.84588,28.31541,40.14337,52.68817,65.94982
2022 to 23,South East,AS level,Art & Design,3d Studies,2.0,0.0,50.0,50.0,50.0,50.0,100.0
2022 to 23,South East,AS level,Art & Design,Photography,115.0,0.0,20.86957,63.47826,92.17391,96.52174,100.0
2022 to 23,South East,AS level,General studies,General Studies,0.0,,,,,,
2022 to 23,South East,AS level,Science - other,Total Other Sciences,8.0,0.0,37.5,62.5,62.5,62.5,87.5
2022 to 23,South East,AS level,Art & Design,Textiles,25.0,0.0,16.0,48.0,64.0,80.0,96.0
2022 to 23,South East,AS level,Sociology,Total Sociology,480.0,0.0,9.375,22.70833,38.54167,54.58333,71.25
2022 to 23,South East,AS level,Art & Design,Graphics,50.0,0.0,28.0,52.0,70.0,82.0,94.0
2022 to 23,South East,AS level,Maths,Mathematics (Statistics),0.0,,,,,,
2022 to 23,South East,AS level,Modern languages,Total Modern languages including Other,114.0,0.0,23.68421,49.12281,69.29825,78.07018,89.47368
2022 to 23,South East,AS level,English,English literature,131.0,0.0,20.61069,37.40458,60.30534,77.8626,91.60305
2022 to 23,South East,AS level,Accounting and Finance,Total Accounting and finance,0.0,,,,,,
2022 to 23,South East,AS level,Classical studies,Ancient History,18.0,0.0,16.66667,61.11111,83.33333,100.0,100.0
2022 to 23,South East,AS level,Home Economics,Home Economics (Food),0.0,,,,,,
2022 to 23,South East,AS level,Arts,Drama & Theatre Studies,6.0,0.0,16.66667,100.0,100.0,100.0,100.0
2022 to 23,South East,AS level,Design and technology,D&T Product Design,8.0,0.0,62.5,100.0,100.0,100.0,100.0
2022 to 23,South East,AS level,Classical studies,Latin,10.0,0.0,30.0,50.0,80.0,80.0,80.0
2022 to 23,South East,AS level,Business Studies,Total Business Studies,302.0,0.0,12.91391,28.80795,46.35762,63.24503,76.49007
2022 to 23,South East,AS level,Modern languages - other,Irish,0.0,,,,,,
2022 to 23,South East,AS level,English,English language & literature,7.0,0.0,0.0,0.0,0.0,57.14286,71.42857
2022 to 23,South East,AS level,Modern languages - other,Turkish,0.0,,,,,,
2022 to 23,South East,AS level,Science - other,Geology,5.0,0.0,40.0,80.0,80.0,80.0,100.0
2022 to 23,South East,AS level,Modern languages - other,Japanese,0.0,,,,,,
2022 to 23,South East,AS level,Physical Education,Total Physical Education,3.0,0.0,33.33333,66.66667,66.66667,66.66667,66.66667
2022 to 23,South East,AS level,Arts,Creative Writing,0.0,,,,,,
2022 to 23,South East,AS level,Modern languages - other,Bengali,0.0,,,,,,
2022 to 23,South East,AS level,Maths,Use of mathematics,0.0,,,,,,
2022 to 23,South East,AS level,Economics,Total Economics,107.0,0.0,14.01869,33.64486,43.92523,55.14019,68.2243
2022 to 23,South East,AS level,Geography,Total Geography,140.0,0.0,27.85714,46.42857,61.42857,71.42857,83.57143
2022 to 23,South East,AS level,Physical Education,Physical Education/Sports Studies,3.0,0.0,33.33333,66.66667,66.66667,66.66667,66.66667
2022 to 23,South East,AS level,Modern languages - other,Portuguese,0.0,,,,,,
2022 to 23,South East,AS level,Modern languages,German,16.0,0.0,62.5,75.0,81.25,87.5,87.5
2022 to 23,South East,AS level,Physical Education,Dance,0.0,,,,,,
2022 to 23,South East,AS level,Religious Studies,Total Religious Studies,45.0,0.0,13.33333,48.88889,57.77778,68.88889,84.44444
2022 to 23,South East,AS level,Science - Biology,Total Biology,369.0,0.0,9.7561,18.42818,26.28726,40.65041,56.36856
2022 to 23,South East,AS level,Modern languages - other,Italian,0.0,,,,,,
2022 to 23,South East,AS level,Art & Design,Art and design,20.0,0.0,30.0,50.0,75.0,90.0,90.0
2022 to 23,South East,AS level,Modern languages - other,Modern Greek,0.0,,,,,,
2022 to 23,South East,AS level,Home Economics,Total Home Economics,0.0,,,,,,
2022 to 23,South East,AS level,Government and politics,Total Government and Politics,89.0,0.0,12.35955,31.46067,48.31461,64.04494,75.2809
2022 to 23,South East,AS level,Design and technology,Design & Technology,0.0,,,,,,
2022 to 23,South East,AS level,Design and technology,D&T Engineering,0.0,,,,,,
2022 to 23,South East,AS level,Computer Science,Total Computer Science,134.0,0.0,21.64179,40.29851,52.23881,65.67164,80.59701
2022 to 23,South East,AS level,Art & Design,Critical Studies,0.0,,,,,,
2022 to 23,South East,AS level,Classical studies,Classical Greek,0.0,,,,,,
2022 to 23,South East,AS level,Music,Music,5.0,0.0,0.0,40.0,40.0,60.0,100.0
2022 to 23,South East,AS level,Logic/Philosophy,Total Logic/ Philosophy,0.0,,,,,,
2022 to 23,South East,AS level,English,English language,47.0,0.0,2.12766,19.14894,51.06383,74.46809,91.48936
2022 to 23,South East,AS level,Maths,Total Maths,765.0,0.0,20.13072,29.6732,39.86928,50.84967,64.18301
2022 to 23,South East,AS level,Modern languages - other,Punjabi,0.0,,,,,,
2022 to 23,South East,AS level,Archaeology,Total Archaeology,0.0,,,,,,
2022 to 23,South East,AS level,Modern languages - other,Chinese,0.0,,,,,,
2022 to 23,South East,AS level,Psychology,Total Psychology,481.0,0.0,9.56341,19.95842,33.47193,46.56965,64.65696
2022 to 23,South East,AS level,Arts,Film Studies,32.0,0.0,6.25,34.375,46.875,75.0,87.5
2022 to 23,South East,AS level,Modern languages - other,Total Other Modern Languages,0.0,,,,,,
2022 to 23,South East,AS level,Music,Total Music,6.0,0.0,0.0,33.33333,50.0,66.66667,100.0
2022 to 23,South East,AS level,Maths - Further,Total Further Mathematics,918.0,0.0,57.40741,73.20261,85.29412,92.04793,95.86057
2022 to 23,South East,AS level,Citizenship studies,Total Citizenship studies,0.0,,,,,,
2022 to 23,South East,AS level,Anthropology,Total Anthropology,0.0,,,,,,
2022 to 23,South East,AS level,Classical studies,Other Classical Languages,0.0,,,,,,
2022 to 23,South East,AS level,General studies,Total General studies,0.0,,,,,,
2022 to 23,South East,AS level,Modern languages - other,Modern Hebrew,0.0,,,,,,
2022 to 23,South East,AS level,Art & Design,Fine Art,58.0,0.0,36.2069,56.89655,75.86207,86.2069,96.55172
2022 to 23,South East,AS level,Music,Music Technology,1.0,0.0,0.0,0.0,100.0,100.0,100.0
2022 to 23,South East,AS level,Science - other,Electronics,3.0,0.0,33.33333,33.33333,33.33333,33.33333,66.66667
2022 to 23,South East,AS level,Geography,Geography,140.0,0.0,27.85714,46.42857,61.42857,71.42857,83.57143
2022 to 23,South East,AS level,Arts,Media/Film/Tv Studies,41.0,0.0,39.02439,51.21951,68.29268,87.80488,95.12195
2022 to 23,South East,AS level,Art & Design,History of Art,0.0,,,,,,
2022 to 23,South East,AS level,Science - Physics,Total Physics,268.0,0.0,20.52239,34.70149,46.26866,57.46269,71.64179
2022 to 23,South East,AS level,All STEM subjects,Total STEM subjects,2733.0,0.0,31.02817,43.65166,54.55543,64.87377,75.48482
2022 to 23,South East,AS level,Modern languages - other,Persian,0.0,,,,,,
2022 to 23,South East,AS level,Classical studies,Classical Civilisation,19.0,0.0,26.31579,57.89474,78.94737,84.21053,84.21053
2022 to 23,South East,AS level,Modern languages,French,51.0,0.0,17.64706,47.05882,66.66667,78.43137,88.23529
2022 to 23,South East,AS level,Maths,Maths,765.0,0.0,20.13072,29.6732,39.86928,50.84967,64.18301
2022 to 23,South East,AS level,Modern languages - other,Gujarati,0.0,,,,,,
2022 to 23,South East,AS level,Design and technology,D&T Systems & Control,0.0,,,,,,
2022 to 23,South East,AS level,Law,Total Law,86.0,0.0,17.44186,23.25581,34.88372,48.83721,61.62791
2022 to 23,South East,AS level,Design and technology,D&T Textiles Technology,0.0,,,,,,
2022 to 23,South East,AS level,Modern languages,Spanish,47.0,0.0,17.02128,42.55319,68.08511,74.46809,91.48936
2022 to 23,South East,AS level,Modern languages - other,Russian,0.0,,,,,,
2022 to 23,South East,AS level,Modern languages - other,Urdu,0.0,,,,,,
2022 to 23,South East,AS level,All subjects,Total subjects,5351.0,0.0,23.65913,38.83386,52.51355,64.54868,76.6025
2022 to 23,South East,AS level,Art & Design,Total Art & Design,270.0,0.0,25.92593,57.40741,80.37037,89.25926,97.03704
2022 to 23,South East,AS level,Modern languages - other,Arabic,0.0,,,,,,
2022 to 23,South East,AS level,ICT,Total ICT,0.0,,,,,,
2022 to 23,South East,AS level,History,Total History,168.0,0.0,22.61905,42.2619,57.7381,69.64286,79.7619
2022 to 23,South East,AS level,Modern languages - other,Polish,0.0,,,,,,
2022 to 23,South East,AS level,Design and technology,D&T Food Technology,0.0,,,,,,
2022 to 23,South East,AS level,Science - other,Environmental Science,0.0,,,,,,
2022 to 23,South East,AS level,Design and technology,Total D&T,8.0,0.0,62.5,100.0,100.0,100.0,100.0
2022 to 23,South East,AS level,All facilitating subjects,Total facilitating subjects,3162.0,0.0,30.13915,43.80139,55.97723,66.44529,77.03985
2022 to 23,South East,AS level,Classical studies,Total Classical studies,47.0,0.0,23.40426,57.44681,80.85106,89.3617,89.3617
2022 to 23,South East,AS level,Maths,Mathematics (Pure),0.0,,,,,,
2022 to 23,South East,AS level,English,Total English,185.0,0.0,15.13514,31.35135,55.67568,76.21622,90.81081
2022 to 23,South East,AS level,Arts,Total Arts,79.0,0.0,24.05063,48.10127,62.02532,83.5443,92.40506
2022 to 23,London,AS level,Arts,Communication Studies,0.0,,,,,,
2022 to 23,London,AS level,Science - Chemistry,Total Chemistry,1312.0,0.0,26.52439,40.85366,56.47866,69.81707,80.94512
2022 to 23,London,AS level,Art & Design,3d Studies,0.0,,,,,,
2022 to 23,London,AS level,Art & Design,Photography,73.0,0.0,16.43836,38.35616,63.0137,78.08219,89.0411
2022 to 23,London,AS level,General studies,General Studies,0.0,,,,,,
2022 to 23,London,AS level,Science - other,Total Other Sciences,0.0,,,,,,
2022 to 23,London,AS level,Art & Design,Textiles,15.0,0.0,20.0,46.66667,53.33333,73.33333,80.0
2022 to 23,London,AS level,Sociology,Total Sociology,839.0,0.0,22.40763,42.0739,58.99881,74.61263,85.93564
2022 to 23,London,AS level,Art & Design,Graphics,14.0,0.0,21.42857,57.14286,64.28571,71.42857,85.71429
2022 to 23,London,AS level,Maths,Mathematics (Statistics),0.0,,,,,,
2022 to 23,London,AS level,Modern languages,Total Modern languages including Other,237.0,0.0,40.92827,63.71308,81.4346,90.29536,94.93671
2022 to 23,London,AS level,English,English literature,605.0,0.0,28.42975,54.54545,75.53719,88.92562,97.35537
2022 to 23,London,AS level,Accounting and Finance,Total Accounting and finance,0.0,,,,,,
2022 to 23,London,AS level,Classical studies,Ancient History,0.0,,,,,,
2022 to 23,London,AS level,Home Economics,Home Economics (Food),0.0,,,,,,
2022 to 23,London,AS level,Arts,Drama & Theatre Studies,11.0,0.0,45.45455,72.72727,100.0,100.0,100.0
2022 to 23,London,AS level,Design and technology,D&T Product Design,27.0,0.0,14.81481,25.92593,70.37037,88.88889,96.2963
2022 to 23,London,AS level,Classical studies,Latin,12.0,0.0,66.66667,83.33333,100.0,100.0,100.0
2022 to 23,London,AS level,Business Studies,Total Business Studies,461.0,0.0,8.02603,23.86117,48.59002,72.01735,86.33406
2022 to 23,London,AS level,Modern languages - other,Irish,0.0,,,,,,
2022 to 23,London,AS level,English,English language & literature,110.0,0.0,8.18182,29.09091,60.0,75.45455,90.90909
2022 to 23,London,AS level,Modern languages - other,Turkish,0.0,,,,,,
2022 to 23,London,AS level,Science - other,Geology,0.0,,,,,,
2022 to 23,London,AS level,Modern languages - other,Japanese,0.0,,,,,,
2022 to 23,London,AS level,Physical Education,Total Physical Education,21.0,0.0,14.28571,28.57143,42.85714,42.85714,71.42857
2022 to 23,London,AS level,Arts,Creative Writing,0.0,,,,,,
2022 to 23,London,AS level,Modern languages - other,Bengali,0.0,,,,,,
2022 to 23,London,AS level,Maths,Use of mathematics,0.0,,,,,,
2022 to 23,London,AS level,Economics,Total Economics,1084.0,0.0,33.21033,51.75277,67.61993,78.96679,87.82288
2022 to 23,London,AS level,Geography,Total Geography,309.0,0.0,38.1877,59.87055,74.11003,89.64401,93.85113
2022 to 23,London,AS level,Physical Education,Physical Education/Sports Studies,21.0,0.0,14.28571,28.57143,42.85714,42.85714,71.42857
2022 to 23,London,AS level,Modern languages - other,Portuguese,0.0,,,,,,
2022 to 23,London,AS level,Modern languages,German,47.0,0.0,51.06383,74.46809,95.74468,100.0,100.0
2022 to 23,London,AS level,Physical Education,Dance,0.0,,,,,,
2022 to 23,London,AS level,Religious Studies,Total Religious Studies,235.0,0.0,43.40426,66.80851,81.2766,91.06383,96.59574
2022 to 23,London,AS level,Science - Biology,Total Biology,1225.0,0.0,23.34694,36.57143,50.93878,67.26531,83.10204
2022 to 23,London,AS level,Modern languages - other,Italian,0.0,,,,,,
2022 to 23,London,AS level,Art & Design,Art and design,18.0,0.0,22.22222,38.88889,55.55556,72.22222,83.33333
2022 to 23,London,AS level,Modern languages - other,Modern Greek,0.0,,,,,,
2022 to 23,London,AS level,Home Economics,Total Home Economics,0.0,,,,,,
2022 to 23,London,AS level,Government and politics,Total Government and Politics,402.0,0.0,27.11443,51.49254,67.16418,77.61194,88.30846
2022 to 23,London,AS level,Design and technology,Design & Technology,0.0,,,,,,
2022 to 23,London,AS level,Design and technology,D&T Engineering,1.0,0.0,0.0,0.0,100.0,100.0,100.0
2022 to 23,London,AS level,Computer Science,Total Computer Science,383.0,0.0,32.11488,47.78068,64.49086,76.24021,87.46736
2022 to 23,London,AS level,Art & Design,Critical Studies,0.0,,,,,,
2022 to 23,London,AS level,Classical studies,Classical Greek,6.0,0.0,50.0,50.0,50.0,66.66667,66.66667
2022 to 23,London,AS level,Music,Music,24.0,0.0,45.83333,70.83333,87.5,95.83333,100.0
2022 to 23,London,AS level,Logic/Philosophy,Total Logic/ Philosophy,0.0,,,,,,
2022 to 23,London,AS level,English,English language,41.0,0.0,14.63415,46.34146,68.29268,90.2439,92.68293
2022 to 23,London,AS level,Maths,Total Maths,2440.0,0.0,30.40984,44.34426,57.45902,69.5082,79.18033
2022 to 23,London,AS level,Modern languages - other,Punjabi,0.0,,,,,,
2022 to 23,London,AS level,Archaeology,Total Archaeology,0.0,,,,,,
2022 to 23,London,AS level,Modern languages - other,Chinese,0.0,,,,,,
2022 to 23,London,AS level,Psychology,Total Psychology,1244.0,0.0,19.05145,35.209,52.49196,68.40836,81.75241
2022 to 23,London,AS level,Arts,Film Studies,100.0,0.0,10.0,42.0,66.0,78.0,85.0
2022 to 23,London,AS level,Modern languages - other,Total Other Modern Languages,0.0,,,,,,
2022 to 23,London,AS level,Music,Total Music,27.0,0.0,40.74074,70.37037,85.18519,96.2963,100.0
2022 to 23,London,AS level,Maths - Further,Total Further Mathematics,601.0,0.0,54.24293,69.88353,80.53245,88.68552,93.84359
2022 to 23,London,AS level,Citizenship studies,Total Citizenship studies,0.0,,,,,,
2022 to 23,London,AS level,Anthropology,Total Anthropology,0.0,,,,,,
2022 to 23,London,AS level,Classical studies,Other Classical Languages,0.0,,,,,,
2022 to 23,London,AS level,General studies,Total General studies,0.0,,,,,,
2022 to 23,London,AS level,Modern languages - other,Modern Hebrew,0.0,,,,,,
2022 to 23,London,AS level,Art & Design,Fine Art,63.0,0.0,22.22222,61.90476,82.53968,90.47619,95.2381
2022 to 23,London,AS level,Music,Music Technology,3.0,0.0,0.0,66.66667,66.66667,100.0,100.0
2022 to 23,London,AS level,Science - other,Electronics,0.0,,,,,,
2022 to 23,London,AS level,Geography,Geography,309.0,0.0,38.1877,59.87055,74.11003,89.64401,93.85113
2022 to 23,London,AS level,Arts,Media/Film/Tv Studies,78.0,0.0,21.79487,52.5641,66.66667,83.33333,92.30769
2022 to 23,London,AS level,Art & Design,History of Art,0.0,,,,,,
2022 to 23,London,AS level,Science - Physics,Total Physics,991.0,0.0,32.29062,44.19778,57.31584,70.73663,85.26741
2022 to 23,London,AS level,All STEM subjects,Total STEM subjects,6952.0,0.0,30.85443,44.69217,58.48677,71.37514,82.79632
2022 to 23,London,AS level,Modern languages - other,Persian,0.0,,,,,,
2022 to 23,London,AS level,Classical studies,Classical Civilisation,20.0,0.0,30.0,50.0,75.0,75.0,90.0
2022 to 23,London,AS level,Modern languages,French,103.0,0.0,40.7767,61.16505,81.5534,91.26214,95.14563
2022 to 23,London,AS level,Maths,Maths,2440.0,0.0,30.40984,44.34426,57.45902,69.5082,79.18033
2022 to 23,London,AS level,Modern languages - other,Gujarati,0.0,,,,,,
2022 to 23,London,AS level,Design and technology,D&T Systems & Control,0.0,,,,,,
2022 to 23,London,AS level,Law,Total Law,80.0,0.0,5.0,13.75,33.75,50.0,65.0
2022 to 23,London,AS level,Design and technology,D&T Textiles Technology,10.0,0.0,50.0,80.0,90.0,100.0,100.0
2022 to 23,London,AS level,Modern languages,Spanish,87.0,0.0,35.63218,60.91954,73.56322,83.90805,91.95402
2022 to 23,London,AS level,Modern languages - other,Russian,0.0,,,,,,
2022 to 23,London,AS level,Modern languages - other,Urdu,0.0,,,,,,
2022 to 23,London,AS level,All subjects,Total subjects,13578.0,0.0,28.12638,45.52953,61.51863,74.97422,85.63117
2022 to 23,London,AS level,Art & Design,Total Art & Design,183.0,0.0,19.67213,48.63388,68.30601,80.87432,89.61749
2022 to 23,London,AS level,Modern languages - other,Arabic,0.0,,,,,,
2022 to 23,London,AS level,ICT,Total ICT,0.0,,,,,,
2022 to 23,London,AS level,History,Total History,483.0,0.0,26.294,57.55694,77.84679,90.06211,95.65217
2022 to 23,London,AS level,Modern languages - other,Polish,0.0,,,,,,
2022 to 23,London,AS level,Design and technology,D&T Food Technology,0.0,,,,,,
2022 to 23,London,AS level,Science - other,Environmental Science,0.0,,,,,,
2022 to 23,London,AS level,Design and technology,Total D&T,38.0,0.0,23.68421,39.47368,76.31579,92.10526,97.36842
2022 to 23,London,AS level,All facilitating subjects,Total facilitating subjects,8221.0,0.0,30.98163,47.20837,61.90244,74.80842,85.18428
2022 to 23,London,AS level,Classical studies,Total Classical studies,38.0,0.0,44.73684,60.52632,78.94737,81.57895,89.47368
2022 to 23,London,AS level,Maths,Mathematics (Pure),0.0,,,,,,
2022 to 23,London,AS level,English,Total English,756.0,0.0,24.73545,50.39683,72.8836,87.03704,96.16402
2022 to 23,London,AS level,Arts,Total Arts,189.0,0.0,16.93122,48.14815,68.25397,81.48148,88.88889
2022 to 23,East of England,AS level,Arts,Communication Studies,0.0,,,,,,
2022 to 23,East of England,AS level,Science - Chemistry,Total Chemistry,259.0,0.0,22.39382,40.92664,56.75676,75.67568,87.64479
2022 to 23,East of England,AS level,Art & Design,3d Studies,20.0,0.0,10.0,45.0,75.0,90.0,100.0
2022 to 23,East of England,AS level,Art & Design,Photography,63.0,0.0,12.69841,36.50794,68.25397,88.88889,96.8254
2022 to 23,East of England,AS level,General studies,General Studies,0.0,,,,,,
2022 to 23,East of England,AS level,Science - other,Total Other Sciences,21.0,0.0,9.52381,28.57143,38.09524,42.85714,76.19048
2022 to 23,East of England,AS level,Art & Design,Textiles,32.0,0.0,37.5,62.5,75.0,84.375,96.875
2022 to 23,East of England,AS level,Sociology,Total Sociology,283.0,0.0,15.5477,31.80212,51.94346,67.49117,79.85866
2022 to 23,East of England,AS level,Art & Design,Graphics,31.0,0.0,19.35484,64.51613,96.77419,100.0,100.0
2022 to 23,East of England,AS level,Maths,Mathematics (Statistics),0.0,,,,,,
2022 to 23,East of England,AS level,Modern languages,Total Modern languages including Other,95.0,0.0,20.0,44.21053,69.47368,82.10526,93.68421
2022 to 23,East of England,AS level,English,English literature,126.0,0.0,15.87302,31.74603,58.73016,80.95238,95.2381
2022 to 23,East of England,AS level,Accounting and Finance,Total Accounting and finance,0.0,,,,,,
2022 to 23,East of England,AS level,Classical studies,Ancient History,0.0,,,,,,
2022 to 23,East of England,AS level,Home Economics,Home Economics (Food),0.0,,,,,,
2022 to 23,East of England,AS level,Arts,Drama & Theatre Studies,11.0,0.0,45.45455,90.90909,100.0,100.0,100.0
2022 to 23,East of England,AS level,Design and technology,D&T Product Design,11.0,0.0,0.0,45.45455,54.54545,81.81818,100.0
2022 to 23,East of England,AS level,Classical studies,Latin,2.0,0.0,50.0,50.0,50.0,100.0,100.0
2022 to 23,East of England,AS level,Business Studies,Total Business Studies,238.0,0.0,11.76471,24.36975,41.17647,68.06723,81.51261
2022 to 23,East of England,AS level,Modern languages - other,Irish,0.0,,,,,,
2022 to 23,East of England,AS level,English,English language & literature,33.0,0.0,9.09091,33.33333,84.84848,96.9697,96.9697
2022 to 23,East of England,AS level,Modern languages - other,Turkish,0.0,,,,,,
2022 to 23,East of England,AS level,Science - other,Geology,21.0,0.0,9.52381,28.57143,38.09524,42.85714,76.19048
2022 to 23,East of England,AS level,Modern languages - other,Japanese,0.0,,,,,,
2022 to 23,East of England,AS level,Physical Education,Total Physical Education,15.0,0.0,33.33333,40.0,53.33333,73.33333,93.33333
2022 to 23,East of England,AS level,Arts,Creative Writing,0.0,,,,,,
2022 to 23,East of England,AS level,Modern languages - other,Bengali,0.0,,,,,,
2022 to 23,East of England,AS level,Maths,Use of mathematics,0.0,,,,,,
2022 to 23,East of England,AS level,Economics,Total Economics,242.0,0.0,21.07438,37.19008,53.30579,68.59504,81.81818
2022 to 23,East of England,AS level,Geography,Total Geography,186.0,0.0,22.04301,38.17204,60.21505,74.73118,87.09677
2022 to 23,East of England,AS level,Physical Education,Physical Education/Sports Studies,15.0,0.0,33.33333,40.0,53.33333,73.33333,93.33333
2022 to 23,East of England,AS level,Modern languages - other,Portuguese,0.0,,,,,,
2022 to 23,East of England,AS level,Modern languages,German,16.0,0.0,37.5,50.0,62.5,75.0,93.75
2022 to 23,East of England,AS level,Physical Education,Dance,0.0,,,,,,
2022 to 23,East of England,AS level,Religious Studies,Total Religious Studies,59.0,0.0,28.81356,57.62712,77.9661,88.13559,89.83051
2022 to 23,East of England,AS level,Science - Biology,Total Biology,358.0,0.0,21.50838,36.87151,51.95531,70.67039,82.96089
2022 to 23,East of England,AS level,Modern languages - other,Italian,0.0,,,,,,
2022 to 23,East of England,AS level,Art & Design,Art and design,2.0,0.0,0.0,0.0,100.0,100.0,100.0
2022 to 23,East of England,AS level,Modern languages - other,Modern Greek,0.0,,,,,,
2022 to 23,East of England,AS level,Home Economics,Total Home Economics,0.0,,,,,,
2022 to 23,East of England,AS level,Government and politics,Total Government and Politics,157.0,0.0,21.65605,40.76433,66.87898,82.16561,89.17197
2022 to 23,East of England,AS level,Design and technology,Design & Technology,0.0,,,,,,
2022 to 23,East of England,AS level,Design and technology,D&T Engineering,0.0,,,,,,
2022 to 23,East of England,AS level,Computer Science,Total Computer Science,116.0,0.0,17.24138,32.75862,53.44828,66.37931,82.75862
2022 to 23,East of England,AS level,Art & Design,Critical Studies,0.0,,,,,,
2022 to 23,East of England,AS level,Classical studies,Classical Greek,0.0,,,,,,
2022 to 23,East of England,AS level,Music,Music,15.0,0.0,26.66667,53.33333,73.33333,93.33333,100.0
2022 to 23,East of England,AS level,Logic/Philosophy,Total Logic/ Philosophy,0.0,,,,,,
2022 to 23,East of England,AS level,English,English language,52.0,0.0,11.53846,42.30769,55.76923,76.92308,92.30769
2022 to 23,East of England,AS level,Maths,Total Maths,571.0,0.0,25.21891,38.87916,56.04203,71.97898,81.96147
2022 to 23,East of England,AS level,Modern languages - other,Punjabi,0.0,,,,,,
2022 to 23,East of England,AS level,Archaeology,Total Archaeology,0.0,,,,,,
2022 to 23,East of England,AS level,Modern languages - other,Chinese,0.0,,,,,,
2022 to 23,East of England,AS level,Psychology,Total Psychology,561.0,0.0,13.01248,29.94652,48.12834,62.03209,77.1836
2022 to 23,East of England,AS level,Arts,Film Studies,41.0,0.0,12.19512,31.70732,53.65854,82.92683,90.2439
2022 to 23,East of England,AS level,Modern languages - other,Total Other Modern Languages,0.0,,,,,,
2022 to 23,East of England,AS level,Music,Total Music,41.0,0.0,24.39024,43.90244,58.53659,80.4878,90.2439
2022 to 23,East of England,AS level,Maths - Further,Total Further Mathematics,436.0,0.0,47.01835,66.05505,78.89908,86.00917,91.51376
2022 to 23,East of England,AS level,Citizenship studies,Total Citizenship studies,0.0,,,,,,
2022 to 23,East of England,AS level,Anthropology,Total Anthropology,0.0,,,,,,
2022 to 23,East of England,AS level,Classical studies,Other Classical Languages,0.0,,,,,,
2022 to 23,East of England,AS level,General studies,Total General studies,0.0,,,,,,
2022 to 23,East of England,AS level,Modern languages - other,Modern Hebrew,0.0,,,,,,
2022 to 23,East of England,AS level,Art & Design,Fine Art,76.0,0.0,25.0,50.0,73.68421,90.78947,94.73684
2022 to 23,East of England,AS level,Music,Music Technology,26.0,0.0,23.07692,38.46154,50.0,73.07692,84.61538
2022 to 23,East of England,AS level,Science - other,Electronics,0.0,,,,,,
2022 to 23,East of England,AS level,Geography,Geography,186.0,0.0,22.04301,38.17204,60.21505,74.73118,87.09677
2022 to 23,East of England,AS level,Arts,Media/Film/Tv Studies,83.0,0.0,3.61446,15.66265,37.3494,51.80723,75.90361
2022 to 23,East of England,AS level,Art & Design,History of Art,0.0,,,,,,
2022 to 23,East of England,AS level,Science - Physics,Total Physics,226.0,0.0,18.14159,31.85841,43.36283,61.9469,78.76106
2022 to 23,East of England,AS level,All STEM subjects,Total STEM subjects,1966.0,0.0,27.72126,43.64191,58.85046,73.85554,84.68973
2022 to 23,East of England,AS level,Modern languages - other,Persian,0.0,,,,,,
2022 to 23,East of England,AS level,Classical studies,Classical Civilisation,1.0,0.0,0.0,0.0,100.0,100.0,100.0
2022 to 23,East of England,AS level,Modern languages,French,32.0,0.0,25.0,50.0,71.875,87.5,96.875
2022 to 23,East of England,AS level,Maths,Maths,571.0,0.0,25.21891,38.87916,56.04203,71.97898,81.96147
2022 to 23,East of England,AS level,Modern languages - other,Gujarati,0.0,,,,,,
2022 to 23,East of England,AS level,Design and technology,D&T Systems & Control,0.0,,,,,,
2022 to 23,East of England,AS level,Law,Total Law,72.0,0.0,25.0,41.66667,54.16667,68.05556,84.72222
2022 to 23,East of England,AS level,Design and technology,D&T Textiles Technology,0.0,,,,,,
2022 to 23,East of England,AS level,Modern languages,Spanish,47.0,0.0,10.6383,38.29787,70.21277,80.85106,91.48936
2022 to 23,East of England,AS level,Modern languages - other,Russian,0.0,,,,,,
2022 to 23,East of England,AS level,Modern languages - other,Urdu,0.0,,,,,,
2022 to 23,East of England,AS level,All subjects,Total subjects,4724.0,0.0,21.84589,39.45809,57.53599,73.26418,85.0127
2022 to 23,East of England,AS level,Art & Design,Total Art & Design,224.0,0.0,20.98214,49.10714,75.89286,90.625,96.875
2022 to 23,East of England,AS level,Modern languages - other,Arabic,0.0,,,,,,
2022 to 23,East of England,AS level,ICT,Total ICT,0.0,,,,,,
2022 to 23,East of England,AS level,History,Total History,204.0,0.0,26.96078,50.98039,66.66667,80.88235,91.17647
2022 to 23,East of England,AS level,Modern languages - other,Polish,0.0,,,,,,
2022 to 23,East of England,AS level,Design and technology,D&T Food Technology,0.0,,,,,,
2022 to 23,East of England,AS level,Science - other,Environmental Science,0.0,,,,,,
2022 to 23,East of England,AS level,Design and technology,Total D&T,11.0,0.0,0.0,45.45455,54.54545,81.81818,100.0
2022 to 23,East of England,AS level,All facilitating subjects,Total facilitating subjects,2463.0,0.0,26.83719,43.76776,60.25173,75.55826,86.3987
2022 to 23,East of England,AS level,Classical studies,Total Classical studies,3.0,0.0,33.33333,33.33333,66.66667,100.0,100.0
2022 to 23,East of England,AS level,Maths,Mathematics (Pure),0.0,,,,,,
2022 to 23,East of England,AS level,English,Total English,211.0,0.0,13.74408,34.59716,62.08531,82.46445,94.78673
2022 to 23,East of England,AS level,Arts,Total Arts,135.0,0.0,9.62963,26.66667,47.40741,65.18519,82.22222
2023 to 24,London,A level,Art & Design,Critical Studies,33.0,15.15152,33.33333,60.60606,78.78788,93.93939,100.0
2023 to 24,London,A level,Home Economics,Total Home Economics,0.0,,,,,,
2023 to 24,London,A level,Science - Biology,Total Biology,11074.0,8.13617,26.0791,46.108,67.59075,84.2514,94.50063
2023 to 24,London,A level,Home Economics,Home Economics (Food),0.0,,,,,,
2023 to 24,London,A level,Sociology,Total Sociology,8550.0,6.46784,20.98246,50.8538,78.69006,93.29825,98.33918
2023 to 24,London,A level,Modern languages - other,Irish,0.0,,,,,,
2023 to 24,London,A level,Art & Design,3d Studies,235.0,9.78723,23.40426,50.6383,75.31915,94.04255,98.29787
2023 to 24,London,A level,Arts,Media/Film/Tv Studies,2181.0,2.20083,12.24209,42.68684,75.01146,93.48923,98.16598
2023 to 24,London,A level,Modern languages - other,Italian,172.0,33.72093,75.0,90.69767,95.93023,98.83721,98.83721
2023 to 24,London,A level,Art & Design,Art and design,1021.0,12.2429,30.75416,61.01861,85.11263,95.49461,99.02057
2023 to 24,London,A level,Physical Education,Total Physical Education,1047.0,4.10697,14.99522,39.44604,66.47564,85.76886,96.08405
2023 to 24,London,A level,Modern languages - other,Gujarati,1.0,0.0,100.0,100.0,100.0,100.0,100.0
2023 to 24,London,A level,Modern languages - other,Punjabi,15.0,66.66667,73.33333,80.0,86.66667,93.33333,93.33333
2023 to 24,London,A level,Classical studies,Ancient History,1.0,0.0,100.0,100.0,100.0,100.0,100.0
2023 to 24,London,A level,Computer Science,Total Computer Science,3765.0,3.90438,19.54847,42.62948,65.33865,83.71846,94.20983
2023 to 24,London,A level,Geography,Total Geography,4120.0,6.48058,25.84951,56.3835,81.1165,94.12621,98.78641
2023 to 24,London,A level,Physical Education,Physical Education/Sports Studies,960.0,3.54167,13.54167,37.60417,64.6875,85.0,95.72917
2023 to 24,London,A level,Modern languages - other,Portuguese,126.0,11.90476,38.88889,63.49206,84.12698,91.26984,93.65079
2023 to 24,London,A level,General studies,Total General studies,0.0,,,,,,
2023 to 24,London,A level,Art & Design,Photography,962.0,8.31601,20.37422,55.30146,82.22453,94.49064,98.3368
2023 to 24,London,A level,Maths,Mathematics (Statistics),22.0,0.0,18.18182,40.90909,63.63636,72.72727,86.36364
2023 to 24,London,A level,Modern languages,Spanish,1355.0,9.29889,35.12915,67.08487,87.60148,96.01476,99.26199
2023 to 24,London,A level,Maths,Total Maths,19266.0,16.51095,40.74016,60.27717,76.02512,87.99958,95.96699
2023 to 24,London,A level,Science - other,Electronics,53.0,16.98113,32.07547,52.83019,66.03774,81.13208,94.33962
2023 to 24,London,A level,Science - other,Geology,31.0,3.22581,16.12903,38.70968,58.06452,90.32258,96.77419
2023 to 24,London,A level,Accounting and Finance,Total Accounting and finance,194.0,0.0,6.18557,21.13402,43.81443,72.16495,88.14433
2023 to 24,London,A level,Modern languages - other,Bengali,9.0,33.33333,44.44444,66.66667,88.88889,88.88889,88.88889
2023 to 24,London,A level,Psychology,Total Psychology,12013.0,6.03513,19.49555,47.12395,72.92933,89.13677,96.6786
2023 to 24,London,A level,Art & Design,Textiles,259.0,10.03861,20.46332,53.28185,82.23938,94.20849,98.8417
2023 to 24,London,A level,Government and politics,Total Government and Politics,4667.0,6.83523,24.36255,52.08914,75.20891,90.05785,96.8288
2023 to 24,London,A level,Science - Chemistry,Total Chemistry,10608.0,7.87142,29.06297,51.38575,71.14442,85.19042,94.85294
2023 to 24,London,A level,Design and technology,D&T Product Design,968.0,4.95868,14.77273,41.52893,70.66116,88.63636,98.03719
2023 to 24,London,A level,Modern languages - other,Total Other Modern Languages,1296.0,32.94753,63.2716,81.55864,91.12654,95.91049,97.0679
2023 to 24,London,A level,ICT,Total ICT,0.0,,,,,,
2023 to 24,London,A level,Science - other,Total Other Sciences,86.0,11.62791,25.5814,47.67442,63.95349,84.88372,95.34884
2023 to 24,London,A level,Classical studies,Classical Civilisation,529.0,7.56144,30.24575,67.10775,86.38941,95.65217,99.24386
2023 to 24,London,A level,Art & Design,Graphics,501.0,11.17764,25.7485,55.28942,82.23553,95.20958,98.60279
2023 to 24,London,A level,Logic/Philosophy,Total Logic/ Philosophy,704.0,8.09659,27.27273,48.57955,71.16477,86.36364,96.16477
2023 to 24,London,A level,Classical studies,Other Classical Languages,13.0,92.30769,100.0,100.0,100.0,100.0,100.0
2023 to 24,London,A level,Arts,Film Studies,904.0,3.53982,18.14159,60.39823,87.61062,95.79646,99.11504
2023 to 24,London,A level,Art & Design,Fine Art,1528.0,16.81937,38.93979,68.52094,89.00524,97.44764,99.01832
2023 to 24,London,A level,Geography,Geography,4120.0,6.48058,25.84951,56.3835,81.1165,94.12621,98.78641
2023 to 24,London,A level,Music,Total Music,621.0,7.08535,24.47665,52.17391,73.91304,90.66023,97.26248
2023 to 24,London,A level,Classical studies,Total Classical studies,636.0,11.63522,37.57862,69.33962,87.10692,95.59748,99.0566
2023 to 24,London,A level,Modern languages - other,Urdu,24.0,62.5,79.16667,87.5,87.5,95.83333,95.83333
2023 to 24,London,A level,Classical studies,Classical Greek,6.0,16.66667,83.33333,83.33333,100.0,100.0,100.0
2023 to 24,London,A level,Music,Music,434.0,7.60369,28.80184,58.52535,79.7235,94.70046,99.53917
2023 to 24,London,A level,Modern languages - other,Turkish,242.0,29.75207,52.89256,80.16529,92.14876,96.28099,97.93388
2023 to 24,London,A level,Modern languages - other,Japanese,32.0,56.25,93.75,96.875,96.875,100.0,100.0
2023 to 24,London,A level,Modern languages,French,954.0,10.37736,37.21174,65.19916,85.01048,94.12998,98.42767
2023 to 24,London,A level,English,Total English,8416.0,8.46008,22.73051,54.94297,82.17681,95.42538,98.69297
2023 to 24,London,A level,Modern languages - other,Modern Hebrew,29.0,58.62069,82.75862,96.55172,100.0,100.0,100.0
2023 to 24,London,A level,Modern languages - other,Chinese,51.0,15.68627,45.09804,70.58824,88.23529,96.07843,98.03922
2023 to 24,London,A level,Design and technology,Total D&T,1064.0,5.54511,16.16541,42.4812,70.95865,88.53383,97.93233
2023 to 24,London,A level,Law,Total Law,1170.0,2.64957,11.62393,31.79487,57.00855,78.11966,92.82051
2023 to 24,London,A level,Economics,Total Economics,9862.0,6.18536,26.61732,55.7899,79.0509,91.8982,97.39404
2023 to 24,London,A level,Music,Music Technology,187.0,5.88235,14.4385,37.43316,60.42781,81.28342,91.97861
2023 to 24,London,A level,Classical studies,Latin,87.0,24.13793,68.96552,77.01149,88.50575,94.25287,97.70115
2023 to 24,London,A level,Modern languages - other,Russian,129.0,82.94574,96.89922,98.44961,98.44961,99.22481,99.22481
2023 to 24,London,A level,Modern languages - other,Arabic,146.0,30.82192,55.47945,73.28767,84.93151,89.72603,93.83562
2023 to 24,London,A level,Business Studies,Total Business Studies,5333.0,2.28764,11.40071,39.2087,69.69811,89.49934,96.62479
2023 to 24,London,A level,Modern languages - other,Persian,36.0,58.33333,72.22222,83.33333,88.88889,94.44444,94.44444
2023 to 24,London,A level,Religious Studies,Total Religious Studies,2597.0,5.00578,23.45013,51.79053,77.08895,91.79823,97.53562
2023 to 24,London,A level,History,Total History,6705.0,5.84638,26.35347,58.61298,83.81805,95.37658,98.7472
2023 to 24,London,A level,Design and technology,D&T Textiles Technology,48.0,16.66667,39.58333,60.41667,79.16667,91.66667,100.0
2023 to 24,London,A level,Modern languages - other,Polish,247.0,13.36032,64.37247,85.82996,93.11741,97.97571,97.97571
2023 to 24,London,A level,Science - other,Environmental Science,2.0,0.0,0.0,50.0,100.0,100.0,100.0
2023 to 24,London,A level,All STEM subjects,Total STEM subjects,54896.0,12.03549,33.84035,54.41198,72.66103,86.53089,95.38036
2023 to 24,London,A level,Science - Physics,Total Physics,6879.0,10.20497,31.0801,50.90856,69.45777,85.52115,95.21733
2023 to 24,London,A level,Maths - Further,Total Further Mathematics,3304.0,25.454,56.99153,78.48063,89.92131,95.21792,98.27482
2023 to 24,London,A level,English,English literature,7085.0,9.47071,24.91179,58.03811,83.71207,95.63867,98.75794
2023 to 24,London,A level,English,English language,593.0,2.52951,10.11804,42.49578,79.59528,94.94098,98.31366
2023 to 24,London,A level,Modern languages,Total Modern languages including Other,3830.0,18.45953,46.39687,72.19321,88.3812,95.61358,98.32898
2023 to 24,London,A level,English,English language & literature,738.0,3.52304,11.92412,35.23035,69.5122,93.76694,98.37398
2023 to 24,London,A level,Modern languages,German,225.0,24.44444,56.0,78.66667,91.55556,97.77778,99.55556
2023 to 24,London,A level,Art & Design,Total Art & Design,4609.0,12.56238,29.91972,60.68562,84.81232,95.76915,98.80668
2023 to 24,London,A level,Arts,Total Arts,3919.0,3.13856,15.31003,49.75759,79.81628,94.51391,98.64761
2023 to 24,London,A level,Modern languages - other,Modern Greek,37.0,13.51351,29.72973,43.24324,70.27027,91.89189,94.59459
2023 to 24,London,A level,Design and technology,D&T Engineering,48.0,6.25,20.83333,43.75,68.75,83.33333,93.75
2023 to 24,London,A level,Maths,Maths,19244.0,16.52983,40.76595,60.29931,76.03928,88.01704,95.97797
2023 to 24,London,A level,Design and technology,Design & Technology,0.0,,,,,,
2023 to 24,London,A level,Art & Design,History of Art,70.0,10.0,37.14286,58.57143,87.14286,97.14286,100.0
2023 to 24,London,A level,Arts,Drama & Theatre Studies,834.0,5.15588,20.26379,56.71463,83.93285,95.80336,99.40048
2023 to 24,London,A level,All subjects,Total subjects,135039.0,9.00777,27.60314,53.36458,75.88474,89.92958,96.76686
2023 to 24,London,A level,All facilitating subjects,Total facilitating subjects,72942.0,11.67914,33.28124,56.83694,76.46486,89.29423,96.43141
2023 to 24,London,A level,Physical Education,Dance,87.0,10.34483,31.03448,59.77011,86.2069,94.25287,100.0
2023 to 24,West Midlands,A level,Art & Design,Critical Studies,0.0,,,,,,
2023 to 24,West Midlands,A level,Home Economics,Total Home Economics,0.0,,,,,,
2023 to 24,West Midlands,A level,Science - Biology,Total Biology,6859.0,6.80857,23.06459,43.11124,64.98032,83.49614,94.75142
2023 to 24,West Midlands,A level,Home Economics,Home Economics (Food),0.0,,,,,,
2023 to 24,West Midlands,A level,Sociology,Total Sociology,4185.0,4.34886,15.7945,43.46476,71.94743,90.2509,97.44325
2023 to 24,West Midlands,A level,Modern languages - other,Irish,0.0,,,,,,
2023 to 24,West Midlands,A level,Art & Design,3d Studies,142.0,2.11268,8.4507,36.61972,62.67606,86.61972,98.59155
2023 to 24,West Midlands,A level,Arts,Media/Film/Tv Studies,1080.0,1.01852,12.12963,43.14815,76.01852,94.07407,98.98148
2023 to 24,West Midlands,A level,Modern languages - other,Italian,79.0,21.51899,60.75949,82.27848,91.13924,93.67089,93.67089
2023 to 24,West Midlands,A level,Art & Design,Art and design,276.0,7.97101,19.92754,54.71014,76.81159,91.30435,96.73913
2023 to 24,West Midlands,A level,Physical Education,Total Physical Education,938.0,5.4371,15.03198,37.95309,63.75267,85.60768,95.94883
2023 to 24,West Midlands,A level,Modern languages - other,Gujarati,0.0,,,,,,
2023 to 24,West Midlands,A level,Modern languages - other,Punjabi,59.0,61.01695,74.57627,91.52542,96.61017,98.30508,98.30508
2023 to 24,West Midlands,A level,Classical studies,Ancient History,31.0,0.0,22.58065,45.16129,67.74194,77.41935,90.32258
2023 to 24,West Midlands,A level,Computer Science,Total Computer Science,1695.0,5.25074,22.0649,42.65487,65.89971,84.71976,95.63422
2023 to 24,West Midlands,A level,Geography,Total Geography,2675.0,4.93458,22.20561,50.8785,76.97196,91.88785,97.94393
2023 to 24,West Midlands,A level,Physical Education,Physical Education/Sports Studies,871.0,4.59242,13.89208,36.50976,61.88289,84.7302,95.75201
2023 to 24,West Midlands,A level,Modern languages - other,Portuguese,10.0,40.0,60.0,80.0,90.0,100.0,100.0
2023 to 24,West Midlands,A level,General studies,Total General studies,0.0,,,,,,
2023 to 24,West Midlands,A level,Art & Design,Photography,631.0,6.6561,17.59113,47.06815,76.22821,92.07607,98.09826
2023 to 24,West Midlands,A level,Maths,Mathematics (Statistics),241.0,0.0,11.20332,26.14108,53.94191,82.57261,96.6805
2023 to 24,West Midlands,A level,Modern languages,Spanish,402.0,8.70647,32.08955,57.21393,75.12438,91.04478,96.76617
2023 to 24,West Midlands,A level,Maths,Total Maths,8226.0,11.70678,34.00195,53.80501,71.18891,85.53367,95.52638
2023 to 24,West Midlands,A level,Science - other,Electronics,41.0,4.87805,21.95122,39.02439,56.09756,65.85366,82.92683
2023 to 24,West Midlands,A level,Science - other,Geology,149.0,2.68456,16.10738,39.59732,59.0604,86.57718,96.6443
2023 to 24,West Midlands,A level,Accounting and Finance,Total Accounting and finance,324.0,1.54321,15.12346,33.33333,60.49383,81.17284,94.75309
2023 to 24,West Midlands,A level,Modern languages - other,Bengali,2.0,0.0,0.0,100.0,100.0,100.0,100.0
2023 to 24,West Midlands,A level,Psychology,Total Psychology,7098.0,5.33953,17.86419,43.61792,69.82249,87.95435,96.71739
2023 to 24,West Midlands,A level,Art & Design,Textiles,177.0,12.99435,29.9435,63.84181,83.05085,94.91525,99.43503
2023 to 24,West Midlands,A level,Government and politics,Total Government and Politics,1145.0,6.46288,23.84279,52.40175,77.29258,92.40175,98.25328
2023 to 24,West Midlands,A level,Science - Chemistry,Total Chemistry,5542.0,6.83869,25.94731,48.08733,68.1162,83.5258,94.53266
2023 to 24,West Midlands,A level,Design and technology,D&T Product Design,707.0,5.37482,15.98303,42.14993,68.59972,86.4215,96.32249
2023 to 24,West Midlands,A level,Modern languages - other,Total Other Modern Languages,393.0,33.07888,62.34097,82.6972,91.3486,95.6743,96.69211
2023 to 24,West Midlands,A level,ICT,Total ICT,0.0,,,,,,
2023 to 24,West Midlands,A level,Science - other,Total Other Sciences,404.0,3.71287,14.10891,32.92079,55.19802,80.44554,92.57426
2023 to 24,West Midlands,A level,Classical studies,Classical Civilisation,308.0,2.27273,18.83117,58.76623,80.51948,93.83117,99.35065
2023 to 24,West Midlands,A level,Art & Design,Graphics,377.0,9.28382,24.66844,56.76393,80.37135,92.57294,98.40849
2023 to 24,West Midlands,A level,Logic/Philosophy,Total Logic/ Philosophy,151.0,2.64901,17.88079,49.00662,78.80795,90.06623,98.01325
2023 to 24,West Midlands,A level,Classical studies,Other Classical Languages,0.0,,,,,,
2023 to 24,West Midlands,A level,Arts,Film Studies,561.0,2.13904,12.29947,55.08021,86.45276,97.3262,98.93048
2023 to 24,West Midlands,A level,Art & Design,Fine Art,1291.0,11.85128,29.51201,61.81255,85.9024,96.12703,98.60573
2023 to 24,West Midlands,A level,Geography,Geography,2675.0,4.93458,22.20561,50.8785,76.97196,91.88785,97.94393
2023 to 24,West Midlands,A level,Music,Total Music,282.0,4.25532,21.2766,45.03546,69.50355,87.58865,96.80851
2023 to 24,West Midlands,A level,Classical studies,Total Classical studies,362.0,3.31492,21.8232,59.39227,80.38674,92.81768,98.61878
2023 to 24,West Midlands,A level,Modern languages - other,Urdu,29.0,31.03448,68.96552,72.41379,82.75862,96.55172,100.0
2023 to 24,West Midlands,A level,Classical studies,Classical Greek,3.0,66.66667,100.0,100.0,100.0,100.0,100.0
2023 to 24,West Midlands,A level,Music,Music,233.0,4.72103,24.8927,48.49785,72.53219,90.12876,96.99571
2023 to 24,West Midlands,A level,Modern languages - other,Turkish,9.0,66.66667,88.88889,100.0,100.0,100.0,100.0
2023 to 24,West Midlands,A level,Modern languages - other,Japanese,4.0,75.0,100.0,100.0,100.0,100.0,100.0
2023 to 24,West Midlands,A level,Modern languages,French,429.0,7.22611,30.53613,61.77156,82.75058,94.17249,97.669
2023 to 24,West Midlands,A level,English,Total English,5061.0,4.99901,16.39992,47.22387,78.48251,94.54653,99.03181
2023 to 24,West Midlands,A level,Modern languages - other,Modern Hebrew,0.0,,,,,,
2023 to 24,West Midlands,A level,Modern languages - other,Chinese,48.0,8.33333,35.41667,70.83333,83.33333,89.58333,95.83333
2023 to 24,West Midlands,A level,Design and technology,Total D&T,774.0,5.16796,15.50388,41.34367,68.34625,86.30491,96.12403
2023 to 24,West Midlands,A level,Law,Total Law,1586.0,4.72888,17.15006,41.04666,65.57377,83.66961,95.96469
2023 to 24,West Midlands,A level,Economics,Total Economics,2068.0,6.67311,26.06383,54.40039,78.7234,92.55319,97.82398
2023 to 24,West Midlands,A level,Music,Music Technology,49.0,2.04082,4.08163,28.57143,55.10204,75.5102,95.91837
2023 to 24,West Midlands,A level,Classical studies,Latin,20.0,15.0,55.0,85.0,95.0,100.0,100.0
2023 to 24,West Midlands,A level,Modern languages - other,Russian,27.0,74.07407,88.88889,96.2963,100.0,100.0,100.0
2023 to 24,West Midlands,A level,Modern languages - other,Arabic,57.0,40.35088,64.91228,84.21053,92.98246,94.73684,94.73684
2023 to 24,West Midlands,A level,Business Studies,Total Business Studies,3638.0,4.09566,15.558,45.13469,73.74931,91.14898,97.49863
2023 to 24,West Midlands,A level,Modern languages - other,Persian,4.0,25.0,25.0,50.0,50.0,75.0,75.0
2023 to 24,West Midlands,A level,Religious Studies,Total Religious Studies,1496.0,4.81283,20.12032,47.39305,74.13102,89.57219,97.25936
2023 to 24,West Midlands,A level,History,Total History,3774.0,3.92157,18.73344,49.47006,78.1399,94.01166,98.62215
2023 to 24,West Midlands,A level,Design and technology,D&T Textiles Technology,6.0,0.0,33.33333,50.0,83.33333,100.0,100.0
2023 to 24,West Midlands,A level,Modern languages - other,Polish,64.0,10.9375,56.25,79.6875,92.1875,98.4375,98.4375
2023 to 24,West Midlands,A level,Science - other,Environmental Science,214.0,4.20561,11.21495,27.1028,52.33645,78.97196,91.58879
2023 to 24,West Midlands,A level,All STEM subjects,Total STEM subjects,26635.0,9.05575,28.62399,48.99568,68.49634,84.64802,95.17928
2023 to 24,West Midlands,A level,Science - Physics,Total Physics,3221.0,7.94784,26.48246,45.35858,64.14157,82.73828,94.84632
2023 to 24,West Midlands,A level,Maths - Further,Total Further Mathematics,1092.0,23.62637,53.11355,74.90842,89.10256,96.42857,98.80952
2023 to 24,West Midlands,A level,English,English literature,3206.0,6.11354,18.46538,50.0,79.38241,94.82221,99.00187
2023 to 24,West Midlands,A level,English,English language,1064.0,2.16165,9.77444,37.5,73.49624,91.72932,98.40226
2023 to 24,West Midlands,A level,Modern languages,Total Modern languages including Other,1349.0,15.78947,41.21572,66.86434,83.54337,93.99555,97.25723
2023 to 24,West Midlands,A level,English,English language & literature,791.0,4.29836,16.94058,49.05183,81.54235,97.21871,100.0
2023 to 24,West Midlands,A level,Modern languages,German,125.0,13.6,40.8,65.6,88.8,97.6,99.2
2023 to 24,West Midlands,A level,Art & Design,Total Art & Design,2921.0,9.51729,24.27251,55.93975,80.48613,93.42691,98.21979
2023 to 24,West Midlands,A level,Arts,Total Arts,2171.0,1.84247,12.66697,46.84477,79.1801,94.7029,98.89452
2023 to 24,West Midlands,A level,Modern languages - other,Modern Greek,1.0,0.0,0.0,100.0,100.0,100.0,100.0
2023 to 24,West Midlands,A level,Design and technology,D&T Engineering,61.0,3.27869,8.19672,31.14754,63.93443,83.60656,93.44262
2023 to 24,West Midlands,A level,Maths,Maths,7985.0,12.06011,34.69004,54.63995,71.70946,85.62304,95.49155
2023 to 24,West Midlands,A level,Design and technology,Design & Technology,0.0,,,,,,
2023 to 24,West Midlands,A level,Art & Design,History of Art,27.0,0.0,14.81481,33.33333,37.03704,55.55556,85.18519
2023 to 24,West Midlands,A level,Arts,Drama & Theatre Studies,530.0,3.20755,14.15094,45.66038,77.92453,93.20755,98.67925
2023 to 24,West Midlands,A level,All subjects,Total subjects,69037.0,6.78477,22.75302,48.08436,72.25835,88.56555,96.68873
2023 to 24,West Midlands,A level,All facilitating subjects,Total facilitating subjects,35726.0,8.44483,27.11191,50.43106,71.93361,87.46571,96.14287
2023 to 24,West Midlands,A level,Physical Education,Dance,67.0,16.41791,29.85075,56.71642,88.0597,97.01493,98.50746
2023 to 24,North West,A level,Art & Design,Critical Studies,1.0,0.0,0.0,100.0,100.0,100.0,100.0
2023 to 24,North West,A level,Home Economics,Total Home Economics,0.0,,,,,,
2023 to 24,North West,A level,Science - Biology,Total Biology,7650.0,8.24837,27.73856,48.98039,70.19608,86.11765,95.75163
2023 to 24,North West,A level,Home Economics,Home Economics (Food),0.0,,,,,,
2023 to 24,North West,A level,Sociology,Total Sociology,4926.0,5.70443,18.75761,48.76167,76.49208,91.85952,97.86845
2023 to 24,North West,A level,Modern languages - other,Irish,0.0,,,,,,
2023 to 24,North West,A level,Art & Design,3d Studies,386.0,16.06218,39.11917,74.6114,91.96891,96.63212,98.4456
2023 to 24,North West,A level,Arts,Media/Film/Tv Studies,1653.0,1.45191,10.7078,45.25106,80.09679,95.4023,99.45554
2023 to 24,North West,A level,Modern languages - other,Italian,38.0,63.15789,86.84211,94.73684,100.0,100.0,100.0
2023 to 24,North West,A level,Art & Design,Art and design,767.0,19.16558,37.80965,68.31812,88.39635,96.34941,99.47849
2023 to 24,North West,A level,Physical Education,Total Physical Education,1234.0,5.34846,20.42139,49.10859,73.33874,89.54619,97.32577
2023 to 24,North West,A level,Modern languages - other,Gujarati,0.0,,,,,,
2023 to 24,North West,A level,Modern languages - other,Punjabi,2.0,100.0,100.0,100.0,100.0,100.0,100.0
2023 to 24,North West,A level,Classical studies,Ancient History,248.0,2.41935,15.72581,53.22581,80.64516,93.95161,99.19355
2023 to 24,North West,A level,Computer Science,Total Computer Science,2179.0,4.08444,20.42221,41.71638,62.18449,81.45939,95.41074
2023 to 24,North West,A level,Geography,Total Geography,3189.0,4.95453,20.82157,49.85889,76.82659,92.38006,97.9931
2023 to 24,North West,A level,Physical Education,Physical Education/Sports Studies,1124.0,5.16014,19.66192,48.48754,72.33096,88.79004,97.06406
2023 to 24,North West,A level,Modern languages - other,Portuguese,5.0,0.0,20.0,20.0,60.0,80.0,80.0
2023 to 24,North West,A level,General studies,Total General studies,0.0,,,,,,
2023 to 24,North West,A level,Art & Design,Photography,980.0,12.95918,32.34694,67.85714,89.79592,97.85714,99.4898
2023 to 24,North West,A level,Maths,Mathematics (Statistics),382.0,0.78534,11.51832,35.34031,60.73298,83.76963,95.81152
2023 to 24,North West,A level,Modern languages,Spanish,773.0,8.53816,31.04787,63.00129,81.88875,94.56662,98.83571
2023 to 24,North West,A level,Maths,Total Maths,9291.0,12.79733,36.68066,57.31353,74.83586,87.45022,96.39436
2023 to 24,North West,A level,Science - other,Electronics,124.0,16.12903,36.29032,58.06452,77.41935,89.51613,97.58065
2023 to 24,North West,A level,Science - other,Geology,212.0,12.73585,31.60377,55.18868,75.9434,92.92453,98.11321
2023 to 24,North West,A level,Accounting and Finance,Total Accounting and finance,650.0,2.30769,18.46154,38.92308,63.23077,86.92308,96.46154
2023 to 24,North West,A level,Modern languages - other,Bengali,0.0,,,,,,
2023 to 24,North West,A level,Psychology,Total Psychology,8679.0,5.8993,20.37101,46.54914,71.52898,88.58163,97.21166
2023 to 24,North West,A level,Art & Design,Textiles,544.0,15.99265,39.15441,78.30882,95.77206,99.44853,99.81618
2023 to 24,North West,A level,Government and politics,Total Government and Politics,1506.0,7.17131,25.2324,53.91766,78.15405,91.10226,98.14077
2023 to 24,North West,A level,Science - Chemistry,Total Chemistry,6460.0,7.83282,30.3096,53.15789,71.93498,86.56347,95.95975
2023 to 24,North West,A level,Design and technology,D&T Product Design,561.0,4.63458,15.32977,39.03743,65.06239,85.20499,95.18717
2023 to 24,North West,A level,Modern languages - other,Total Other Modern Languages,286.0,40.55944,72.02797,86.36364,91.60839,95.1049,96.85315
2023 to 24,North West,A level,ICT,Total ICT,0.0,,,,,,
2023 to 24,North West,A level,Science - other,Total Other Sciences,500.0,11.2,28.0,49.8,71.6,89.0,96.4
2023 to 24,North West,A level,Classical studies,Classical Civilisation,310.0,2.25806,13.54839,43.87097,77.09677,93.22581,98.70968
2023 to 24,North West,A level,Art & Design,Graphics,910.0,16.04396,36.92308,75.38462,94.61538,99.01099,99.78022
2023 to 24,North West,A level,Logic/Philosophy,Total Logic/ Philosophy,262.0,0.76336,10.68702,32.44275,62.59542,83.96947,95.41985
2023 to 24,North West,A level,Classical studies,Other Classical Languages,3.0,100.0,100.0,100.0,100.0,100.0,100.0
2023 to 24,North West,A level,Arts,Film Studies,928.0,3.66379,17.13362,62.39224,90.19397,97.19828,99.13793
2023 to 24,North West,A level,Art & Design,Fine Art,1262.0,14.42155,36.21236,67.51189,89.06498,97.30586,98.57369
2023 to 24,North West,A level,Geography,Geography,3189.0,4.95453,20.82157,49.85889,76.82659,92.38006,97.9931
2023 to 24,North West,A level,Music,Total Music,427.0,5.15222,20.6089,48.47775,71.66276,90.39813,98.36066
2023 to 24,North West,A level,Classical studies,Total Classical studies,579.0,3.45423,16.06218,49.05009,79.44732,93.78238,98.96373
2023 to 24,North West,A level,Modern languages - other,Urdu,26.0,53.84615,84.61538,96.15385,96.15385,96.15385,96.15385
2023 to 24,North West,A level,Classical studies,Classical Greek,0.0,,,,,,
2023 to 24,North West,A level,Music,Music,333.0,6.30631,20.72072,50.45045,74.77477,90.69069,98.4985
2023 to 24,North West,A level,Modern languages - other,Turkish,9.0,11.11111,66.66667,100.0,100.0,100.0,100.0
2023 to 24,North West,A level,Modern languages - other,Japanese,2.0,50.0,100.0,100.0,100.0,100.0,100.0
2023 to 24,North West,A level,Modern languages,French,558.0,8.78136,33.69176,64.15771,85.48387,93.54839,97.31183
2023 to 24,North West,A level,English,Total English,6488.0,5.48705,18.07953,49.86128,80.67201,95.82306,99.30641
2023 to 24,North West,A level,Modern languages - other,Modern Hebrew,5.0,80.0,80.0,100.0,100.0,100.0,100.0
2023 to 24,North West,A level,Modern languages - other,Chinese,51.0,27.45098,72.54902,94.11765,96.07843,96.07843,98.03922
2023 to 24,North West,A level,Design and technology,Total D&T,677.0,4.2836,15.36189,39.14328,64.54948,84.78582,95.56869
2023 to 24,North West,A level,Law,Total Law,2790.0,5.69892,17.99283,43.33333,67.59857,87.02509,96.98925
2023 to 24,North West,A level,Economics,Total Economics,2799.0,5.82351,24.40157,53.34048,78.45659,93.03323,98.6781
2023 to 24,North West,A level,Music,Music Technology,94.0,1.06383,20.21277,41.48936,60.6383,89.3617,97.87234
2023 to 24,North West,A level,Classical studies,Latin,18.0,22.22222,50.0,72.22222,100.0,100.0,100.0
2023 to 24,North West,A level,Modern languages - other,Russian,24.0,79.16667,91.66667,95.83333,100.0,100.0,100.0
2023 to 24,North West,A level,Modern languages - other,Arabic,85.0,37.64706,60.0,74.11765,83.52941,90.58824,94.11765
2023 to 24,North West,A level,Business Studies,Total Business Studies,4677.0,4.38315,16.35664,47.12422,77.44281,93.32906,98.39641
2023 to 24,North West,A level,Modern languages - other,Persian,4.0,25.0,75.0,100.0,100.0,100.0,100.0
2023 to 24,North West,A level,Religious Studies,Total Religious Studies,1478.0,3.65359,20.09472,47.29364,73.68065,91.06901,97.49662
2023 to 24,North West,A level,History,Total History,4359.0,4.4735,19.93577,49.73618,78.02248,93.96651,98.50883
2023 to 24,North West,A level,Design and technology,D&T Textiles Technology,30.0,3.33333,23.33333,56.66667,76.66667,86.66667,96.66667
2023 to 24,North West,A level,Modern languages - other,Polish,34.0,8.82353,64.70588,82.35294,85.29412,94.11765,97.05882
2023 to 24,North West,A level,Science - other,Environmental Science,164.0,5.4878,17.07317,36.58537,61.58537,83.53659,93.29268
2023 to 24,North West,A level,All STEM subjects,Total STEM subjects,30225.0,10.16377,31.51034,52.70802,71.7651,86.51778,96.08933
2023 to 24,North West,A level,Science - Physics,Total Physics,3523.0,9.50894,27.02242,46.46608,66.81805,84.64377,95.77065
2023 to 24,North West,A level,Maths - Further,Total Further Mathematics,1122.0,28.69875,56.95187,78.34225,90.19608,96.9697,98.93048
2023 to 24,North West,A level,English,English literature,3182.0,7.95097,22.43872,54.21119,81.9296,95.88309,99.1829
2023 to 24,North West,A level,English,English language,2381.0,2.72995,12.76774,44.26711,78.62243,95.80008,99.41201
2023 to 24,North West,A level,Modern languages,Total Modern languages including Other,1766.0,14.04304,39.12797,67.27067,84.82446,94.45074,98.07475
2023 to 24,North West,A level,English,English language & literature,925.0,4.10811,16.75676,49.2973,81.62162,95.67568,99.45946
2023 to 24,North West,A level,Modern languages,German,149.0,11.4094,38.25503,64.42953,84.56376,95.97315,99.32886
2023 to 24,North West,A level,Art & Design,Total Art & Design,4850.0,15.48454,36.37113,70.96907,91.13402,97.7732,99.25773
2023 to 24,North West,A level,Arts,Total Arts,3323.0,2.7084,14.08366,52.0313,84.56214,96.32862,99.39813
2023 to 24,North West,A level,Modern languages - other,Modern Greek,1.0,100.0,100.0,100.0,100.0,100.0,100.0
2023 to 24,North West,A level,Design and technology,D&T Engineering,86.0,2.32558,12.7907,33.72093,56.97674,81.39535,97.67442
2023 to 24,North West,A level,Maths,Maths,8909.0,13.31238,37.75957,58.2557,75.44057,87.60804,96.41935
2023 to 24,North West,A level,Design and technology,Design & Technology,0.0,,,,,,
2023 to 24,North West,A level,Art & Design,History of Art,0.0,,,,,,
2023 to 24,North West,A level,Arts,Drama & Theatre Studies,742.0,4.31267,17.78976,54.1779,87.46631,97.30458,99.59569
2023 to 24,North West,A level,All subjects,Total subjects,85384.0,7.68528,24.94261,51.63848,75.53054,90.39867,97.44331
2023 to 24,North West,A level,All facilitating subjects,Total facilitating subjects,40178.0,9.55249,29.82229,53.68859,74.86186,89.18811,96.8764
2023 to 24,North West,A level,Physical Education,Dance,110.0,7.27273,28.18182,55.45455,83.63636,97.27273,100.0
2023 to 24,Yorkshire and The Humber,A level,Art & Design,Critical Studies,1.0,0.0,100.0,100.0,100.0,100.0,100.0
2023 to 24,Yorkshire and The Humber,A level,Home Economics,Total Home Economics,0.0,,,,,,
2023 to 24,Yorkshire and The Humber,A level,Science - Biology,Total Biology,5171.0,7.23264,25.8364,47.70837,69.73506,87.06246,96.38368
2023 to 24,Yorkshire and The Humber,A level,Home Economics,Home Economics (Food),0.0,,,,,,
2023 to 24,Yorkshire and The Humber,A level,Sociology,Total Sociology,3568.0,5.66143,18.52578,47.84193,74.60762,91.28363,97.33744
2023 to 24,Yorkshire and The Humber,A level,Modern languages - other,Irish,0.0,,,,,,
2023 to 24,Yorkshire and The Humber,A level,Art & Design,3d Studies,111.0,3.6036,8.10811,41.44144,73.87387,91.89189,97.2973
2023 to 24,Yorkshire and The Humber,A level,Arts,Media/Film/Tv Studies,941.0,2.23167,13.0712,41.02019,75.13284,95.11158,99.14984
2023 to 24,Yorkshire and The Humber,A level,Modern languages - other,Italian,11.0,36.36364,72.72727,100.0,100.0,100.0,100.0
2023 to 24,Yorkshire and The Humber,A level,Art & Design,Art and design,379.0,7.38786,24.01055,53.82586,79.15567,90.50132,97.36148
2023 to 24,Yorkshire and The Humber,A level,Physical Education,Total Physical Education,993.0,3.82679,17.22054,43.60524,72.40685,91.54079,97.28097
2023 to 24,Yorkshire and The Humber,A level,Modern languages - other,Gujarati,0.0,,,,,,
2023 to 24,Yorkshire and The Humber,A level,Modern languages - other,Punjabi,4.0,50.0,75.0,100.0,100.0,100.0,100.0
2023 to 24,Yorkshire and The Humber,A level,Classical studies,Ancient History,120.0,0.0,10.0,33.33333,71.66667,90.0,97.5
2023 to 24,Yorkshire and The Humber,A level,Computer Science,Total Computer Science,1267.0,3.8674,19.41594,42.77822,63.53591,83.10971,94.63299
2023 to 24,Yorkshire and The Humber,A level,Geography,Total Geography,2504.0,4.99201,23.00319,51.79712,77.11661,92.93131,97.80351
2023 to 24,Yorkshire and The Humber,A level,Physical Education,Physical Education/Sports Studies,891.0,3.47924,14.59035,39.28171,69.24804,90.57239,96.9697
2023 to 24,Yorkshire and The Humber,A level,Modern languages - other,Portuguese,7.0,14.28571,28.57143,57.14286,100.0,100.0,100.0
2023 to 24,Yorkshire and The Humber,A level,General studies,Total General studies,0.0,,,,,,
2023 to 24,Yorkshire and The Humber,A level,Art & Design,Photography,856.0,9.92991,24.06542,56.65888,81.54206,94.62617,98.9486
2023 to 24,Yorkshire and The Humber,A level,Maths,Mathematics (Statistics),53.0,0.0,7.54717,26.41509,62.26415,84.90566,94.33962
2023 to 24,Yorkshire and The Humber,A level,Modern languages,Spanish,477.0,11.11111,34.38155,61.63522,82.38994,95.80713,98.32285
2023 to 24,Yorkshire and The Humber,A level,Maths,Total Maths,6409.0,13.09097,37.29131,56.81073,73.20955,86.42534,95.75597
2023 to 24,Yorkshire and The Humber,A level,Science - other,Electronics,18.0,11.11111,38.88889,66.66667,83.33333,88.88889,94.44444
2023 to 24,Yorkshire and The Humber,A level,Science - other,Geology,83.0,3.61446,22.89157,45.78313,62.6506,85.54217,97.59036
2023 to 24,Yorkshire and The Humber,A level,Accounting and Finance,Total Accounting and finance,237.0,2.1097,15.61181,37.55274,67.93249,89.87342,98.73418
2023 to 24,Yorkshire and The Humber,A level,Modern languages - other,Bengali,0.0,,,,,,
2023 to 24,Yorkshire and The Humber,A level,Psychology,Total Psychology,5704.0,4.68093,17.3913,44.82819,70.98527,88.02595,96.91445
2023 to 24,Yorkshire and The Humber,A level,Art & Design,Textiles,279.0,10.03584,27.24014,60.21505,86.37993,97.49104,99.28315
2023 to 24,Yorkshire and The Humber,A level,Government and politics,Total Government and Politics,1172.0,6.05802,22.78157,51.79181,76.27986,91.46758,97.5256
2023 to 24,Yorkshire and The Humber,A level,Science - Chemistry,Total Chemistry,4362.0,7.49656,27.00596,48.64741,68.36314,84.52545,95.52957
2023 to 24,Yorkshire and The Humber,A level,Design and technology,D&T Product Design,496.0,4.03226,12.09677,37.90323,62.90323,83.06452,93.75
2023 to 24,Yorkshire and The Humber,A level,Modern languages - other,Total Other Modern Languages,205.0,30.73171,61.46341,85.36585,94.14634,97.56098,98.04878
2023 to 24,Yorkshire and The Humber,A level,ICT,Total ICT,0.0,,,,,,
2023 to 24,Yorkshire and The Humber,A level,Science - other,Total Other Sciences,117.0,5.12821,23.07692,44.44444,60.68376,82.90598,97.4359
2023 to 24,Yorkshire and The Humber,A level,Classical studies,Classical Civilisation,199.0,3.51759,23.11558,55.77889,80.40201,95.47739,98.99497
2023 to 24,Yorkshire and The Humber,A level,Art & Design,Graphics,421.0,13.30166,32.30404,65.55819,86.46081,94.53682,99.04988
2023 to 24,Yorkshire and The Humber,A level,Logic/Philosophy,Total Logic/ Philosophy,126.0,0.79365,8.73016,28.57143,58.73016,77.77778,94.44444
2023 to 24,Yorkshire and The Humber,A level,Classical studies,Other Classical Languages,0.0,,,,,,
2023 to 24,Yorkshire and The Humber,A level,Arts,Film Studies,590.0,2.20339,13.05085,57.45763,87.9661,97.62712,99.49153
2023 to 24,Yorkshire and The Humber,A level,Art & Design,Fine Art,1042.0,11.61228,25.71977,58.4453,84.45298,95.48944,99.32821
2023 to 24,Yorkshire and The Humber,A level,Geography,Geography,2504.0,4.99201,23.00319,51.79712,77.11661,92.93131,97.80351
2023 to 24,Yorkshire and The Humber,A level,Music,Total Music,323.0,4.64396,19.50464,46.43963,77.08978,89.78328,97.83282
2023 to 24,Yorkshire and The Humber,A level,Classical studies,Total Classical studies,323.0,2.47678,18.57585,47.67802,77.39938,93.49845,98.45201
2023 to 24,Yorkshire and The Humber,A level,Modern languages - other,Urdu,17.0,47.05882,94.11765,100.0,100.0,100.0,100.0
2023 to 24,Yorkshire and The Humber,A level,Classical studies,Classical Greek,1.0,0.0,100.0,100.0,100.0,100.0,100.0
2023 to 24,Yorkshire and The Humber,A level,Music,Music,228.0,3.94737,17.98246,49.12281,80.70175,91.66667,97.80702
2023 to 24,Yorkshire and The Humber,A level,Modern languages - other,Turkish,15.0,13.33333,26.66667,86.66667,93.33333,93.33333,93.33333
2023 to 24,Yorkshire and The Humber,A level,Modern languages - other,Japanese,8.0,37.5,87.5,87.5,87.5,100.0,100.0
2023 to 24,Yorkshire and The Humber,A level,Modern languages,French,393.0,10.17812,33.84224,64.12214,83.71501,94.65649,98.47328
2023 to 24,Yorkshire and The Humber,A level,English,Total English,4769.0,5.53575,18.09604,48.33298,78.21346,95.3659,99.16125
2023 to 24,Yorkshire and The Humber,A level,Modern languages - other,Modern Hebrew,0.0,,,,,,
2023 to 24,Yorkshire and The Humber,A level,Modern languages - other,Chinese,21.0,14.28571,66.66667,95.2381,100.0,100.0,100.0
2023 to 24,Yorkshire and The Humber,A level,Design and technology,Total D&T,589.0,3.73514,13.75212,39.04924,64.68591,84.04075,94.56706
2023 to 24,Yorkshire and The Humber,A level,Law,Total Law,1904.0,4.46429,18.59244,41.28151,65.38866,84.40126,96.06092
2023 to 24,Yorkshire and The Humber,A level,Economics,Total Economics,2109.0,4.5045,21.66904,51.96776,78.66287,92.98246,98.48269
2023 to 24,Yorkshire and The Humber,A level,Music,Music Technology,95.0,6.31579,23.15789,40.0,68.42105,85.26316,97.89474
2023 to 24,Yorkshire and The Humber,A level,Classical studies,Latin,3.0,33.33333,33.33333,66.66667,100.0,100.0,100.0
2023 to 24,Yorkshire and The Humber,A level,Modern languages - other,Russian,25.0,76.0,100.0,100.0,100.0,100.0,100.0
2023 to 24,Yorkshire and The Humber,A level,Modern languages - other,Arabic,43.0,32.55814,51.16279,72.09302,86.04651,93.02326,93.02326
2023 to 24,Yorkshire and The Humber,A level,Business Studies,Total Business Studies,2852.0,3.36606,15.00701,44.56522,73.87798,91.54979,97.79102
2023 to 24,Yorkshire and The Humber,A level,Modern languages - other,Persian,4.0,0.0,75.0,100.0,100.0,100.0,100.0
2023 to 24,Yorkshire and The Humber,A level,Religious Studies,Total Religious Studies,950.0,5.47368,25.57895,55.68421,78.94737,92.52632,97.89474
2023 to 24,Yorkshire and The Humber,A level,History,Total History,3254.0,3.68777,19.60664,50.12293,78.6724,94.43762,98.67855
2023 to 24,Yorkshire and The Humber,A level,Design and technology,D&T Textiles Technology,49.0,4.08163,28.57143,57.14286,85.71429,97.95918,100.0
2023 to 24,Yorkshire and The Humber,A level,Modern languages - other,Polish,44.0,9.09091,40.90909,75.0,90.90909,97.72727,100.0
2023 to 24,Yorkshire and The Humber,A level,Science - other,Environmental Science,16.0,6.25,6.25,12.5,25.0,62.5,100.0
2023 to 24,Yorkshire and The Humber,A level,All STEM subjects,Total STEM subjects,20757.0,9.95327,30.70771,51.48143,70.71349,86.25524,95.905
2023 to 24,Yorkshire and The Humber,A level,Science - Physics,Total Physics,2614.0,8.91354,27.88829,46.71002,67.48279,84.96557,95.56236
2023 to 24,Yorkshire and The Humber,A level,Maths - Further,Total Further Mathematics,934.0,26.1242,52.99786,74.197,88.75803,96.57388,98.7152
2023 to 24,Yorkshire and The Humber,A level,English,English literature,2448.0,8.04739,22.18137,51.91993,79.20752,95.30229,99.14216
2023 to 24,Yorkshire and The Humber,A level,English,English language,1885.0,2.70557,13.63395,45.30504,77.40053,95.49072,99.20424
2023 to 24,Yorkshire and The Humber,A level,Modern languages,Total Modern languages including Other,1172.0,14.50512,38.82253,66.8942,85.32423,95.73379,98.46416
2023 to 24,Yorkshire and The Humber,A level,English,English language & literature,436.0,3.66972,14.44954,41.2844,76.14679,95.18349,99.08257
2023 to 24,Yorkshire and The Humber,A level,Modern languages,German,97.0,14.43299,32.98969,64.94845,87.62887,95.87629,100.0
2023 to 24,Yorkshire and The Humber,A level,Art & Design,Total Art & Design,3089.0,10.42409,25.4775,57.91518,83.06895,94.56135,98.86695
2023 to 24,Yorkshire and The Humber,A level,Arts,Total Arts,2052.0,2.43665,13.98635,49.31774,80.99415,96.0039,99.31774
2023 to 24,Yorkshire and The Humber,A level,Modern languages - other,Modern Greek,6.0,50.0,66.66667,100.0,100.0,100.0,100.0
2023 to 24,Yorkshire and The Humber,A level,Design and technology,D&T Engineering,44.0,0.0,15.90909,31.81818,61.36364,79.54545,97.72727
2023 to 24,Yorkshire and The Humber,A level,Maths,Maths,6356.0,13.20013,37.53933,57.06419,73.30082,86.43801,95.76778
2023 to 24,Yorkshire and The Humber,A level,Design and technology,Design & Technology,0.0,,,,,,
2023 to 24,Yorkshire and The Humber,A level,Art & Design,History of Art,0.0,,,,,,
2023 to 24,Yorkshire and The Humber,A level,Arts,Drama & Theatre Studies,521.0,3.07102,16.69866,55.08637,83.68522,95.77735,99.42418
2023 to 24,Yorkshire and The Humber,A level,All subjects,Total subjects,58564.0,6.96674,23.61861,49.86169,74.10354,89.94775,97.21843
2023 to 24,Yorkshire and The Humber,A level,All facilitating subjects,Total facilitating subjects,28819.0,9.12592,28.9323,52.45151,73.81936,89.05583,96.82154
2023 to 24,Yorkshire and The Humber,A level,Physical Education,Dance,102.0,6.86275,40.19608,81.37255,100.0,100.0,100.0
2023 to 24,North East,A level,Art & Design,Critical Studies,11.0,0.0,18.18182,27.27273,63.63636,100.0,100.0
2023 to 24,North East,A level,Home Economics,Total Home Economics,0.0,,,,,,
2023 to 24,North East,A level,Science - Biology,Total Biology,2098.0,7.95996,24.2612,47.09247,68.92278,85.27169,95.80553
2023 to 24,North East,A level,Home Economics,Home Economics (Food),0.0,,,,,,
2023 to 24,North East,A level,Sociology,Total Sociology,1391.0,3.81021,15.67218,42.05607,71.3156,89.21639,97.26815
2023 to 24,North East,A level,Modern languages - other,Irish,0.0,,,,,,
2023 to 24,North East,A level,Art & Design,3d Studies,61.0,3.27869,9.83607,40.98361,65.57377,83.60656,95.08197
2023 to 24,North East,A level,Arts,Media/Film/Tv Studies,518.0,1.73745,11.38996,42.85714,74.32432,94.20849,99.2278
2023 to 24,North East,A level,Modern languages - other,Italian,16.0,6.25,37.5,75.0,75.0,75.0,75.0
2023 to 24,North East,A level,Art & Design,Art and design,183.0,15.84699,36.61202,69.94536,85.2459,95.62842,98.36066
2023 to 24,North East,A level,Physical Education,Total Physical Education,319.0,3.76176,15.98746,42.94671,69.90596,87.46082,96.55172
2023 to 24,North East,A level,Modern languages - other,Gujarati,0.0,,,,,,
2023 to 24,North East,A level,Modern languages - other,Punjabi,2.0,100.0,100.0,100.0,100.0,100.0,100.0
2023 to 24,North East,A level,Classical studies,Ancient History,0.0,,,,,,
2023 to 24,North East,A level,Computer Science,Total Computer Science,575.0,4.17391,21.91304,42.78261,66.95652,88.69565,97.56522
2023 to 24,North East,A level,Geography,Total Geography,1091.0,4.76627,20.89826,48.12099,75.52704,91.47571,97.89184
2023 to 24,North East,A level,Physical Education,Physical Education/Sports Studies,317.0,3.78549,16.08833,43.21767,69.71609,87.3817,96.52997
2023 to 24,North East,A level,Modern languages - other,Portuguese,4.0,0.0,50.0,50.0,100.0,100.0,100.0
2023 to 24,North East,A level,General studies,Total General studies,0.0,,,,,,
2023 to 24,North East,A level,Art & Design,Photography,301.0,8.9701,19.93355,52.49169,82.0598,94.35216,99.33555
2023 to 24,North East,A level,Maths,Mathematics (Statistics),17.0,0.0,11.76471,52.94118,70.58824,88.23529,94.11765
2023 to 24,North East,A level,Modern languages,Spanish,181.0,8.83978,30.38674,58.01105,83.9779,95.58011,100.0
2023 to 24,North East,A level,Maths,Total Maths,2645.0,13.00567,34.48015,53.23251,71.45558,85.82231,95.19849
2023 to 24,North East,A level,Science - other,Electronics,5.0,0.0,0.0,0.0,20.0,20.0,60.0
2023 to 24,North East,A level,Science - other,Geology,57.0,12.2807,31.57895,49.12281,84.21053,98.24561,100.0
2023 to 24,North East,A level,Accounting and Finance,Total Accounting and finance,58.0,3.44828,17.24138,41.37931,74.13793,89.65517,100.0
2023 to 24,North East,A level,Modern languages - other,Bengali,0.0,,,,,,
2023 to 24,North East,A level,Psychology,Total Psychology,2501.0,4.51819,15.71371,41.90324,67.13315,85.56577,97.0012
2023 to 24,North East,A level,Art & Design,Textiles,115.0,19.13043,42.6087,78.26087,90.43478,97.3913,100.0
2023 to 24,North East,A level,Government and politics,Total Government and Politics,416.0,5.76923,25.24038,51.20192,75.48077,91.82692,98.79808
2023 to 24,North East,A level,Science - Chemistry,Total Chemistry,1690.0,7.75148,28.57988,54.3787,73.01775,87.75148,96.33136
2023 to 24,North East,A level,Design and technology,D&T Product Design,195.0,3.07692,13.84615,43.07692,69.23077,87.69231,95.38462
2023 to 24,North East,A level,Modern languages - other,Total Other Modern Languages,79.0,37.97468,64.55696,82.27848,87.34177,89.87342,92.40506
2023 to 24,North East,A level,ICT,Total ICT,0.0,,,,,,
2023 to 24,North East,A level,Science - other,Total Other Sciences,115.0,8.69565,23.47826,42.6087,75.65217,90.43478,97.3913
2023 to 24,North East,A level,Classical studies,Classical Civilisation,88.0,4.54545,18.18182,60.22727,84.09091,94.31818,95.45455
2023 to 24,North East,A level,Art & Design,Graphics,239.0,11.71548,29.2887,64.43515,87.02929,96.65272,98.74477
2023 to 24,North East,A level,Logic/Philosophy,Total Logic/ Philosophy,18.0,5.55556,22.22222,83.33333,88.88889,100.0,100.0
2023 to 24,North East,A level,Classical studies,Other Classical Languages,14.0,64.28571,92.85714,92.85714,100.0,100.0,100.0
2023 to 24,North East,A level,Arts,Film Studies,276.0,1.81159,12.68116,58.69565,89.85507,96.73913,99.63768
2023 to 24,North East,A level,Art & Design,Fine Art,506.0,14.82213,33.00395,64.22925,85.37549,95.45455,99.60474
2023 to 24,North East,A level,Geography,Geography,1091.0,4.76627,20.89826,48.12099,75.52704,91.47571,97.89184
2023 to 24,North East,A level,Music,Total Music,104.0,5.76923,17.30769,44.23077,73.07692,92.30769,97.11538
2023 to 24,North East,A level,Classical studies,Total Classical studies,106.0,13.20755,29.24528,65.09434,86.79245,95.28302,96.22642
2023 to 24,North East,A level,Modern languages - other,Urdu,1.0,0.0,100.0,100.0,100.0,100.0,100.0
2023 to 24,North East,A level,Classical studies,Classical Greek,0.0,,,,,,
2023 to 24,North East,A level,Music,Music,79.0,6.32911,20.25316,51.89873,77.21519,97.46835,100.0
2023 to 24,North East,A level,Modern languages - other,Turkish,5.0,20.0,40.0,80.0,100.0,100.0,100.0
2023 to 24,North East,A level,Modern languages - other,Japanese,1.0,100.0,100.0,100.0,100.0,100.0,100.0
2023 to 24,North East,A level,Modern languages,French,158.0,13.92405,44.3038,72.1519,90.50633,96.83544,100.0
2023 to 24,North East,A level,English,Total English,2275.0,4.87912,15.95604,48.08791,79.42857,95.2967,98.94505
2023 to 24,North East,A level,Modern languages - other,Modern Hebrew,0.0,,,,,,
2023 to 24,North East,A level,Modern languages - other,Chinese,5.0,40.0,60.0,100.0,100.0,100.0,100.0
2023 to 24,North East,A level,Design and technology,Total D&T,208.0,2.88462,12.98077,41.82692,69.71154,87.5,95.67308
2023 to 24,North East,A level,Law,Total Law,810.0,4.5679,17.28395,40.74074,64.93827,85.55556,96.66667
2023 to 24,North East,A level,Economics,Total Economics,668.0,4.19162,20.20958,51.64671,77.54491,92.21557,98.20359
2023 to 24,North East,A level,Music,Music Technology,25.0,4.0,8.0,20.0,60.0,76.0,88.0
2023 to 24,North East,A level,Classical studies,Latin,4.0,25.0,50.0,75.0,100.0,100.0,100.0
2023 to 24,North East,A level,Modern languages - other,Russian,3.0,100.0,100.0,100.0,100.0,100.0,100.0
2023 to 24,North East,A level,Modern languages - other,Arabic,29.0,55.17241,79.31034,82.75862,82.75862,89.65517,93.10345
2023 to 24,North East,A level,Business Studies,Total Business Studies,1219.0,3.44545,14.35603,41.4274,70.38556,89.58162,97.53897
2023 to 24,North East,A level,Modern languages - other,Persian,2.0,50.0,100.0,100.0,100.0,100.0,100.0
2023 to 24,North East,A level,Religious Studies,Total Religious Studies,525.0,3.2381,18.85714,46.28571,71.61905,91.42857,97.52381
2023 to 24,North East,A level,History,Total History,1601.0,3.56027,17.17676,47.90756,76.6396,92.75453,98.81324
2023 to 24,North East,A level,Design and technology,D&T Textiles Technology,4.0,0.0,0.0,0.0,50.0,50.0,100.0
2023 to 24,North East,A level,Modern languages - other,Polish,8.0,0.0,37.5,75.0,87.5,87.5,100.0
2023 to 24,North East,A level,Science - other,Environmental Science,53.0,5.66038,16.98113,39.62264,71.69811,88.67925,98.11321
2023 to 24,North East,A level,All STEM subjects,Total STEM subjects,8546.0,10.49614,29.79172,50.8425,70.71144,86.48491,95.92792
2023 to 24,North East,A level,Science - Physics,Total Physics,1159.0,10.18119,27.35116,44.60742,66.17774,85.41846,96.20362
2023 to 24,North East,A level,Maths - Further,Total Further Mathematics,379.0,29.8153,52.5066,70.44855,84.69657,92.08443,96.56992
2023 to 24,North East,A level,English,English literature,1191.0,7.22082,19.05961,50.29387,80.10076,94.62636,98.74055
2023 to 24,North East,A level,English,English language,1028.0,2.33463,12.54864,45.52529,78.59922,96.20623,99.22179
2023 to 24,North East,A level,Modern languages,Total Modern languages including Other,479.0,15.24008,40.08351,67.22338,86.63883,94.98956,98.74739
2023 to 24,North East,A level,English,English language & literature,56.0,1.78571,12.5,48.21429,80.35714,92.85714,98.21429
2023 to 24,North East,A level,Modern languages,German,61.0,8.19672,26.22951,62.29508,83.60656,95.08197,100.0
2023 to 24,North East,A level,Art & Design,Total Art & Design,1416.0,12.92373,29.73164,62.35876,84.32203,95.12712,99.08192
2023 to 24,North East,A level,Arts,Total Arts,928.0,2.04741,13.36207,50.0,80.38793,94.93534,99.24569
2023 to 24,North East,A level,Modern languages - other,Modern Greek,3.0,100.0,100.0,100.0,100.0,100.0,100.0
2023 to 24,North East,A level,Design and technology,D&T Engineering,9.0,0.0,0.0,33.33333,88.88889,100.0,100.0
2023 to 24,North East,A level,Maths,Maths,2628.0,13.0898,34.62709,53.2344,71.46119,85.8067,95.20548
2023 to 24,North East,A level,Design and technology,Design & Technology,0.0,,,,,,
2023 to 24,North East,A level,Art & Design,History of Art,0.0,,,,,,
2023 to 24,North East,A level,Arts,Drama & Theatre Studies,134.0,3.73134,22.38806,59.70149,84.32836,94.02985,98.50746
2023 to 24,North East,A level,All subjects,Total subjects,24794.0,7.08639,22.51351,48.786,73.40889,89.54182,97.29773
2023 to 24,North East,A level,All facilitating subjects,Total facilitating subjects,12320.0,9.26948,27.12662,51.18506,73.62013,88.75812,96.78571
2023 to 24,North East,A level,Physical Education,Dance,2.0,0.0,0.0,0.0,100.0,100.0,100.0
2023 to 24,South East,A level,Art & Design,Critical Studies,8.0,12.5,37.5,75.0,100.0,100.0,100.0
2023 to 24,South East,A level,Home Economics,Total Home Economics,0.0,,,,,,
2023 to 24,South East,A level,Science - Biology,Total Biology,9699.0,9.25869,27.68327,48.61326,69.1927,84.91597,94.75204
2023 to 24,South East,A level,Home Economics,Home Economics (Food),0.0,,,,,,
2023 to 24,South East,A level,Sociology,Total Sociology,6914.0,5.71305,17.89124,44.59069,72.23026,89.45618,96.80359
2023 to 24,South East,A level,Modern languages - other,Irish,0.0,,,,,,
2023 to 24,South East,A level,Art & Design,3d Studies,397.0,12.84635,27.70781,58.43829,82.36776,95.96977,98.23678
2023 to 24,South East,A level,Arts,Media/Film/Tv Studies,2966.0,2.6298,12.50843,43.29063,76.50034,93.42549,98.38166
2023 to 24,South East,A level,Modern languages - other,Italian,75.0,41.33333,80.0,93.33333,98.66667,98.66667,100.0
2023 to 24,South East,A level,Art & Design,Art and design,842.0,11.87648,27.90974,56.65083,81.11639,92.16152,97.50594
2023 to 24,South East,A level,Physical Education,Total Physical Education,2530.0,6.04743,19.28854,43.28063,69.52569,86.36364,95.33597
2023 to 24,South East,A level,Modern languages - other,Gujarati,0.0,,,,,,
2023 to 24,South East,A level,Modern languages - other,Punjabi,13.0,76.92308,84.61538,92.30769,100.0,100.0,100.0
2023 to 24,South East,A level,Classical studies,Ancient History,202.0,2.47525,18.31683,52.9703,84.65347,96.0396,98.51485
2023 to 24,South East,A level,Computer Science,Total Computer Science,3226.0,7.06758,26.53441,48.60508,68.56789,85.30688,94.63732
2023 to 24,South East,A level,Geography,Total Geography,5790.0,5.40587,22.07254,50.44905,75.87219,91.31261,97.77202
2023 to 24,South East,A level,Physical Education,Physical Education/Sports Studies,2247.0,5.8745,17.84602,41.34401,67.51224,85.13574,94.79306
2023 to 24,South East,A level,Modern languages - other,Portuguese,24.0,4.16667,29.16667,62.5,79.16667,87.5,95.83333
2023 to 24,South East,A level,General studies,Total General studies,0.0,,,,,,
2023 to 24,South East,A level,Art & Design,Photography,1947.0,9.7586,26.39959,60.40062,85.00257,95.3775,98.56189
2023 to 24,South East,A level,Maths,Mathematics (Statistics),87.0,0.0,10.34483,26.43678,52.87356,74.71264,93.10345
2023 to 24,South East,A level,Modern languages,Spanish,1197.0,8.85547,33.50042,62.32247,81.7878,93.48371,97.49373
2023 to 24,South East,A level,Maths,Total Maths,14832.0,17.59035,42.52967,61.27967,76.22033,88.00566,95.71872
2023 to 24,South East,A level,Science - other,Electronics,113.0,14.15929,47.78761,62.83186,80.53097,90.26549,99.11504
2023 to 24,South East,A level,Science - other,Geology,90.0,5.55556,13.33333,30.0,52.22222,76.66667,93.33333
2023 to 24,South East,A level,Accounting and Finance,Total Accounting and finance,235.0,2.55319,14.04255,30.21277,52.34043,75.74468,91.91489
2023 to 24,South East,A level,Modern languages - other,Bengali,0.0,,,,,,
2023 to 24,South East,A level,Psychology,Total Psychology,11813.0,5.83256,19.25844,45.13671,69.5251,86.52332,95.85203
2023 to 24,South East,A level,Art & Design,Textiles,863.0,11.47161,35.34183,67.20742,89.91889,97.10313,99.18888
2023 to 24,South East,A level,Government and politics,Total Government and Politics,3189.0,8.37253,29.03732,56.5381,77.79868,90.71809,97.05237
2023 to 24,South East,A level,Science - Chemistry,Total Chemistry,7424.0,10.21013,32.63739,56.06142,73.24892,85.99138,94.89494
2023 to 24,South East,A level,Design and technology,D&T Product Design,1297.0,5.39707,18.42714,42.94526,70.54742,87.81804,96.14495
2023 to 24,South East,A level,Modern languages - other,Total Other Modern Languages,466.0,39.05579,63.51931,80.6867,90.77253,94.84979,97.63948
2023 to 24,South East,A level,ICT,Total ICT,0.0,,,,,,
2023 to 24,South East,A level,Science - other,Total Other Sciences,813.0,7.13407,22.26322,42.43542,64.82165,83.39483,94.83395
2023 to 24,South East,A level,Classical studies,Classical Civilisation,813.0,3.81304,22.50923,56.58057,82.41082,95.20295,98.89299
2023 to 24,South East,A level,Art & Design,Graphics,1361.0,13.15209,31.66789,62.60103,86.70096,96.54666,99.33872
2023 to 24,South East,A level,Logic/Philosophy,Total Logic/ Philosophy,1042.0,3.35893,19.57774,48.27255,73.70441,88.09981,95.96929
2023 to 24,South East,A level,Classical studies,Other Classical Languages,0.0,,,,,,
2023 to 24,South East,A level,Arts,Film Studies,1788.0,2.90828,16.7226,56.20805,86.0179,95.63758,98.8255
2023 to 24,South East,A level,Art & Design,Fine Art,2164.0,15.01848,34.4732,67.92976,89.14048,96.62662,99.30684
2023 to 24,South East,A level,Geography,Geography,5790.0,5.40587,22.07254,50.44905,75.87219,91.31261,97.77202
2023 to 24,South East,A level,Music,Total Music,744.0,5.51075,22.44624,50.80645,76.47849,92.74194,97.98387
2023 to 24,South East,A level,Classical studies,Total Classical studies,1062.0,4.42561,23.06968,56.87382,83.14501,95.2919,98.77589
2023 to 24,South East,A level,Modern languages - other,Urdu,9.0,77.77778,77.77778,88.88889,88.88889,88.88889,88.88889
2023 to 24,South East,A level,Classical studies,Classical Greek,0.0,,,,,,
2023 to 24,South East,A level,Music,Music,504.0,5.55556,26.19048,55.75397,80.55556,95.2381,98.80952
2023 to 24,South East,A level,Modern languages - other,Turkish,27.0,48.14815,66.66667,70.37037,88.88889,96.2963,96.2963
2023 to 24,South East,A level,Modern languages - other,Japanese,14.0,50.0,78.57143,92.85714,100.0,100.0,100.0
2023 to 24,South East,A level,Modern languages,French,1055.0,11.65877,37.72512,67.109,85.40284,94.59716,98.38863
2023 to 24,South East,A level,English,Total English,8871.0,7.57525,20.80938,51.22309,78.92008,93.7662,98.36546
2023 to 24,South East,A level,Modern languages - other,Modern Hebrew,0.0,,,,,,
2023 to 24,South East,A level,Modern languages - other,Chinese,89.0,7.86517,31.46067,66.29213,83.14607,88.76404,97.75281
2023 to 24,South East,A level,Design and technology,Total D&T,1385.0,5.19856,18.12274,42.31047,69.31408,86.85921,96.02888
2023 to 24,South East,A level,Law,Total Law,2346.0,5.71185,18.41432,39.38619,62.9156,82.43819,95.18329
2023 to 24,South East,A level,Economics,Total Economics,5770.0,6.93241,29.20277,58.04159,79.7227,92.2357,97.93761
2023 to 24,South East,A level,Music,Music Technology,240.0,5.41667,14.58333,40.41667,67.91667,87.5,96.25
2023 to 24,South East,A level,Classical studies,Latin,47.0,23.40426,53.19149,78.7234,89.3617,93.61702,97.87234
2023 to 24,South East,A level,Modern languages - other,Russian,92.0,86.95652,93.47826,98.91304,98.91304,100.0,100.0
2023 to 24,South East,A level,Modern languages - other,Arabic,33.0,33.33333,57.57576,63.63636,78.78788,87.87879,87.87879
2023 to 24,South East,A level,Business Studies,Total Business Studies,7066.0,4.10416,16.26097,45.48542,73.97396,90.51797,97.24031
2023 to 24,South East,A level,Modern languages - other,Persian,5.0,40.0,80.0,100.0,100.0,100.0,100.0
2023 to 24,South East,A level,Religious Studies,Total Religious Studies,1610.0,4.40994,20.99379,50.80745,74.2236,88.81988,96.39752
2023 to 24,South East,A level,History,Total History,6627.0,5.53795,23.23827,54.97208,79.93059,93.43594,98.61174
2023 to 24,South East,A level,Design and technology,D&T Textiles Technology,52.0,3.84615,13.46154,28.84615,48.07692,73.07692,96.15385
2023 to 24,South East,A level,Modern languages - other,Polish,81.0,14.81481,54.32099,75.30864,87.65432,95.06173,97.53086
2023 to 24,South East,A level,Science - other,Environmental Science,610.0,6.06557,18.85246,40.4918,63.77049,83.11475,94.2623
2023 to 24,South East,A level,All STEM subjects,Total STEM subjects,43989.0,13.467,35.77258,56.24133,73.34106,86.6012,95.25563
2023 to 24,South East,A level,Science - Physics,Total Physics,6245.0,10.85669,31.46517,50.71257,69.07926,84.24339,94.77982
2023 to 24,South East,A level,Maths - Further,Total Further Mathematics,2563.0,29.37963,58.48615,79.55521,89.03629,93.99142,97.46391
2023 to 24,South East,A level,English,English literature,5541.0,9.90796,25.19401,55.33297,80.7255,93.68345,98.08699
2023 to 24,South East,A level,English,English language,1706.0,1.87573,11.07855,41.96952,74.03283,93.3177,98.5932
2023 to 24,South East,A level,Modern languages,Total Modern languages including Other,3121.0,14.57866,40.49984,67.31817,84.46011,94.20058,97.88529
2023 to 24,South East,A level,English,English language & literature,1624.0,5.60345,16.07143,46.92118,77.89409,94.5197,99.07635
2023 to 24,South East,A level,Modern languages,German,403.0,10.91811,41.93548,67.24566,82.63027,94.54094,98.01489
2023 to 24,South East,A level,Art & Design,Total Art & Design,7638.0,12.43781,30.92433,63.3281,86.56716,95.83661,98.86096
2023 to 24,South East,A level,Arts,Total Arts,6012.0,2.86094,14.68729,49.48436,81.45376,94.72721,98.71923
2023 to 24,South East,A level,Modern languages - other,Modern Greek,4.0,25.0,25.0,50.0,100.0,100.0,100.0
2023 to 24,South East,A level,Design and technology,D&T Engineering,36.0,0.0,13.88889,38.88889,55.55556,72.22222,91.66667
2023 to 24,South East,A level,Maths,Maths,14745.0,17.69413,42.71957,61.48525,76.35809,88.0841,95.73415
2023 to 24,South East,A level,Design and technology,Design & Technology,0.0,,,,,,
2023 to 24,South East,A level,Art & Design,History of Art,56.0,8.92857,32.14286,78.57143,96.42857,98.21429,100.0
2023 to 24,South East,A level,Arts,Drama & Theatre Studies,1258.0,3.33863,16.93164,54.531,86.64547,96.50238,99.36407
2023 to 24,South East,A level,All subjects,Total subjects,128567.0,8.95331,26.84981,52.78648,75.34826,89.51908,96.67333
2023 to 24,South East,A level,All facilitating subjects,Total facilitating subjects,61802.0,11.95916,32.96657,56.49817,75.79852,88.88385,96.2752
2023 to 24,South East,A level,Physical Education,Dance,283.0,7.42049,30.74205,58.65724,85.51237,96.11307,99.64664
2023 to 24,East of England,A level,Art & Design,Critical Studies,35.0,0.0,11.42857,54.28571,74.28571,88.57143,97.14286
2023 to 24,East of England,A level,Home Economics,Total Home Economics,0.0,,,,,,
2023 to 24,East of England,A level,Science - Biology,Total Biology,6276.0,8.55641,26.01976,46.62205,69.07266,86.02613,96.0325
2023 to 24,East of England,A level,Home Economics,Home Economics (Food),0.0,,,,,,
2023 to 24,East of England,A level,Sociology,Total Sociology,4902.0,5.28356,17.89066,44.00245,73.68421,90.71807,97.10322
2023 to 24,East of England,A level,Modern languages - other,Irish,0.0,,,,,,
2023 to 24,East of England,A level,Art & Design,3d Studies,161.0,6.8323,13.6646,36.02484,75.15528,90.68323,96.89441
2023 to 24,East of England,A level,Arts,Media/Film/Tv Studies,1874.0,2.2412,12.59338,42.3159,76.41409,93.4365,98.50587
2023 to 24,East of England,A level,Modern languages - other,Italian,63.0,34.92063,69.84127,87.30159,95.2381,98.4127,98.4127
2023 to 24,East of England,A level,Art & Design,Art and design,620.0,12.58065,32.90323,64.83871,86.93548,97.09677,99.67742
2023 to 24,East of England,A level,Physical Education,Total Physical Education,1612.0,4.03226,15.44665,38.95782,66.19107,87.22084,94.78908
2023 to 24,East of England,A level,Modern languages - other,Gujarati,0.0,,,,,,
2023 to 24,East of England,A level,Modern languages - other,Punjabi,3.0,66.66667,100.0,100.0,100.0,100.0,100.0
2023 to 24,East of England,A level,Classical studies,Ancient History,110.0,1.81818,17.27273,46.36364,83.63636,95.45455,98.18182
2023 to 24,East of England,A level,Computer Science,Total Computer Science,2172.0,6.49171,24.40147,47.55985,68.69245,85.17495,95.16575
2023 to 24,East of England,A level,Geography,Total Geography,3709.0,5.28444,23.05204,51.49636,76.97493,91.77676,97.81612
2023 to 24,East of England,A level,Physical Education,Physical Education/Sports Studies,1518.0,3.95257,15.08564,38.01054,65.28327,86.82477,94.53228
2023 to 24,East of England,A level,Modern languages - other,Portuguese,38.0,5.26316,23.68421,50.0,84.21053,84.21053,97.36842
2023 to 24,East of England,A level,General studies,Total General studies,0.0,,,,,,
2023 to 24,East of England,A level,Art & Design,Photography,1083.0,6.83287,19.48292,51.33887,78.85503,92.79778,98.52262
2023 to 24,East of England,A level,Maths,Mathematics (Statistics),90.0,1.11111,12.22222,38.88889,56.66667,82.22222,94.44444
2023 to 24,East of England,A level,Modern languages,Spanish,589.0,10.6961,31.40917,57.3854,80.98472,92.35993,98.98132
2023 to 24,East of England,A level,Maths,Total Maths,9164.0,14.85159,38.72763,58.45701,73.82148,86.31602,95.34046
2023 to 24,East of England,A level,Science - other,Electronics,48.0,29.16667,52.08333,60.41667,77.08333,91.66667,97.91667
2023 to 24,East of England,A level,Science - other,Geology,118.0,12.71186,31.35593,50.84746,72.88136,88.98305,98.30508
2023 to 24,East of England,A level,Accounting and Finance,Total Accounting and finance,274.0,0.72993,10.58394,25.54745,48.54015,72.26277,87.9562
2023 to 24,East of England,A level,Modern languages - other,Bengali,1.0,0.0,100.0,100.0,100.0,100.0,100.0
2023 to 24,East of England,A level,Psychology,Total Psychology,7926.0,4.88266,17.62554,43.94398,69.36664,86.37396,95.59677
2023 to 24,East of England,A level,Art & Design,Textiles,307.0,6.51466,22.47557,52.443,80.45603,93.48534,98.37134
2023 to 24,East of England,A level,Government and politics,Total Government and Politics,2126.0,8.65475,28.4572,55.6444,76.85795,91.01599,96.75447
2023 to 24,East of England,A level,Science - Chemistry,Total Chemistry,4869.0,8.50277,30.21154,52.94722,71.57527,85.56172,95.27624
2023 to 24,East of England,A level,Design and technology,D&T Product Design,971.0,4.01648,14.72709,40.37075,66.1174,85.3759,95.26262
2023 to 24,East of England,A level,Modern languages - other,Total Other Modern Languages,381.0,30.18373,55.90551,80.05249,91.60105,95.27559,97.37533
2023 to 24,East of England,A level,ICT,Total ICT,0.0,,,,,,
2023 to 24,East of England,A level,Science - other,Total Other Sciences,439.0,10.02278,23.00683,40.77449,65.60364,83.59909,94.30524
2023 to 24,East of England,A level,Classical studies,Classical Civilisation,421.0,3.08789,24.70309,60.09501,82.89786,91.92399,97.38717
2023 to 24,East of England,A level,Art & Design,Graphics,414.0,8.69565,23.91304,49.51691,77.05314,91.30435,96.61836
2023 to 24,East of England,A level,Logic/Philosophy,Total Logic/ Philosophy,368.0,2.71739,17.66304,41.30435,66.30435,83.96739,94.56522
2023 to 24,East of England,A level,Classical studies,Other Classical Languages,0.0,,,,,,
2023 to 24,East of England,A level,Arts,Film Studies,1007.0,2.87984,15.19364,52.73088,84.60775,95.9285,98.70904
2023 to 24,East of England,A level,Art & Design,Fine Art,1340.0,14.32836,31.71642,62.76119,84.85075,95.22388,98.80597
2023 to 24,East of England,A level,Geography,Geography,3709.0,5.28444,23.05204,51.49636,76.97493,91.77676,97.81612
2023 to 24,East of England,A level,Music,Total Music,604.0,4.13907,17.05298,44.86755,72.18543,89.40397,97.18543
2023 to 24,East of England,A level,Classical studies,Total Classical studies,590.0,3.89831,25.25424,58.98305,83.55932,93.22034,97.79661
2023 to 24,East of England,A level,Modern languages - other,Urdu,8.0,87.5,100.0,100.0,100.0,100.0,100.0
2023 to 24,East of England,A level,Classical studies,Classical Greek,3.0,33.33333,100.0,100.0,100.0,100.0,100.0
2023 to 24,East of England,A level,Music,Music,416.0,5.04808,20.43269,48.31731,74.03846,90.625,97.35577
2023 to 24,East of England,A level,Modern languages - other,Turkish,30.0,36.66667,60.0,76.66667,90.0,96.66667,100.0
2023 to 24,East of England,A level,Modern languages - other,Japanese,14.0,78.57143,92.85714,92.85714,100.0,100.0,100.0
2023 to 24,East of England,A level,Modern languages,French,591.0,12.01354,37.56345,64.80541,81.72589,94.07783,98.64636
2023 to 24,East of England,A level,English,Total English,5751.0,6.29456,18.95323,50.47818,79.58616,94.8009,99.00887
2023 to 24,East of England,A level,Modern languages - other,Modern Hebrew,4.0,50.0,75.0,100.0,100.0,100.0,100.0
2023 to 24,East of England,A level,Modern languages - other,Chinese,30.0,20.0,56.66667,86.66667,93.33333,93.33333,96.66667
2023 to 24,East of England,A level,Design and technology,Total D&T,1079.0,4.07785,14.82854,40.7785,66.63577,85.91288,95.36608
2023 to 24,East of England,A level,Law,Total Law,1399.0,4.5747,15.797,36.74053,58.75625,79.19943,93.85275
2023 to 24,East of England,A level,Economics,Total Economics,3844.0,5.90531,27.3153,56.71176,79.42248,92.01353,97.63267
2023 to 24,East of England,A level,Music,Music Technology,188.0,2.12766,9.57447,37.23404,68.08511,86.70213,96.80851
2023 to 24,East of England,A level,Classical studies,Latin,56.0,12.5,41.07143,73.21429,87.5,98.21429,100.0
2023 to 24,East of England,A level,Modern languages - other,Russian,57.0,64.91228,82.45614,92.98246,98.24561,98.24561,98.24561
2023 to 24,East of England,A level,Modern languages - other,Arabic,16.0,50.0,50.0,87.5,93.75,93.75,93.75
2023 to 24,East of England,A level,Business Studies,Total Business Studies,4615.0,3.55363,13.97616,42.86024,73.10943,91.52763,97.70314
2023 to 24,East of England,A level,Modern languages - other,Persian,5.0,20.0,20.0,60.0,80.0,80.0,80.0
2023 to 24,East of England,A level,Religious Studies,Total Religious Studies,1357.0,3.83198,20.48637,47.82609,74.94473,91.37804,97.19971
2023 to 24,East of England,A level,History,Total History,4653.0,4.64217,21.38405,52.56824,78.76639,93.6815,98.34515
2023 to 24,East of England,A level,Design and technology,D&T Textiles Technology,85.0,5.88235,17.64706,48.23529,69.41176,91.76471,96.47059
2023 to 24,East of England,A level,Modern languages - other,Polish,100.0,3.0,35.0,74.0,88.0,96.0,97.0
2023 to 24,East of England,A level,Science - other,Environmental Science,273.0,5.49451,14.28571,32.96703,60.43956,79.85348,91.94139
2023 to 24,East of England,A level,All STEM subjects,Total STEM subjects,27740.0,11.47801,32.59913,53.27325,71.60058,85.89041,95.44701
2023 to 24,East of England,A level,Science - Physics,Total Physics,3691.0,8.99485,26.95746,46.54565,65.56489,81.9832,94.01246
2023 to 24,East of England,A level,Maths - Further,Total Further Mathematics,1568.0,25.44643,55.16582,74.36224,87.05357,94.06888,98.02296
2023 to 24,East of England,A level,English,English literature,3444.0,8.44948,23.46109,55.54588,81.62021,95.18002,99.07085
2023 to 24,East of England,A level,English,English language,1058.0,2.36295,12.00378,43.57278,76.93762,93.95085,99.05482
2023 to 24,East of England,A level,Modern languages,Total Modern languages including Other,1787.0,15.33296,40.17907,66.20034,83.8836,94.18019,98.54505
2023 to 24,East of England,A level,English,English language & literature,1249.0,3.68295,12.40993,42.35388,76.22098,94.47558,98.79904
2023 to 24,East of England,A level,Modern languages,German,226.0,11.06195,43.36283,69.46903,84.0708,97.34513,99.11504
2023 to 24,East of England,A level,Art & Design,Total Art & Design,3989.0,10.30333,26.0717,56.55553,81.92529,94.05866,98.52093
2023 to 24,East of England,A level,Arts,Total Arts,3833.0,2.92199,14.92304,49.12601,80.79833,94.86042,98.77381
2023 to 24,East of England,A level,Modern languages - other,Modern Greek,12.0,25.0,50.0,75.0,75.0,91.66667,91.66667
2023 to 24,East of England,A level,Design and technology,D&T Engineering,23.0,0.0,8.69565,30.43478,78.26087,86.95652,95.65217
2023 to 24,East of England,A level,Maths,Maths,9074.0,14.98788,38.99052,58.65109,73.99162,86.35662,95.34935
2023 to 24,East of England,A level,Design and technology,Design & Technology,0.0,,,,,,
2023 to 24,East of England,A level,Art & Design,History of Art,29.0,0.0,20.68966,48.27586,86.2069,93.10345,100.0
2023 to 24,East of England,A level,Arts,Drama & Theatre Studies,952.0,4.30672,19.22269,58.71849,85.39916,96.53361,99.36975
2023 to 24,East of England,A level,All subjects,Total subjects,82597.0,7.63345,24.50694,50.35413,74.11044,89.28411,96.69116
2023 to 24,East of England,A level,All facilitating subjects,Total facilitating subjects,39130.0,10.29134,30.42167,54.19371,74.62561,88.63787,96.50141
2023 to 24,East of England,A level,Physical Education,Dance,94.0,5.31915,21.2766,54.25532,80.85106,93.61702,98.93617
2023 to 24,East Midlands,A level,Art & Design,Critical Studies,1.0,0.0,0.0,100.0,100.0,100.0,100.0
2023 to 24,East Midlands,A level,Home Economics,Total Home Economics,0.0,,,,,,
2023 to 24,East Midlands,A level,Science - Biology,Total Biology,4833.0,5.93834,20.17381,41.03042,63.3354,81.4401,94.14442
2023 to 24,East Midlands,A level,Home Economics,Home Economics (Food),0.0,,,,,,
2023 to 24,East Midlands,A level,Sociology,Total Sociology,3272.0,3.51467,14.82274,42.63447,71.39364,89.27262,97.24939
2023 to 24,East Midlands,A level,Modern languages - other,Irish,0.0,,,,,,
2023 to 24,East Midlands,A level,Art & Design,3d Studies,61.0,9.83607,18.03279,37.70492,57.37705,83.60656,96.72131
2023 to 24,East Midlands,A level,Arts,Media/Film/Tv Studies,1102.0,1.27042,12.79492,44.28312,76.58802,94.73684,99.45554
2023 to 24,East Midlands,A level,Modern languages - other,Italian,27.0,18.51852,70.37037,77.77778,92.59259,96.2963,100.0
2023 to 24,East Midlands,A level,Art & Design,Art and design,281.0,10.67616,25.97865,55.16014,79.7153,91.1032,97.15302
2023 to 24,East Midlands,A level,Physical Education,Total Physical Education,1025.0,4.4878,16.58537,37.26829,64.09756,84.78049,96.19512
2023 to 24,East Midlands,A level,Modern languages - other,Gujarati,0.0,,,,,,
2023 to 24,East Midlands,A level,Modern languages - other,Punjabi,9.0,66.66667,66.66667,88.88889,100.0,100.0,100.0
2023 to 24,East Midlands,A level,Classical studies,Ancient History,40.0,0.0,10.0,35.0,62.5,85.0,97.5
2023 to 24,East Midlands,A level,Computer Science,Total Computer Science,1452.0,3.09917,18.80165,39.2562,61.2259,79.95868,92.97521
2023 to 24,East Midlands,A level,Geography,Total Geography,2531.0,5.4919,19.00435,47.17503,75.93836,91.18925,98.14303
2023 to 24,East Midlands,A level,Physical Education,Physical Education/Sports Studies,956.0,4.49791,16.6318,37.13389,63.28452,84.20502,95.9205
2023 to 24,East Midlands,A level,Modern languages - other,Portuguese,5.0,0.0,0.0,20.0,60.0,80.0,100.0
2023 to 24,East Midlands,A level,General studies,Total General studies,0.0,,,,,,
2023 to 24,East Midlands,A level,Art & Design,Photography,685.0,5.25547,18.9781,53.28467,79.56204,94.16058,98.83212
2023 to 24,East Midlands,A level,Maths,Mathematics (Statistics),6.0,0.0,16.66667,50.0,100.0,100.0,100.0
2023 to 24,East Midlands,A level,Modern languages,Spanish,373.0,6.70241,25.73727,52.27882,76.13941,93.29759,98.92761
2023 to 24,East Midlands,A level,Maths,Total Maths,5817.0,12.10246,35.36187,54.06567,71.23947,85.25013,94.61922
2023 to 24,East Midlands,A level,Science - other,Electronics,95.0,6.31579,18.94737,33.68421,58.94737,81.05263,97.89474
2023 to 24,East Midlands,A level,Science - other,Geology,70.0,10.0,32.85714,61.42857,82.85714,94.28571,98.57143
2023 to 24,East Midlands,A level,Accounting and Finance,Total Accounting and finance,235.0,1.2766,13.19149,28.93617,50.6383,77.44681,94.46809
2023 to 24,East Midlands,A level,Modern languages - other,Bengali,0.0,,,,,,
2023 to 24,East Midlands,A level,Psychology,Total Psychology,6027.0,3.68342,14.55119,38.80869,64.17787,84.27078,95.08877
2023 to 24,East Midlands,A level,Art & Design,Textiles,141.0,13.47518,28.36879,64.53901,87.94326,95.74468,99.29078
2023 to 24,East Midlands,A level,Government and politics,Total Government and Politics,872.0,4.93119,18.80734,46.78899,71.44495,89.33486,97.13303
2023 to 24,East Midlands,A level,Science - Chemistry,Total Chemistry,3566.0,6.47785,25.93943,47.75659,67.35838,84.15592,95.0645
2023 to 24,East Midlands,A level,Design and technology,D&T Product Design,650.0,4.0,13.53846,39.23077,67.53846,87.07692,96.46154
2023 to 24,East Midlands,A level,Modern languages - other,Total Other Modern Languages,227.0,26.87225,59.91189,80.17621,92.95154,96.9163,98.23789
2023 to 24,East Midlands,A level,ICT,Total ICT,0.0,,,,,,
2023 to 24,East Midlands,A level,Science - other,Total Other Sciences,251.0,5.17928,17.13147,35.45817,60.95618,82.47012,96.01594
2023 to 24,East Midlands,A level,Classical studies,Classical Civilisation,16.0,0.0,37.5,56.25,81.25,93.75,93.75
2023 to 24,East Midlands,A level,Art & Design,Graphics,164.0,12.19512,28.04878,61.58537,87.19512,97.56098,99.39024
2023 to 24,East Midlands,A level,Logic/Philosophy,Total Logic/ Philosophy,88.0,1.13636,5.68182,25.0,57.95455,85.22727,95.45455
2023 to 24,East Midlands,A level,Classical studies,Other Classical Languages,0.0,,,,,,
2023 to 24,East Midlands,A level,Arts,Film Studies,376.0,2.12766,17.81915,56.91489,91.2234,98.1383,99.73404
2023 to 24,East Midlands,A level,Art & Design,Fine Art,1054.0,12.80835,29.69639,60.91082,85.38899,95.63567,98.95636
2023 to 24,East Midlands,A level,Geography,Geography,2531.0,5.4919,19.00435,47.17503,75.93836,91.18925,98.14303
2023 to 24,East Midlands,A level,Music,Total Music,205.0,5.85366,20.0,43.41463,72.19512,93.65854,99.02439
2023 to 24,East Midlands,A level,Classical studies,Total Classical studies,66.0,0.0,16.66667,37.87879,66.66667,83.33333,95.45455
2023 to 24,East Midlands,A level,Modern languages - other,Urdu,7.0,71.42857,71.42857,71.42857,71.42857,100.0,100.0
2023 to 24,East Midlands,A level,Classical studies,Classical Greek,0.0,,,,,,
2023 to 24,East Midlands,A level,Music,Music,176.0,5.68182,21.59091,45.45455,73.86364,94.31818,99.43182
2023 to 24,East Midlands,A level,Modern languages - other,Turkish,19.0,36.84211,52.63158,84.21053,100.0,100.0,100.0
2023 to 24,East Midlands,A level,Modern languages - other,Japanese,1.0,100.0,100.0,100.0,100.0,100.0,100.0
2023 to 24,East Midlands,A level,Modern languages,French,402.0,6.46766,26.36816,57.9602,80.84577,91.54229,98.25871
2023 to 24,East Midlands,A level,English,Total English,4230.0,4.63357,14.70449,42.36407,73.92435,92.60047,98.67612
2023 to 24,East Midlands,A level,Modern languages - other,Modern Hebrew,0.0,,,,,,
2023 to 24,East Midlands,A level,Modern languages - other,Chinese,31.0,22.58065,51.6129,87.09677,100.0,100.0,100.0
2023 to 24,East Midlands,A level,Design and technology,Total D&T,823.0,3.88821,13.36574,38.27461,67.55772,87.2418,96.47631
2023 to 24,East Midlands,A level,Law,Total Law,980.0,3.06122,13.57143,31.42857,56.83673,79.79592,93.36735
2023 to 24,East Midlands,A level,Economics,Total Economics,1633.0,4.77648,20.75934,47.39743,75.13778,91.18187,97.79547
2023 to 24,East Midlands,A level,Music,Music Technology,29.0,6.89655,10.34483,31.03448,62.06897,89.65517,96.55172
2023 to 24,East Midlands,A level,Classical studies,Latin,10.0,0.0,10.0,20.0,60.0,60.0,90.0
2023 to 24,East Midlands,A level,Modern languages - other,Russian,25.0,88.0,96.0,100.0,100.0,100.0,100.0
2023 to 24,East Midlands,A level,Modern languages - other,Arabic,21.0,23.80952,66.66667,80.95238,90.47619,90.47619,90.47619
2023 to 24,East Midlands,A level,Business Studies,Total Business Studies,3095.0,3.26333,14.73344,42.00323,73.021,90.01616,97.35057
2023 to 24,East Midlands,A level,Modern languages - other,Persian,4.0,25.0,75.0,75.0,75.0,100.0,100.0
2023 to 24,East Midlands,A level,Religious Studies,Total Religious Studies,807.0,3.22181,19.57869,49.69021,73.9777,90.45849,97.39777
2023 to 24,East Midlands,A level,History,Total History,2830.0,3.28622,18.16254,47.66784,76.60777,93.18021,98.40989
2023 to 24,East Midlands,A level,Design and technology,D&T Textiles Technology,50.0,6.0,10.0,34.0,70.0,86.0,98.0
2023 to 24,East Midlands,A level,Modern languages - other,Polish,74.0,2.7027,50.0,74.32432,91.89189,95.94595,97.2973
2023 to 24,East Midlands,A level,Science - other,Environmental Science,86.0,0.0,2.32558,16.27907,45.34884,74.4186,91.86047
2023 to 24,East Midlands,A level,All STEM subjects,Total STEM subjects,19303.0,8.73439,27.49832,47.67135,66.98441,83.30829,94.47754
2023 to 24,East Midlands,A level,Science - Physics,Total Physics,2741.0,7.11419,22.07224,41.44473,60.56184,79.42357,93.68843
2023 to 24,East Midlands,A level,Maths - Further,Total Further Mathematics,894.0,25.05593,52.90828,74.38479,86.57718,94.74273,97.87472
2023 to 24,East Midlands,A level,English,English literature,2387.0,6.82866,18.72643,46.50189,75.11521,92.75241,98.78509
2023 to 24,East Midlands,A level,English,English language,1332.0,1.65165,8.63363,36.18619,72.67267,92.11712,98.64865
2023 to 24,East Midlands,A level,Modern languages,Total Modern languages including Other,1157.0,11.06309,33.18928,61.19274,81.59032,93.25843,98.61711
2023 to 24,East Midlands,A level,English,English language & literature,511.0,2.15264,11.74168,39.13894,71.62427,93.15068,98.23875
2023 to 24,East Midlands,A level,Modern languages,German,155.0,10.32258,29.67742,63.22581,80.0,92.25806,99.35484
2023 to 24,East Midlands,A level,Art & Design,Total Art & Design,2388.0,10.30151,25.67002,57.70519,82.57956,94.51424,98.70184
2023 to 24,East Midlands,A level,Arts,Total Arts,1973.0,1.82463,13.88748,48.04866,81.50025,95.84389,99.59453
2023 to 24,East Midlands,A level,Modern languages - other,Modern Greek,4.0,0.0,25.0,75.0,75.0,100.0,100.0
2023 to 24,East Midlands,A level,Design and technology,D&T Engineering,123.0,2.43902,13.82114,34.95935,66.66667,88.61789,95.93496
2023 to 24,East Midlands,A level,Maths,Maths,5811.0,12.11495,35.38117,54.06987,71.20977,85.2349,94.61366
2023 to 24,East Midlands,A level,Design and technology,Design & Technology,0.0,,,,,,
2023 to 24,East Midlands,A level,Art & Design,History of Art,1.0,0.0,0.0,0.0,0.0,100.0,100.0
2023 to 24,East Midlands,A level,Arts,Drama & Theatre Studies,495.0,2.82828,13.33333,49.69697,85.05051,96.56566,99.79798
2023 to 24,East Midlands,A level,All subjects,Total subjects,53791.0,6.03447,20.85665,45.52063,70.39653,87.43842,96.31165
2023 to 24,East Midlands,A level,All facilitating subjects,Total facilitating subjects,26760.0,8.0867,25.63901,48.55007,70.50822,86.53961,95.88191
2023 to 24,East Midlands,A level,Physical Education,Dance,69.0,4.34783,15.94203,39.13043,75.36232,92.75362,100.0
2023 to 24,South West,A level,Art & Design,Critical Studies,17.0,5.88235,23.52941,52.94118,58.82353,82.35294,88.23529
2023 to 24,South West,A level,Home Economics,Total Home Economics,0.0,,,,,,
2023 to 24,South West,A level,Science - Biology,Total Biology,5199.0,8.75168,25.35103,46.39354,67.20523,84.45855,95.17215
2023 to 24,South West,A level,Home Economics,Home Economics (Food),0.0,,,,,,
2023 to 24,South West,A level,Sociology,Total Sociology,3365.0,4.21991,16.90936,44.39822,70.52006,89.30163,97.23626
2023 to 24,South West,A level,Modern languages - other,Irish,0.0,,,,,,
2023 to 24,South West,A level,Art & Design,3d Studies,206.0,11.65049,24.27184,44.66019,71.35922,86.8932,95.14563
2023 to 24,South West,A level,Arts,Media/Film/Tv Studies,1077.0,1.94986,12.16342,39.83287,73.90901,93.31476,98.70009
2023 to 24,South West,A level,Modern languages - other,Italian,17.0,35.29412,76.47059,88.23529,94.11765,100.0,100.0
2023 to 24,South West,A level,Art & Design,Art and design,335.0,13.43284,27.76119,57.01493,82.68657,96.41791,99.10448
2023 to 24,South West,A level,Physical Education,Total Physical Education,1053.0,3.79867,14.90978,39.88604,65.52707,85.09022,97.62583
2023 to 24,South West,A level,Modern languages - other,Gujarati,0.0,,,,,,
2023 to 24,South West,A level,Modern languages - other,Punjabi,0.0,,,,,,
2023 to 24,South West,A level,Classical studies,Ancient History,81.0,0.0,16.04938,55.55556,82.71605,92.59259,97.53086
2023 to 24,South West,A level,Computer Science,Total Computer Science,1365.0,5.56777,23.07692,41.61172,64.32234,82.5641,94.21245
2023 to 24,South West,A level,Geography,Total Geography,3505.0,4.22254,20.82739,51.21255,77.37518,92.38231,98.00285
2023 to 24,South West,A level,Physical Education,Physical Education/Sports Studies,993.0,3.72608,14.70292,39.47633,64.45116,84.39074,97.48238
2023 to 24,South West,A level,Modern languages - other,Portuguese,6.0,0.0,33.33333,83.33333,83.33333,100.0,100.0
2023 to 24,South West,A level,General studies,Total General studies,0.0,,,,,,
2023 to 24,South West,A level,Art & Design,Photography,1170.0,7.00855,18.2906,50.68376,78.37607,92.47863,97.69231
2023 to 24,South West,A level,Maths,Mathematics (Statistics),0.0,,,,,,
2023 to 24,South West,A level,Modern languages,Spanish,538.0,7.43494,27.88104,55.94796,78.25279,92.00743,97.76952
2023 to 24,South West,A level,Maths,Total Maths,6170.0,15.64019,38.9141,58.42788,74.95948,87.79579,96.32091
2023 to 24,South West,A level,Science - other,Electronics,55.0,7.27273,30.90909,56.36364,81.81818,90.90909,94.54545
2023 to 24,South West,A level,Science - other,Geology,137.0,10.21898,25.54745,54.74453,75.91241,86.86131,95.62044
2023 to 24,South West,A level,Accounting and Finance,Total Accounting and finance,87.0,2.29885,19.54023,41.37931,68.96552,89.65517,98.85057
2023 to 24,South West,A level,Modern languages - other,Bengali,0.0,,,,,,
2023 to 24,South West,A level,Psychology,Total Psychology,6049.0,5.09175,18.97834,45.54472,69.94545,86.57629,96.19772
2023 to 24,South West,A level,Art & Design,Textiles,344.0,9.59302,25.5814,61.62791,84.59302,94.18605,99.12791
2023 to 24,South West,A level,Government and politics,Total Government and Politics,1173.0,6.99062,23.10315,53.02643,76.64109,90.87809,96.84569
2023 to 24,South West,A level,Science - Chemistry,Total Chemistry,3589.0,9.33408,32.62747,56.58958,74.92338,87.93536,96.34996
2023 to 24,South West,A level,Design and technology,D&T Product Design,724.0,5.24862,16.71271,40.46961,64.91713,86.46409,97.23757
2023 to 24,South West,A level,Modern languages - other,Total Other Modern Languages,128.0,30.46875,54.6875,78.125,85.15625,92.1875,95.3125
2023 to 24,South West,A level,ICT,Total ICT,0.0,,,,,,
2023 to 24,South West,A level,Science - other,Total Other Sciences,651.0,5.52995,19.04762,46.851,70.66052,88.94009,96.77419
2023 to 24,South West,A level,Classical studies,Classical Civilisation,327.0,1.52905,14.98471,50.15291,81.65138,96.02446,99.08257
2023 to 24,South West,A level,Art & Design,Graphics,577.0,10.91854,26.16984,56.49913,79.20277,93.2409,97.92028
2023 to 24,South West,A level,Logic/Philosophy,Total Logic/ Philosophy,223.0,1.34529,15.24664,44.39462,66.81614,82.06278,95.06726
2023 to 24,South West,A level,Classical studies,Other Classical Languages,0.0,,,,,,
2023 to 24,South West,A level,Arts,Film Studies,658.0,2.27964,12.61398,56.99088,88.90578,97.11246,99.08815
2023 to 24,South West,A level,Art & Design,Fine Art,1360.0,15.07353,31.61765,63.01471,85.95588,95.0,98.97059
2023 to 24,South West,A level,Geography,Geography,3505.0,4.22254,20.82739,51.21255,77.37518,92.38231,98.00285
2023 to 24,South West,A level,Music,Total Music,386.0,4.14508,17.87565,43.78238,72.53886,90.15544,96.63212
2023 to 24,South West,A level,Classical studies,Total Classical studies,415.0,1.44578,15.66265,52.04819,82.16867,95.42169,98.79518
2023 to 24,South West,A level,Modern languages - other,Urdu,0.0,,,,,,
2023 to 24,South West,A level,Classical studies,Classical Greek,0.0,,,,,,
2023 to 24,South West,A level,Music,Music,283.0,5.30035,20.84806,49.11661,79.85866,93.99293,97.5265
2023 to 24,South West,A level,Modern languages - other,Turkish,11.0,45.45455,45.45455,54.54545,81.81818,90.90909,90.90909
2023 to 24,South West,A level,Modern languages - other,Japanese,6.0,33.33333,50.0,66.66667,66.66667,83.33333,83.33333
2023 to 24,South West,A level,Modern languages,French,531.0,8.85122,33.89831,64.5951,82.10923,94.35028,98.68173
2023 to 24,South West,A level,English,Total English,4373.0,5.7169,18.72856,50.69746,80.51681,94.80906,98.97096
2023 to 24,South West,A level,Modern languages - other,Modern Hebrew,1.0,100.0,100.0,100.0,100.0,100.0,100.0
2023 to 24,South West,A level,Modern languages - other,Chinese,16.0,6.25,31.25,68.75,75.0,87.5,93.75
2023 to 24,South West,A level,Design and technology,Total D&T,823.0,5.22479,17.13244,41.31227,65.12758,86.26974,96.96233
2023 to 24,South West,A level,Law,Total Law,1049.0,6.76835,20.68637,44.32793,67.01621,85.22402,96.47283
2023 to 24,South West,A level,Economics,Total Economics,2004.0,5.03992,25.6487,56.83633,80.43912,93.31337,98.45309
2023 to 24,South West,A level,Music,Music Technology,103.0,0.97087,9.70874,29.12621,52.42718,79.61165,94.17476
2023 to 24,South West,A level,Classical studies,Latin,7.0,14.28571,42.85714,100.0,100.0,100.0,100.0
2023 to 24,South West,A level,Modern languages - other,Russian,23.0,86.95652,91.30435,95.65217,95.65217,100.0,100.0
2023 to 24,South West,A level,Modern languages - other,Arabic,13.0,30.76923,46.15385,76.92308,76.92308,84.61538,92.30769
2023 to 24,South West,A level,Business Studies,Total Business Studies,2922.0,4.00411,14.98973,43.87406,73.13484,90.79398,97.3306
2023 to 24,South West,A level,Modern languages - other,Persian,1.0,0.0,0.0,0.0,100.0,100.0,100.0
2023 to 24,South West,A level,Religious Studies,Total Religious Studies,1143.0,4.54943,21.17235,47.15661,71.30359,88.45144,96.93788
2023 to 24,South West,A level,History,Total History,3348.0,3.79331,21.62485,51.58303,79.15173,93.60812,98.23775
2023 to 24,South West,A level,Design and technology,D&T Textiles Technology,84.0,5.95238,19.04762,46.42857,66.66667,84.52381,95.2381
2023 to 24,South West,A level,Modern languages - other,Polish,30.0,0.0,46.66667,83.33333,86.66667,86.66667,93.33333
2023 to 24,South West,A level,Science - other,Environmental Science,459.0,3.92157,15.68627,43.35512,67.75599,89.32462,97.38562
2023 to 24,South West,A level,All STEM subjects,Total STEM subjects,20371.0,12.1889,32.73772,53.34053,71.8816,86.41697,95.83231
2023 to 24,South West,A level,Science - Physics,Total Physics,2970.0,11.54882,29.56229,48.3165,67.67677,84.0404,95.15152
2023 to 24,South West,A level,Maths - Further,Total Further Mathematics,1078.0,28.66419,54.35993,75.60297,87.84787,94.34137,98.42301
2023 to 24,South West,A level,English,English literature,2650.0,7.88679,22.64151,55.96226,82.98113,95.28302,99.0566
2023 to 24,South West,A level,English,English language,1221.0,2.457,12.12121,40.70434,75.75758,93.28419,98.8534
2023 to 24,South West,A level,Modern languages,Total Modern languages including Other,1348.0,10.53412,33.53116,61.86944,81.08309,93.17507,98.1454
2023 to 24,South West,A level,English,English language & literature,502.0,2.19124,14.14343,47.21116,79.08367,96.01594,98.80478
2023 to 24,South West,A level,Modern languages,German,151.0,10.59603,34.43709,59.60265,84.10596,94.03974,100.0
2023 to 24,South West,A level,Art & Design,Total Art & Design,4012.0,11.29113,25.67298,56.82951,81.48056,93.54437,98.20538
2023 to 24,South West,A level,Arts,Total Arts,2445.0,2.57669,13.08793,47.73006,80.2045,94.76483,98.60941
2023 to 24,South West,A level,Modern languages - other,Modern Greek,4.0,0.0,0.0,25.0,75.0,100.0,100.0
2023 to 24,South West,A level,Design and technology,D&T Engineering,15.0,0.0,26.66667,53.33333,66.66667,86.66667,93.33333
2023 to 24,South West,A level,Maths,Maths,6170.0,15.64019,38.9141,58.42788,74.95948,87.79579,96.32091
2023 to 24,South West,A level,Design and technology,Design & Technology,0.0,,,,,,
2023 to 24,South West,A level,Art & Design,History of Art,3.0,0.0,0.0,0.0,33.33333,33.33333,66.66667
2023 to 24,South West,A level,Arts,Drama & Theatre Studies,710.0,3.80282,14.92958,51.12676,81.69014,94.78873,98.02817
2023 to 24,South West,A level,All subjects,Total subjects,60745.0,7.71257,24.28183,50.64944,74.30241,89.51189,97.04338
2023 to 24,South West,A level,All facilitating subjects,Total facilitating subjects,29864.0,10.15939,29.67787,54.0584,75.09376,89.19435,96.82226
2023 to 24,South West,A level,Physical Education,Dance,60.0,5.0,18.33333,46.66667,83.33333,96.66667,100.0
2023 to 24,North West,AS level,Home Economics,Home Economics (Food),0.0,,,,,,
2023 to 24,North West,AS level,ICT,Total ICT,0.0,,,,,,
2023 to 24,North West,AS level,Music,Music,9.0,0.0,22.22222,77.77778,100.0,100.0,100.0
2023 to 24,North West,AS level,Classical studies,Total Classical studies,102.0,0.0,23.52941,46.07843,63.72549,83.33333,93.13725
2023 to 24,North West,AS level,Art & Design,Art and design,14.0,0.0,0.0,42.85714,64.28571,78.57143,92.85714
2023 to 24,North West,AS level,Modern languages,Spanish,49.0,0.0,24.4898,40.81633,53.06122,63.26531,79.59184
2023 to 24,North West,AS level,Physical Education,Physical Education/Sports Studies,96.0,0.0,11.45833,31.25,54.16667,83.33333,95.83333
2023 to 24,North West,AS level,Art & Design,Textiles,37.0,0.0,43.24324,67.56757,86.48649,91.89189,94.59459
2023 to 24,North West,AS level,Music,Music Technology,0.0,,,,,,
2023 to 24,North West,AS level,Geography,Total Geography,189.0,0.0,14.28571,33.33333,55.02646,74.60317,85.18519
2023 to 24,North West,AS level,Art & Design,3d Studies,60.0,0.0,28.33333,73.33333,95.0,98.33333,98.33333
2023 to 24,North West,AS level,Art & Design,Critical Studies,0.0,,,,,,
2023 to 24,North West,AS level,Maths,Total Maths,755.0,0.0,22.38411,36.82119,53.37748,67.28477,78.4106
2023 to 24,North West,AS level,Modern languages - other,Polish,0.0,,,,,,
2023 to 24,North West,AS level,Design and technology,Total D&T,27.0,0.0,7.40741,29.62963,44.44444,51.85185,74.07407
2023 to 24,North West,AS level,English,Total English,493.0,0.0,14.40162,39.14807,69.77688,88.43813,94.52333
2023 to 24,North West,AS level,Science - Physics,Total Physics,307.0,0.0,15.96091,30.94463,50.16287,67.10098,80.45603
2023 to 24,North West,AS level,Art & Design,Fine Art,71.0,0.0,40.84507,76.05634,91.5493,98.59155,98.59155
2023 to 24,North West,AS level,Economics,Total Economics,265.0,0.0,7.54717,21.88679,39.62264,62.64151,81.50943
2023 to 24,North West,AS level,Science - Chemistry,Total Chemistry,563.0,0.0,10.12433,27.35346,46.71403,61.45648,77.97513
2023 to 24,North West,AS level,Classical studies,Latin,0.0,,,,,,
2023 to 24,North West,AS level,General studies,Total General studies,0.0,,,,,,
2023 to 24,North West,AS level,Business Studies,Total Business Studies,419.0,0.0,11.21718,26.49165,55.13126,76.37232,87.5895
2023 to 24,North West,AS level,All facilitating subjects,Total facilitating subjects,3892.0,0.0,23.74101,40.51901,58.68448,73.07297,84.14697
2023 to 24,North West,AS level,Arts,Communication Studies,0.0,,,,,,
2023 to 24,North West,AS level,Classical studies,Classical Civilisation,70.0,0.0,27.14286,47.14286,64.28571,81.42857,92.85714
2023 to 24,North West,AS level,Science - other,Geology,31.0,0.0,6.45161,19.35484,38.70968,64.51613,83.87097
2023 to 24,North West,AS level,Art & Design,Graphics,102.0,0.0,18.62745,41.17647,71.56863,86.27451,94.11765
2023 to 24,North West,AS level,Home Economics,Total Home Economics,0.0,,,,,,
2023 to 24,North West,AS level,Accounting and Finance,Total Accounting and finance,0.0,,,,,,
2023 to 24,North West,AS level,Classical studies,Ancient History,32.0,0.0,15.625,43.75,62.5,87.5,93.75
2023 to 24,North West,AS level,Modern languages - other,Irish,0.0,,,,,,
2023 to 24,North West,AS level,Computer Science,Total Computer Science,226.0,0.0,14.15929,30.97345,50.44248,73.00885,84.95575
2023 to 24,North West,AS level,All STEM subjects,Total STEM subjects,3218.0,0.0,24.70479,40.14916,56.89869,71.00684,82.59789
2023 to 24,North West,AS level,Classical studies,Classical Greek,0.0,,,,,,
2023 to 24,North West,AS level,Modern languages - other,Total Other Modern Languages,0.0,,,,,,
2023 to 24,North West,AS level,Modern languages,German,24.0,0.0,20.83333,45.83333,70.83333,83.33333,95.83333
2023 to 24,North West,AS level,Art & Design,Photography,79.0,0.0,20.25316,67.08861,86.07595,88.60759,91.13924
2023 to 24,North West,AS level,Modern languages,French,39.0,0.0,12.82051,35.89744,58.97436,84.61538,97.4359
2023 to 24,North West,AS level,Design and technology,D&T Textiles Technology,0.0,,,,,,
2023 to 24,North West,AS level,Logic/Philosophy,Total Logic/ Philosophy,0.0,,,,,,
2023 to 24,North West,AS level,Science - other,Electronics,85.0,0.0,30.58824,54.11765,68.23529,81.17647,89.41176
2023 to 24,North West,AS level,Arts,Drama & Theatre Studies,23.0,0.0,17.3913,86.95652,100.0,100.0,100.0
2023 to 24,North West,AS level,All subjects,Total subjects,8162.0,0.0,19.48052,37.7481,58.14751,74.28326,85.56726
2023 to 24,North West,AS level,Design and technology,D&T Engineering,0.0,,,,,,
2023 to 24,North West,AS level,Music,Total Music,9.0,0.0,22.22222,77.77778,100.0,100.0,100.0
2023 to 24,North West,AS level,Government and politics,Total Government and Politics,133.0,0.0,10.52632,24.81203,51.8797,69.17293,78.94737
2023 to 24,North West,AS level,Arts,Media/Film/Tv Studies,148.0,0.0,12.83784,37.16216,64.18919,84.45946,92.56757
2023 to 24,North West,AS level,English,English language & literature,39.0,0.0,15.38462,35.89744,69.23077,94.87179,97.4359
2023 to 24,North West,AS level,Physical Education,Dance,0.0,,,,,,
2023 to 24,North West,AS level,Maths,Maths,755.0,0.0,22.38411,36.82119,53.37748,67.28477,78.4106
2023 to 24,North West,AS level,Religious Studies,Total Religious Studies,135.0,0.0,20.0,43.7037,69.62963,87.40741,92.59259
2023 to 24,North West,AS level,Science - other,Total Other Sciences,116.0,0.0,24.13793,44.82759,60.34483,76.72414,87.93103
2023 to 24,North West,AS level,Art & Design,Total Art & Design,363.0,0.0,26.72176,61.70799,83.74656,91.46006,95.04132
2023 to 24,North West,AS level,Sociology,Total Sociology,728.0,0.0,20.19231,38.87363,62.5,77.74725,88.04945
2023 to 24,North West,AS level,Physical Education,Total Physical Education,96.0,0.0,11.45833,31.25,54.16667,83.33333,95.83333
2023 to 24,North West,AS level,Geography,Geography,189.0,0.0,14.28571,33.33333,55.02646,74.60317,85.18519
2023 to 24,North West,AS level,Modern languages - other,Bengali,0.0,,,,,,
2023 to 24,North West,AS level,English,English literature,267.0,0.0,14.60674,35.58052,65.54307,84.64419,92.8839
2023 to 24,North West,AS level,Design and technology,Design & Technology,0.0,,,,,,
2023 to 24,North West,AS level,Maths - Further,Total Further Mathematics,697.0,0.0,55.81062,73.74462,85.93974,91.39168,95.83931
2023 to 24,North West,AS level,Design and technology,D&T Product Design,27.0,0.0,7.40741,29.62963,44.44444,51.85185,74.07407
2023 to 24,North West,AS level,Modern languages,Total Modern languages including Other,112.0,0.0,19.64286,40.17857,58.92857,75.0,89.28571
2023 to 24,North West,AS level,Arts,Total Arts,263.0,0.0,12.54753,42.58555,68.06084,85.93156,92.39544
2023 to 24,North West,AS level,English,English language,187.0,0.0,13.90374,44.91979,75.93583,92.51337,96.25668
2023 to 24,North West,AS level,History,Total History,332.0,0.0,21.98795,45.78313,66.86747,82.22892,90.36145
2023 to 24,North West,AS level,Modern languages - other,Modern Hebrew,0.0,,,,,,
2023 to 24,North West,AS level,Science - Biology,Total Biology,670.0,0.0,14.77612,27.01493,44.47761,63.13433,77.61194
2023 to 24,North West,AS level,Science - other,Environmental Science,0.0,,,,,,
2023 to 24,North West,AS level,Arts,Film Studies,92.0,0.0,10.86957,40.21739,66.30435,84.78261,90.21739
2023 to 24,North West,AS level,Law,Total Law,289.0,0.0,15.57093,29.75779,50.51903,68.16609,82.69896
2023 to 24,North West,AS level,Psychology,Total Psychology,873.0,0.0,12.02749,25.88774,44.44444,63.00115,80.18328
2023 to 24,Yorkshire and The Humber,AS level,Home Economics,Home Economics (Food),0.0,,,,,,
2023 to 24,Yorkshire and The Humber,AS level,ICT,Total ICT,0.0,,,,,,
2023 to 24,Yorkshire and The Humber,AS level,Music,Music,10.0,0.0,20.0,70.0,80.0,100.0,100.0
2023 to 24,Yorkshire and The Humber,AS level,Classical studies,Total Classical studies,87.0,0.0,5.74713,26.43678,45.97701,71.26437,83.90805
2023 to 24,Yorkshire and The Humber,AS level,Art & Design,Art and design,49.0,0.0,10.20408,30.61224,55.10204,73.46939,85.71429
2023 to 24,Yorkshire and The Humber,AS level,Modern languages,Spanish,30.0,0.0,16.66667,33.33333,50.0,66.66667,80.0
2023 to 24,Yorkshire and The Humber,AS level,Physical Education,Physical Education/Sports Studies,20.0,0.0,10.0,35.0,50.0,70.0,85.0
2023 to 24,Yorkshire and The Humber,AS level,Art & Design,Textiles,22.0,0.0,31.81818,63.63636,72.72727,100.0,100.0
2023 to 24,Yorkshire and The Humber,AS level,Music,Music Technology,24.0,0.0,4.16667,12.5,29.16667,58.33333,91.66667
2023 to 24,Yorkshire and The Humber,AS level,Geography,Total Geography,113.0,0.0,15.04425,25.66372,46.0177,61.06195,83.18584
2023 to 24,Yorkshire and The Humber,AS level,Art & Design,3d Studies,0.0,,,,,,
2023 to 24,Yorkshire and The Humber,AS level,Art & Design,Critical Studies,0.0,,,,,,
2023 to 24,Yorkshire and The Humber,AS level,Maths,Total Maths,465.0,0.0,17.41935,27.52688,41.07527,53.33333,64.08602
2023 to 24,Yorkshire and The Humber,AS level,Modern languages - other,Polish,0.0,,,,,,
2023 to 24,Yorkshire and The Humber,AS level,Design and technology,Total D&T,21.0,0.0,4.7619,19.04762,47.61905,76.19048,80.95238
2023 to 24,Yorkshire and The Humber,AS level,English,Total English,362.0,0.0,8.56354,29.28177,54.97238,82.32044,93.37017
2023 to 24,Yorkshire and The Humber,AS level,Science - Physics,Total Physics,210.0,0.0,13.33333,24.28571,39.04762,57.61905,71.42857
2023 to 24,Yorkshire and The Humber,AS level,Art & Design,Fine Art,57.0,0.0,22.80702,50.87719,84.21053,94.73684,100.0
2023 to 24,Yorkshire and The Humber,AS level,Economics,Total Economics,92.0,0.0,6.52174,15.21739,32.6087,54.34783,70.65217
2023 to 24,Yorkshire and The Humber,AS level,Science - Chemistry,Total Chemistry,230.0,0.0,10.43478,19.56522,35.21739,48.69565,57.82609
2023 to 24,Yorkshire and The Humber,AS level,Classical studies,Latin,0.0,,,,,,
2023 to 24,Yorkshire and The Humber,AS level,General studies,Total General studies,0.0,,,,,,
2023 to 24,Yorkshire and The Humber,AS level,Business Studies,Total Business Studies,221.0,0.0,7.69231,18.55204,40.27149,63.34842,82.35294
2023 to 24,Yorkshire and The Humber,AS level,All facilitating subjects,Total facilitating subjects,2033.0,0.0,20.95425,34.38269,49.23758,63.84653,75.06149
2023 to 24,Yorkshire and The Humber,AS level,Arts,Communication Studies,0.0,,,,,,
2023 to 24,Yorkshire and The Humber,AS level,Classical studies,Classical Civilisation,1.0,0.0,100.0,100.0,100.0,100.0,100.0
2023 to 24,Yorkshire and The Humber,AS level,Science - other,Geology,21.0,0.0,9.52381,9.52381,38.09524,52.38095,61.90476
2023 to 24,Yorkshire and The Humber,AS level,Art & Design,Graphics,3.0,0.0,0.0,33.33333,33.33333,66.66667,100.0
2023 to 24,Yorkshire and The Humber,AS level,Home Economics,Total Home Economics,0.0,,,,,,
2023 to 24,Yorkshire and The Humber,AS level,Accounting and Finance,Total Accounting and finance,0.0,,,,,,
2023 to 24,Yorkshire and The Humber,AS level,Classical studies,Ancient History,86.0,0.0,4.65116,25.5814,45.34884,70.93023,83.72093
2023 to 24,Yorkshire and The Humber,AS level,Modern languages - other,Irish,0.0,,,,,,
2023 to 24,Yorkshire and The Humber,AS level,Computer Science,Total Computer Science,99.0,0.0,9.09091,16.16162,34.34343,63.63636,82.82828
2023 to 24,Yorkshire and The Humber,AS level,All STEM subjects,Total STEM subjects,1691.0,0.0,22.2945,34.24009,47.6641,61.56121,72.38321
2023 to 24,Yorkshire and The Humber,AS level,Classical studies,Classical Greek,0.0,,,,,,
2023 to 24,Yorkshire and The Humber,AS level,Modern languages - other,Total Other Modern Languages,0.0,,,,,,
2023 to 24,Yorkshire and The Humber,AS level,Modern languages,German,19.0,0.0,15.78947,57.89474,68.42105,94.73684,100.0
2023 to 24,Yorkshire and The Humber,AS level,Art & Design,Photography,72.0,0.0,13.88889,41.66667,70.83333,83.33333,94.44444
2023 to 24,Yorkshire and The Humber,AS level,Modern languages,French,26.0,0.0,26.92308,42.30769,80.76923,96.15385,96.15385
2023 to 24,Yorkshire and The Humber,AS level,Design and technology,D&T Textiles Technology,0.0,,,,,,
2023 to 24,Yorkshire and The Humber,AS level,Logic/Philosophy,Total Logic/ Philosophy,0.0,,,,,,
2023 to 24,Yorkshire and The Humber,AS level,Science - other,Electronics,0.0,,,,,,
2023 to 24,Yorkshire and The Humber,AS level,Arts,Drama & Theatre Studies,25.0,0.0,40.0,68.0,92.0,100.0,100.0
2023 to 24,Yorkshire and The Humber,AS level,All subjects,Total subjects,4318.0,0.0,14.98379,29.62019,46.85039,64.77536,77.90644
2023 to 24,Yorkshire and The Humber,AS level,Design and technology,D&T Engineering,0.0,,,,,,
2023 to 24,Yorkshire and The Humber,AS level,Music,Total Music,34.0,0.0,8.82353,29.41176,44.11765,70.58824,94.11765
2023 to 24,Yorkshire and The Humber,AS level,Government and politics,Total Government and Politics,77.0,0.0,12.98701,28.57143,49.35065,68.83117,80.51948
2023 to 24,Yorkshire and The Humber,AS level,Arts,Media/Film/Tv Studies,120.0,0.0,12.5,32.5,54.16667,74.16667,87.5
2023 to 24,Yorkshire and The Humber,AS level,English,English language & literature,53.0,0.0,7.54717,35.84906,67.92453,94.33962,98.11321
2023 to 24,Yorkshire and The Humber,AS level,Physical Education,Dance,0.0,,,,,,
2023 to 24,Yorkshire and The Humber,AS level,Maths,Maths,465.0,0.0,17.41935,27.52688,41.07527,53.33333,64.08602
2023 to 24,Yorkshire and The Humber,AS level,Religious Studies,Total Religious Studies,117.0,0.0,16.23932,29.05983,56.41026,76.92308,88.88889
2023 to 24,Yorkshire and The Humber,AS level,Science - other,Total Other Sciences,21.0,0.0,9.52381,9.52381,38.09524,52.38095,61.90476
2023 to 24,Yorkshire and The Humber,AS level,Art & Design,Total Art & Design,203.0,0.0,17.24138,43.84236,70.44335,85.71429,94.58128
2023 to 24,Yorkshire and The Humber,AS level,Sociology,Total Sociology,315.0,0.0,11.42857,26.98413,41.90476,60.63492,74.28571
2023 to 24,Yorkshire and The Humber,AS level,Physical Education,Total Physical Education,20.0,0.0,10.0,35.0,50.0,70.0,85.0
2023 to 24,Yorkshire and The Humber,AS level,Geography,Geography,113.0,0.0,15.04425,25.66372,46.0177,61.06195,83.18584
2023 to 24,Yorkshire and The Humber,AS level,Modern languages - other,Bengali,0.0,,,,,,
2023 to 24,Yorkshire and The Humber,AS level,English,English literature,154.0,0.0,12.98701,31.16883,54.54545,79.87013,94.15584
2023 to 24,Yorkshire and The Humber,AS level,Design and technology,Design & Technology,0.0,,,,,,
2023 to 24,Yorkshire and The Humber,AS level,Maths - Further,Total Further Mathematics,410.0,0.0,49.7561,69.02439,80.2439,90.0,95.36585
2023 to 24,Yorkshire and The Humber,AS level,Design and technology,D&T Product Design,21.0,0.0,4.7619,19.04762,47.61905,76.19048,80.95238
2023 to 24,Yorkshire and The Humber,AS level,Modern languages,Total Modern languages including Other,75.0,0.0,20.0,42.66667,65.33333,84.0,90.66667
2023 to 24,Yorkshire and The Humber,AS level,Arts,Total Arts,256.0,0.0,12.10938,34.375,59.76563,80.85938,91.01563
2023 to 24,Yorkshire and The Humber,AS level,English,English language,155.0,0.0,4.51613,25.16129,50.96774,80.64516,90.96774
2023 to 24,Yorkshire and The Humber,AS level,History,Total History,99.0,0.0,6.06061,27.27273,44.44444,65.65657,77.77778
2023 to 24,Yorkshire and The Humber,AS level,Modern languages - other,Modern Hebrew,0.0,,,,,,
2023 to 24,Yorkshire and The Humber,AS level,Science - Biology,Total Biology,277.0,0.0,11.19134,20.21661,32.12996,46.20939,61.37184
2023 to 24,Yorkshire and The Humber,AS level,Science - other,Environmental Science,0.0,,,,,,
2023 to 24,Yorkshire and The Humber,AS level,Arts,Film Studies,111.0,0.0,5.40541,28.82883,58.55856,83.78378,92.79279
2023 to 24,Yorkshire and The Humber,AS level,Law,Total Law,175.0,0.0,4.57143,17.14286,29.14286,46.28571,72.0
2023 to 24,Yorkshire and The Humber,AS level,Psychology,Total Psychology,339.0,0.0,7.66962,16.81416,25.9587,43.65782,62.83186
2023 to 24,North East,AS level,Home Economics,Home Economics (Food),0.0,,,,,,
2023 to 24,North East,AS level,ICT,Total ICT,0.0,,,,,,
2023 to 24,North East,AS level,Music,Music,0.0,,,,,,
2023 to 24,North East,AS level,Classical studies,Total Classical studies,24.0,0.0,0.0,4.16667,12.5,25.0,62.5
2023 to 24,North East,AS level,Art & Design,Art and design,11.0,0.0,18.18182,72.72727,90.90909,100.0,100.0
2023 to 24,North East,AS level,Modern languages,Spanish,6.0,0.0,0.0,33.33333,50.0,100.0,100.0
2023 to 24,North East,AS level,Physical Education,Physical Education/Sports Studies,8.0,0.0,0.0,0.0,12.5,37.5,75.0
2023 to 24,North East,AS level,Art & Design,Textiles,0.0,,,,,,
2023 to 24,North East,AS level,Music,Music Technology,0.0,,,,,,
2023 to 24,North East,AS level,Geography,Total Geography,83.0,0.0,12.04819,27.71084,45.78313,66.26506,81.92771
2023 to 24,North East,AS level,Art & Design,3d Studies,1.0,0.0,0.0,0.0,0.0,0.0,100.0
2023 to 24,North East,AS level,Art & Design,Critical Studies,7.0,0.0,28.57143,71.42857,85.71429,100.0,100.0
2023 to 24,North East,AS level,Maths,Total Maths,222.0,0.0,13.96396,29.27928,45.04505,59.90991,73.42342
2023 to 24,North East,AS level,Modern languages - other,Polish,0.0,,,,,,
2023 to 24,North East,AS level,Design and technology,Total D&T,0.0,,,,,,
2023 to 24,North East,AS level,English,Total English,108.0,0.0,12.03704,33.33333,70.37037,84.25926,95.37037
2023 to 24,North East,AS level,Science - Physics,Total Physics,112.0,0.0,12.5,27.67857,41.07143,62.5,77.67857
2023 to 24,North East,AS level,Art & Design,Fine Art,32.0,0.0,3.125,3.125,28.125,50.0,75.0
2023 to 24,North East,AS level,Economics,Total Economics,11.0,0.0,9.09091,18.18182,45.45455,54.54545,81.81818
2023 to 24,North East,AS level,Science - Chemistry,Total Chemistry,154.0,0.0,11.03896,31.81818,45.45455,60.38961,79.87013
2023 to 24,North East,AS level,Classical studies,Latin,2.0,0.0,0.0,0.0,0.0,0.0,100.0
2023 to 24,North East,AS level,General studies,Total General studies,0.0,,,,,,
2023 to 24,North East,AS level,Business Studies,Total Business Studies,85.0,0.0,3.52941,15.29412,25.88235,61.17647,82.35294
2023 to 24,North East,AS level,All facilitating subjects,Total facilitating subjects,1191.0,0.0,21.99832,38.70697,54.07221,69.85726,82.70361
2023 to 24,North East,AS level,Arts,Communication Studies,0.0,,,,,,
2023 to 24,North East,AS level,Classical studies,Classical Civilisation,22.0,0.0,0.0,4.54545,13.63636,27.27273,59.09091
2023 to 24,North East,AS level,Science - other,Geology,10.0,0.0,10.0,20.0,40.0,70.0,100.0
2023 to 24,North East,AS level,Art & Design,Graphics,13.0,0.0,0.0,7.69231,38.46154,38.46154,69.23077
2023 to 24,North East,AS level,Home Economics,Total Home Economics,0.0,,,,,,
2023 to 24,North East,AS level,Accounting and Finance,Total Accounting and finance,0.0,,,,,,
2023 to 24,North East,AS level,Classical studies,Ancient History,0.0,,,,,,
2023 to 24,North East,AS level,Modern languages - other,Irish,0.0,,,,,,
2023 to 24,North East,AS level,Computer Science,Total Computer Science,42.0,0.0,2.38095,21.42857,35.71429,57.14286,80.95238
2023 to 24,North East,AS level,All STEM subjects,Total STEM subjects,1005.0,0.0,23.58209,39.9005,54.12935,68.45771,81.79104
2023 to 24,North East,AS level,Classical studies,Classical Greek,0.0,,,,,,
2023 to 24,North East,AS level,Modern languages - other,Total Other Modern Languages,0.0,,,,,,
2023 to 24,North East,AS level,Modern languages,German,7.0,0.0,42.85714,71.42857,85.71429,100.0,100.0
2023 to 24,North East,AS level,Art & Design,Photography,17.0,0.0,5.88235,47.05882,82.35294,100.0,100.0
2023 to 24,North East,AS level,Modern languages,French,5.0,0.0,40.0,100.0,100.0,100.0,100.0
2023 to 24,North East,AS level,Design and technology,D&T Textiles Technology,0.0,,,,,,
2023 to 24,North East,AS level,Logic/Philosophy,Total Logic/ Philosophy,0.0,,,,,,
2023 to 24,North East,AS level,Science - other,Electronics,0.0,,,,,,
2023 to 24,North East,AS level,Arts,Drama & Theatre Studies,0.0,,,,,,
2023 to 24,North East,AS level,All subjects,Total subjects,2082.0,0.0,16.04227,31.70029,48.89529,67.24304,81.94044
2023 to 24,North East,AS level,Design and technology,D&T Engineering,0.0,,,,,,
2023 to 24,North East,AS level,Music,Total Music,0.0,,,,,,
2023 to 24,North East,AS level,Government and politics,Total Government and Politics,20.0,0.0,0.0,5.0,20.0,40.0,70.0
2023 to 24,North East,AS level,Arts,Media/Film/Tv Studies,19.0,0.0,36.84211,42.10526,63.15789,78.94737,89.47368
2023 to 24,North East,AS level,English,English language & literature,0.0,,,,,,
2023 to 24,North East,AS level,Physical Education,Dance,0.0,,,,,,
2023 to 24,North East,AS level,Maths,Maths,222.0,0.0,13.96396,29.27928,45.04505,59.90991,73.42342
2023 to 24,North East,AS level,Religious Studies,Total Religious Studies,35.0,0.0,5.71429,28.57143,40.0,71.42857,82.85714
2023 to 24,North East,AS level,Science - other,Total Other Sciences,10.0,0.0,10.0,20.0,40.0,70.0,100.0
2023 to 24,North East,AS level,Art & Design,Total Art & Design,81.0,0.0,7.40741,28.39506,54.32099,69.1358,85.18519
2023 to 24,North East,AS level,Sociology,Total Sociology,169.0,0.0,11.2426,27.21893,46.74556,68.63905,81.6568
2023 to 24,North East,AS level,Physical Education,Total Physical Education,8.0,0.0,0.0,0.0,12.5,37.5,75.0
2023 to 24,North East,AS level,Geography,Geography,83.0,0.0,12.04819,27.71084,45.78313,66.26506,81.92771
2023 to 24,North East,AS level,Modern languages - other,Bengali,0.0,,,,,,
2023 to 24,North East,AS level,English,English literature,42.0,0.0,7.14286,33.33333,64.28571,80.95238,90.47619
2023 to 24,North East,AS level,Design and technology,Design & Technology,0.0,,,,,,
2023 to 24,North East,AS level,Maths - Further,Total Further Mathematics,265.0,0.0,56.98113,73.58491,84.90566,91.69811,96.60377
2023 to 24,North East,AS level,Design and technology,D&T Product Design,0.0,,,,,,
2023 to 24,North East,AS level,Modern languages,Total Modern languages including Other,18.0,0.0,27.77778,66.66667,77.77778,100.0,100.0
2023 to 24,North East,AS level,Arts,Total Arts,49.0,0.0,16.32653,36.73469,73.46939,87.7551,93.87755
2023 to 24,North East,AS level,English,English language,66.0,0.0,15.15152,33.33333,74.24242,86.36364,98.48485
2023 to 24,North East,AS level,History,Total History,83.0,0.0,9.63855,24.09639,43.37349,73.49398,85.54217
2023 to 24,North East,AS level,Modern languages - other,Modern Hebrew,0.0,,,,,,
2023 to 24,North East,AS level,Science - Biology,Total Biology,210.0,0.0,10.95238,24.7619,41.90476,59.52381,75.71429
2023 to 24,North East,AS level,Science - other,Environmental Science,0.0,,,,,,
2023 to 24,North East,AS level,Arts,Film Studies,30.0,0.0,3.33333,33.33333,80.0,93.33333,96.66667
2023 to 24,North East,AS level,Law,Total Law,112.0,0.0,3.57143,9.82143,30.35714,48.21429,73.21429
2023 to 24,North East,AS level,Psychology,Total Psychology,181.0,0.0,9.39227,22.65193,35.35912,61.32597,75.13812
2023 to 24,West Midlands,AS level,Home Economics,Home Economics (Food),0.0,,,,,,
2023 to 24,West Midlands,AS level,ICT,Total ICT,0.0,,,,,,
2023 to 24,West Midlands,AS level,Music,Music,7.0,0.0,0.0,71.42857,85.71429,100.0,100.0
2023 to 24,West Midlands,AS level,Classical studies,Total Classical studies,29.0,0.0,20.68966,55.17241,72.41379,89.65517,93.10345
2023 to 24,West Midlands,AS level,Art & Design,Art and design,12.0,0.0,50.0,75.0,83.33333,91.66667,100.0
2023 to 24,West Midlands,AS level,Modern languages,Spanish,28.0,0.0,28.57143,32.14286,57.14286,75.0,96.42857
2023 to 24,West Midlands,AS level,Physical Education,Physical Education/Sports Studies,18.0,0.0,44.44444,61.11111,77.77778,88.88889,94.44444
2023 to 24,West Midlands,AS level,Art & Design,Textiles,12.0,0.0,16.66667,50.0,100.0,100.0,100.0
2023 to 24,West Midlands,AS level,Music,Music Technology,0.0,,,,,,
2023 to 24,West Midlands,AS level,Geography,Total Geography,157.0,0.0,17.19745,36.30573,50.31847,68.78981,85.98726
2023 to 24,West Midlands,AS level,Art & Design,3d Studies,44.0,0.0,27.27273,54.54545,79.54545,93.18182,97.72727
2023 to 24,West Midlands,AS level,Art & Design,Critical Studies,0.0,,,,,,
2023 to 24,West Midlands,AS level,Maths,Total Maths,698.0,0.0,16.61891,29.22636,42.69341,57.59312,75.2149
2023 to 24,West Midlands,AS level,Modern languages - other,Polish,0.0,,,,,,
2023 to 24,West Midlands,AS level,Design and technology,Total D&T,7.0,0.0,0.0,0.0,14.28571,57.14286,100.0
2023 to 24,West Midlands,AS level,English,Total English,353.0,0.0,6.79887,28.89518,56.65722,83.28612,93.20113
2023 to 24,West Midlands,AS level,Science - Physics,Total Physics,217.0,0.0,13.36406,24.42396,40.553,61.29032,76.03687
2023 to 24,West Midlands,AS level,Art & Design,Fine Art,110.0,0.0,23.63636,53.63636,80.0,90.90909,97.27273
2023 to 24,West Midlands,AS level,Economics,Total Economics,111.0,0.0,3.6036,7.20721,19.81982,44.14414,66.66667
2023 to 24,West Midlands,AS level,Science - Chemistry,Total Chemistry,486.0,0.0,12.7572,26.33745,42.59259,62.96296,78.80658
2023 to 24,West Midlands,AS level,Classical studies,Latin,0.0,,,,,,
2023 to 24,West Midlands,AS level,General studies,Total General studies,0.0,,,,,,
2023 to 24,West Midlands,AS level,Business Studies,Total Business Studies,429.0,0.0,8.85781,24.70862,47.78555,67.83217,83.91608
2023 to 24,West Midlands,AS level,All facilitating subjects,Total facilitating subjects,2932.0,0.0,16.81446,32.06003,49.42019,67.08731,82.09413
2023 to 24,West Midlands,AS level,Arts,Communication Studies,0.0,,,,,,
2023 to 24,West Midlands,AS level,Classical studies,Classical Civilisation,29.0,0.0,20.68966,55.17241,72.41379,89.65517,93.10345
2023 to 24,West Midlands,AS level,Science - other,Geology,27.0,0.0,33.33333,66.66667,70.37037,85.18519,92.59259
2023 to 24,West Midlands,AS level,Art & Design,Graphics,61.0,0.0,8.19672,40.98361,57.37705,81.96721,98.36066
2023 to 24,West Midlands,AS level,Home Economics,Total Home Economics,0.0,,,,,,
2023 to 24,West Midlands,AS level,Accounting and Finance,Total Accounting and finance,0.0,,,,,,
2023 to 24,West Midlands,AS level,Classical studies,Ancient History,0.0,,,,,,
2023 to 24,West Midlands,AS level,Modern languages - other,Irish,0.0,,,,,,
2023 to 24,West Midlands,AS level,Computer Science,Total Computer Science,103.0,0.0,5.82524,25.24272,42.71845,63.1068,80.58252
2023 to 24,West Midlands,AS level,All STEM subjects,Total STEM subjects,2358.0,0.0,17.68448,31.63698,47.92197,64.12214,79.60136
2023 to 24,West Midlands,AS level,Classical studies,Classical Greek,0.0,,,,,,
2023 to 24,West Midlands,AS level,Modern languages - other,Total Other Modern Languages,0.0,,,,,,
2023 to 24,West Midlands,AS level,Modern languages,German,2.0,0.0,50.0,50.0,100.0,100.0,100.0
2023 to 24,West Midlands,AS level,Art & Design,Photography,57.0,0.0,12.2807,43.85965,57.89474,80.70175,89.47368
2023 to 24,West Midlands,AS level,Modern languages,French,42.0,0.0,16.66667,42.85714,71.42857,88.09524,95.2381
2023 to 24,West Midlands,AS level,Design and technology,D&T Textiles Technology,0.0,,,,,,
2023 to 24,West Midlands,AS level,Logic/Philosophy,Total Logic/ Philosophy,0.0,,,,,,
2023 to 24,West Midlands,AS level,Science - other,Electronics,10.0,0.0,0.0,0.0,20.0,30.0,50.0
2023 to 24,West Midlands,AS level,Arts,Drama & Theatre Studies,10.0,0.0,60.0,100.0,100.0,100.0,100.0
2023 to 24,West Midlands,AS level,All subjects,Total subjects,6045.0,0.0,14.07775,30.6038,49.37965,67.87428,82.43176
2023 to 24,West Midlands,AS level,Design and technology,D&T Engineering,0.0,,,,,,
2023 to 24,West Midlands,AS level,Music,Total Music,7.0,0.0,0.0,71.42857,85.71429,100.0,100.0
2023 to 24,West Midlands,AS level,Government and politics,Total Government and Politics,108.0,0.0,6.48148,25.92593,47.22222,68.51852,82.40741
2023 to 24,West Midlands,AS level,Arts,Media/Film/Tv Studies,63.0,0.0,4.7619,23.80952,50.79365,66.66667,82.53968
2023 to 24,West Midlands,AS level,English,English language & literature,51.0,0.0,7.84314,31.37255,64.70588,88.23529,94.11765
2023 to 24,West Midlands,AS level,Physical Education,Dance,0.0,,,,,,
2023 to 24,West Midlands,AS level,Maths,Maths,698.0,0.0,16.61891,29.22636,42.69341,57.59312,75.2149
2023 to 24,West Midlands,AS level,Religious Studies,Total Religious Studies,167.0,0.0,13.17365,33.53293,55.68862,74.8503,87.42515
2023 to 24,West Midlands,AS level,Science - other,Total Other Sciences,37.0,0.0,24.32432,48.64865,56.75676,70.27027,81.08108
2023 to 24,West Midlands,AS level,Art & Design,Total Art & Design,296.0,0.0,19.59459,50.0,71.95946,87.83784,96.28378
2023 to 24,West Midlands,AS level,Sociology,Total Sociology,586.0,0.0,10.40956,26.27986,45.05119,65.18771,80.37543
2023 to 24,West Midlands,AS level,Physical Education,Total Physical Education,18.0,0.0,44.44444,61.11111,77.77778,88.88889,94.44444
2023 to 24,West Midlands,AS level,Geography,Geography,157.0,0.0,17.19745,36.30573,50.31847,68.78981,85.98726
2023 to 24,West Midlands,AS level,Modern languages - other,Bengali,0.0,,,,,,
2023 to 24,West Midlands,AS level,English,English literature,233.0,0.0,7.29614,27.03863,51.93133,80.6867,91.84549
2023 to 24,West Midlands,AS level,Design and technology,Design & Technology,0.0,,,,,,
2023 to 24,West Midlands,AS level,Maths - Further,Total Further Mathematics,336.0,0.0,40.77381,55.95238,73.5119,84.22619,91.96429
2023 to 24,West Midlands,AS level,Design and technology,D&T Product Design,7.0,0.0,0.0,0.0,14.28571,57.14286,100.0
2023 to 24,West Midlands,AS level,Modern languages,Total Modern languages including Other,72.0,0.0,22.22222,38.88889,66.66667,83.33333,95.83333
2023 to 24,West Midlands,AS level,Arts,Total Arts,138.0,0.0,9.42029,26.81159,55.7971,76.81159,89.85507
2023 to 24,West Midlands,AS level,English,English language,69.0,0.0,4.34783,33.33333,66.66667,88.4058,97.10145
2023 to 24,West Midlands,AS level,History,Total History,215.0,0.0,10.23256,33.48837,53.48837,76.27907,90.69767
2023 to 24,West Midlands,AS level,Modern languages - other,Modern Hebrew,0.0,,,,,,
2023 to 24,West Midlands,AS level,Science - Biology,Total Biology,518.0,0.0,12.93436,28.37838,47.49035,62.35521,79.53668
2023 to 24,West Midlands,AS level,Science - other,Environmental Science,0.0,,,,,,
2023 to 24,West Midlands,AS level,Arts,Film Studies,65.0,0.0,6.15385,18.46154,53.84615,83.07692,95.38462
2023 to 24,West Midlands,AS level,Law,Total Law,288.0,0.0,10.41667,21.52778,32.98611,46.18056,67.01389
2023 to 24,West Midlands,AS level,Psychology,Total Psychology,669.0,0.0,13.30344,29.29746,49.32735,69.6562,81.9133
2023 to 24,East of England,AS level,Home Economics,Home Economics (Food),0.0,,,,,,
2023 to 24,East of England,AS level,ICT,Total ICT,0.0,,,,,,
2023 to 24,East of England,AS level,Music,Music,20.0,0.0,45.0,90.0,90.0,95.0,100.0
2023 to 24,East of England,AS level,Classical studies,Total Classical studies,1.0,0.0,100.0,100.0,100.0,100.0,100.0
2023 to 24,East of England,AS level,Art & Design,Art and design,9.0,0.0,33.33333,44.44444,66.66667,77.77778,77.77778
2023 to 24,East of England,AS level,Modern languages,Spanish,64.0,0.0,17.1875,35.9375,57.8125,81.25,93.75
2023 to 24,East of England,AS level,Physical Education,Physical Education/Sports Studies,18.0,0.0,33.33333,72.22222,77.77778,88.88889,94.44444
2023 to 24,East of England,AS level,Art & Design,Textiles,21.0,0.0,28.57143,47.61905,85.71429,90.47619,95.2381
2023 to 24,East of England,AS level,Music,Music Technology,29.0,0.0,20.68966,51.72414,65.51724,82.75862,93.10345
2023 to 24,East of England,AS level,Geography,Total Geography,128.0,0.0,16.40625,44.53125,66.40625,78.125,87.5
2023 to 24,East of England,AS level,Art & Design,3d Studies,33.0,0.0,12.12121,48.48485,72.72727,90.90909,100.0
2023 to 24,East of England,AS level,Art & Design,Critical Studies,0.0,,,,,,
2023 to 24,East of England,AS level,Maths,Total Maths,639.0,0.0,22.22222,35.36776,48.6698,62.12833,72.92645
2023 to 24,East of England,AS level,Modern languages - other,Polish,0.0,,,,,,
2023 to 24,East of England,AS level,Design and technology,Total D&T,14.0,0.0,28.57143,57.14286,85.71429,85.71429,100.0
2023 to 24,East of England,AS level,English,Total English,193.0,0.0,19.68912,35.23316,61.65803,80.31088,92.22798
2023 to 24,East of England,AS level,Science - Physics,Total Physics,269.0,0.0,18.95911,31.97026,50.55762,69.51673,81.41264
2023 to 24,East of England,AS level,Art & Design,Fine Art,69.0,0.0,15.94203,47.82609,72.46377,86.95652,94.2029
2023 to 24,East of England,AS level,Economics,Total Economics,219.0,0.0,18.72146,34.7032,51.59817,63.0137,76.71233
2023 to 24,East of England,AS level,Science - Chemistry,Total Chemistry,316.0,0.0,19.3038,35.75949,52.53165,70.25316,83.22785
2023 to 24,East of England,AS level,Classical studies,Latin,1.0,0.0,100.0,100.0,100.0,100.0,100.0
2023 to 24,East of England,AS level,General studies,Total General studies,0.0,,,,,,
2023 to 24,East of England,AS level,Business Studies,Total Business Studies,269.0,0.0,11.15242,26.39405,41.26394,62.82528,81.41264
2023 to 24,East of England,AS level,All facilitating subjects,Total facilitating subjects,2607.0,0.0,24.39586,39.77752,57.80591,73.41772,84.11968
2023 to 24,East of England,AS level,Arts,Communication Studies,0.0,,,,,,
2023 to 24,East of England,AS level,Classical studies,Classical Civilisation,0.0,,,,,,
2023 to 24,East of England,AS level,Science - other,Geology,8.0,0.0,0.0,0.0,12.5,25.0,75.0
2023 to 24,East of England,AS level,Art & Design,Graphics,32.0,0.0,37.5,65.625,90.625,96.875,96.875
2023 to 24,East of England,AS level,Home Economics,Total Home Economics,0.0,,,,,,
2023 to 24,East of England,AS level,Accounting and Finance,Total Accounting and finance,0.0,,,,,,
2023 to 24,East of England,AS level,Classical studies,Ancient History,0.0,,,,,,
2023 to 24,East of England,AS level,Modern languages - other,Irish,0.0,,,,,,
2023 to 24,East of England,AS level,Computer Science,Total Computer Science,108.0,0.0,21.2963,43.51852,55.55556,66.66667,79.62963
2023 to 24,East of England,AS level,All STEM subjects,Total STEM subjects,2169.0,0.0,24.98847,39.6035,56.56985,71.64592,82.24988
2023 to 24,East of England,AS level,Classical studies,Classical Greek,0.0,,,,,,
2023 to 24,East of England,AS level,Modern languages - other,Total Other Modern Languages,0.0,,,,,,
2023 to 24,East of England,AS level,Modern languages,German,20.0,0.0,40.0,65.0,80.0,95.0,95.0
2023 to 24,East of England,AS level,Art & Design,Photography,60.0,0.0,16.66667,46.66667,70.0,83.33333,95.0
2023 to 24,East of England,AS level,Modern languages,French,33.0,0.0,33.33333,48.48485,63.63636,75.75758,93.93939
2023 to 24,East of England,AS level,Design and technology,D&T Textiles Technology,0.0,,,,,,
2023 to 24,East of England,AS level,Logic/Philosophy,Total Logic/ Philosophy,0.0,,,,,,
2023 to 24,East of England,AS level,Science - other,Electronics,0.0,,,,,,
2023 to 24,East of England,AS level,Arts,Drama & Theatre Studies,20.0,0.0,45.0,65.0,90.0,95.0,95.0
2023 to 24,East of England,AS level,All subjects,Total subjects,4794.0,0.0,20.02503,36.96287,55.29829,71.33917,83.22904
2023 to 24,East of England,AS level,Design and technology,D&T Engineering,0.0,,,,,,
2023 to 24,East of England,AS level,Music,Total Music,49.0,0.0,30.61224,67.34694,75.5102,87.7551,95.91837
2023 to 24,East of England,AS level,Government and politics,Total Government and Politics,130.0,0.0,18.46154,33.07692,50.0,63.84615,80.76923
2023 to 24,East of England,AS level,Arts,Media/Film/Tv Studies,78.0,0.0,5.12821,24.35897,46.15385,67.94872,80.76923
2023 to 24,East of England,AS level,English,English language & literature,26.0,0.0,34.61538,65.38462,92.30769,96.15385,100.0
2023 to 24,East of England,AS level,Physical Education,Dance,0.0,,,,,,
2023 to 24,East of England,AS level,Maths,Maths,639.0,0.0,22.22222,35.36776,48.6698,62.12833,72.92645
2023 to 24,East of England,AS level,Religious Studies,Total Religious Studies,73.0,0.0,15.06849,38.35616,56.16438,78.08219,84.93151
2023 to 24,East of England,AS level,Science - other,Total Other Sciences,8.0,0.0,0.0,0.0,12.5,25.0,75.0
2023 to 24,East of England,AS level,Art & Design,Total Art & Design,224.0,0.0,20.53571,50.0,75.44643,87.94643,95.08929
2023 to 24,East of England,AS level,Sociology,Total Sociology,264.0,0.0,8.33333,24.62121,46.59091,64.01515,79.54545
2023 to 24,East of England,AS level,Physical Education,Total Physical Education,18.0,0.0,33.33333,72.22222,77.77778,88.88889,94.44444
2023 to 24,East of England,AS level,Geography,Geography,128.0,0.0,16.40625,44.53125,66.40625,78.125,87.5
2023 to 24,East of England,AS level,Modern languages - other,Bengali,0.0,,,,,,
2023 to 24,East of England,AS level,English,English literature,113.0,0.0,22.12389,35.39823,59.29204,79.64602,93.80531
2023 to 24,East of England,AS level,Design and technology,Design & Technology,0.0,,,,,,
2023 to 24,East of England,AS level,Maths - Further,Total Further Mathematics,451.0,0.0,46.56319,61.19734,78.27051,88.47007,93.12639
2023 to 24,East of England,AS level,Design and technology,D&T Product Design,14.0,0.0,28.57143,57.14286,85.71429,85.71429,100.0
2023 to 24,East of England,AS level,Modern languages,Total Modern languages including Other,117.0,0.0,25.64103,44.44444,63.24786,82.05128,94.01709
2023 to 24,East of England,AS level,Arts,Total Arts,122.0,0.0,12.29508,34.42623,57.37705,75.40984,86.06557
2023 to 24,East of England,AS level,English,English language,54.0,0.0,7.40741,20.37037,51.85185,74.07407,85.18519
2023 to 24,East of England,AS level,History,Total History,187.0,0.0,21.39037,40.10695,60.42781,77.54011,88.77005
2023 to 24,East of England,AS level,Modern languages - other,Modern Hebrew,0.0,,,,,,
2023 to 24,East of England,AS level,Science - Biology,Total Biology,386.0,0.0,14.2487,28.75648,52.07254,71.76166,85.49223
2023 to 24,East of England,AS level,Science - other,Environmental Science,0.0,,,,,,
2023 to 24,East of England,AS level,Arts,Film Studies,24.0,0.0,8.33333,41.66667,66.66667,83.33333,95.83333
2023 to 24,East of England,AS level,Law,Total Law,122.0,0.0,14.7541,23.77049,40.16393,57.37705,74.59016
2023 to 24,East of England,AS level,Psychology,Total Psychology,487.0,0.0,11.49897,28.74743,46.61191,65.91376,78.43943
2023 to 24,East Midlands,AS level,Home Economics,Home Economics (Food),0.0,,,,,,
2023 to 24,East Midlands,AS level,ICT,Total ICT,0.0,,,,,,
2023 to 24,East Midlands,AS level,Music,Music,2.0,0.0,0.0,50.0,100.0,100.0,100.0
2023 to 24,East Midlands,AS level,Classical studies,Total Classical studies,4.0,0.0,0.0,25.0,25.0,100.0,100.0
2023 to 24,East Midlands,AS level,Art & Design,Art and design,1.0,0.0,0.0,0.0,100.0,100.0,100.0
2023 to 24,East Midlands,AS level,Modern languages,Spanish,3.0,0.0,0.0,33.33333,33.33333,33.33333,33.33333
2023 to 24,East Midlands,AS level,Physical Education,Physical Education/Sports Studies,64.0,0.0,18.75,32.8125,57.8125,85.9375,96.875
2023 to 24,East Midlands,AS level,Art & Design,Textiles,2.0,0.0,50.0,100.0,100.0,100.0,100.0
2023 to 24,East Midlands,AS level,Music,Music Technology,0.0,,,,,,
2023 to 24,East Midlands,AS level,Geography,Total Geography,32.0,0.0,9.375,21.875,34.375,53.125,78.125
2023 to 24,East Midlands,AS level,Art & Design,3d Studies,0.0,,,,,,
2023 to 24,East Midlands,AS level,Art & Design,Critical Studies,0.0,,,,,,
2023 to 24,East Midlands,AS level,Maths,Total Maths,464.0,0.0,20.90517,30.17241,41.16379,54.09483,64.65517
2023 to 24,East Midlands,AS level,Modern languages - other,Polish,0.0,,,,,,
2023 to 24,East Midlands,AS level,Design and technology,Total D&T,0.0,,,,,,
2023 to 24,East Midlands,AS level,English,Total English,125.0,0.0,8.8,24.8,54.4,82.4,94.4
2023 to 24,East Midlands,AS level,Science - Physics,Total Physics,201.0,0.0,16.41791,27.8607,41.79104,62.68657,73.13433
2023 to 24,East Midlands,AS level,Art & Design,Fine Art,1.0,0.0,0.0,100.0,100.0,100.0,100.0
2023 to 24,East Midlands,AS level,Economics,Total Economics,24.0,0.0,8.33333,20.83333,20.83333,45.83333,66.66667
2023 to 24,East Midlands,AS level,Science - Chemistry,Total Chemistry,236.0,0.0,14.40678,31.35593,44.91525,61.01695,75.42373
2023 to 24,East Midlands,AS level,Classical studies,Latin,0.0,,,,,,
2023 to 24,East Midlands,AS level,General studies,Total General studies,0.0,,,,,,
2023 to 24,East Midlands,AS level,Business Studies,Total Business Studies,192.0,0.0,10.41667,28.125,51.04167,65.625,82.8125
2023 to 24,East Midlands,AS level,All facilitating subjects,Total facilitating subjects,1822.0,0.0,24.47859,38.1449,52.63447,66.30077,77.55214
2023 to 24,East Midlands,AS level,Arts,Communication Studies,0.0,,,,,,
2023 to 24,East Midlands,AS level,Classical studies,Classical Civilisation,4.0,0.0,0.0,25.0,25.0,100.0,100.0
2023 to 24,East Midlands,AS level,Science - other,Geology,1.0,0.0,0.0,0.0,100.0,100.0,100.0
2023 to 24,East Midlands,AS level,Art & Design,Graphics,2.0,0.0,50.0,50.0,50.0,100.0,100.0
2023 to 24,East Midlands,AS level,Home Economics,Total Home Economics,0.0,,,,,,
2023 to 24,East Midlands,AS level,Accounting and Finance,Total Accounting and finance,0.0,,,,,,
2023 to 24,East Midlands,AS level,Classical studies,Ancient History,0.0,,,,,,
2023 to 24,East Midlands,AS level,Modern languages - other,Irish,0.0,,,,,,
2023 to 24,East Midlands,AS level,Computer Science,Total Computer Science,30.0,0.0,20.0,43.33333,56.66667,80.0,86.66667
2023 to 24,East Midlands,AS level,All STEM subjects,Total STEM subjects,1672.0,0.0,25.65789,39.29426,52.39234,65.72967,76.49522
2023 to 24,East Midlands,AS level,Classical studies,Classical Greek,0.0,,,,,,
2023 to 24,East Midlands,AS level,Modern languages - other,Total Other Modern Languages,0.0,,,,,,
2023 to 24,East Midlands,AS level,Modern languages,German,4.0,0.0,25.0,50.0,100.0,100.0,100.0
2023 to 24,East Midlands,AS level,Art & Design,Photography,10.0,0.0,20.0,60.0,70.0,90.0,100.0
2023 to 24,East Midlands,AS level,Modern languages,French,28.0,0.0,10.71429,42.85714,67.85714,85.71429,92.85714
2023 to 24,East Midlands,AS level,Design and technology,D&T Textiles Technology,0.0,,,,,,
2023 to 24,East Midlands,AS level,Logic/Philosophy,Total Logic/ Philosophy,0.0,,,,,,
2023 to 24,East Midlands,AS level,Science - other,Electronics,0.0,,,,,,
2023 to 24,East Midlands,AS level,Arts,Drama & Theatre Studies,15.0,0.0,20.0,66.66667,100.0,100.0,100.0
2023 to 24,East Midlands,AS level,All subjects,Total subjects,3079.0,0.0,18.80481,34.10198,52.06236,68.07405,80.15589
2023 to 24,East Midlands,AS level,Design and technology,D&T Engineering,0.0,,,,,,
2023 to 24,East Midlands,AS level,Music,Total Music,2.0,0.0,0.0,50.0,100.0,100.0,100.0
2023 to 24,East Midlands,AS level,Government and politics,Total Government and Politics,68.0,0.0,11.76471,25.0,44.11765,64.70588,73.52941
2023 to 24,East Midlands,AS level,Arts,Media/Film/Tv Studies,67.0,0.0,13.43284,41.79104,77.61194,92.53731,98.50746
2023 to 24,East Midlands,AS level,English,English language & literature,0.0,,,,,,
2023 to 24,East Midlands,AS level,Physical Education,Dance,0.0,,,,,,
2023 to 24,East Midlands,AS level,Maths,Maths,464.0,0.0,20.90517,30.17241,41.16379,54.09483,64.65517
2023 to 24,East Midlands,AS level,Religious Studies,Total Religious Studies,50.0,0.0,8.0,28.0,58.0,82.0,92.0
2023 to 24,East Midlands,AS level,Science - other,Total Other Sciences,1.0,0.0,0.0,0.0,100.0,100.0,100.0
2023 to 24,East Midlands,AS level,Art & Design,Total Art & Design,16.0,0.0,25.0,62.5,75.0,93.75,100.0
2023 to 24,East Midlands,AS level,Sociology,Total Sociology,293.0,0.0,11.6041,26.62116,49.14676,69.96587,84.98294
2023 to 24,East Midlands,AS level,Physical Education,Total Physical Education,64.0,0.0,18.75,32.8125,57.8125,85.9375,96.875
2023 to 24,East Midlands,AS level,Geography,Geography,32.0,0.0,9.375,21.875,34.375,53.125,78.125
2023 to 24,East Midlands,AS level,Modern languages - other,Bengali,0.0,,,,,,
2023 to 24,East Midlands,AS level,English,English literature,54.0,0.0,9.25926,16.66667,51.85185,74.07407,90.74074
2023 to 24,East Midlands,AS level,Design and technology,Design & Technology,0.0,,,,,,
2023 to 24,East Midlands,AS level,Maths - Further,Total Further Mathematics,434.0,0.0,51.84332,71.42857,82.02765,89.63134,94.47005
2023 to 24,East Midlands,AS level,Design and technology,D&T Product Design,0.0,,,,,,
2023 to 24,East Midlands,AS level,Modern languages,Total Modern languages including Other,35.0,0.0,11.42857,42.85714,68.57143,82.85714,88.57143
2023 to 24,East Midlands,AS level,Arts,Total Arts,96.0,0.0,13.54167,44.79167,79.16667,94.79167,98.95833
2023 to 24,East Midlands,AS level,English,English language,71.0,0.0,8.4507,30.98592,56.33803,88.73239,97.1831
2023 to 24,East Midlands,AS level,History,Total History,59.0,0.0,18.64407,33.89831,62.71186,79.66102,93.22034
2023 to 24,East Midlands,AS level,Modern languages - other,Modern Hebrew,0.0,,,,,,
2023 to 24,East Midlands,AS level,Science - Biology,Total Biology,307.0,0.0,11.07492,20.84691,39.73941,53.74593,71.00977
2023 to 24,East Midlands,AS level,Science - other,Environmental Science,0.0,,,,,,
2023 to 24,East Midlands,AS level,Arts,Film Studies,14.0,0.0,7.14286,35.71429,64.28571,100.0,100.0
2023 to 24,East Midlands,AS level,Law,Total Law,29.0,0.0,3.44828,20.68966,44.82759,68.96552,86.2069
2023 to 24,East Midlands,AS level,Psychology,Total Psychology,317.0,0.0,7.25552,22.08202,43.84858,58.67508,74.13249
2023 to 24,South West,AS level,Home Economics,Home Economics (Food),0.0,,,,,,
2023 to 24,South West,AS level,ICT,Total ICT,0.0,,,,,,
2023 to 24,South West,AS level,Music,Music,23.0,0.0,30.43478,43.47826,82.6087,95.65217,100.0
2023 to 24,South West,AS level,Classical studies,Total Classical studies,95.0,0.0,24.21053,38.94737,61.05263,83.15789,92.63158
2023 to 24,South West,AS level,Art & Design,Art and design,78.0,0.0,16.66667,43.58974,70.51282,84.61538,91.02564
2023 to 24,South West,AS level,Modern languages,Spanish,57.0,0.0,35.08772,56.14035,77.19298,87.7193,94.73684
2023 to 24,South West,AS level,Physical Education,Physical Education/Sports Studies,1.0,0.0,0.0,100.0,100.0,100.0,100.0
2023 to 24,South West,AS level,Art & Design,Textiles,9.0,0.0,11.11111,66.66667,100.0,100.0,100.0
2023 to 24,South West,AS level,Music,Music Technology,5.0,0.0,20.0,80.0,80.0,100.0,100.0
2023 to 24,South West,AS level,Geography,Total Geography,278.0,0.0,18.70504,37.76978,57.91367,74.82014,87.05036
2023 to 24,South West,AS level,Art & Design,3d Studies,77.0,0.0,18.18182,48.05195,68.83117,87.01299,92.20779
2023 to 24,South West,AS level,Art & Design,Critical Studies,3.0,0.0,33.33333,33.33333,66.66667,66.66667,100.0
2023 to 24,South West,AS level,Maths,Total Maths,685.0,0.0,24.37956,36.78832,48.32117,62.33577,73.57664
2023 to 24,South West,AS level,Modern languages - other,Polish,0.0,,,,,,
2023 to 24,South West,AS level,Design and technology,Total D&T,0.0,,,,,,
2023 to 24,South West,AS level,English,Total English,395.0,0.0,13.92405,41.77215,72.1519,88.35443,95.6962
2023 to 24,South West,AS level,Science - Physics,Total Physics,258.0,0.0,15.50388,25.1938,41.08527,61.62791,75.96899
2023 to 24,South West,AS level,Art & Design,Fine Art,27.0,0.0,29.62963,55.55556,66.66667,96.2963,96.2963
2023 to 24,South West,AS level,Economics,Total Economics,247.0,0.0,12.14575,29.55466,46.15385,66.39676,79.35223
2023 to 24,South West,AS level,Science - Chemistry,Total Chemistry,293.0,0.0,14.67577,33.1058,50.51195,66.8942,78.49829
2023 to 24,South West,AS level,Classical studies,Latin,1.0,0.0,0.0,0.0,100.0,100.0,100.0
2023 to 24,South West,AS level,General studies,Total General studies,0.0,,,,,,
2023 to 24,South West,AS level,Business Studies,Total Business Studies,351.0,0.0,13.10541,29.34473,47.00855,67.23647,82.90598
2023 to 24,South West,AS level,All facilitating subjects,Total facilitating subjects,2998.0,0.0,21.71448,39.72648,57.47165,72.41494,83.5557
2023 to 24,South West,AS level,Arts,Communication Studies,0.0,,,,,,
2023 to 24,South West,AS level,Classical studies,Classical Civilisation,91.0,0.0,25.27473,40.65934,60.43956,82.41758,92.30769
2023 to 24,South West,AS level,Science - other,Geology,51.0,0.0,17.64706,39.21569,62.7451,82.35294,90.19608
2023 to 24,South West,AS level,Art & Design,Graphics,76.0,0.0,28.94737,59.21053,75.0,90.78947,97.36842
2023 to 24,South West,AS level,Home Economics,Total Home Economics,0.0,,,,,,
2023 to 24,South West,AS level,Accounting and Finance,Total Accounting and finance,0.0,,,,,,
2023 to 24,South West,AS level,Classical studies,Ancient History,3.0,0.0,0.0,0.0,66.66667,100.0,100.0
2023 to 24,South West,AS level,Modern languages - other,Irish,0.0,,,,,,
2023 to 24,South West,AS level,Computer Science,Total Computer Science,36.0,0.0,22.22222,30.55556,52.77778,63.88889,80.55556
2023 to 24,South West,AS level,All STEM subjects,Total STEM subjects,2138.0,0.0,22.7783,37.60524,52.89991,67.96071,79.88775
2023 to 24,South West,AS level,Classical studies,Classical Greek,0.0,,,,,,
2023 to 24,South West,AS level,Modern languages - other,Total Other Modern Languages,0.0,,,,,,
2023 to 24,South West,AS level,Modern languages,German,22.0,0.0,22.72727,50.0,68.18182,81.81818,100.0
2023 to 24,South West,AS level,Art & Design,Photography,127.0,0.0,15.74803,48.8189,70.07874,87.40157,93.70079
2023 to 24,South West,AS level,Modern languages,French,58.0,0.0,10.34483,37.93103,53.44828,75.86207,91.37931
2023 to 24,South West,AS level,Design and technology,D&T Textiles Technology,0.0,,,,,,
2023 to 24,South West,AS level,Logic/Philosophy,Total Logic/ Philosophy,0.0,,,,,,
2023 to 24,South West,AS level,Science - other,Electronics,0.0,,,,,,
2023 to 24,South West,AS level,Arts,Drama & Theatre Studies,77.0,0.0,28.57143,66.23377,93.50649,98.7013,100.0
2023 to 24,South West,AS level,All subjects,Total subjects,6041.0,0.0,17.86128,37.29515,56.79523,73.4481,84.93627
2023 to 24,South West,AS level,Design and technology,D&T Engineering,0.0,,,,,,
2023 to 24,South West,AS level,Music,Total Music,28.0,0.0,28.57143,50.0,82.14286,96.42857,100.0
2023 to 24,South West,AS level,Government and politics,Total Government and Politics,127.0,0.0,12.59843,27.55906,48.8189,78.74016,87.40157
2023 to 24,South West,AS level,Arts,Media/Film/Tv Studies,125.0,0.0,8.0,29.6,64.0,87.2,92.8
2023 to 24,South West,AS level,English,English language & literature,2.0,0.0,0.0,0.0,0.0,50.0,100.0
2023 to 24,South West,AS level,Physical Education,Dance,0.0,,,,,,
2023 to 24,South West,AS level,Maths,Maths,685.0,0.0,24.37956,36.78832,48.32117,62.33577,73.57664
2023 to 24,South West,AS level,Religious Studies,Total Religious Studies,73.0,0.0,19.17808,39.72603,58.90411,79.45205,93.15068
2023 to 24,South West,AS level,Science - other,Total Other Sciences,51.0,0.0,17.64706,39.21569,62.7451,82.35294,90.19608
2023 to 24,South West,AS level,Art & Design,Total Art & Design,397.0,0.0,19.89924,50.37783,71.28463,88.16121,93.95466
2023 to 24,South West,AS level,Sociology,Total Sociology,482.0,0.0,9.95851,26.76349,46.26556,65.3527,81.12033
2023 to 24,South West,AS level,Physical Education,Total Physical Education,1.0,0.0,0.0,100.0,100.0,100.0,100.0
2023 to 24,South West,AS level,Geography,Geography,278.0,0.0,18.70504,37.76978,57.91367,74.82014,87.05036
2023 to 24,South West,AS level,Modern languages - other,Bengali,0.0,,,,,,
2023 to 24,South West,AS level,English,English literature,224.0,0.0,12.94643,43.30357,74.55357,88.83929,95.53571
2023 to 24,South West,AS level,Design and technology,Design & Technology,0.0,,,,,,
2023 to 24,South West,AS level,Maths - Further,Total Further Mathematics,405.0,0.0,38.51852,58.76543,76.04938,85.67901,91.85185
2023 to 24,South West,AS level,Design and technology,D&T Product Design,0.0,,,,,,
2023 to 24,South West,AS level,Modern languages,Total Modern languages including Other,137.0,0.0,22.62774,47.44526,65.69343,81.75182,94.16058
2023 to 24,South West,AS level,Arts,Total Arts,289.0,0.0,16.609,49.13495,77.50865,92.38754,95.50173
2023 to 24,South West,AS level,English,English language,169.0,0.0,15.38462,40.23669,69.82249,88.16568,95.85799
2023 to 24,South West,AS level,History,Total History,256.0,0.0,23.4375,51.17188,75.0,86.32813,93.75
2023 to 24,South West,AS level,Modern languages - other,Modern Hebrew,0.0,,,,,,
2023 to 24,South West,AS level,Science - Biology,Total Biology,461.0,0.0,15.83514,30.58568,47.50542,65.29284,81.77874
2023 to 24,South West,AS level,Science - other,Environmental Science,0.0,,,,,,
2023 to 24,South West,AS level,Arts,Film Studies,87.0,0.0,18.3908,62.06897,82.75862,94.25287,95.4023
2023 to 24,South West,AS level,Law,Total Law,185.0,0.0,11.89189,30.81081,51.89189,69.18919,81.08108
2023 to 24,South West,AS level,Psychology,Total Psychology,511.0,0.0,9.98043,27.98434,48.53229,63.99217,81.21331
2023 to 24,South East,AS level,Home Economics,Home Economics (Food),0.0,,,,,,
2023 to 24,South East,AS level,ICT,Total ICT,0.0,,,,,,
2023 to 24,South East,AS level,Music,Music,4.0,0.0,0.0,50.0,75.0,100.0,100.0
2023 to 24,South East,AS level,Classical studies,Total Classical studies,37.0,0.0,37.83784,62.16216,81.08108,86.48649,94.59459
2023 to 24,South East,AS level,Art & Design,Art and design,6.0,0.0,16.66667,33.33333,33.33333,66.66667,66.66667
2023 to 24,South East,AS level,Modern languages,Spanish,75.0,0.0,25.33333,56.0,70.66667,85.33333,93.33333
2023 to 24,South East,AS level,Physical Education,Physical Education/Sports Studies,1.0,0.0,0.0,0.0,0.0,0.0,0.0
2023 to 24,South East,AS level,Art & Design,Textiles,32.0,0.0,15.625,53.125,87.5,90.625,93.75
2023 to 24,South East,AS level,Music,Music Technology,0.0,,,,,,
2023 to 24,South East,AS level,Geography,Total Geography,142.0,0.0,20.42254,34.50704,57.74648,71.12676,85.21127
2023 to 24,South East,AS level,Art & Design,3d Studies,16.0,0.0,12.5,50.0,56.25,87.5,100.0
2023 to 24,South East,AS level,Art & Design,Critical Studies,0.0,,,,,,
2023 to 24,South East,AS level,Maths,Total Maths,710.0,0.0,15.77465,24.50704,39.15493,52.95775,66.90141
2023 to 24,South East,AS level,Modern languages - other,Polish,0.0,,,,,,
2023 to 24,South East,AS level,Design and technology,Total D&T,13.0,0.0,38.46154,92.30769,100.0,100.0,100.0
2023 to 24,South East,AS level,English,Total English,135.0,0.0,17.03704,38.51852,65.18519,81.48148,91.85185
2023 to 24,South East,AS level,Science - Physics,Total Physics,247.0,0.0,21.45749,35.22267,48.98785,64.77733,77.73279
2023 to 24,South East,AS level,Art & Design,Fine Art,40.0,0.0,25.0,57.5,90.0,92.5,95.0
2023 to 24,South East,AS level,Economics,Total Economics,113.0,0.0,17.69912,30.97345,50.44248,69.9115,80.53097
2023 to 24,South East,AS level,Science - Chemistry,Total Chemistry,247.0,0.0,14.5749,27.93522,40.08097,54.25101,67.61134
2023 to 24,South East,AS level,Classical studies,Latin,7.0,0.0,14.28571,14.28571,42.85714,42.85714,71.42857
2023 to 24,South East,AS level,General studies,Total General studies,0.0,,,,,,
2023 to 24,South East,AS level,Business Studies,Total Business Studies,311.0,0.0,8.36013,20.25723,37.62058,51.1254,70.41801
2023 to 24,South East,AS level,All facilitating subjects,Total facilitating subjects,3175.0,0.0,30.23622,44.0315,57.51181,69.19685,79.9685
2023 to 24,South East,AS level,Arts,Communication Studies,0.0,,,,,,
2023 to 24,South East,AS level,Classical studies,Classical Civilisation,14.0,0.0,35.71429,71.42857,92.85714,100.0,100.0
2023 to 24,South East,AS level,Science - other,Geology,1.0,0.0,0.0,0.0,0.0,100.0,100.0
2023 to 24,South East,AS level,Art & Design,Graphics,54.0,0.0,9.25926,50.0,77.77778,90.74074,98.14815
2023 to 24,South East,AS level,Home Economics,Total Home Economics,0.0,,,,,,
2023 to 24,South East,AS level,Accounting and Finance,Total Accounting and finance,0.0,,,,,,
2023 to 24,South East,AS level,Classical studies,Ancient History,13.0,0.0,38.46154,69.23077,84.61538,92.30769,100.0
2023 to 24,South East,AS level,Modern languages - other,Irish,0.0,,,,,,
2023 to 24,South East,AS level,Computer Science,Total Computer Science,126.0,0.0,23.80952,38.09524,57.14286,73.01587,81.74603
2023 to 24,South East,AS level,All STEM subjects,Total STEM subjects,2680.0,0.0,30.89552,43.20896,55.52239,67.16418,77.57463
2023 to 24,South East,AS level,Classical studies,Classical Greek,3.0,0.0,100.0,100.0,100.0,100.0,100.0
2023 to 24,South East,AS level,Modern languages - other,Total Other Modern Languages,0.0,,,,,,
2023 to 24,South East,AS level,Modern languages,German,25.0,0.0,28.0,44.0,72.0,88.0,100.0
2023 to 24,South East,AS level,Art & Design,Photography,118.0,0.0,25.42373,61.86441,85.59322,94.0678,98.30508
2023 to 24,South East,AS level,Modern languages,French,65.0,0.0,40.0,60.0,76.92308,84.61538,95.38462
2023 to 24,South East,AS level,Design and technology,D&T Textiles Technology,0.0,,,,,,
2023 to 24,South East,AS level,Logic/Philosophy,Total Logic/ Philosophy,0.0,,,,,,
2023 to 24,South East,AS level,Science - other,Electronics,2.0,0.0,0.0,50.0,50.0,50.0,100.0
2023 to 24,South East,AS level,Arts,Drama & Theatre Studies,8.0,0.0,75.0,87.5,87.5,100.0,100.0
2023 to 24,South East,AS level,All subjects,Total subjects,5314.0,0.0,23.69213,38.40798,53.51901,67.40685,78.99887
2023 to 24,South East,AS level,Design and technology,D&T Engineering,0.0,,,,,,
2023 to 24,South East,AS level,Music,Total Music,4.0,0.0,0.0,50.0,75.0,100.0,100.0
2023 to 24,South East,AS level,Government and politics,Total Government and Politics,123.0,0.0,13.00813,30.0813,47.15447,65.85366,73.98374
2023 to 24,South East,AS level,Arts,Media/Film/Tv Studies,30.0,0.0,46.66667,70.0,80.0,83.33333,90.0
2023 to 24,South East,AS level,English,English language & literature,7.0,0.0,14.28571,14.28571,42.85714,71.42857,71.42857
2023 to 24,South East,AS level,Physical Education,Dance,0.0,,,,,,
2023 to 24,South East,AS level,Maths,Maths,710.0,0.0,15.77465,24.50704,39.15493,52.95775,66.90141
2023 to 24,South East,AS level,Religious Studies,Total Religious Studies,50.0,0.0,12.0,26.0,44.0,60.0,72.0
2023 to 24,South East,AS level,Science - other,Total Other Sciences,3.0,0.0,0.0,33.33333,33.33333,66.66667,100.0
2023 to 24,South East,AS level,Art & Design,Total Art & Design,266.0,0.0,19.92481,56.39098,81.95489,91.72932,96.61654
2023 to 24,South East,AS level,Sociology,Total Sociology,495.0,0.0,7.87879,17.77778,36.16162,55.75758,72.72727
2023 to 24,South East,AS level,Physical Education,Total Physical Education,1.0,0.0,0.0,0.0,0.0,0.0,0.0
2023 to 24,South East,AS level,Geography,Geography,142.0,0.0,20.42254,34.50704,57.74648,71.12676,85.21127
2023 to 24,South East,AS level,Modern languages - other,Bengali,0.0,,,,,,
2023 to 24,South East,AS level,English,English literature,92.0,0.0,18.47826,43.47826,69.56522,83.69565,94.56522
2023 to 24,South East,AS level,Design and technology,Design & Technology,0.0,,,,,,
2023 to 24,South East,AS level,Maths - Further,Total Further Mathematics,1020.0,0.0,56.37255,72.45098,83.33333,90.78431,95.09804
2023 to 24,South East,AS level,Design and technology,D&T Product Design,13.0,0.0,38.46154,92.30769,100.0,100.0,100.0
2023 to 24,South East,AS level,Modern languages,Total Modern languages including Other,165.0,0.0,31.51515,55.75758,73.33333,85.45455,95.15152
2023 to 24,South East,AS level,Arts,Total Arts,71.0,0.0,40.84507,64.78873,78.87324,91.5493,94.3662
2023 to 24,South East,AS level,English,English language,36.0,0.0,13.88889,30.55556,58.33333,77.77778,88.88889
2023 to 24,South East,AS level,History,Total History,212.0,0.0,28.30189,48.58491,64.62264,77.35849,89.62264
2023 to 24,South East,AS level,Modern languages - other,Modern Hebrew,0.0,,,,,,
2023 to 24,South East,AS level,Science - Biology,Total Biology,330.0,0.0,6.66667,12.42424,20.60606,33.93939,52.12121
2023 to 24,South East,AS level,Science - other,Environmental Science,0.0,,,,,,
2023 to 24,South East,AS level,Arts,Film Studies,33.0,0.0,27.27273,54.54545,75.75758,96.9697,96.9697
2023 to 24,South East,AS level,Law,Total Law,77.0,0.0,11.68831,24.67532,36.36364,55.84416,76.62338
2023 to 24,South East,AS level,Psychology,Total Psychology,416.0,0.0,12.01923,23.55769,35.09615,57.21154,70.19231
2023 to 24,London,AS level,Home Economics,Home Economics (Food),0.0,,,,,,
2023 to 24,London,AS level,ICT,Total ICT,0.0,,,,,,
2023 to 24,London,AS level,Music,Music,22.0,0.0,36.36364,72.72727,81.81818,95.45455,100.0
2023 to 24,London,AS level,Classical studies,Total Classical studies,28.0,0.0,46.42857,71.42857,85.71429,89.28571,92.85714
2023 to 24,London,AS level,Art & Design,Art and design,17.0,0.0,17.64706,29.41176,41.17647,70.58824,94.11765
2023 to 24,London,AS level,Modern languages,Spanish,94.0,0.0,20.21277,50.0,69.14894,78.7234,95.74468
2023 to 24,London,AS level,Physical Education,Physical Education/Sports Studies,31.0,0.0,6.45161,29.03226,48.3871,61.29032,83.87097
2023 to 24,London,AS level,Art & Design,Textiles,1.0,0.0,0.0,100.0,100.0,100.0,100.0
2023 to 24,London,AS level,Music,Music Technology,5.0,0.0,0.0,60.0,80.0,80.0,100.0
2023 to 24,London,AS level,Geography,Total Geography,297.0,0.0,43.77104,58.92256,76.76768,87.20539,94.27609
2023 to 24,London,AS level,Art & Design,3d Studies,24.0,0.0,0.0,16.66667,29.16667,37.5,58.33333
2023 to 24,London,AS level,Art & Design,Critical Studies,0.0,,,,,,
2023 to 24,London,AS level,Maths,Total Maths,2527.0,0.0,34.98219,46.97269,59.71508,69.41037,79.97626
2023 to 24,London,AS level,Modern languages - other,Polish,0.0,,,,,,
2023 to 24,London,AS level,Design and technology,Total D&T,36.0,0.0,8.33333,22.22222,38.88889,55.55556,83.33333
2023 to 24,London,AS level,English,Total English,637.0,0.0,27.31554,56.6719,82.41758,94.97645,98.58713
2023 to 24,London,AS level,Science - Physics,Total Physics,984.0,0.0,36.78862,51.32114,66.15854,77.13415,85.67073
2023 to 24,London,AS level,Art & Design,Fine Art,55.0,0.0,20.0,54.54545,83.63636,98.18182,98.18182
2023 to 24,London,AS level,Economics,Total Economics,952.0,0.0,40.44118,59.34874,73.0042,83.40336,91.4916
2023 to 24,London,AS level,Science - Chemistry,Total Chemistry,1341.0,0.0,29.45563,47.12901,60.92468,73.8255,83.89262
2023 to 24,London,AS level,Classical studies,Latin,10.0,0.0,70.0,90.0,90.0,90.0,90.0
2023 to 24,London,AS level,General studies,Total General studies,0.0,,,,,,
2023 to 24,London,AS level,Business Studies,Total Business Studies,490.0,0.0,10.81633,30.20408,50.20408,71.02041,86.53061
2023 to 24,London,AS level,All facilitating subjects,Total facilitating subjects,8253.0,0.0,34.02399,50.91482,65.72156,77.28099,85.98086
2023 to 24,London,AS level,Arts,Communication Studies,0.0,,,,,,
2023 to 24,London,AS level,Classical studies,Classical Civilisation,15.0,0.0,26.66667,53.33333,80.0,86.66667,93.33333
2023 to 24,London,AS level,Science - other,Geology,0.0,,,,,,
2023 to 24,London,AS level,Art & Design,Graphics,13.0,0.0,53.84615,76.92308,84.61538,92.30769,92.30769
2023 to 24,London,AS level,Home Economics,Total Home Economics,0.0,,,,,,
2023 to 24,London,AS level,Accounting and Finance,Total Accounting and finance,0.0,,,,,,
2023 to 24,London,AS level,Classical studies,Ancient History,0.0,,,,,,
2023 to 24,London,AS level,Modern languages - other,Irish,0.0,,,,,,
2023 to 24,London,AS level,Computer Science,Total Computer Science,408.0,0.0,32.10784,47.05882,61.76471,73.03922,82.59804
2023 to 24,London,AS level,All STEM subjects,Total STEM subjects,7074.0,0.0,34.08256,48.74187,62.31269,73.87617,83.40401
2023 to 24,London,AS level,Classical studies,Classical Greek,3.0,0.0,66.66667,100.0,100.0,100.0,100.0
2023 to 24,London,AS level,Modern languages - other,Total Other Modern Languages,0.0,,,,,,
2023 to 24,London,AS level,Modern languages,German,55.0,0.0,52.72727,85.45455,94.54545,100.0,100.0
2023 to 24,London,AS level,Art & Design,Photography,67.0,0.0,17.91045,43.28358,74.62687,91.04478,100.0
2023 to 24,London,AS level,Modern languages,French,95.0,0.0,47.36842,73.68421,90.52632,94.73684,97.89474
2023 to 24,London,AS level,Design and technology,D&T Textiles Technology,7.0,0.0,0.0,0.0,14.28571,57.14286,100.0
2023 to 24,London,AS level,Logic/Philosophy,Total Logic/ Philosophy,0.0,,,,,,
2023 to 24,London,AS level,Science - other,Electronics,0.0,,,,,,
2023 to 24,London,AS level,Arts,Drama & Theatre Studies,16.0,0.0,56.25,87.5,93.75,93.75,93.75
2023 to 24,London,AS level,All subjects,Total subjects,13316.0,0.0,31.57104,49.26404,65.34245,77.80865,87.10574
2023 to 24,London,AS level,Design and technology,D&T Engineering,0.0,,,,,,
2023 to 24,London,AS level,Music,Total Music,27.0,0.0,29.62963,70.37037,81.48148,92.59259,100.0
2023 to 24,London,AS level,Government and politics,Total Government and Politics,364.0,0.0,35.16484,57.41758,73.35165,86.53846,93.95604
2023 to 24,London,AS level,Arts,Media/Film/Tv Studies,139.0,0.0,20.86331,42.44604,66.18705,82.01439,91.36691
2023 to 24,London,AS level,English,English language & literature,82.0,0.0,21.95122,46.34146,81.70732,93.90244,98.78049
2023 to 24,London,AS level,Physical Education,Dance,0.0,,,,,,
2023 to 24,London,AS level,Maths,Maths,2527.0,0.0,34.98219,46.97269,59.71508,69.41037,79.97626
2023 to 24,London,AS level,Religious Studies,Total Religious Studies,240.0,0.0,35.41667,66.66667,85.0,92.5,95.83333
2023 to 24,London,AS level,Science - other,Total Other Sciences,0.0,,,,,,
2023 to 24,London,AS level,Art & Design,Total Art & Design,177.0,0.0,18.64407,44.63277,68.92655,84.18079,92.65537
2023 to 24,London,AS level,Sociology,Total Sociology,768.0,0.0,27.86458,44.92188,63.02083,79.03646,89.32292
2023 to 24,London,AS level,Physical Education,Total Physical Education,31.0,0.0,6.45161,29.03226,48.3871,61.29032,83.87097
2023 to 24,London,AS level,Geography,Geography,297.0,0.0,43.77104,58.92256,76.76768,87.20539,94.27609
2023 to 24,London,AS level,Modern languages - other,Bengali,0.0,,,,,,
2023 to 24,London,AS level,English,English literature,530.0,0.0,28.86792,58.67925,82.26415,95.4717,98.67925
2023 to 24,London,AS level,Design and technology,Design & Technology,0.0,,,,,,
2023 to 24,London,AS level,Maths - Further,Total Further Mathematics,585.0,0.0,51.62393,67.86325,80.51282,88.54701,92.82051
2023 to 24,London,AS level,Design and technology,D&T Product Design,29.0,0.0,10.34483,27.58621,44.82759,55.17241,79.31034
2023 to 24,London,AS level,Modern languages,Total Modern languages including Other,244.0,0.0,38.11475,67.21311,83.19672,89.7541,97.54098
2023 to 24,London,AS level,Arts,Total Arts,222.0,0.0,22.07207,48.1982,72.52252,85.13514,92.34234
2023 to 24,London,AS level,English,English language,25.0,0.0,12.0,48.0,88.0,88.0,96.0
2023 to 24,London,AS level,History,Total History,503.0,0.0,28.42942,56.46123,77.33598,90.25845,95.42744
2023 to 24,London,AS level,Modern languages - other,Modern Hebrew,0.0,,,,,,
2023 to 24,London,AS level,Science - Biology,Total Biology,1229.0,0.0,27.42067,43.53133,57.60781,73.79984,83.88934
2023 to 24,London,AS level,Science - other,Environmental Science,0.0,,,,,,
2023 to 24,London,AS level,Arts,Film Studies,67.0,0.0,16.41791,50.74627,80.59701,89.55224,94.02985
2023 to 24,London,AS level,Law,Total Law,62.0,0.0,9.67742,12.90323,27.41935,40.32258,74.19355
2023 to 24,London,AS level,Psychology,Total Psychology,1164.0,0.0,23.53952,38.7457,58.16151,73.88316,85.56701
