time_period,region_name,characteristic_sex,sub_name_comb,num_maths_science,num_entered_comb_and_no_other_matsci,perc_entered_comb_and_no_other_matsci
2019 to 20,East of England,All,Further Maths & Chemistry,2,0,0.0
2019 to 20,West Midlands,All,Further Maths & Chemistry,2,0,0.0
2019 to 20,East Midlands,All,Further Maths & Chemistry,2,0,0.0
2019 to 20,South West,All,Further Maths & Chemistry,2,0,0.0
2019 to 20,South East,All,Further Maths & Chemistry,2,3,0.007
2019 to 20,North West,All,Further Maths & Chemistry,2,0,0.0
2019 to 20,North East,All,Further Maths & Chemistry,2,0,0.0
2019 to 20,London,All,Further Maths & Chemistry,2,1,0.002
2019 to 20,Yorkshire and The Humber,All,Further Maths & Chemistry,2,0,0.0
2019 to 20,East of England,Female,Maths & Biology & Chemistry & Physics,4,24,0.163
2019 to 20,West Midlands,Female,Maths & Biology & Chemistry & Physics,4,16,0.12
2019 to 20,East Midlands,Female,Maths & Biology & Chemistry & Physics,4,18,0.183
2019 to 20,South West,Female,Maths & Biology & Chemistry & Physics,4,17,0.146
2019 to 20,South East,Female,Maths & Biology & Chemistry & Physics,4,49,0.215
2019 to 20,North West,Female,Maths & Biology & Chemistry & Physics,4,18,0.111
2019 to 20,North East,Female,Maths & Biology & Chemistry & Physics,4,3,0.058
2019 to 20,London,Female,Maths & Biology & Chemistry & Physics,4,40,0.178
2019 to 20,Yorkshire and The Humber,Female,Maths & Biology & Chemistry & Physics,4,17,0.146
2019 to 20,East of England,All,Maths & Biology & Chemistry & Computer Science,4,5,0.019
2019 to 20,West Midlands,All,Maths & Biology & Chemistry & Computer Science,4,5,0.022
2019 to 20,East Midlands,All,Maths & Biology & Chemistry & Computer Science,4,1,0.006
2019 to 20,South West,All,Maths & Biology & Chemistry & Computer Science,4,3,0.015
2019 to 20,South East,All,Maths & Biology & Chemistry & Computer Science,4,4,0.01
2019 to 20,North West,All,Maths & Biology & Chemistry & Computer Science,4,4,0.014
2019 to 20,North East,All,Maths & Biology & Chemistry & Computer Science,4,1,0.011
2019 to 20,London,All,Maths & Biology & Chemistry & Computer Science,4,4,0.01
2019 to 20,Yorkshire and The Humber,All,Maths & Biology & Chemistry & Computer Science,4,0,0.0
2019 to 20,East of England,All,Chemistry & Physics & Computer Science,3,6,0.022
2019 to 20,West Midlands,All,Chemistry & Physics & Computer Science,3,12,0.052
2019 to 20,East Midlands,All,Chemistry & Physics & Computer Science,3,3,0.017
2019 to 20,South West,All,Chemistry & Physics & Computer Science,3,7,0.034
2019 to 20,South East,All,Chemistry & Physics & Computer Science,3,7,0.017
2019 to 20,North West,All,Chemistry & Physics & Computer Science,3,9,0.031
2019 to 20,North East,All,Chemistry & Physics & Computer Science,3,3,0.033
2019 to 20,London,All,Chemistry & Physics & Computer Science,3,4,0.01
2019 to 20,Yorkshire and The Humber,All,Chemistry & Physics & Computer Science,3,3,0.015
2019 to 20,East of England,Female,Maths & Biology & Physics & Computer Science,4,0,0.0
2019 to 20,West Midlands,Female,Maths & Biology & Physics & Computer Science,4,0,0.0
2019 to 20,East Midlands,Female,Maths & Biology & Physics & Computer Science,4,0,0.0
2019 to 20,South West,Female,Maths & Biology & Physics & Computer Science,4,0,0.0
2019 to 20,South East,Female,Maths & Biology & Physics & Computer Science,4,0,0.0
2019 to 20,North West,Female,Maths & Biology & Physics & Computer Science,4,0,0.0
2019 to 20,North East,Female,Maths & Biology & Physics & Computer Science,4,0,0.0
2019 to 20,London,Female,Maths & Biology & Physics & Computer Science,4,0,0.0
2019 to 20,Yorkshire and The Humber,Female,Maths & Biology & Physics & Computer Science,4,0,0.0
2019 to 20,East of England,Male,Maths & Biology & Chemistry & Physics,4,43,0.357
2019 to 20,West Midlands,Male,Maths & Biology & Chemistry & Physics,4,28,0.287
2019 to 20,East Midlands,Male,Maths & Biology & Chemistry & Physics,4,26,0.345
2019 to 20,South West,Male,Maths & Biology & Chemistry & Physics,4,27,0.301
2019 to 20,South East,Male,Maths & Biology & Chemistry & Physics,4,62,0.333
2019 to 20,North West,Male,Maths & Biology & Chemistry & Physics,4,26,0.208
2019 to 20,North East,Male,Maths & Biology & Chemistry & Physics,4,4,0.104
2019 to 20,London,Male,Maths & Biology & Chemistry & Physics,4,70,0.397
2019 to 20,Yorkshire and The Humber,Male,Maths & Biology & Chemistry & Physics,4,23,0.268
2019 to 20,East of England,Male,Maths & Biology & Chemistry & Computer Science,4,3,0.025
2019 to 20,West Midlands,Male,Maths & Biology & Chemistry & Computer Science,4,3,0.031
2019 to 20,East Midlands,Male,Maths & Biology & Chemistry & Computer Science,4,1,0.013
2019 to 20,South West,Male,Maths & Biology & Chemistry & Computer Science,4,0,0.0
2019 to 20,South East,Male,Maths & Biology & Chemistry & Computer Science,4,3,0.016
2019 to 20,North West,Male,Maths & Biology & Chemistry & Computer Science,4,2,0.016
2019 to 20,North East,Male,Maths & Biology & Chemistry & Computer Science,4,1,0.026
2019 to 20,London,Male,Maths & Biology & Chemistry & Computer Science,4,2,0.011
2019 to 20,Yorkshire and The Humber,Male,Maths & Biology & Chemistry & Computer Science,4,0,0.0
2019 to 20,East of England,All,Maths & Biology & Chemistry & Physics,4,67,0.251
2019 to 20,West Midlands,All,Maths & Biology & Chemistry & Physics,4,44,0.191
2019 to 20,East Midlands,All,Maths & Biology & Chemistry & Physics,4,44,0.253
2019 to 20,South West,All,Maths & Biology & Chemistry & Physics,4,44,0.214
2019 to 20,South East,All,Maths & Biology & Chemistry & Physics,4,111,0.268
2019 to 20,North West,All,Maths & Biology & Chemistry & Physics,4,44,0.153
2019 to 20,North East,All,Maths & Biology & Chemistry & Physics,4,7,0.078
2019 to 20,London,All,Maths & Biology & Chemistry & Physics,4,110,0.274
2019 to 20,Yorkshire and The Humber,All,Maths & Biology & Chemistry & Physics,4,40,0.198
2019 to 20,East of England,All,Further Maths & Computer Science,2,0,0.0
2019 to 20,West Midlands,All,Further Maths & Computer Science,2,0,0.0
2019 to 20,East Midlands,All,Further Maths & Computer Science,2,0,0.0
2019 to 20,South West,All,Further Maths & Computer Science,2,0,0.0
2019 to 20,South East,All,Further Maths & Computer Science,2,0,0.0
2019 to 20,North West,All,Further Maths & Computer Science,2,0,0.0
2019 to 20,North East,All,Further Maths & Computer Science,2,0,0.0
2019 to 20,London,All,Further Maths & Computer Science,2,0,0.0
2019 to 20,Yorkshire and The Humber,All,Further Maths & Computer Science,2,0,0.0
2019 to 20,East of England,Female,Further Maths & Computer Science,2,0,0.0
2019 to 20,West Midlands,Female,Further Maths & Computer Science,2,0,0.0
2019 to 20,East Midlands,Female,Further Maths & Computer Science,2,0,0.0
2019 to 20,South West,Female,Further Maths & Computer Science,2,0,0.0
2019 to 20,South East,Female,Further Maths & Computer Science,2,0,0.0
2019 to 20,North West,Female,Further Maths & Computer Science,2,0,0.0
2019 to 20,North East,Female,Further Maths & Computer Science,2,0,0.0
2019 to 20,London,Female,Further Maths & Computer Science,2,0,0.0
2019 to 20,Yorkshire and The Humber,Female,Further Maths & Computer Science,2,0,0.0
2019 to 20,East of England,Male,Further Maths & Biology & Chemistry,3,0,0.0
2019 to 20,West Midlands,Male,Further Maths & Biology & Chemistry,3,0,0.0
2019 to 20,East Midlands,Male,Further Maths & Biology & Chemistry,3,0,0.0
2019 to 20,South West,Male,Further Maths & Biology & Chemistry,3,0,0.0
2019 to 20,South East,Male,Further Maths & Biology & Chemistry,3,1,0.005
2019 to 20,North West,Male,Further Maths & Biology & Chemistry,3,0,0.0
2019 to 20,North East,Male,Further Maths & Biology & Chemistry,3,0,0.0
2019 to 20,London,Male,Further Maths & Biology & Chemistry,3,0,0.0
2019 to 20,Yorkshire and The Humber,Male,Further Maths & Biology & Chemistry,3,0,0.0
2019 to 20,East of England,Male,Further Maths & Computer Science,2,0,0.0
2019 to 20,West Midlands,Male,Further Maths & Computer Science,2,0,0.0
2019 to 20,East Midlands,Male,Further Maths & Computer Science,2,0,0.0
2019 to 20,South West,Male,Further Maths & Computer Science,2,0,0.0
2019 to 20,South East,Male,Further Maths & Computer Science,2,0,0.0
2019 to 20,North West,Male,Further Maths & Computer Science,2,0,0.0
2019 to 20,North East,Male,Further Maths & Computer Science,2,0,0.0
2019 to 20,London,Male,Further Maths & Computer Science,2,0,0.0
2019 to 20,Yorkshire and The Humber,Male,Further Maths & Computer Science,2,0,0.0
2019 to 20,East of England,All,Biology & Physics & Computer Science,3,2,0.007
2019 to 20,West Midlands,All,Biology & Physics & Computer Science,3,2,0.009
2019 to 20,East Midlands,All,Biology & Physics & Computer Science,3,2,0.012
2019 to 20,South West,All,Biology & Physics & Computer Science,3,4,0.019
2019 to 20,South East,All,Biology & Physics & Computer Science,3,5,0.012
2019 to 20,North West,All,Biology & Physics & Computer Science,3,4,0.014
2019 to 20,North East,All,Biology & Physics & Computer Science,3,1,0.011
2019 to 20,London,All,Biology & Physics & Computer Science,3,5,0.012
2019 to 20,Yorkshire and The Humber,All,Biology & Physics & Computer Science,3,4,0.02
2019 to 20,East of England,Female,Further Maths & Biology & Chemistry,3,0,0.0
2019 to 20,West Midlands,Female,Further Maths & Biology & Chemistry,3,0,0.0
2019 to 20,East Midlands,Female,Further Maths & Biology & Chemistry,3,0,0.0
2019 to 20,South West,Female,Further Maths & Biology & Chemistry,3,0,0.0
2019 to 20,South East,Female,Further Maths & Biology & Chemistry,3,0,0.0
2019 to 20,North West,Female,Further Maths & Biology & Chemistry,3,0,0.0
2019 to 20,North East,Female,Further Maths & Biology & Chemistry,3,0,0.0
2019 to 20,London,Female,Further Maths & Biology & Chemistry,3,1,0.004
2019 to 20,Yorkshire and The Humber,Female,Further Maths & Biology & Chemistry,3,0,0.0
2019 to 20,East of England,Male,Maths & Biology & Physics & Computer Science,4,1,0.008
2019 to 20,West Midlands,Male,Maths & Biology & Physics & Computer Science,4,0,0.0
2019 to 20,East Midlands,Male,Maths & Biology & Physics & Computer Science,4,1,0.013
2019 to 20,South West,Male,Maths & Biology & Physics & Computer Science,4,4,0.045
2019 to 20,South East,Male,Maths & Biology & Physics & Computer Science,4,1,0.005
2019 to 20,North West,Male,Maths & Biology & Physics & Computer Science,4,1,0.008
2019 to 20,North East,Male,Maths & Biology & Physics & Computer Science,4,0,0.0
2019 to 20,London,Male,Maths & Biology & Physics & Computer Science,4,0,0.0
2019 to 20,Yorkshire and The Humber,Male,Maths & Biology & Physics & Computer Science,4,0,0.0
2019 to 20,East of England,Male,Biology & Physics & Computer Science,3,2,0.017
2019 to 20,West Midlands,Male,Biology & Physics & Computer Science,3,2,0.021
2019 to 20,East Midlands,Male,Biology & Physics & Computer Science,3,2,0.027
2019 to 20,South West,Male,Biology & Physics & Computer Science,3,4,0.045
2019 to 20,South East,Male,Biology & Physics & Computer Science,3,4,0.021
2019 to 20,North West,Male,Biology & Physics & Computer Science,3,4,0.032
2019 to 20,North East,Male,Biology & Physics & Computer Science,3,1,0.026
2019 to 20,London,Male,Biology & Physics & Computer Science,3,5,0.028
2019 to 20,Yorkshire and The Humber,Male,Biology & Physics & Computer Science,3,4,0.047
2019 to 20,East of England,All,Maths & Further Maths & Chemistry,3,83,0.311
2019 to 20,West Midlands,All,Maths & Further Maths & Chemistry,3,49,0.212
2019 to 20,East Midlands,All,Maths & Further Maths & Chemistry,3,48,0.276
2019 to 20,South West,All,Maths & Further Maths & Chemistry,3,57,0.277
2019 to 20,South East,All,Maths & Further Maths & Chemistry,3,128,0.309
2019 to 20,North West,All,Maths & Further Maths & Chemistry,3,78,0.271
2019 to 20,North East,All,Maths & Further Maths & Chemistry,3,26,0.288
2019 to 20,London,All,Maths & Further Maths & Chemistry,3,146,0.364
2019 to 20,Yorkshire and The Humber,All,Maths & Further Maths & Chemistry,3,54,0.267
2019 to 20,East of England,Female,Further Maths & Biology & Computer Science,3,0,0.0
2019 to 20,West Midlands,Female,Further Maths & Biology & Computer Science,3,0,0.0
2019 to 20,East Midlands,Female,Further Maths & Biology & Computer Science,3,0,0.0
2019 to 20,South West,Female,Further Maths & Biology & Computer Science,3,0,0.0
2019 to 20,South East,Female,Further Maths & Biology & Computer Science,3,0,0.0
2019 to 20,North West,Female,Further Maths & Biology & Computer Science,3,0,0.0
2019 to 20,North East,Female,Further Maths & Biology & Computer Science,3,0,0.0
2019 to 20,London,Female,Further Maths & Biology & Computer Science,3,0,0.0
2019 to 20,Yorkshire and The Humber,Female,Further Maths & Biology & Computer Science,3,0,0.0
2019 to 20,East of England,Female,Further Maths & Physics,2,1,0.007
2019 to 20,West Midlands,Female,Further Maths & Physics,2,0,0.0
2019 to 20,East Midlands,Female,Further Maths & Physics,2,0,0.0
2019 to 20,South West,Female,Further Maths & Physics,2,0,0.0
2019 to 20,South East,Female,Further Maths & Physics,2,0,0.0
2019 to 20,North West,Female,Further Maths & Physics,2,0,0.0
2019 to 20,North East,Female,Further Maths & Physics,2,0,0.0
2019 to 20,London,Female,Further Maths & Physics,2,0,0.0
2019 to 20,Yorkshire and The Humber,Female,Further Maths & Physics,2,0,0.0
2019 to 20,East of England,Male,Chemistry & Physics & Computer Science,3,6,0.05
2019 to 20,West Midlands,Male,Chemistry & Physics & Computer Science,3,12,0.123
2019 to 20,East Midlands,Male,Chemistry & Physics & Computer Science,3,3,0.04
2019 to 20,South West,Male,Chemistry & Physics & Computer Science,3,7,0.078
2019 to 20,South East,Male,Chemistry & Physics & Computer Science,3,7,0.038
2019 to 20,North West,Male,Chemistry & Physics & Computer Science,3,9,0.072
2019 to 20,North East,Male,Chemistry & Physics & Computer Science,3,3,0.078
2019 to 20,London,Male,Chemistry & Physics & Computer Science,3,4,0.023
2019 to 20,Yorkshire and The Humber,Male,Chemistry & Physics & Computer Science,3,3,0.035
2019 to 20,East of England,All,Further Maths & Biology & Chemistry,3,0,0.0
2019 to 20,West Midlands,All,Further Maths & Biology & Chemistry,3,0,0.0
2019 to 20,East Midlands,All,Further Maths & Biology & Chemistry,3,0,0.0
2019 to 20,South West,All,Further Maths & Biology & Chemistry,3,0,0.0
2019 to 20,South East,All,Further Maths & Biology & Chemistry,3,1,0.002
2019 to 20,North West,All,Further Maths & Biology & Chemistry,3,0,0.0
2019 to 20,North East,All,Further Maths & Biology & Chemistry,3,0,0.0
2019 to 20,London,All,Further Maths & Biology & Chemistry,3,1,0.002
2019 to 20,Yorkshire and The Humber,All,Further Maths & Biology & Chemistry,3,0,0.0
2019 to 20,East of England,Female,Maths & Chemistry & Physics & Computer Science,4,0,0.0
2019 to 20,West Midlands,Female,Maths & Chemistry & Physics & Computer Science,4,3,0.022
2019 to 20,East Midlands,Female,Maths & Chemistry & Physics & Computer Science,4,0,0.0
2019 to 20,South West,Female,Maths & Chemistry & Physics & Computer Science,4,0,0.0
2019 to 20,South East,Female,Maths & Chemistry & Physics & Computer Science,4,3,0.013
2019 to 20,North West,Female,Maths & Chemistry & Physics & Computer Science,4,1,0.006
2019 to 20,North East,Female,Maths & Chemistry & Physics & Computer Science,4,0,0.0
2019 to 20,London,Female,Maths & Chemistry & Physics & Computer Science,4,1,0.004
2019 to 20,Yorkshire and The Humber,Female,Maths & Chemistry & Physics & Computer Science,4,0,0.0
2019 to 20,East of England,Female,Chemistry & Physics & Computer Science,3,0,0.0
2019 to 20,West Midlands,Female,Chemistry & Physics & Computer Science,3,0,0.0
2019 to 20,East Midlands,Female,Chemistry & Physics & Computer Science,3,0,0.0
2019 to 20,South West,Female,Chemistry & Physics & Computer Science,3,0,0.0
2019 to 20,South East,Female,Chemistry & Physics & Computer Science,3,0,0.0
2019 to 20,North West,Female,Chemistry & Physics & Computer Science,3,0,0.0
2019 to 20,North East,Female,Chemistry & Physics & Computer Science,3,0,0.0
2019 to 20,London,Female,Chemistry & Physics & Computer Science,3,0,0.0
2019 to 20,Yorkshire and The Humber,Female,Chemistry & Physics & Computer Science,3,0,0.0
2019 to 20,East of England,Male,Maths & Further Maths & Computer Science,3,73,0.606
2019 to 20,West Midlands,Male,Maths & Further Maths & Computer Science,3,46,0.472
2019 to 20,East Midlands,Male,Maths & Further Maths & Computer Science,3,41,0.544
2019 to 20,South West,Male,Maths & Further Maths & Computer Science,3,55,0.613
2019 to 20,South East,Male,Maths & Further Maths & Computer Science,3,125,0.672
2019 to 20,North West,Male,Maths & Further Maths & Computer Science,3,74,0.591
2019 to 20,North East,Male,Maths & Further Maths & Computer Science,3,16,0.417
2019 to 20,London,Male,Maths & Further Maths & Computer Science,3,107,0.607
2019 to 20,Yorkshire and The Humber,Male,Maths & Further Maths & Computer Science,3,40,0.466
2019 to 20,East of England,All,Maths & Biology & Physics & Computer Science,4,1,0.004
2019 to 20,West Midlands,All,Maths & Biology & Physics & Computer Science,4,0,0.0
2019 to 20,East Midlands,All,Maths & Biology & Physics & Computer Science,4,1,0.006
2019 to 20,South West,All,Maths & Biology & Physics & Computer Science,4,4,0.019
2019 to 20,South East,All,Maths & Biology & Physics & Computer Science,4,1,0.002
2019 to 20,North West,All,Maths & Biology & Physics & Computer Science,4,1,0.003
2019 to 20,North East,All,Maths & Biology & Physics & Computer Science,4,0,0.0
2019 to 20,London,All,Maths & Biology & Physics & Computer Science,4,0,0.0
2019 to 20,Yorkshire and The Humber,All,Maths & Biology & Physics & Computer Science,4,0,0.0
2019 to 20,East of England,All,Further Maths & Physics,2,1,0.004
2019 to 20,West Midlands,All,Further Maths & Physics,2,0,0.0
2019 to 20,East Midlands,All,Further Maths & Physics,2,0,0.0
2019 to 20,South West,All,Further Maths & Physics,2,1,0.005
2019 to 20,South East,All,Further Maths & Physics,2,0,0.0
2019 to 20,North West,All,Further Maths & Physics,2,2,0.007
2019 to 20,North East,All,Further Maths & Physics,2,0,0.0
2019 to 20,London,All,Further Maths & Physics,2,0,0.0
2019 to 20,Yorkshire and The Humber,All,Further Maths & Physics,2,1,0.005
2019 to 20,East of England,Female,Maths & Further Maths & Computer Science,3,11,0.075
2019 to 20,West Midlands,Female,Maths & Further Maths & Computer Science,3,10,0.075
2019 to 20,East Midlands,Female,Maths & Further Maths & Computer Science,3,7,0.071
2019 to 20,South West,Female,Maths & Further Maths & Computer Science,3,9,0.077
2019 to 20,South East,Female,Maths & Further Maths & Computer Science,3,27,0.119
2019 to 20,North West,Female,Maths & Further Maths & Computer Science,3,12,0.074
2019 to 20,North East,Female,Maths & Further Maths & Computer Science,3,3,0.058
2019 to 20,London,Female,Maths & Further Maths & Computer Science,3,27,0.12
2019 to 20,Yorkshire and The Humber,Female,Maths & Further Maths & Computer Science,3,6,0.052
2019 to 20,East of England,Male,Further Maths & Biology & Computer Science,3,0,0.0
2019 to 20,West Midlands,Male,Further Maths & Biology & Computer Science,3,0,0.0
2019 to 20,East Midlands,Male,Further Maths & Biology & Computer Science,3,0,0.0
2019 to 20,South West,Male,Further Maths & Biology & Computer Science,3,0,0.0
2019 to 20,South East,Male,Further Maths & Biology & Computer Science,3,0,0.0
2019 to 20,North West,Male,Further Maths & Biology & Computer Science,3,0,0.0
2019 to 20,North East,Male,Further Maths & Biology & Computer Science,3,0,0.0
2019 to 20,London,Male,Further Maths & Biology & Computer Science,3,0,0.0
2019 to 20,Yorkshire and The Humber,Male,Further Maths & Biology & Computer Science,3,0,0.0
2019 to 20,East of England,Male,Further Maths & Physics,2,0,0.0
2019 to 20,West Midlands,Male,Further Maths & Physics,2,0,0.0
2019 to 20,East Midlands,Male,Further Maths & Physics,2,0,0.0
2019 to 20,South West,Male,Further Maths & Physics,2,1,0.011
2019 to 20,South East,Male,Further Maths & Physics,2,0,0.0
2019 to 20,North West,Male,Further Maths & Physics,2,2,0.016
2019 to 20,North East,Male,Further Maths & Physics,2,0,0.0
2019 to 20,London,Male,Further Maths & Physics,2,0,0.0
2019 to 20,Yorkshire and The Humber,Male,Further Maths & Physics,2,1,0.012
2019 to 20,East of England,All,Maths & Biology,2,505,1.89
2019 to 20,West Midlands,All,Maths & Biology,2,485,2.1
2019 to 20,East Midlands,All,Maths & Biology,2,336,1.935
2019 to 20,South West,All,Maths & Biology,2,358,1.738
2019 to 20,South East,All,Maths & Biology,2,790,1.91
2019 to 20,North West,All,Maths & Biology,2,481,1.67
2019 to 20,North East,All,Maths & Biology,2,179,1.986
2019 to 20,London,All,Maths & Biology,2,743,1.853
2019 to 20,Yorkshire and The Humber,All,Maths & Biology,2,361,1.785
2019 to 20,East of England,Female,Maths & Further Maths & Physics,3,82,0.559
2019 to 20,West Midlands,Female,Maths & Further Maths & Physics,3,65,0.487
2019 to 20,East Midlands,Female,Maths & Further Maths & Physics,3,51,0.519
2019 to 20,South West,Female,Maths & Further Maths & Physics,3,63,0.542
2019 to 20,South East,Female,Maths & Further Maths & Physics,3,146,0.642
2019 to 20,North West,Female,Maths & Further Maths & Physics,3,81,0.498
2019 to 20,North East,Female,Maths & Further Maths & Physics,3,25,0.483
2019 to 20,London,Female,Maths & Further Maths & Physics,3,205,0.911
2019 to 20,Yorkshire and The Humber,Female,Maths & Further Maths & Physics,3,51,0.438
2019 to 20,East of England,Male,Maths & Chemistry & Physics & Computer Science,4,10,0.083
2019 to 20,West Midlands,Male,Maths & Chemistry & Physics & Computer Science,4,6,0.062
2019 to 20,East Midlands,Male,Maths & Chemistry & Physics & Computer Science,4,4,0.053
2019 to 20,South West,Male,Maths & Chemistry & Physics & Computer Science,4,5,0.056
2019 to 20,South East,Male,Maths & Chemistry & Physics & Computer Science,4,8,0.043
2019 to 20,North West,Male,Maths & Chemistry & Physics & Computer Science,4,8,0.064
2019 to 20,North East,Male,Maths & Chemistry & Physics & Computer Science,4,1,0.026
2019 to 20,London,Male,Maths & Chemistry & Physics & Computer Science,4,5,0.028
2019 to 20,Yorkshire and The Humber,Male,Maths & Chemistry & Physics & Computer Science,4,5,0.058
2019 to 20,East of England,Male,Maths & Biology,2,186,1.544
2019 to 20,West Midlands,Male,Maths & Biology,2,197,2.021
2019 to 20,East Midlands,Male,Maths & Biology,2,134,1.776
2019 to 20,South West,Male,Maths & Biology,2,139,1.55
2019 to 20,South East,Male,Maths & Biology,2,312,1.676
2019 to 20,North West,Male,Maths & Biology,2,172,1.374
2019 to 20,North East,Male,Maths & Biology,2,63,1.641
2019 to 20,London,Male,Maths & Biology,2,300,1.703
2019 to 20,Yorkshire and The Humber,Male,Maths & Biology,2,127,1.48
2019 to 20,East of England,All,Maths & Further Maths & Computer Science,3,84,0.314
2019 to 20,West Midlands,All,Maths & Further Maths & Computer Science,3,56,0.242
2019 to 20,East Midlands,All,Maths & Further Maths & Computer Science,3,48,0.276
2019 to 20,South West,All,Maths & Further Maths & Computer Science,3,64,0.311
2019 to 20,South East,All,Maths & Further Maths & Computer Science,3,152,0.368
2019 to 20,North West,All,Maths & Further Maths & Computer Science,3,86,0.299
2019 to 20,North East,All,Maths & Further Maths & Computer Science,3,19,0.211
2019 to 20,London,All,Maths & Further Maths & Computer Science,3,134,0.334
2019 to 20,Yorkshire and The Humber,All,Maths & Further Maths & Computer Science,3,46,0.228
2019 to 20,East of England,Female,Further Maths & Biology & Physics,3,0,0.0
2019 to 20,West Midlands,Female,Further Maths & Biology & Physics,3,0,0.0
2019 to 20,East Midlands,Female,Further Maths & Biology & Physics,3,0,0.0
2019 to 20,South West,Female,Further Maths & Biology & Physics,3,0,0.0
2019 to 20,South East,Female,Further Maths & Biology & Physics,3,0,0.0
2019 to 20,North West,Female,Further Maths & Biology & Physics,3,0,0.0
2019 to 20,North East,Female,Further Maths & Biology & Physics,3,0,0.0
2019 to 20,London,Female,Further Maths & Biology & Physics,3,0,0.0
2019 to 20,Yorkshire and The Humber,Female,Further Maths & Biology & Physics,3,0,0.0
2019 to 20,East of England,Female,Maths & Biology,2,319,2.173
2019 to 20,West Midlands,Female,Maths & Biology,2,288,2.157
2019 to 20,East Midlands,Female,Maths & Biology,2,202,2.057
2019 to 20,South West,Female,Maths & Biology,2,219,1.883
2019 to 20,South East,Female,Maths & Biology,2,478,2.101
2019 to 20,North West,Female,Maths & Biology,2,309,1.898
2019 to 20,North East,Female,Maths & Biology,2,116,2.242
2019 to 20,London,Female,Maths & Biology,2,443,1.97
2019 to 20,Yorkshire and The Humber,Female,Maths & Biology,2,234,2.011
2019 to 20,East of England,Male,Maths & Chemistry,2,192,1.594
2019 to 20,West Midlands,Male,Maths & Chemistry,2,179,1.836
2019 to 20,East Midlands,Male,Maths & Chemistry,2,134,1.776
2019 to 20,South West,Male,Maths & Chemistry,2,128,1.427
2019 to 20,South East,Male,Maths & Chemistry,2,263,1.413
2019 to 20,North West,Male,Maths & Chemistry,2,245,1.957
2019 to 20,North East,Male,Maths & Chemistry,2,62,1.615
2019 to 20,London,Male,Maths & Chemistry,2,383,2.174
2019 to 20,Yorkshire and The Humber,Male,Maths & Chemistry,2,159,1.853
2019 to 20,East of England,All,Further Maths & Biology & Computer Science,3,0,0.0
2019 to 20,West Midlands,All,Further Maths & Biology & Computer Science,3,0,0.0
2019 to 20,East Midlands,All,Further Maths & Biology & Computer Science,3,0,0.0
2019 to 20,South West,All,Further Maths & Biology & Computer Science,3,0,0.0
2019 to 20,South East,All,Further Maths & Biology & Computer Science,3,0,0.0
2019 to 20,North West,All,Further Maths & Biology & Computer Science,3,0,0.0
2019 to 20,North East,All,Further Maths & Biology & Computer Science,3,0,0.0
2019 to 20,London,All,Further Maths & Biology & Computer Science,3,0,0.0
2019 to 20,Yorkshire and The Humber,All,Further Maths & Biology & Computer Science,3,0,0.0
2019 to 20,East of England,Female,Maths & Further Maths & Biology & Chemistry,4,46,0.313
2019 to 20,West Midlands,Female,Maths & Further Maths & Biology & Chemistry,4,25,0.187
2019 to 20,East Midlands,Female,Maths & Further Maths & Biology & Chemistry,4,19,0.193
2019 to 20,South West,Female,Maths & Further Maths & Biology & Chemistry,4,17,0.146
2019 to 20,South East,Female,Maths & Further Maths & Biology & Chemistry,4,39,0.171
2019 to 20,North West,Female,Maths & Further Maths & Biology & Chemistry,4,26,0.16
2019 to 20,North East,Female,Maths & Further Maths & Biology & Chemistry,4,15,0.29
2019 to 20,London,Female,Maths & Further Maths & Biology & Chemistry,4,39,0.173
2019 to 20,Yorkshire and The Humber,Female,Maths & Further Maths & Biology & Chemistry,4,26,0.223
2019 to 20,East of England,Female,Maths & Chemistry,2,143,0.974
2019 to 20,West Midlands,Female,Maths & Chemistry,2,163,1.221
2019 to 20,East Midlands,Female,Maths & Chemistry,2,122,1.242
2019 to 20,South West,Female,Maths & Chemistry,2,142,1.221
2019 to 20,South East,Female,Maths & Chemistry,2,289,1.27
2019 to 20,North West,Female,Maths & Chemistry,2,224,1.376
2019 to 20,North East,Female,Maths & Chemistry,2,69,1.334
2019 to 20,London,Female,Maths & Chemistry,2,391,1.738
2019 to 20,Yorkshire and The Humber,Female,Maths & Chemistry,2,144,1.237
2019 to 20,East of England,Male,Maths & Further Maths & Physics,3,311,2.582
2019 to 20,West Midlands,Male,Maths & Further Maths & Physics,3,215,2.206
2019 to 20,East Midlands,Male,Maths & Further Maths & Physics,3,190,2.519
2019 to 20,South West,Male,Maths & Further Maths & Physics,3,285,3.177
2019 to 20,South East,Male,Maths & Further Maths & Physics,3,528,2.837
2019 to 20,North West,Male,Maths & Further Maths & Physics,3,276,2.204
2019 to 20,North East,Male,Maths & Further Maths & Physics,3,79,2.058
2019 to 20,London,Male,Maths & Further Maths & Physics,3,741,4.207
2019 to 20,Yorkshire and The Humber,Male,Maths & Further Maths & Physics,3,197,2.296
2019 to 20,East of England,All,Maths & Chemistry & Physics & Computer Science,4,10,0.037
2019 to 20,West Midlands,All,Maths & Chemistry & Physics & Computer Science,4,9,0.039
2019 to 20,East Midlands,All,Maths & Chemistry & Physics & Computer Science,4,4,0.023
2019 to 20,South West,All,Maths & Chemistry & Physics & Computer Science,4,5,0.024
2019 to 20,South East,All,Maths & Chemistry & Physics & Computer Science,4,11,0.027
2019 to 20,North West,All,Maths & Chemistry & Physics & Computer Science,4,9,0.031
2019 to 20,North East,All,Maths & Chemistry & Physics & Computer Science,4,1,0.011
2019 to 20,London,All,Maths & Chemistry & Physics & Computer Science,4,6,0.015
2019 to 20,Yorkshire and The Humber,All,Maths & Chemistry & Physics & Computer Science,4,5,0.025
2019 to 20,East of England,Female,Maths,1,868,5.913
2019 to 20,West Midlands,Female,Maths,1,731,5.476
2019 to 20,East Midlands,Female,Maths,1,529,5.386
2019 to 20,South West,Female,Maths,1,616,5.295
2019 to 20,South East,Female,Maths,1,1471,6.467
2019 to 20,North West,Female,Maths,1,921,5.657
2019 to 20,North East,Female,Maths,1,246,4.755
2019 to 20,London,Female,Maths,1,1758,7.816
2019 to 20,Yorkshire and The Humber,Female,Maths,1,610,5.241
2019 to 20,East of England,Female,Maths & Further Maths & Biology & Chemistry & Physics & Computer Science,6,0,0.0
2019 to 20,West Midlands,Female,Maths & Further Maths & Biology & Chemistry & Physics & Computer Science,6,0,0.0
2019 to 20,East Midlands,Female,Maths & Further Maths & Biology & Chemistry & Physics & Computer Science,6,0,0.0
2019 to 20,South West,Female,Maths & Further Maths & Biology & Chemistry & Physics & Computer Science,6,0,0.0
2019 to 20,South East,Female,Maths & Further Maths & Biology & Chemistry & Physics & Computer Science,6,0,0.0
2019 to 20,North West,Female,Maths & Further Maths & Biology & Chemistry & Physics & Computer Science,6,0,0.0
2019 to 20,North East,Female,Maths & Further Maths & Biology & Chemistry & Physics & Computer Science,6,0,0.0
2019 to 20,London,Female,Maths & Further Maths & Biology & Chemistry & Physics & Computer Science,6,0,0.0
2019 to 20,Yorkshire and The Humber,Female,Maths & Further Maths & Biology & Chemistry & Physics & Computer Science,6,0,0.0
2019 to 20,East of England,Male,Further Maths & Biology & Physics,3,0,0.0
2019 to 20,West Midlands,Male,Further Maths & Biology & Physics,3,0,0.0
2019 to 20,East Midlands,Male,Further Maths & Biology & Physics,3,0,0.0
2019 to 20,South West,Male,Further Maths & Biology & Physics,3,0,0.0
2019 to 20,South East,Male,Further Maths & Biology & Physics,3,0,0.0
2019 to 20,North West,Male,Further Maths & Biology & Physics,3,0,0.0
2019 to 20,North East,Male,Further Maths & Biology & Physics,3,0,0.0
2019 to 20,London,Male,Further Maths & Biology & Physics,3,0,0.0
2019 to 20,Yorkshire and The Humber,Male,Further Maths & Biology & Physics,3,0,0.0
2019 to 20,East of England,All,Physics & Computer Science,2,47,0.176
2019 to 20,West Midlands,All,Physics & Computer Science,2,18,0.078
2019 to 20,East Midlands,All,Physics & Computer Science,2,28,0.161
2019 to 20,South West,All,Physics & Computer Science,2,32,0.155
2019 to 20,South East,All,Physics & Computer Science,2,43,0.104
2019 to 20,North West,All,Physics & Computer Science,2,34,0.118
2019 to 20,North East,All,Physics & Computer Science,2,23,0.255
2019 to 20,London,All,Physics & Computer Science,2,44,0.11
2019 to 20,Yorkshire and The Humber,All,Physics & Computer Science,2,25,0.124
2019 to 20,East of England,All,Maths & Chemistry,2,335,1.254
2019 to 20,West Midlands,All,Maths & Chemistry,2,342,1.481
2019 to 20,East Midlands,All,Maths & Chemistry,2,256,1.474
2019 to 20,South West,All,Maths & Chemistry,2,270,1.31
2019 to 20,South East,All,Maths & Chemistry,2,552,1.335
2019 to 20,North West,All,Maths & Chemistry,2,469,1.628
2019 to 20,North East,All,Maths & Chemistry,2,131,1.453
2019 to 20,London,All,Maths & Chemistry,2,774,1.93
2019 to 20,Yorkshire and The Humber,All,Maths & Chemistry,2,303,1.499
2019 to 20,East of England,Male,Maths & Further Maths & Chemistry & Physics,4,199,1.652
2019 to 20,West Midlands,Male,Maths & Further Maths & Chemistry & Physics,4,151,1.549
2019 to 20,East Midlands,Male,Maths & Further Maths & Chemistry & Physics,4,120,1.591
2019 to 20,South West,Male,Maths & Further Maths & Chemistry & Physics,4,128,1.427
2019 to 20,South East,Male,Maths & Further Maths & Chemistry & Physics,4,298,1.601
2019 to 20,North West,Male,Maths & Further Maths & Chemistry & Physics,4,115,0.919
2019 to 20,North East,Male,Maths & Further Maths & Chemistry & Physics,4,36,0.938
2019 to 20,London,Male,Maths & Further Maths & Chemistry & Physics,4,236,1.34
2019 to 20,Yorkshire and The Humber,Male,Maths & Further Maths & Chemistry & Physics,4,129,1.503
2019 to 20,East of England,Male,Maths & Further Maths & Biology & Chemistry,4,52,0.432
2019 to 20,West Midlands,Male,Maths & Further Maths & Biology & Chemistry,4,24,0.246
2019 to 20,East Midlands,Male,Maths & Further Maths & Biology & Chemistry,4,18,0.239
2019 to 20,South West,Male,Maths & Further Maths & Biology & Chemistry,4,17,0.19
2019 to 20,South East,Male,Maths & Further Maths & Biology & Chemistry,4,45,0.242
2019 to 20,North West,Male,Maths & Further Maths & Biology & Chemistry,4,20,0.16
2019 to 20,North East,Male,Maths & Further Maths & Biology & Chemistry,4,5,0.13
2019 to 20,London,Male,Maths & Further Maths & Biology & Chemistry,4,44,0.25
2019 to 20,Yorkshire and The Humber,Male,Maths & Further Maths & Biology & Chemistry,4,15,0.175
2019 to 20,East of England,All,Biology & Physics,2,63,0.236
2019 to 20,West Midlands,All,Biology & Physics,2,59,0.255
2019 to 20,East Midlands,All,Biology & Physics,2,57,0.328
2019 to 20,South West,All,Biology & Physics,2,50,0.243
2019 to 20,South East,All,Biology & Physics,2,91,0.22
2019 to 20,North West,All,Biology & Physics,2,57,0.198
2019 to 20,North East,All,Biology & Physics,2,14,0.155
2019 to 20,London,All,Biology & Physics,2,56,0.14
2019 to 20,Yorkshire and The Humber,All,Biology & Physics,2,35,0.173
2019 to 20,East of England,All,Maths & Further Maths & Physics,3,393,1.471
2019 to 20,West Midlands,All,Maths & Further Maths & Physics,3,280,1.212
2019 to 20,East Midlands,All,Maths & Further Maths & Physics,3,241,1.388
2019 to 20,South West,All,Maths & Further Maths & Physics,3,348,1.689
2019 to 20,South East,All,Maths & Further Maths & Physics,3,674,1.63
2019 to 20,North West,All,Maths & Further Maths & Physics,3,357,1.24
2019 to 20,North East,All,Maths & Further Maths & Physics,3,104,1.154
2019 to 20,London,All,Maths & Further Maths & Physics,3,946,2.359
2019 to 20,Yorkshire and The Humber,All,Maths & Further Maths & Physics,3,248,1.227
2019 to 20,East of England,All,Maths & Chemistry & Physics,3,480,1.796
2019 to 20,West Midlands,All,Maths & Chemistry & Physics,3,531,2.299
2019 to 20,East Midlands,All,Maths & Chemistry & Physics,3,389,2.24
2019 to 20,South West,All,Maths & Chemistry & Physics,3,438,2.126
2019 to 20,South East,All,Maths & Chemistry & Physics,3,778,1.881
2019 to 20,North West,All,Maths & Chemistry & Physics,3,710,2.465
2019 to 20,North East,All,Maths & Chemistry & Physics,3,235,2.607
2019 to 20,London,All,Maths & Chemistry & Physics,3,991,2.471
2019 to 20,Yorkshire and The Humber,All,Maths & Chemistry & Physics,3,474,2.344
2019 to 20,East of England,Male,Maths,1,1199,9.955
2019 to 20,West Midlands,Male,Maths,1,957,9.818
2019 to 20,East Midlands,Male,Maths,1,694,9.201
2019 to 20,South West,Male,Maths,1,778,8.673
2019 to 20,South East,Male,Maths,1,1804,9.693
2019 to 20,North West,Male,Maths,1,1287,10.28
2019 to 20,North East,Male,Maths,1,321,8.362
2019 to 20,London,Male,Maths,1,2167,12.302
2019 to 20,Yorkshire and The Humber,Male,Maths,1,767,8.938
2019 to 20,East of England,Male,Maths & Further Maths & Biology & Chemistry & Physics & Computer Science,6,0,0.0
2019 to 20,West Midlands,Male,Maths & Further Maths & Biology & Chemistry & Physics & Computer Science,6,0,0.0
2019 to 20,East Midlands,Male,Maths & Further Maths & Biology & Chemistry & Physics & Computer Science,6,0,0.0
2019 to 20,South West,Male,Maths & Further Maths & Biology & Chemistry & Physics & Computer Science,6,0,0.0
2019 to 20,South East,Male,Maths & Further Maths & Biology & Chemistry & Physics & Computer Science,6,0,0.0
2019 to 20,North West,Male,Maths & Further Maths & Biology & Chemistry & Physics & Computer Science,6,0,0.0
2019 to 20,North East,Male,Maths & Further Maths & Biology & Chemistry & Physics & Computer Science,6,0,0.0
2019 to 20,London,Male,Maths & Further Maths & Biology & Chemistry & Physics & Computer Science,6,0,0.0
2019 to 20,Yorkshire and The Humber,Male,Maths & Further Maths & Biology & Chemistry & Physics & Computer Science,6,0,0.0
2019 to 20,East of England,All,Further Maths & Biology & Physics,3,0,0.0
2019 to 20,West Midlands,All,Further Maths & Biology & Physics,3,0,0.0
2019 to 20,East Midlands,All,Further Maths & Biology & Physics,3,0,0.0
2019 to 20,South West,All,Further Maths & Biology & Physics,3,0,0.0
2019 to 20,South East,All,Further Maths & Biology & Physics,3,0,0.0
2019 to 20,North West,All,Further Maths & Biology & Physics,3,0,0.0
2019 to 20,North East,All,Further Maths & Biology & Physics,3,0,0.0
2019 to 20,London,All,Further Maths & Biology & Physics,3,0,0.0
2019 to 20,Yorkshire and The Humber,All,Further Maths & Biology & Physics,3,0,0.0
2019 to 20,East of England,Female,Maths & Further Maths & Biology & Computer Science,4,0,0.0
2019 to 20,West Midlands,Female,Maths & Further Maths & Biology & Computer Science,4,1,0.007
2019 to 20,East Midlands,Female,Maths & Further Maths & Biology & Computer Science,4,0,0.0
2019 to 20,South West,Female,Maths & Further Maths & Biology & Computer Science,4,0,0.0
2019 to 20,South East,Female,Maths & Further Maths & Biology & Computer Science,4,0,0.0
2019 to 20,North West,Female,Maths & Further Maths & Biology & Computer Science,4,1,0.006
2019 to 20,North East,Female,Maths & Further Maths & Biology & Computer Science,4,0,0.0
2019 to 20,London,Female,Maths & Further Maths & Biology & Computer Science,4,0,0.0
2019 to 20,Yorkshire and The Humber,Female,Maths & Further Maths & Biology & Computer Science,4,0,0.0
2019 to 20,East of England,Female,Maths & Computer Science,2,38,0.259
2019 to 20,West Midlands,Female,Maths & Computer Science,2,40,0.3
2019 to 20,East Midlands,Female,Maths & Computer Science,2,23,0.234
2019 to 20,South West,Female,Maths & Computer Science,2,31,0.266
2019 to 20,South East,Female,Maths & Computer Science,2,72,0.317
2019 to 20,North West,Female,Maths & Computer Science,2,47,0.289
2019 to 20,North East,Female,Maths & Computer Science,2,14,0.271
2019 to 20,London,Female,Maths & Computer Science,2,102,0.453
2019 to 20,Yorkshire and The Humber,Female,Maths & Computer Science,2,24,0.206
2019 to 20,East of England,All,Maths & Further Maths & Chemistry & Physics,4,247,0.924
2019 to 20,West Midlands,All,Maths & Further Maths & Chemistry & Physics,4,186,0.805
2019 to 20,East Midlands,All,Maths & Further Maths & Chemistry & Physics,4,142,0.818
2019 to 20,South West,All,Maths & Further Maths & Chemistry & Physics,4,170,0.825
2019 to 20,South East,All,Maths & Further Maths & Chemistry & Physics,4,391,0.945
2019 to 20,North West,All,Maths & Further Maths & Chemistry & Physics,4,156,0.542
2019 to 20,North East,All,Maths & Further Maths & Chemistry & Physics,4,46,0.51
2019 to 20,London,All,Maths & Further Maths & Chemistry & Physics,4,320,0.798
2019 to 20,Yorkshire and The Humber,All,Maths & Further Maths & Chemistry & Physics,4,166,0.821
2019 to 20,East of England,All,Maths & Further Maths & Biology & Chemistry,4,98,0.367
2019 to 20,West Midlands,All,Maths & Further Maths & Biology & Chemistry,4,49,0.212
2019 to 20,East Midlands,All,Maths & Further Maths & Biology & Chemistry,4,37,0.213
2019 to 20,South West,All,Maths & Further Maths & Biology & Chemistry,4,34,0.165
2019 to 20,South East,All,Maths & Further Maths & Biology & Chemistry,4,84,0.203
2019 to 20,North West,All,Maths & Further Maths & Biology & Chemistry,4,46,0.16
2019 to 20,North East,All,Maths & Further Maths & Biology & Chemistry,4,20,0.222
2019 to 20,London,All,Maths & Further Maths & Biology & Chemistry,4,83,0.207
2019 to 20,Yorkshire and The Humber,All,Maths & Further Maths & Biology & Chemistry,4,41,0.203
2019 to 20,East of England,Female,Chemistry & Computer Science,2,0,0.0
2019 to 20,West Midlands,Female,Chemistry & Computer Science,2,6,0.045
2019 to 20,East Midlands,Female,Chemistry & Computer Science,2,3,0.031
2019 to 20,South West,Female,Chemistry & Computer Science,2,3,0.026
2019 to 20,South East,Female,Chemistry & Computer Science,2,2,0.009
2019 to 20,North West,Female,Chemistry & Computer Science,2,2,0.012
2019 to 20,North East,Female,Chemistry & Computer Science,2,0,0.0
2019 to 20,London,Female,Chemistry & Computer Science,2,3,0.013
2019 to 20,Yorkshire and The Humber,Female,Chemistry & Computer Science,2,0,0.0
2019 to 20,East of England,Female,Maths & Physics & Computer Science,3,24,0.163
2019 to 20,West Midlands,Female,Maths & Physics & Computer Science,3,25,0.187
2019 to 20,East Midlands,Female,Maths & Physics & Computer Science,3,17,0.173
2019 to 20,South West,Female,Maths & Physics & Computer Science,3,18,0.155
2019 to 20,South East,Female,Maths & Physics & Computer Science,3,36,0.158
2019 to 20,North West,Female,Maths & Physics & Computer Science,3,29,0.178
2019 to 20,North East,Female,Maths & Physics & Computer Science,3,3,0.058
2019 to 20,London,Female,Maths & Physics & Computer Science,3,47,0.209
2019 to 20,Yorkshire and The Humber,Female,Maths & Physics & Computer Science,3,15,0.129
2019 to 20,East of England,Female,Maths & Further Maths & Biology,3,9,0.061
2019 to 20,West Midlands,Female,Maths & Further Maths & Biology,3,14,0.105
2019 to 20,East Midlands,Female,Maths & Further Maths & Biology,3,12,0.122
2019 to 20,South West,Female,Maths & Further Maths & Biology,3,7,0.06
2019 to 20,South East,Female,Maths & Further Maths & Biology,3,26,0.114
2019 to 20,North West,Female,Maths & Further Maths & Biology,3,10,0.061
2019 to 20,North East,Female,Maths & Further Maths & Biology,3,4,0.077
2019 to 20,London,Female,Maths & Further Maths & Biology,3,10,0.044
2019 to 20,Yorkshire and The Humber,Female,Maths & Further Maths & Biology,3,8,0.069
2019 to 20,East of England,All,Maths,1,2067,7.735
2019 to 20,West Midlands,All,Maths,1,1688,7.309
2019 to 20,East Midlands,All,Maths,1,1223,7.043
2019 to 20,South West,All,Maths,1,1394,6.766
2019 to 20,South East,All,Maths,1,3275,7.918
2019 to 20,North West,All,Maths,1,2208,7.667
2019 to 20,North East,All,Maths,1,567,6.291
2019 to 20,London,All,Maths,1,3925,9.786
2019 to 20,Yorkshire and The Humber,All,Maths,1,1377,6.81
2019 to 20,East of England,All,Maths & Further Maths & Biology & Chemistry & Physics & Computer Science,6,0,0.0
2019 to 20,West Midlands,All,Maths & Further Maths & Biology & Chemistry & Physics & Computer Science,6,0,0.0
2019 to 20,East Midlands,All,Maths & Further Maths & Biology & Chemistry & Physics & Computer Science,6,0,0.0
2019 to 20,South West,All,Maths & Further Maths & Biology & Chemistry & Physics & Computer Science,6,0,0.0
2019 to 20,South East,All,Maths & Further Maths & Biology & Chemistry & Physics & Computer Science,6,0,0.0
2019 to 20,North West,All,Maths & Further Maths & Biology & Chemistry & Physics & Computer Science,6,0,0.0
2019 to 20,North East,All,Maths & Further Maths & Biology & Chemistry & Physics & Computer Science,6,0,0.0
2019 to 20,London,All,Maths & Further Maths & Biology & Chemistry & Physics & Computer Science,6,0,0.0
2019 to 20,Yorkshire and The Humber,All,Maths & Further Maths & Biology & Chemistry & Physics & Computer Science,6,0,0.0
2019 to 20,East of England,Female,Further Maths & Chemistry & Computer Science,3,0,0.0
2019 to 20,West Midlands,Female,Further Maths & Chemistry & Computer Science,3,0,0.0
2019 to 20,East Midlands,Female,Further Maths & Chemistry & Computer Science,3,0,0.0
2019 to 20,South West,Female,Further Maths & Chemistry & Computer Science,3,0,0.0
2019 to 20,South East,Female,Further Maths & Chemistry & Computer Science,3,0,0.0
2019 to 20,North West,Female,Further Maths & Chemistry & Computer Science,3,0,0.0
2019 to 20,North East,Female,Further Maths & Chemistry & Computer Science,3,0,0.0
2019 to 20,London,Female,Further Maths & Chemistry & Computer Science,3,0,0.0
2019 to 20,Yorkshire and The Humber,Female,Further Maths & Chemistry & Computer Science,3,0,0.0
2019 to 20,East of England,Male,Maths & Further Maths & Biology & Computer Science,4,2,0.017
2019 to 20,West Midlands,Male,Maths & Further Maths & Biology & Computer Science,4,1,0.01
2019 to 20,East Midlands,Male,Maths & Further Maths & Biology & Computer Science,4,1,0.013
2019 to 20,South West,Male,Maths & Further Maths & Biology & Computer Science,4,0,0.0
2019 to 20,South East,Male,Maths & Further Maths & Biology & Computer Science,4,0,0.0
2019 to 20,North West,Male,Maths & Further Maths & Biology & Computer Science,4,0,0.0
2019 to 20,North East,Male,Maths & Further Maths & Biology & Computer Science,4,0,0.0
2019 to 20,London,Male,Maths & Further Maths & Biology & Computer Science,4,1,0.006
2019 to 20,Yorkshire and The Humber,Male,Maths & Further Maths & Biology & Computer Science,4,2,0.023
2019 to 20,East of England,Male,Maths & Computer Science,2,229,1.901
2019 to 20,West Midlands,Male,Maths & Computer Science,2,181,1.857
2019 to 20,East Midlands,Male,Maths & Computer Science,2,114,1.511
2019 to 20,South West,Male,Maths & Computer Science,2,150,1.672
2019 to 20,South East,Male,Maths & Computer Science,2,357,1.918
2019 to 20,North West,Male,Maths & Computer Science,2,299,2.388
2019 to 20,North East,Male,Maths & Computer Science,2,60,1.563
2019 to 20,London,Male,Maths & Computer Science,2,368,2.089
2019 to 20,Yorkshire and The Humber,Male,Maths & Computer Science,2,164,1.911
2019 to 20,East of England,Female,Maths & Further Maths & Physics & Computer Science,4,11,0.075
2019 to 20,West Midlands,Female,Maths & Further Maths & Physics & Computer Science,4,16,0.12
2019 to 20,East Midlands,Female,Maths & Further Maths & Physics & Computer Science,4,5,0.051
2019 to 20,South West,Female,Maths & Further Maths & Physics & Computer Science,4,14,0.12
2019 to 20,South East,Female,Maths & Further Maths & Physics & Computer Science,4,26,0.114
2019 to 20,North West,Female,Maths & Further Maths & Physics & Computer Science,4,7,0.043
2019 to 20,North East,Female,Maths & Further Maths & Physics & Computer Science,4,2,0.039
2019 to 20,London,Female,Maths & Further Maths & Physics & Computer Science,4,21,0.093
2019 to 20,Yorkshire and The Humber,Female,Maths & Further Maths & Physics & Computer Science,4,4,0.034
2019 to 20,East of England,All,Maths & Further Maths & Biology,3,23,0.086
2019 to 20,West Midlands,All,Maths & Further Maths & Biology,3,21,0.091
2019 to 20,East Midlands,All,Maths & Further Maths & Biology,3,15,0.086
2019 to 20,South West,All,Maths & Further Maths & Biology,3,19,0.092
2019 to 20,South East,All,Maths & Further Maths & Biology,3,36,0.087
2019 to 20,North West,All,Maths & Further Maths & Biology,3,20,0.069
2019 to 20,North East,All,Maths & Further Maths & Biology,3,6,0.067
2019 to 20,London,All,Maths & Further Maths & Biology,3,25,0.062
2019 to 20,Yorkshire and The Humber,All,Maths & Further Maths & Biology,3,14,0.069
2019 to 20,East of England,Male,Chemistry & Computer Science,2,8,0.066
2019 to 20,West Midlands,Male,Chemistry & Computer Science,2,10,0.103
2019 to 20,East Midlands,Male,Chemistry & Computer Science,2,8,0.106
2019 to 20,South West,Male,Chemistry & Computer Science,2,11,0.123
2019 to 20,South East,Male,Chemistry & Computer Science,2,16,0.086
2019 to 20,North West,Male,Chemistry & Computer Science,2,5,0.04
2019 to 20,North East,Male,Chemistry & Computer Science,2,0,0.0
2019 to 20,London,Male,Chemistry & Computer Science,2,15,0.085
2019 to 20,Yorkshire and The Humber,Male,Chemistry & Computer Science,2,9,0.105
2019 to 20,East of England,Male,Maths & Physics & Computer Science,3,300,2.491
2019 to 20,West Midlands,Male,Maths & Physics & Computer Science,3,268,2.75
2019 to 20,East Midlands,Male,Maths & Physics & Computer Science,3,176,2.333
2019 to 20,South West,Male,Maths & Physics & Computer Science,3,218,2.43
2019 to 20,South East,Male,Maths & Physics & Computer Science,3,476,2.557
2019 to 20,North West,Male,Maths & Physics & Computer Science,3,352,2.812
2019 to 20,North East,Male,Maths & Physics & Computer Science,3,94,2.449
2019 to 20,London,Male,Maths & Physics & Computer Science,3,385,2.186
2019 to 20,Yorkshire and The Humber,Male,Maths & Physics & Computer Science,3,178,2.074
2019 to 20,East of England,Male,Maths & Further Maths & Biology,3,14,0.116
2019 to 20,West Midlands,Male,Maths & Further Maths & Biology,3,7,0.072
2019 to 20,East Midlands,Male,Maths & Further Maths & Biology,3,3,0.04
2019 to 20,South West,Male,Maths & Further Maths & Biology,3,12,0.134
2019 to 20,South East,Male,Maths & Further Maths & Biology,3,10,0.054
2019 to 20,North West,Male,Maths & Further Maths & Biology,3,10,0.08
2019 to 20,North East,Male,Maths & Further Maths & Biology,3,2,0.052
2019 to 20,London,Male,Maths & Further Maths & Biology,3,15,0.085
2019 to 20,Yorkshire and The Humber,Male,Maths & Further Maths & Biology,3,6,0.07
2019 to 20,East of England,Female,Further Maths,1,0,0.0
2019 to 20,West Midlands,Female,Further Maths,1,0,0.0
2019 to 20,East Midlands,Female,Further Maths,1,0,0.0
2019 to 20,South West,Female,Further Maths,1,0,0.0
2019 to 20,South East,Female,Further Maths,1,1,0.004
2019 to 20,North West,Female,Further Maths,1,0,0.0
2019 to 20,North East,Female,Further Maths,1,0,0.0
2019 to 20,London,Female,Further Maths,1,0,0.0
2019 to 20,Yorkshire and The Humber,Female,Further Maths,1,0,0.0
2019 to 20,East of England,Female,Further Maths & Biology & Chemistry & Physics & Computer Science,5,0,0.0
2019 to 20,West Midlands,Female,Further Maths & Biology & Chemistry & Physics & Computer Science,5,0,0.0
2019 to 20,East Midlands,Female,Further Maths & Biology & Chemistry & Physics & Computer Science,5,0,0.0
2019 to 20,South West,Female,Further Maths & Biology & Chemistry & Physics & Computer Science,5,0,0.0
2019 to 20,South East,Female,Further Maths & Biology & Chemistry & Physics & Computer Science,5,0,0.0
2019 to 20,North West,Female,Further Maths & Biology & Chemistry & Physics & Computer Science,5,0,0.0
2019 to 20,North East,Female,Further Maths & Biology & Chemistry & Physics & Computer Science,5,0,0.0
2019 to 20,London,Female,Further Maths & Biology & Chemistry & Physics & Computer Science,5,0,0.0
2019 to 20,Yorkshire and The Humber,Female,Further Maths & Biology & Chemistry & Physics & Computer Science,5,0,0.0
2019 to 20,East of England,Male,Further Maths & Chemistry & Computer Science,3,0,0.0
2019 to 20,West Midlands,Male,Further Maths & Chemistry & Computer Science,3,0,0.0
2019 to 20,East Midlands,Male,Further Maths & Chemistry & Computer Science,3,0,0.0
2019 to 20,South West,Male,Further Maths & Chemistry & Computer Science,3,0,0.0
2019 to 20,South East,Male,Further Maths & Chemistry & Computer Science,3,0,0.0
2019 to 20,North West,Male,Further Maths & Chemistry & Computer Science,3,0,0.0
2019 to 20,North East,Male,Further Maths & Chemistry & Computer Science,3,0,0.0
2019 to 20,London,Male,Further Maths & Chemistry & Computer Science,3,0,0.0
2019 to 20,Yorkshire and The Humber,Male,Further Maths & Chemistry & Computer Science,3,0,0.0
2019 to 20,East of England,All,Maths & Further Maths & Biology & Computer Science,4,2,0.007
2019 to 20,West Midlands,All,Maths & Further Maths & Biology & Computer Science,4,2,0.009
2019 to 20,East Midlands,All,Maths & Further Maths & Biology & Computer Science,4,1,0.006
2019 to 20,South West,All,Maths & Further Maths & Biology & Computer Science,4,0,0.0
2019 to 20,South East,All,Maths & Further Maths & Biology & Computer Science,4,0,0.0
2019 to 20,North West,All,Maths & Further Maths & Biology & Computer Science,4,1,0.003
2019 to 20,North East,All,Maths & Further Maths & Biology & Computer Science,4,0,0.0
2019 to 20,London,All,Maths & Further Maths & Biology & Computer Science,4,1,0.002
2019 to 20,Yorkshire and The Humber,All,Maths & Further Maths & Biology & Computer Science,4,2,0.01
2019 to 20,East of England,All,Maths & Computer Science,2,267,0.999
2019 to 20,West Midlands,All,Maths & Computer Science,2,221,0.957
2019 to 20,East Midlands,All,Maths & Computer Science,2,137,0.789
2019 to 20,South West,All,Maths & Computer Science,2,181,0.879
2019 to 20,South East,All,Maths & Computer Science,2,429,1.037
2019 to 20,North West,All,Maths & Computer Science,2,346,1.201
2019 to 20,North East,All,Maths & Computer Science,2,74,0.821
2019 to 20,London,All,Maths & Computer Science,2,470,1.172
2019 to 20,Yorkshire and The Humber,All,Maths & Computer Science,2,188,0.93
2019 to 20,East of England,Male,Maths & Further Maths & Physics & Computer Science,4,135,1.121
2019 to 20,West Midlands,Male,Maths & Further Maths & Physics & Computer Science,4,89,0.913
2019 to 20,East Midlands,Male,Maths & Further Maths & Physics & Computer Science,4,65,0.862
2019 to 20,South West,Male,Maths & Further Maths & Physics & Computer Science,4,96,1.07
2019 to 20,South East,Male,Maths & Further Maths & Physics & Computer Science,4,211,1.134
2019 to 20,North West,Male,Maths & Further Maths & Physics & Computer Science,4,56,0.447
2019 to 20,North East,Male,Maths & Further Maths & Physics & Computer Science,4,15,0.391
2019 to 20,London,Male,Maths & Further Maths & Physics & Computer Science,4,93,0.528
2019 to 20,Yorkshire and The Humber,Male,Maths & Further Maths & Physics & Computer Science,4,55,0.641
2019 to 20,East of England,Female,Maths & Further Maths & Chemistry,3,35,0.238
2019 to 20,West Midlands,Female,Maths & Further Maths & Chemistry,3,15,0.112
2019 to 20,East Midlands,Female,Maths & Further Maths & Chemistry,3,19,0.193
2019 to 20,South West,Female,Maths & Further Maths & Chemistry,3,26,0.224
2019 to 20,South East,Female,Maths & Further Maths & Chemistry,3,55,0.242
2019 to 20,North West,Female,Maths & Further Maths & Chemistry,3,38,0.233
2019 to 20,North East,Female,Maths & Further Maths & Chemistry,3,16,0.309
2019 to 20,London,Female,Maths & Further Maths & Chemistry,3,63,0.28
2019 to 20,Yorkshire and The Humber,Female,Maths & Further Maths & Chemistry,3,26,0.223
2019 to 20,East of England,All,Chemistry & Computer Science,2,8,0.03
2019 to 20,West Midlands,All,Chemistry & Computer Science,2,16,0.069
2019 to 20,East Midlands,All,Chemistry & Computer Science,2,11,0.063
2019 to 20,South West,All,Chemistry & Computer Science,2,14,0.068
2019 to 20,South East,All,Chemistry & Computer Science,2,18,0.044
2019 to 20,North West,All,Chemistry & Computer Science,2,7,0.024
2019 to 20,North East,All,Chemistry & Computer Science,2,0,0.0
2019 to 20,London,All,Chemistry & Computer Science,2,18,0.045
2019 to 20,Yorkshire and The Humber,All,Chemistry & Computer Science,2,9,0.045
2019 to 20,East of England,All,Maths & Physics & Computer Science,3,324,1.212
2019 to 20,West Midlands,All,Maths & Physics & Computer Science,3,293,1.269
2019 to 20,East Midlands,All,Maths & Physics & Computer Science,3,193,1.111
2019 to 20,South West,All,Maths & Physics & Computer Science,3,236,1.145
2019 to 20,South East,All,Maths & Physics & Computer Science,3,512,1.238
2019 to 20,North West,All,Maths & Physics & Computer Science,3,381,1.323
2019 to 20,North East,All,Maths & Physics & Computer Science,3,97,1.076
2019 to 20,London,All,Maths & Physics & Computer Science,3,432,1.077
2019 to 20,Yorkshire and The Humber,All,Maths & Physics & Computer Science,3,193,0.955
2019 to 20,East of England,Female,Further Maths & Chemistry & Physics,3,1,0.007
2019 to 20,West Midlands,Female,Further Maths & Chemistry & Physics,3,0,0.0
2019 to 20,East Midlands,Female,Further Maths & Chemistry & Physics,3,0,0.0
2019 to 20,South West,Female,Further Maths & Chemistry & Physics,3,0,0.0
2019 to 20,South East,Female,Further Maths & Chemistry & Physics,3,0,0.0
2019 to 20,North West,Female,Further Maths & Chemistry & Physics,3,1,0.006
2019 to 20,North East,Female,Further Maths & Chemistry & Physics,3,0,0.0
2019 to 20,London,Female,Further Maths & Chemistry & Physics,3,0,0.0
2019 to 20,Yorkshire and The Humber,Female,Further Maths & Chemistry & Physics,3,0,0.0
2019 to 20,East of England,Male,Further Maths,1,0,0.0
2019 to 20,West Midlands,Male,Further Maths,1,0,0.0
2019 to 20,East Midlands,Male,Further Maths,1,0,0.0
2019 to 20,South West,Male,Further Maths,1,2,0.022
2019 to 20,South East,Male,Further Maths,1,1,0.005
2019 to 20,North West,Male,Further Maths,1,0,0.0
2019 to 20,North East,Male,Further Maths,1,1,0.026
2019 to 20,London,Male,Further Maths,1,1,0.006
2019 to 20,Yorkshire and The Humber,Male,Further Maths,1,0,0.0
2019 to 20,East of England,Male,Further Maths & Biology & Chemistry & Physics & Computer Science,5,0,0.0
2019 to 20,West Midlands,Male,Further Maths & Biology & Chemistry & Physics & Computer Science,5,0,0.0
2019 to 20,East Midlands,Male,Further Maths & Biology & Chemistry & Physics & Computer Science,5,0,0.0
2019 to 20,South West,Male,Further Maths & Biology & Chemistry & Physics & Computer Science,5,0,0.0
2019 to 20,South East,Male,Further Maths & Biology & Chemistry & Physics & Computer Science,5,0,0.0
2019 to 20,North West,Male,Further Maths & Biology & Chemistry & Physics & Computer Science,5,0,0.0
2019 to 20,North East,Male,Further Maths & Biology & Chemistry & Physics & Computer Science,5,0,0.0
2019 to 20,London,Male,Further Maths & Biology & Chemistry & Physics & Computer Science,5,0,0.0
2019 to 20,Yorkshire and The Humber,Male,Further Maths & Biology & Chemistry & Physics & Computer Science,5,0,0.0
2019 to 20,East of England,All,Further Maths & Chemistry & Computer Science,3,0,0.0
2019 to 20,West Midlands,All,Further Maths & Chemistry & Computer Science,3,0,0.0
2019 to 20,East Midlands,All,Further Maths & Chemistry & Computer Science,3,0,0.0
2019 to 20,South West,All,Further Maths & Chemistry & Computer Science,3,0,0.0
2019 to 20,South East,All,Further Maths & Chemistry & Computer Science,3,0,0.0
2019 to 20,North West,All,Further Maths & Chemistry & Computer Science,3,0,0.0
2019 to 20,North East,All,Further Maths & Chemistry & Computer Science,3,0,0.0
2019 to 20,London,All,Further Maths & Chemistry & Computer Science,3,0,0.0
2019 to 20,Yorkshire and The Humber,All,Further Maths & Chemistry & Computer Science,3,0,0.0
2019 to 20,East of England,Female,Maths & Further Maths & Biology & Physics,4,4,0.027
2019 to 20,West Midlands,Female,Maths & Further Maths & Biology & Physics,4,0,0.0
2019 to 20,East Midlands,Female,Maths & Further Maths & Biology & Physics,4,1,0.01
2019 to 20,South West,Female,Maths & Further Maths & Biology & Physics,4,5,0.043
2019 to 20,South East,Female,Maths & Further Maths & Biology & Physics,4,8,0.035
2019 to 20,North West,Female,Maths & Further Maths & Biology & Physics,4,1,0.006
2019 to 20,North East,Female,Maths & Further Maths & Biology & Physics,4,1,0.019
2019 to 20,London,Female,Maths & Further Maths & Biology & Physics,4,7,0.031
2019 to 20,Yorkshire and The Humber,Female,Maths & Further Maths & Biology & Physics,4,2,0.017
2019 to 20,East of England,Female,Maths & Further Maths,2,86,0.586
2019 to 20,West Midlands,Female,Maths & Further Maths,2,54,0.405
2019 to 20,East Midlands,Female,Maths & Further Maths,2,45,0.458
2019 to 20,South West,Female,Maths & Further Maths,2,70,0.602
2019 to 20,South East,Female,Maths & Further Maths,2,112,0.492
2019 to 20,North West,Female,Maths & Further Maths,2,87,0.534
2019 to 20,North East,Female,Maths & Further Maths,2,20,0.387
2019 to 20,London,Female,Maths & Further Maths,2,196,0.871
2019 to 20,Yorkshire and The Humber,Female,Maths & Further Maths,2,45,0.387
2019 to 20,East of England,All,Maths & Further Maths & Physics & Computer Science,4,146,0.546
2019 to 20,West Midlands,All,Maths & Further Maths & Physics & Computer Science,4,105,0.455
2019 to 20,East Midlands,All,Maths & Further Maths & Physics & Computer Science,4,70,0.403
2019 to 20,South West,All,Maths & Further Maths & Physics & Computer Science,4,110,0.534
2019 to 20,South East,All,Maths & Further Maths & Physics & Computer Science,4,237,0.573
2019 to 20,North West,All,Maths & Further Maths & Physics & Computer Science,4,63,0.219
2019 to 20,North East,All,Maths & Further Maths & Physics & Computer Science,4,17,0.189
2019 to 20,London,All,Maths & Further Maths & Physics & Computer Science,4,114,0.284
2019 to 20,Yorkshire and The Humber,All,Maths & Further Maths & Physics & Computer Science,4,59,0.292
2019 to 20,East of England,Male,Maths & Further Maths & Chemistry,3,48,0.399
2019 to 20,West Midlands,Male,Maths & Further Maths & Chemistry,3,34,0.349
2019 to 20,East Midlands,Male,Maths & Further Maths & Chemistry,3,29,0.384
2019 to 20,South West,Male,Maths & Further Maths & Chemistry,3,31,0.346
2019 to 20,South East,Male,Maths & Further Maths & Chemistry,3,73,0.392
2019 to 20,North West,Male,Maths & Further Maths & Chemistry,3,40,0.319
2019 to 20,North East,Male,Maths & Further Maths & Chemistry,3,10,0.26
2019 to 20,London,Male,Maths & Further Maths & Chemistry,3,83,0.471
2019 to 20,Yorkshire and The Humber,Male,Maths & Further Maths & Chemistry,3,28,0.326
2019 to 20,East of England,Female,Chemistry & Physics,2,13,0.089
2019 to 20,West Midlands,Female,Chemistry & Physics,2,16,0.12
2019 to 20,East Midlands,Female,Chemistry & Physics,2,7,0.071
2019 to 20,South West,Female,Chemistry & Physics,2,10,0.086
2019 to 20,South East,Female,Chemistry & Physics,2,20,0.088
2019 to 20,North West,Female,Chemistry & Physics,2,9,0.055
2019 to 20,North East,Female,Chemistry & Physics,2,4,0.077
2019 to 20,London,Female,Chemistry & Physics,2,21,0.093
2019 to 20,Yorkshire and The Humber,Female,Chemistry & Physics,2,10,0.086
2019 to 20,East of England,Female,Biology & Chemistry,2,778,5.3
2019 to 20,West Midlands,Female,Biology & Chemistry,2,1110,8.315
2019 to 20,East Midlands,Female,Biology & Chemistry,2,712,7.249
2019 to 20,South West,Female,Biology & Chemistry,2,693,5.957
2019 to 20,South East,Female,Biology & Chemistry,2,1323,5.816
2019 to 20,North West,Female,Biology & Chemistry,2,1276,7.838
2019 to 20,North East,Female,Biology & Chemistry,2,302,5.837
2019 to 20,London,Female,Biology & Chemistry,2,1833,8.15
2019 to 20,Yorkshire and The Humber,Female,Biology & Chemistry,2,909,7.811
2019 to 20,East of England,Male,Further Maths & Chemistry & Physics,3,0,0.0
2019 to 20,West Midlands,Male,Further Maths & Chemistry & Physics,3,1,0.01
2019 to 20,East Midlands,Male,Further Maths & Chemistry & Physics,3,0,0.0
2019 to 20,South West,Male,Further Maths & Chemistry & Physics,3,0,0.0
2019 to 20,South East,Male,Further Maths & Chemistry & Physics,3,1,0.005
2019 to 20,North West,Male,Further Maths & Chemistry & Physics,3,1,0.008
2019 to 20,North East,Male,Further Maths & Chemistry & Physics,3,2,0.052
2019 to 20,London,Male,Further Maths & Chemistry & Physics,3,1,0.006
2019 to 20,Yorkshire and The Humber,Male,Further Maths & Chemistry & Physics,3,1,0.012
2019 to 20,East of England,All,Further Maths,1,0,0.0
2019 to 20,West Midlands,All,Further Maths,1,0,0.0
2019 to 20,East Midlands,All,Further Maths,1,0,0.0
2019 to 20,South West,All,Further Maths,1,2,0.01
2019 to 20,South East,All,Further Maths,1,2,0.005
2019 to 20,North West,All,Further Maths,1,0,0.0
2019 to 20,North East,All,Further Maths,1,1,0.011
2019 to 20,London,All,Further Maths,1,1,0.002
2019 to 20,Yorkshire and The Humber,All,Further Maths,1,0,0.0
2019 to 20,East of England,All,Further Maths & Biology & Chemistry & Physics & Computer Science,5,0,0.0
2019 to 20,West Midlands,All,Further Maths & Biology & Chemistry & Physics & Computer Science,5,0,0.0
2019 to 20,East Midlands,All,Further Maths & Biology & Chemistry & Physics & Computer Science,5,0,0.0
2019 to 20,South West,All,Further Maths & Biology & Chemistry & Physics & Computer Science,5,0,0.0
2019 to 20,South East,All,Further Maths & Biology & Chemistry & Physics & Computer Science,5,0,0.0
2019 to 20,North West,All,Further Maths & Biology & Chemistry & Physics & Computer Science,5,0,0.0
2019 to 20,North East,All,Further Maths & Biology & Chemistry & Physics & Computer Science,5,0,0.0
2019 to 20,London,All,Further Maths & Biology & Chemistry & Physics & Computer Science,5,0,0.0
2019 to 20,Yorkshire and The Humber,All,Further Maths & Biology & Chemistry & Physics & Computer Science,5,0,0.0
2019 to 20,East of England,Male,Biology & Chemistry & Computer Science,3,13,0.108
2019 to 20,West Midlands,Male,Biology & Chemistry & Computer Science,3,12,0.123
2019 to 20,East Midlands,Male,Biology & Chemistry & Computer Science,3,11,0.146
2019 to 20,South West,Male,Biology & Chemistry & Computer Science,3,5,0.056
2019 to 20,South East,Male,Biology & Chemistry & Computer Science,3,16,0.086
2019 to 20,North West,Male,Biology & Chemistry & Computer Science,3,18,0.144
2019 to 20,North East,Male,Biology & Chemistry & Computer Science,3,3,0.078
2019 to 20,London,Male,Biology & Chemistry & Computer Science,3,13,0.074
2019 to 20,Yorkshire and The Humber,Male,Biology & Chemistry & Computer Science,3,17,0.198
2019 to 20,East of England,Male,Maths & Further Maths & Biology & Physics,4,8,0.066
2019 to 20,West Midlands,Male,Maths & Further Maths & Biology & Physics,4,6,0.062
2019 to 20,East Midlands,Male,Maths & Further Maths & Biology & Physics,4,3,0.04
2019 to 20,South West,Male,Maths & Further Maths & Biology & Physics,4,4,0.045
2019 to 20,South East,Male,Maths & Further Maths & Biology & Physics,4,26,0.14
2019 to 20,North West,Male,Maths & Further Maths & Biology & Physics,4,7,0.056
2019 to 20,North East,Male,Maths & Further Maths & Biology & Physics,4,1,0.026
2019 to 20,London,Male,Maths & Further Maths & Biology & Physics,4,14,0.079
2019 to 20,Yorkshire and The Humber,Male,Maths & Further Maths & Biology & Physics,4,5,0.058
2019 to 20,East of England,Male,Maths & Further Maths,2,127,1.054
2019 to 20,West Midlands,Male,Maths & Further Maths,2,72,0.739
2019 to 20,East Midlands,Male,Maths & Further Maths,2,67,0.888
2019 to 20,South West,Male,Maths & Further Maths,2,70,0.78
2019 to 20,South East,Male,Maths & Further Maths,2,183,0.983
2019 to 20,North West,Male,Maths & Further Maths,2,103,0.823
2019 to 20,North East,Male,Maths & Further Maths,2,24,0.625
2019 to 20,London,Male,Maths & Further Maths,2,289,1.641
2019 to 20,Yorkshire and The Humber,Male,Maths & Further Maths,2,80,0.932
2019 to 20,East of England,Female,Biology & Chemistry & Computer Science,3,4,0.027
2019 to 20,West Midlands,Female,Biology & Chemistry & Computer Science,3,7,0.052
2019 to 20,East Midlands,Female,Biology & Chemistry & Computer Science,3,1,0.01
2019 to 20,South West,Female,Biology & Chemistry & Computer Science,3,3,0.026
2019 to 20,South East,Female,Biology & Chemistry & Computer Science,3,2,0.009
2019 to 20,North West,Female,Biology & Chemistry & Computer Science,3,9,0.055
2019 to 20,North East,Female,Biology & Chemistry & Computer Science,3,0,0.0
2019 to 20,London,Female,Biology & Chemistry & Computer Science,3,9,0.04
2019 to 20,Yorkshire and The Humber,Female,Biology & Chemistry & Computer Science,3,3,0.026
2019 to 20,East of England,Male,Further Maths & Biology & Physics & Computer Science,4,0,0.0
2019 to 20,West Midlands,Male,Further Maths & Biology & Physics & Computer Science,4,0,0.0
2019 to 20,East Midlands,Male,Further Maths & Biology & Physics & Computer Science,4,0,0.0
2019 to 20,South West,Male,Further Maths & Biology & Physics & Computer Science,4,0,0.0
2019 to 20,South East,Male,Further Maths & Biology & Physics & Computer Science,4,0,0.0
2019 to 20,North West,Male,Further Maths & Biology & Physics & Computer Science,4,0,0.0
2019 to 20,North East,Male,Further Maths & Biology & Physics & Computer Science,4,0,0.0
2019 to 20,London,Male,Further Maths & Biology & Physics & Computer Science,4,0,0.0
2019 to 20,Yorkshire and The Humber,Male,Further Maths & Biology & Physics & Computer Science,4,0,0.0
2019 to 20,East of England,Male,Chemistry & Physics,2,40,0.332
2019 to 20,West Midlands,Male,Chemistry & Physics,2,39,0.4
2019 to 20,East Midlands,Male,Chemistry & Physics,2,39,0.517
2019 to 20,South West,Male,Chemistry & Physics,2,37,0.412
2019 to 20,South East,Male,Chemistry & Physics,2,57,0.306
2019 to 20,North West,Male,Chemistry & Physics,2,33,0.264
2019 to 20,North East,Male,Chemistry & Physics,2,13,0.339
2019 to 20,London,Male,Chemistry & Physics,2,33,0.187
2019 to 20,Yorkshire and The Humber,Male,Chemistry & Physics,2,23,0.268
2019 to 20,East of England,Male,Biology & Chemistry,2,358,2.972
2019 to 20,West Midlands,Male,Biology & Chemistry,2,423,4.34
2019 to 20,East Midlands,Male,Biology & Chemistry,2,247,3.275
2019 to 20,South West,Male,Biology & Chemistry,2,325,3.623
2019 to 20,South East,Male,Biology & Chemistry,2,523,2.81
2019 to 20,North West,Male,Biology & Chemistry,2,567,4.529
2019 to 20,North East,Male,Biology & Chemistry,2,120,3.126
2019 to 20,London,Male,Biology & Chemistry,2,567,3.219
2019 to 20,Yorkshire and The Humber,Male,Biology & Chemistry,2,418,4.871
2019 to 20,East of England,All,Further Maths & Chemistry & Physics,3,1,0.004
2019 to 20,West Midlands,All,Further Maths & Chemistry & Physics,3,1,0.004
2019 to 20,East Midlands,All,Further Maths & Chemistry & Physics,3,0,0.0
2019 to 20,South West,All,Further Maths & Chemistry & Physics,3,0,0.0
2019 to 20,South East,All,Further Maths & Chemistry & Physics,3,1,0.002
2019 to 20,North West,All,Further Maths & Chemistry & Physics,3,2,0.007
2019 to 20,North East,All,Further Maths & Chemistry & Physics,3,2,0.022
2019 to 20,London,All,Further Maths & Chemistry & Physics,3,1,0.002
2019 to 20,Yorkshire and The Humber,All,Further Maths & Chemistry & Physics,3,1,0.005
2019 to 20,East of England,Female,Biology,1,1303,8.877
2019 to 20,West Midlands,Female,Biology,1,1242,9.304
2019 to 20,East Midlands,Female,Biology,1,948,9.652
2019 to 20,South West,Female,Biology,1,1281,11.012
2019 to 20,South East,Female,Biology,1,1993,8.761
2019 to 20,North West,Female,Biology,1,1227,7.537
2019 to 20,North East,Female,Biology,1,451,8.717
2019 to 20,London,Female,Biology,1,1375,6.113
2019 to 20,Yorkshire and The Humber,Female,Biology,1,895,7.69
2019 to 20,East of England,Female,Maths & Biology & Chemistry & Physics & Computer Science,5,0,0.0
2019 to 20,West Midlands,Female,Maths & Biology & Chemistry & Physics & Computer Science,5,0,0.0
2019 to 20,East Midlands,Female,Maths & Biology & Chemistry & Physics & Computer Science,5,0,0.0
2019 to 20,South West,Female,Maths & Biology & Chemistry & Physics & Computer Science,5,0,0.0
2019 to 20,South East,Female,Maths & Biology & Chemistry & Physics & Computer Science,5,0,0.0
2019 to 20,North West,Female,Maths & Biology & Chemistry & Physics & Computer Science,5,0,0.0
2019 to 20,North East,Female,Maths & Biology & Chemistry & Physics & Computer Science,5,0,0.0
2019 to 20,London,Female,Maths & Biology & Chemistry & Physics & Computer Science,5,0,0.0
2019 to 20,Yorkshire and The Humber,Female,Maths & Biology & Chemistry & Physics & Computer Science,5,0,0.0
2019 to 20,East of England,All,Biology & Chemistry & Computer Science,3,17,0.064
2019 to 20,West Midlands,All,Biology & Chemistry & Computer Science,3,19,0.082
2019 to 20,East Midlands,All,Biology & Chemistry & Computer Science,3,12,0.069
2019 to 20,South West,All,Biology & Chemistry & Computer Science,3,8,0.039
2019 to 20,South East,All,Biology & Chemistry & Computer Science,3,18,0.044
2019 to 20,North West,All,Biology & Chemistry & Computer Science,3,27,0.094
2019 to 20,North East,All,Biology & Chemistry & Computer Science,3,3,0.033
2019 to 20,London,All,Biology & Chemistry & Computer Science,3,22,0.055
2019 to 20,Yorkshire and The Humber,All,Biology & Chemistry & Computer Science,3,20,0.099
2019 to 20,East of England,All,Maths & Further Maths & Biology & Physics,4,12,0.045
2019 to 20,West Midlands,All,Maths & Further Maths & Biology & Physics,4,6,0.026
2019 to 20,East Midlands,All,Maths & Further Maths & Biology & Physics,4,4,0.023
2019 to 20,South West,All,Maths & Further Maths & Biology & Physics,4,9,0.044
2019 to 20,South East,All,Maths & Further Maths & Biology & Physics,4,34,0.082
2019 to 20,North West,All,Maths & Further Maths & Biology & Physics,4,8,0.028
2019 to 20,North East,All,Maths & Further Maths & Biology & Physics,4,2,0.022
2019 to 20,London,All,Maths & Further Maths & Biology & Physics,4,21,0.052
2019 to 20,Yorkshire and The Humber,All,Maths & Further Maths & Biology & Physics,4,7,0.035
2019 to 20,East of England,All,Maths & Further Maths,2,213,0.797
2019 to 20,West Midlands,All,Maths & Further Maths,2,126,0.546
2019 to 20,East Midlands,All,Maths & Further Maths,2,112,0.645
2019 to 20,South West,All,Maths & Further Maths,2,140,0.68
2019 to 20,South East,All,Maths & Further Maths,2,295,0.713
2019 to 20,North West,All,Maths & Further Maths,2,190,0.66
2019 to 20,North East,All,Maths & Further Maths,2,44,0.488
2019 to 20,London,All,Maths & Further Maths,2,485,1.209
2019 to 20,Yorkshire and The Humber,All,Maths & Further Maths,2,125,0.618
2019 to 20,East of England,Female,Biology & Computer Science,2,3,0.02
2019 to 20,West Midlands,Female,Biology & Computer Science,2,3,0.022
2019 to 20,East Midlands,Female,Biology & Computer Science,2,4,0.041
2019 to 20,South West,Female,Biology & Computer Science,2,4,0.034
2019 to 20,South East,Female,Biology & Computer Science,2,7,0.031
2019 to 20,North West,Female,Biology & Computer Science,2,11,0.068
2019 to 20,North East,Female,Biology & Computer Science,2,2,0.039
2019 to 20,London,Female,Biology & Computer Science,2,6,0.027
2019 to 20,Yorkshire and The Humber,Female,Biology & Computer Science,2,3,0.026
2019 to 20,East of England,All,Further Maths & Biology & Physics & Computer Science,4,0,0.0
2019 to 20,West Midlands,All,Further Maths & Biology & Physics & Computer Science,4,0,0.0
2019 to 20,East Midlands,All,Further Maths & Biology & Physics & Computer Science,4,0,0.0
2019 to 20,South West,All,Further Maths & Biology & Physics & Computer Science,4,0,0.0
2019 to 20,South East,All,Further Maths & Biology & Physics & Computer Science,4,0,0.0
2019 to 20,North West,All,Further Maths & Biology & Physics & Computer Science,4,0,0.0
2019 to 20,North East,All,Further Maths & Biology & Physics & Computer Science,4,0,0.0
2019 to 20,London,All,Further Maths & Biology & Physics & Computer Science,4,0,0.0
2019 to 20,Yorkshire and The Humber,All,Further Maths & Biology & Physics & Computer Science,4,0,0.0
2019 to 20,East of England,All,Chemistry & Physics,2,53,0.198
2019 to 20,West Midlands,All,Chemistry & Physics,2,55,0.238
2019 to 20,East Midlands,All,Chemistry & Physics,2,46,0.265
2019 to 20,South West,All,Chemistry & Physics,2,47,0.228
2019 to 20,South East,All,Chemistry & Physics,2,77,0.186
2019 to 20,North West,All,Chemistry & Physics,2,42,0.146
2019 to 20,North East,All,Chemistry & Physics,2,17,0.189
2019 to 20,London,All,Chemistry & Physics,2,54,0.135
2019 to 20,Yorkshire and The Humber,All,Chemistry & Physics,2,33,0.163
2019 to 20,East of England,All,Biology & Chemistry,2,1136,4.251
2019 to 20,West Midlands,All,Biology & Chemistry,2,1533,6.638
2019 to 20,East Midlands,All,Biology & Chemistry,2,959,5.523
2019 to 20,South West,All,Biology & Chemistry,2,1018,4.941
2019 to 20,South East,All,Biology & Chemistry,2,1846,4.463
2019 to 20,North West,All,Biology & Chemistry,2,1843,6.399
2019 to 20,North East,All,Biology & Chemistry,2,422,4.682
2019 to 20,London,All,Biology & Chemistry,2,2400,5.984
2019 to 20,Yorkshire and The Humber,All,Biology & Chemistry,2,1327,6.563
2019 to 20,East of England,Female,Further Maths & Physics & Computer Science,3,0,0.0
2019 to 20,West Midlands,Female,Further Maths & Physics & Computer Science,3,0,0.0
2019 to 20,East Midlands,Female,Further Maths & Physics & Computer Science,3,0,0.0
2019 to 20,South West,Female,Further Maths & Physics & Computer Science,3,0,0.0
2019 to 20,South East,Female,Further Maths & Physics & Computer Science,3,0,0.0
2019 to 20,North West,Female,Further Maths & Physics & Computer Science,3,0,0.0
2019 to 20,North East,Female,Further Maths & Physics & Computer Science,3,0,0.0
2019 to 20,London,Female,Further Maths & Physics & Computer Science,3,0,0.0
2019 to 20,Yorkshire and The Humber,Female,Further Maths & Physics & Computer Science,3,1,0.009
2019 to 20,East of England,Male,Biology,1,544,4.517
2019 to 20,West Midlands,Male,Biology,1,476,4.884
2019 to 20,East Midlands,Male,Biology,1,395,5.237
2019 to 20,South West,Male,Biology,1,521,5.808
2019 to 20,South East,Male,Biology,1,897,4.819
2019 to 20,North West,Male,Biology,1,476,3.802
2019 to 20,North East,Male,Biology,1,168,4.376
2019 to 20,London,Male,Biology,1,596,3.383
2019 to 20,Yorkshire and The Humber,Male,Biology,1,358,4.172
2019 to 20,East of England,Male,Maths & Biology & Chemistry & Physics & Computer Science,5,0,0.0
2019 to 20,West Midlands,Male,Maths & Biology & Chemistry & Physics & Computer Science,5,0,0.0
2019 to 20,East Midlands,Male,Maths & Biology & Chemistry & Physics & Computer Science,5,0,0.0
2019 to 20,South West,Male,Maths & Biology & Chemistry & Physics & Computer Science,5,0,0.0
2019 to 20,South East,Male,Maths & Biology & Chemistry & Physics & Computer Science,5,0,0.0
2019 to 20,North West,Male,Maths & Biology & Chemistry & Physics & Computer Science,5,0,0.0
2019 to 20,North East,Male,Maths & Biology & Chemistry & Physics & Computer Science,5,0,0.0
2019 to 20,London,Male,Maths & Biology & Chemistry & Physics & Computer Science,5,0,0.0
2019 to 20,Yorkshire and The Humber,Male,Maths & Biology & Chemistry & Physics & Computer Science,5,0,0.0
2019 to 20,East of England,Female,Biology & Chemistry & Physics,3,53,0.361
2019 to 20,West Midlands,Female,Biology & Chemistry & Physics,3,62,0.464
2019 to 20,East Midlands,Female,Biology & Chemistry & Physics,3,49,0.499
2019 to 20,South West,Female,Biology & Chemistry & Physics,3,38,0.327
2019 to 20,South East,Female,Biology & Chemistry & Physics,3,70,0.308
2019 to 20,North West,Female,Biology & Chemistry & Physics,3,61,0.375
2019 to 20,North East,Female,Biology & Chemistry & Physics,3,26,0.503
2019 to 20,London,Female,Biology & Chemistry & Physics,3,74,0.329
2019 to 20,Yorkshire and The Humber,Female,Biology & Chemistry & Physics,3,41,0.352
2019 to 20,East of England,Female,Maths & Further Maths & Chemistry & Computer Science,4,3,0.02
2019 to 20,West Midlands,Female,Maths & Further Maths & Chemistry & Computer Science,4,0,0.0
2019 to 20,East Midlands,Female,Maths & Further Maths & Chemistry & Computer Science,4,1,0.01
2019 to 20,South West,Female,Maths & Further Maths & Chemistry & Computer Science,4,3,0.026
2019 to 20,South East,Female,Maths & Further Maths & Chemistry & Computer Science,4,2,0.009
2019 to 20,North West,Female,Maths & Further Maths & Chemistry & Computer Science,4,5,0.031
2019 to 20,North East,Female,Maths & Further Maths & Chemistry & Computer Science,4,2,0.039
2019 to 20,London,Female,Maths & Further Maths & Chemistry & Computer Science,4,2,0.009
2019 to 20,Yorkshire and The Humber,Female,Maths & Further Maths & Chemistry & Computer Science,4,1,0.009
2019 to 20,East of England,Female,Maths & Physics,2,192,1.308
2019 to 20,West Midlands,Female,Maths & Physics,2,150,1.124
2019 to 20,East Midlands,Female,Maths & Physics,2,142,1.446
2019 to 20,South West,Female,Maths & Physics,2,162,1.393
2019 to 20,South East,Female,Maths & Physics,2,317,1.394
2019 to 20,North West,Female,Maths & Physics,2,196,1.204
2019 to 20,North East,Female,Maths & Physics,2,70,1.353
2019 to 20,London,Female,Maths & Physics,2,369,1.641
2019 to 20,Yorkshire and The Humber,Female,Maths & Physics,2,141,1.212
2019 to 20,East of England,Male,Biology & Computer Science,2,23,0.191
2019 to 20,West Midlands,Male,Biology & Computer Science,2,9,0.092
2019 to 20,East Midlands,Male,Biology & Computer Science,2,22,0.292
2019 to 20,South West,Male,Biology & Computer Science,2,13,0.145
2019 to 20,South East,Male,Biology & Computer Science,2,16,0.086
2019 to 20,North West,Male,Biology & Computer Science,2,11,0.088
2019 to 20,North East,Male,Biology & Computer Science,2,11,0.287
2019 to 20,London,Male,Biology & Computer Science,2,27,0.153
2019 to 20,Yorkshire and The Humber,Male,Biology & Computer Science,2,10,0.117
2019 to 20,East of England,Female,Further Maths & Chemistry & Physics & Computer Science,4,0,0.0
2019 to 20,West Midlands,Female,Further Maths & Chemistry & Physics & Computer Science,4,0,0.0
2019 to 20,East Midlands,Female,Further Maths & Chemistry & Physics & Computer Science,4,0,0.0
2019 to 20,South West,Female,Further Maths & Chemistry & Physics & Computer Science,4,0,0.0
2019 to 20,South East,Female,Further Maths & Chemistry & Physics & Computer Science,4,0,0.0
2019 to 20,North West,Female,Further Maths & Chemistry & Physics & Computer Science,4,0,0.0
2019 to 20,North East,Female,Further Maths & Chemistry & Physics & Computer Science,4,0,0.0
2019 to 20,London,Female,Further Maths & Chemistry & Physics & Computer Science,4,0,0.0
2019 to 20,Yorkshire and The Humber,Female,Further Maths & Chemistry & Physics & Computer Science,4,0,0.0
2019 to 20,East of England,Female,Further Maths & Biology,2,0,0.0
2019 to 20,West Midlands,Female,Further Maths & Biology,2,0,0.0
2019 to 20,East Midlands,Female,Further Maths & Biology,2,0,0.0
2019 to 20,South West,Female,Further Maths & Biology,2,0,0.0
2019 to 20,South East,Female,Further Maths & Biology,2,0,0.0
2019 to 20,North West,Female,Further Maths & Biology,2,0,0.0
2019 to 20,North East,Female,Further Maths & Biology,2,0,0.0
2019 to 20,London,Female,Further Maths & Biology,2,0,0.0
2019 to 20,Yorkshire and The Humber,Female,Further Maths & Biology,2,0,0.0
2019 to 20,East of England,Female,Maths & Further Maths & Biology & Chemistry & Computer Science,5,0,0.0
2019 to 20,West Midlands,Female,Maths & Further Maths & Biology & Chemistry & Computer Science,5,0,0.0
2019 to 20,East Midlands,Female,Maths & Further Maths & Biology & Chemistry & Computer Science,5,0,0.0
2019 to 20,South West,Female,Maths & Further Maths & Biology & Chemistry & Computer Science,5,0,0.0
2019 to 20,South East,Female,Maths & Further Maths & Biology & Chemistry & Computer Science,5,0,0.0
2019 to 20,North West,Female,Maths & Further Maths & Biology & Chemistry & Computer Science,5,0,0.0
2019 to 20,North East,Female,Maths & Further Maths & Biology & Chemistry & Computer Science,5,0,0.0
2019 to 20,London,Female,Maths & Further Maths & Biology & Chemistry & Computer Science,5,0,0.0
2019 to 20,Yorkshire and The Humber,Female,Maths & Further Maths & Biology & Chemistry & Computer Science,5,0,0.0
2019 to 20,East of England,Male,Further Maths & Physics & Computer Science,3,0,0.0
2019 to 20,West Midlands,Male,Further Maths & Physics & Computer Science,3,0,0.0
2019 to 20,East Midlands,Male,Further Maths & Physics & Computer Science,3,1,0.013
2019 to 20,South West,Male,Further Maths & Physics & Computer Science,3,1,0.011
2019 to 20,South East,Male,Further Maths & Physics & Computer Science,3,0,0.0
2019 to 20,North West,Male,Further Maths & Physics & Computer Science,3,1,0.008
2019 to 20,North East,Male,Further Maths & Physics & Computer Science,3,0,0.0
2019 to 20,London,Male,Further Maths & Physics & Computer Science,3,0,0.0
2019 to 20,Yorkshire and The Humber,Male,Further Maths & Physics & Computer Science,3,1,0.012
2019 to 20,East of England,All,Biology,1,1847,6.912
2019 to 20,West Midlands,All,Biology,1,1718,7.439
2019 to 20,East Midlands,All,Biology,1,1343,7.734
2019 to 20,South West,All,Biology,1,1802,8.746
2019 to 20,South East,All,Biology,1,2890,6.987
2019 to 20,North West,All,Biology,1,1703,5.913
2019 to 20,North East,All,Biology,1,619,6.868
2019 to 20,London,All,Biology,1,1971,4.914
2019 to 20,Yorkshire and The Humber,All,Biology,1,1253,6.197
2019 to 20,East of England,All,Maths & Biology & Chemistry & Physics & Computer Science,5,0,0.0
2019 to 20,West Midlands,All,Maths & Biology & Chemistry & Physics & Computer Science,5,0,0.0
2019 to 20,East Midlands,All,Maths & Biology & Chemistry & Physics & Computer Science,5,0,0.0
2019 to 20,South West,All,Maths & Biology & Chemistry & Physics & Computer Science,5,0,0.0
2019 to 20,South East,All,Maths & Biology & Chemistry & Physics & Computer Science,5,0,0.0
2019 to 20,North West,All,Maths & Biology & Chemistry & Physics & Computer Science,5,0,0.0
2019 to 20,North East,All,Maths & Biology & Chemistry & Physics & Computer Science,5,0,0.0
2019 to 20,London,All,Maths & Biology & Chemistry & Physics & Computer Science,5,0,0.0
2019 to 20,Yorkshire and The Humber,All,Maths & Biology & Chemistry & Physics & Computer Science,5,0,0.0
2019 to 20,East of England,Male,Biology & Chemistry & Physics,3,78,0.648
2019 to 20,West Midlands,Male,Biology & Chemistry & Physics,3,62,0.636
2019 to 20,East Midlands,Male,Biology & Chemistry & Physics,3,62,0.822
2019 to 20,South West,Male,Biology & Chemistry & Physics,3,41,0.457
2019 to 20,South East,Male,Biology & Chemistry & Physics,3,77,0.414
2019 to 20,North West,Male,Biology & Chemistry & Physics,3,56,0.447
2019 to 20,North East,Male,Biology & Chemistry & Physics,3,30,0.781
2019 to 20,London,Male,Biology & Chemistry & Physics,3,65,0.369
2019 to 20,Yorkshire and The Humber,Male,Biology & Chemistry & Physics,3,47,0.548
2019 to 20,East of England,Male,Maths & Further Maths & Chemistry & Computer Science,4,4,0.033
2019 to 20,West Midlands,Male,Maths & Further Maths & Chemistry & Computer Science,4,6,0.062
2019 to 20,East Midlands,Male,Maths & Further Maths & Chemistry & Computer Science,4,4,0.053
2019 to 20,South West,Male,Maths & Further Maths & Chemistry & Computer Science,4,3,0.033
2019 to 20,South East,Male,Maths & Further Maths & Chemistry & Computer Science,4,7,0.038
2019 to 20,North West,Male,Maths & Further Maths & Chemistry & Computer Science,4,7,0.056
2019 to 20,North East,Male,Maths & Further Maths & Chemistry & Computer Science,4,0,0.0
2019 to 20,London,Male,Maths & Further Maths & Chemistry & Computer Science,4,3,0.017
2019 to 20,Yorkshire and The Humber,Male,Maths & Further Maths & Chemistry & Computer Science,4,3,0.035
2019 to 20,East of England,Male,Maths & Physics,2,719,5.97
2019 to 20,West Midlands,Male,Maths & Physics,2,642,6.587
2019 to 20,East Midlands,Male,Maths & Physics,2,486,6.443
2019 to 20,South West,Male,Maths & Physics,2,697,7.77
2019 to 20,South East,Male,Maths & Physics,2,1271,6.829
2019 to 20,North West,Male,Maths & Physics,2,778,6.214
2019 to 20,North East,Male,Maths & Physics,2,255,6.642
2019 to 20,London,Male,Maths & Physics,2,1250,7.096
2019 to 20,Yorkshire and The Humber,Male,Maths & Physics,2,501,5.838
2019 to 20,East of England,All,Biology & Computer Science,2,26,0.097
2019 to 20,West Midlands,All,Biology & Computer Science,2,12,0.052
2019 to 20,East Midlands,All,Biology & Computer Science,2,26,0.15
2019 to 20,South West,All,Biology & Computer Science,2,17,0.083
2019 to 20,South East,All,Biology & Computer Science,2,23,0.056
2019 to 20,North West,All,Biology & Computer Science,2,22,0.076
2019 to 20,North East,All,Biology & Computer Science,2,13,0.144
2019 to 20,London,All,Biology & Computer Science,2,33,0.082
2019 to 20,Yorkshire and The Humber,All,Biology & Computer Science,2,13,0.064
2019 to 20,East of England,Male,Further Maths & Chemistry & Physics & Computer Science,4,0,0.0
2019 to 20,West Midlands,Male,Further Maths & Chemistry & Physics & Computer Science,4,0,0.0
2019 to 20,East Midlands,Male,Further Maths & Chemistry & Physics & Computer Science,4,0,0.0
2019 to 20,South West,Male,Further Maths & Chemistry & Physics & Computer Science,4,0,0.0
2019 to 20,South East,Male,Further Maths & Chemistry & Physics & Computer Science,4,0,0.0
2019 to 20,North West,Male,Further Maths & Chemistry & Physics & Computer Science,4,0,0.0
2019 to 20,North East,Male,Further Maths & Chemistry & Physics & Computer Science,4,0,0.0
2019 to 20,London,Male,Further Maths & Chemistry & Physics & Computer Science,4,0,0.0
2019 to 20,Yorkshire and The Humber,Male,Further Maths & Chemistry & Physics & Computer Science,4,0,0.0
2019 to 20,East of England,Male,Further Maths & Biology,2,0,0.0
2019 to 20,West Midlands,Male,Further Maths & Biology,2,0,0.0
2019 to 20,East Midlands,Male,Further Maths & Biology,2,0,0.0
2019 to 20,South West,Male,Further Maths & Biology,2,0,0.0
2019 to 20,South East,Male,Further Maths & Biology,2,0,0.0
2019 to 20,North West,Male,Further Maths & Biology,2,0,0.0
2019 to 20,North East,Male,Further Maths & Biology,2,0,0.0
2019 to 20,London,Male,Further Maths & Biology,2,0,0.0
2019 to 20,Yorkshire and The Humber,Male,Further Maths & Biology,2,0,0.0
2019 to 20,East of England,Male,Maths & Further Maths & Biology & Chemistry & Computer Science,5,0,0.0
2019 to 20,West Midlands,Male,Maths & Further Maths & Biology & Chemistry & Computer Science,5,0,0.0
2019 to 20,East Midlands,Male,Maths & Further Maths & Biology & Chemistry & Computer Science,5,0,0.0
2019 to 20,South West,Male,Maths & Further Maths & Biology & Chemistry & Computer Science,5,0,0.0
2019 to 20,South East,Male,Maths & Further Maths & Biology & Chemistry & Computer Science,5,0,0.0
2019 to 20,North West,Male,Maths & Further Maths & Biology & Chemistry & Computer Science,5,0,0.0
2019 to 20,North East,Male,Maths & Further Maths & Biology & Chemistry & Computer Science,5,0,0.0
2019 to 20,London,Male,Maths & Further Maths & Biology & Chemistry & Computer Science,5,0,0.0
2019 to 20,Yorkshire and The Humber,Male,Maths & Further Maths & Biology & Chemistry & Computer Science,5,0,0.0
2019 to 20,East of England,All,Further Maths & Physics & Computer Science,3,0,0.0
2019 to 20,West Midlands,All,Further Maths & Physics & Computer Science,3,0,0.0
2019 to 20,East Midlands,All,Further Maths & Physics & Computer Science,3,1,0.006
2019 to 20,South West,All,Further Maths & Physics & Computer Science,3,1,0.005
2019 to 20,South East,All,Further Maths & Physics & Computer Science,3,0,0.0
2019 to 20,North West,All,Further Maths & Physics & Computer Science,3,1,0.003
2019 to 20,North East,All,Further Maths & Physics & Computer Science,3,0,0.0
2019 to 20,London,All,Further Maths & Physics & Computer Science,3,0,0.0
2019 to 20,Yorkshire and The Humber,All,Further Maths & Physics & Computer Science,3,2,0.01
2019 to 20,East of England,Female,Chemistry,1,89,0.606
2019 to 20,West Midlands,Female,Chemistry,1,112,0.839
2019 to 20,East Midlands,Female,Chemistry,1,100,1.018
2019 to 20,South West,Female,Chemistry,1,98,0.842
2019 to 20,South East,Female,Chemistry,1,154,0.677
2019 to 20,North West,Female,Chemistry,1,126,0.774
2019 to 20,North East,Female,Chemistry,1,53,1.024
2019 to 20,London,Female,Chemistry,1,202,0.898
2019 to 20,Yorkshire and The Humber,Female,Chemistry,1,123,1.057
2019 to 20,East of England,Female,Physics & Computer Science,2,5,0.034
2019 to 20,West Midlands,Female,Physics & Computer Science,2,2,0.015
2019 to 20,East Midlands,Female,Physics & Computer Science,2,0,0.0
2019 to 20,South West,Female,Physics & Computer Science,2,2,0.017
2019 to 20,South East,Female,Physics & Computer Science,2,0,0.0
2019 to 20,North West,Female,Physics & Computer Science,2,3,0.018
2019 to 20,North East,Female,Physics & Computer Science,2,4,0.077
2019 to 20,London,Female,Physics & Computer Science,2,0,0.0
2019 to 20,Yorkshire and The Humber,Female,Physics & Computer Science,2,2,0.017
2019 to 20,East of England,All,Biology & Chemistry & Physics,3,131,0.49
2019 to 20,West Midlands,All,Biology & Chemistry & Physics,3,124,0.537
2019 to 20,East Midlands,All,Biology & Chemistry & Physics,3,111,0.639
2019 to 20,South West,All,Biology & Chemistry & Physics,3,79,0.383
2019 to 20,South East,All,Biology & Chemistry & Physics,3,147,0.355
2019 to 20,North West,All,Biology & Chemistry & Physics,3,117,0.406
2019 to 20,North East,All,Biology & Chemistry & Physics,3,56,0.621
2019 to 20,London,All,Biology & Chemistry & Physics,3,139,0.347
2019 to 20,Yorkshire and The Humber,All,Biology & Chemistry & Physics,3,88,0.435
2019 to 20,East of England,All,Maths & Further Maths & Chemistry & Computer Science,4,7,0.026
2019 to 20,West Midlands,All,Maths & Further Maths & Chemistry & Computer Science,4,6,0.026
2019 to 20,East Midlands,All,Maths & Further Maths & Chemistry & Computer Science,4,5,0.029
2019 to 20,South West,All,Maths & Further Maths & Chemistry & Computer Science,4,6,0.029
2019 to 20,South East,All,Maths & Further Maths & Chemistry & Computer Science,4,9,0.022
2019 to 20,North West,All,Maths & Further Maths & Chemistry & Computer Science,4,12,0.042
2019 to 20,North East,All,Maths & Further Maths & Chemistry & Computer Science,4,2,0.022
2019 to 20,London,All,Maths & Further Maths & Chemistry & Computer Science,4,5,0.012
2019 to 20,Yorkshire and The Humber,All,Maths & Further Maths & Chemistry & Computer Science,4,4,0.02
2019 to 20,East of England,All,Maths & Physics,2,911,3.409
2019 to 20,West Midlands,All,Maths & Physics,2,792,3.429
2019 to 20,East Midlands,All,Maths & Physics,2,628,3.616
2019 to 20,South West,All,Maths & Physics,2,859,4.169
2019 to 20,South East,All,Maths & Physics,2,1588,3.839
2019 to 20,North West,All,Maths & Physics,2,974,3.382
2019 to 20,North East,All,Maths & Physics,2,325,3.606
2019 to 20,London,All,Maths & Physics,2,1619,4.037
2019 to 20,Yorkshire and The Humber,All,Maths & Physics,2,642,3.175
2019 to 20,East of England,Female,Biology & Physics,2,13,0.089
2019 to 20,West Midlands,Female,Biology & Physics,2,22,0.165
2019 to 20,East Midlands,Female,Biology & Physics,2,23,0.234
2019 to 20,South West,Female,Biology & Physics,2,15,0.129
2019 to 20,South East,Female,Biology & Physics,2,27,0.119
2019 to 20,North West,Female,Biology & Physics,2,20,0.123
2019 to 20,North East,Female,Biology & Physics,2,5,0.097
2019 to 20,London,Female,Biology & Physics,2,22,0.098
2019 to 20,Yorkshire and The Humber,Female,Biology & Physics,2,13,0.112
2019 to 20,East of England,All,Further Maths & Chemistry & Physics & Computer Science,4,0,0.0
2019 to 20,West Midlands,All,Further Maths & Chemistry & Physics & Computer Science,4,0,0.0
2019 to 20,East Midlands,All,Further Maths & Chemistry & Physics & Computer Science,4,0,0.0
2019 to 20,South West,All,Further Maths & Chemistry & Physics & Computer Science,4,0,0.0
2019 to 20,South East,All,Further Maths & Chemistry & Physics & Computer Science,4,0,0.0
2019 to 20,North West,All,Further Maths & Chemistry & Physics & Computer Science,4,0,0.0
2019 to 20,North East,All,Further Maths & Chemistry & Physics & Computer Science,4,0,0.0
2019 to 20,London,All,Further Maths & Chemistry & Physics & Computer Science,4,0,0.0
2019 to 20,Yorkshire and The Humber,All,Further Maths & Chemistry & Physics & Computer Science,4,0,0.0
2019 to 20,East of England,All,Further Maths & Biology,2,0,0.0
2019 to 20,West Midlands,All,Further Maths & Biology,2,0,0.0
2019 to 20,East Midlands,All,Further Maths & Biology,2,0,0.0
2019 to 20,South West,All,Further Maths & Biology,2,0,0.0
2019 to 20,South East,All,Further Maths & Biology,2,0,0.0
2019 to 20,North West,All,Further Maths & Biology,2,0,0.0
2019 to 20,North East,All,Further Maths & Biology,2,0,0.0
2019 to 20,London,All,Further Maths & Biology,2,0,0.0
2019 to 20,Yorkshire and The Humber,All,Further Maths & Biology,2,0,0.0
2019 to 20,East of England,All,Maths & Further Maths & Biology & Chemistry & Computer Science,5,0,0.0
2019 to 20,West Midlands,All,Maths & Further Maths & Biology & Chemistry & Computer Science,5,0,0.0
2019 to 20,East Midlands,All,Maths & Further Maths & Biology & Chemistry & Computer Science,5,0,0.0
2019 to 20,South West,All,Maths & Further Maths & Biology & Chemistry & Computer Science,5,0,0.0
2019 to 20,South East,All,Maths & Further Maths & Biology & Chemistry & Computer Science,5,0,0.0
2019 to 20,North West,All,Maths & Further Maths & Biology & Chemistry & Computer Science,5,0,0.0
2019 to 20,North East,All,Maths & Further Maths & Biology & Chemistry & Computer Science,5,0,0.0
2019 to 20,London,All,Maths & Further Maths & Biology & Chemistry & Computer Science,5,0,0.0
2019 to 20,Yorkshire and The Humber,All,Maths & Further Maths & Biology & Chemistry & Computer Science,5,0,0.0
2019 to 20,East of England,Female,Maths & Biology & Chemistry,3,788,5.368
2019 to 20,West Midlands,Female,Maths & Biology & Chemistry,3,765,5.731
2019 to 20,East Midlands,Female,Maths & Biology & Chemistry,3,538,5.477
2019 to 20,South West,Female,Maths & Biology & Chemistry,3,568,4.883
2019 to 20,South East,Female,Maths & Biology & Chemistry,3,1231,5.411
2019 to 20,North West,Female,Maths & Biology & Chemistry,3,1000,6.143
2019 to 20,North East,Female,Maths & Biology & Chemistry,3,288,5.566
2019 to 20,London,Female,Maths & Biology & Chemistry,3,1922,8.545
2019 to 20,Yorkshire and The Humber,Female,Maths & Biology & Chemistry,3,594,5.104
2019 to 20,East of England,Male,Chemistry,1,89,0.739
2019 to 20,West Midlands,Male,Chemistry,1,78,0.8
2019 to 20,East Midlands,Male,Chemistry,1,56,0.742
2019 to 20,South West,Male,Chemistry,1,87,0.97
2019 to 20,South East,Male,Chemistry,1,125,0.672
2019 to 20,North West,Male,Chemistry,1,84,0.671
2019 to 20,North East,Male,Chemistry,1,28,0.729
2019 to 20,London,Male,Chemistry,1,105,0.596
2019 to 20,Yorkshire and The Humber,Male,Chemistry,1,80,0.932
2019 to 20,East of England,Male,Physics & Computer Science,2,42,0.349
2019 to 20,West Midlands,Male,Physics & Computer Science,2,16,0.164
2019 to 20,East Midlands,Male,Physics & Computer Science,2,28,0.371
2019 to 20,South West,Male,Physics & Computer Science,2,30,0.334
2019 to 20,South East,Male,Physics & Computer Science,2,43,0.231
2019 to 20,North West,Male,Physics & Computer Science,2,31,0.248
2019 to 20,North East,Male,Physics & Computer Science,2,19,0.495
2019 to 20,London,Male,Physics & Computer Science,2,44,0.25
2019 to 20,Yorkshire and The Humber,Male,Physics & Computer Science,2,23,0.268
2019 to 20,East of England,Female,Biology & Physics & Computer Science,3,0,0.0
2019 to 20,West Midlands,Female,Biology & Physics & Computer Science,3,0,0.0
2019 to 20,East Midlands,Female,Biology & Physics & Computer Science,3,0,0.0
2019 to 20,South West,Female,Biology & Physics & Computer Science,3,0,0.0
2019 to 20,South East,Female,Biology & Physics & Computer Science,3,1,0.004
2019 to 20,North West,Female,Biology & Physics & Computer Science,3,0,0.0
2019 to 20,North East,Female,Biology & Physics & Computer Science,3,0,0.0
2019 to 20,London,Female,Biology & Physics & Computer Science,3,0,0.0
2019 to 20,Yorkshire and The Humber,Female,Biology & Physics & Computer Science,3,0,0.0
2019 to 20,East of England,Female,Maths & Further Maths & Chemistry & Physics,4,48,0.327
2019 to 20,West Midlands,Female,Maths & Further Maths & Chemistry & Physics,4,35,0.262
2019 to 20,East Midlands,Female,Maths & Further Maths & Chemistry & Physics,4,22,0.224
2019 to 20,South West,Female,Maths & Further Maths & Chemistry & Physics,4,42,0.361
2019 to 20,South East,Female,Maths & Further Maths & Chemistry & Physics,4,93,0.409
2019 to 20,North West,Female,Maths & Further Maths & Chemistry & Physics,4,41,0.252
2019 to 20,North East,Female,Maths & Further Maths & Chemistry & Physics,4,10,0.193
2019 to 20,London,Female,Maths & Further Maths & Chemistry & Physics,4,84,0.373
2019 to 20,Yorkshire and The Humber,Female,Maths & Further Maths & Chemistry & Physics,4,37,0.318
2019 to 20,East of England,Male,Further Maths & Chemistry,2,0,0.0
2019 to 20,West Midlands,Male,Further Maths & Chemistry,2,0,0.0
2019 to 20,East Midlands,Male,Further Maths & Chemistry,2,0,0.0
2019 to 20,South West,Male,Further Maths & Chemistry,2,0,0.0
2019 to 20,South East,Male,Further Maths & Chemistry,2,0,0.0
2019 to 20,North West,Male,Further Maths & Chemistry,2,0,0.0
2019 to 20,North East,Male,Further Maths & Chemistry,2,0,0.0
2019 to 20,London,Male,Further Maths & Chemistry,2,1,0.006
2019 to 20,Yorkshire and The Humber,Male,Further Maths & Chemistry,2,0,0.0
2019 to 20,East of England,Male,Biology & Physics,2,50,0.415
2019 to 20,West Midlands,Male,Biology & Physics,2,37,0.38
2019 to 20,East Midlands,Male,Biology & Physics,2,34,0.451
2019 to 20,South West,Male,Biology & Physics,2,35,0.39
2019 to 20,South East,Male,Biology & Physics,2,64,0.344
2019 to 20,North West,Male,Biology & Physics,2,37,0.296
2019 to 20,North East,Male,Biology & Physics,2,9,0.234
2019 to 20,London,Male,Biology & Physics,2,34,0.193
2019 to 20,Yorkshire and The Humber,Male,Biology & Physics,2,22,0.256
2019 to 20,East of England,Female,Maths & Biology & Chemistry & Computer Science,4,2,0.014
2019 to 20,West Midlands,Female,Maths & Biology & Chemistry & Computer Science,4,2,0.015
2019 to 20,East Midlands,Female,Maths & Biology & Chemistry & Computer Science,4,0,0.0
2019 to 20,South West,Female,Maths & Biology & Chemistry & Computer Science,4,3,0.026
2019 to 20,South East,Female,Maths & Biology & Chemistry & Computer Science,4,1,0.004
2019 to 20,North West,Female,Maths & Biology & Chemistry & Computer Science,4,2,0.012
2019 to 20,North East,Female,Maths & Biology & Chemistry & Computer Science,4,0,0.0
2019 to 20,London,Female,Maths & Biology & Chemistry & Computer Science,4,2,0.009
2019 to 20,Yorkshire and The Humber,Female,Maths & Biology & Chemistry & Computer Science,4,0,0.0
2019 to 20,East of England,Female,Further Maths & Chemistry,2,0,0.0
2019 to 20,West Midlands,Female,Further Maths & Chemistry,2,0,0.0
2019 to 20,East Midlands,Female,Further Maths & Chemistry,2,0,0.0
2019 to 20,South West,Female,Further Maths & Chemistry,2,0,0.0
2019 to 20,South East,Female,Further Maths & Chemistry,2,3,0.013
2019 to 20,North West,Female,Further Maths & Chemistry,2,0,0.0
2019 to 20,North East,Female,Further Maths & Chemistry,2,0,0.0
2019 to 20,London,Female,Further Maths & Chemistry,2,0,0.0
2019 to 20,Yorkshire and The Humber,Female,Further Maths & Chemistry,2,0,0.0
2019 to 20,East of England,Female,Maths & Further Maths & Biology & Chemistry & Physics,5,3,0.02
2019 to 20,West Midlands,Female,Maths & Further Maths & Biology & Chemistry & Physics,5,1,0.007
2019 to 20,East Midlands,Female,Maths & Further Maths & Biology & Chemistry & Physics,5,0,0.0
2019 to 20,South West,Female,Maths & Further Maths & Biology & Chemistry & Physics,5,0,0.0
2019 to 20,South East,Female,Maths & Further Maths & Biology & Chemistry & Physics,5,1,0.004
2019 to 20,North West,Female,Maths & Further Maths & Biology & Chemistry & Physics,5,0,0.0
2019 to 20,North East,Female,Maths & Further Maths & Biology & Chemistry & Physics,5,0,0.0
2019 to 20,London,Female,Maths & Further Maths & Biology & Chemistry & Physics,5,0,0.0
2019 to 20,Yorkshire and The Humber,Female,Maths & Further Maths & Biology & Chemistry & Physics,5,1,0.009
2019 to 20,East of England,Male,Maths & Biology & Chemistry,3,520,4.318
2019 to 20,West Midlands,Male,Maths & Biology & Chemistry,3,630,6.464
2019 to 20,East Midlands,Male,Maths & Biology & Chemistry,3,352,4.667
2019 to 20,South West,Male,Maths & Biology & Chemistry,3,351,3.913
2019 to 20,South East,Male,Maths & Biology & Chemistry,3,748,4.019
2019 to 20,North West,Male,Maths & Biology & Chemistry,3,752,6.006
2019 to 20,North East,Male,Maths & Biology & Chemistry,3,184,4.793
2019 to 20,London,Male,Maths & Biology & Chemistry,3,1204,6.835
2019 to 20,Yorkshire and The Humber,Male,Maths & Biology & Chemistry,3,448,5.221
2019 to 20,East of England,All,Chemistry,1,178,0.666
2019 to 20,West Midlands,All,Chemistry,1,190,0.823
2019 to 20,East Midlands,All,Chemistry,1,156,0.898
2019 to 20,South West,All,Chemistry,1,185,0.898
2019 to 20,South East,All,Chemistry,1,279,0.675
2019 to 20,North West,All,Chemistry,1,210,0.729
2019 to 20,North East,All,Chemistry,1,81,0.899
2019 to 20,London,All,Chemistry,1,307,0.765
2019 to 20,Yorkshire and The Humber,All,Chemistry,1,203,1.004
2019 to 20,East of England,Female,Further Maths & Biology & Chemistry & Physics,4,0,0.0
2019 to 20,West Midlands,Female,Further Maths & Biology & Chemistry & Physics,4,0,0.0
2019 to 20,East Midlands,Female,Further Maths & Biology & Chemistry & Physics,4,0,0.0
2019 to 20,South West,Female,Further Maths & Biology & Chemistry & Physics,4,0,0.0
2019 to 20,South East,Female,Further Maths & Biology & Chemistry & Physics,4,0,0.0
2019 to 20,North West,Female,Further Maths & Biology & Chemistry & Physics,4,0,0.0
2019 to 20,North East,Female,Further Maths & Biology & Chemistry & Physics,4,0,0.0
2019 to 20,London,Female,Further Maths & Biology & Chemistry & Physics,4,1,0.004
2019 to 20,Yorkshire and The Humber,Female,Further Maths & Biology & Chemistry & Physics,4,0,0.0
2019 to 20,East of England,Female,Maths & Further Maths & Biology & Physics & Computer Science,5,0,0.0
2019 to 20,West Midlands,Female,Maths & Further Maths & Biology & Physics & Computer Science,5,0,0.0
2019 to 20,East Midlands,Female,Maths & Further Maths & Biology & Physics & Computer Science,5,0,0.0
2019 to 20,South West,Female,Maths & Further Maths & Biology & Physics & Computer Science,5,0,0.0
2019 to 20,South East,Female,Maths & Further Maths & Biology & Physics & Computer Science,5,0,0.0
2019 to 20,North West,Female,Maths & Further Maths & Biology & Physics & Computer Science,5,0,0.0
2019 to 20,North East,Female,Maths & Further Maths & Biology & Physics & Computer Science,5,0,0.0
2019 to 20,London,Female,Maths & Further Maths & Biology & Physics & Computer Science,5,0,0.0
2019 to 20,Yorkshire and The Humber,Female,Maths & Further Maths & Biology & Physics & Computer Science,5,0,0.0
2019 to 20,East of England,Male,Maths & Biology & Computer Science,3,15,0.125
2019 to 20,West Midlands,Male,Maths & Biology & Computer Science,3,16,0.164
2019 to 20,East Midlands,Male,Maths & Biology & Computer Science,3,8,0.106
2019 to 20,South West,Male,Maths & Biology & Computer Science,3,11,0.123
2019 to 20,South East,Male,Maths & Biology & Computer Science,3,21,0.113
2019 to 20,North West,Male,Maths & Biology & Computer Science,3,18,0.144
2019 to 20,North East,Male,Maths & Biology & Computer Science,3,2,0.052
2019 to 20,London,Male,Maths & Biology & Computer Science,3,21,0.119
2019 to 20,Yorkshire and The Humber,Male,Maths & Biology & Computer Science,3,8,0.093
2019 to 20,East of England,All,Further Maths & Biology & Chemistry & Computer Science,4,0,0.0
2019 to 20,West Midlands,All,Further Maths & Biology & Chemistry & Computer Science,4,0,0.0
2019 to 20,East Midlands,All,Further Maths & Biology & Chemistry & Computer Science,4,0,0.0
2019 to 20,South West,All,Further Maths & Biology & Chemistry & Computer Science,4,0,0.0
2019 to 20,South East,All,Further Maths & Biology & Chemistry & Computer Science,4,0,0.0
2019 to 20,North West,All,Further Maths & Biology & Chemistry & Computer Science,4,0,0.0
2019 to 20,North East,All,Further Maths & Biology & Chemistry & Computer Science,4,0,0.0
2019 to 20,London,All,Further Maths & Biology & Chemistry & Computer Science,4,0,0.0
2019 to 20,Yorkshire and The Humber,All,Further Maths & Biology & Chemistry & Computer Science,4,0,0.0
2019 to 20,East of England,All,Maths & Further Maths & Biology & Chemistry & Physics,5,5,0.019
2019 to 20,West Midlands,All,Maths & Further Maths & Biology & Chemistry & Physics,5,4,0.017
2019 to 20,East Midlands,All,Maths & Further Maths & Biology & Chemistry & Physics,5,1,0.006
2019 to 20,South West,All,Maths & Further Maths & Biology & Chemistry & Physics,5,0,0.0
2019 to 20,South East,All,Maths & Further Maths & Biology & Chemistry & Physics,5,5,0.012
2019 to 20,North West,All,Maths & Further Maths & Biology & Chemistry & Physics,5,0,0.0
2019 to 20,North East,All,Maths & Further Maths & Biology & Chemistry & Physics,5,2,0.022
2019 to 20,London,All,Maths & Further Maths & Biology & Chemistry & Physics,5,5,0.012
2019 to 20,Yorkshire and The Humber,All,Maths & Further Maths & Biology & Chemistry & Physics,5,3,0.015
2019 to 20,East of England,Female,Maths & Biology & Computer Science,3,4,0.027
2019 to 20,West Midlands,Female,Maths & Biology & Computer Science,3,7,0.052
2019 to 20,East Midlands,Female,Maths & Biology & Computer Science,3,2,0.02
2019 to 20,South West,Female,Maths & Biology & Computer Science,3,1,0.009
2019 to 20,South East,Female,Maths & Biology & Computer Science,3,8,0.035
2019 to 20,North West,Female,Maths & Biology & Computer Science,3,8,0.049
2019 to 20,North East,Female,Maths & Biology & Computer Science,3,0,0.0
2019 to 20,London,Female,Maths & Biology & Computer Science,3,6,0.027
2019 to 20,Yorkshire and The Humber,Female,Maths & Biology & Computer Science,3,2,0.017
2019 to 20,East of England,Male,Further Maths & Biology & Chemistry & Computer Science,4,0,0.0
2019 to 20,West Midlands,Male,Further Maths & Biology & Chemistry & Computer Science,4,0,0.0
2019 to 20,East Midlands,Male,Further Maths & Biology & Chemistry & Computer Science,4,0,0.0
2019 to 20,South West,Male,Further Maths & Biology & Chemistry & Computer Science,4,0,0.0
2019 to 20,South East,Male,Further Maths & Biology & Chemistry & Computer Science,4,0,0.0
2019 to 20,North West,Male,Further Maths & Biology & Chemistry & Computer Science,4,0,0.0
2019 to 20,North East,Male,Further Maths & Biology & Chemistry & Computer Science,4,0,0.0
2019 to 20,London,Male,Further Maths & Biology & Chemistry & Computer Science,4,0,0.0
2019 to 20,Yorkshire and The Humber,Male,Further Maths & Biology & Chemistry & Computer Science,4,0,0.0
2019 to 20,East of England,Male,Maths & Further Maths & Biology & Chemistry & Physics,5,2,0.017
2019 to 20,West Midlands,Male,Maths & Further Maths & Biology & Chemistry & Physics,5,3,0.031
2019 to 20,East Midlands,Male,Maths & Further Maths & Biology & Chemistry & Physics,5,1,0.013
2019 to 20,South West,Male,Maths & Further Maths & Biology & Chemistry & Physics,5,0,0.0
2019 to 20,South East,Male,Maths & Further Maths & Biology & Chemistry & Physics,5,4,0.021
2019 to 20,North West,Male,Maths & Further Maths & Biology & Chemistry & Physics,5,0,0.0
2019 to 20,North East,Male,Maths & Further Maths & Biology & Chemistry & Physics,5,2,0.052
2019 to 20,London,Male,Maths & Further Maths & Biology & Chemistry & Physics,5,5,0.028
2019 to 20,Yorkshire and The Humber,Male,Maths & Further Maths & Biology & Chemistry & Physics,5,2,0.023
2019 to 20,East of England,All,Maths & Biology & Chemistry,3,1308,4.895
2019 to 20,West Midlands,All,Maths & Biology & Chemistry,3,1395,6.04
2019 to 20,East Midlands,All,Maths & Biology & Chemistry,3,890,5.125
2019 to 20,South West,All,Maths & Biology & Chemistry,3,919,4.461
2019 to 20,South East,All,Maths & Biology & Chemistry,3,1979,4.785
2019 to 20,North West,All,Maths & Biology & Chemistry,3,1752,6.083
2019 to 20,North East,All,Maths & Biology & Chemistry,3,472,5.237
2019 to 20,London,All,Maths & Biology & Chemistry,3,3126,7.794
2019 to 20,Yorkshire and The Humber,All,Maths & Biology & Chemistry,3,1042,5.154
2019 to 20,East of England,Female,Physics,1,31,0.211
2019 to 20,West Midlands,Female,Physics,1,25,0.187
2019 to 20,East Midlands,Female,Physics,1,26,0.265
2019 to 20,South West,Female,Physics,1,31,0.266
2019 to 20,South East,Female,Physics,1,56,0.246
2019 to 20,North West,Female,Physics,1,24,0.147
2019 to 20,North East,Female,Physics,1,7,0.135
2019 to 20,London,Female,Physics,1,40,0.178
2019 to 20,Yorkshire and The Humber,Female,Physics,1,23,0.198
2019 to 20,East of England,Male,Further Maths & Biology & Chemistry & Physics,4,0,0.0
2019 to 20,West Midlands,Male,Further Maths & Biology & Chemistry & Physics,4,0,0.0
2019 to 20,East Midlands,Male,Further Maths & Biology & Chemistry & Physics,4,0,0.0
2019 to 20,South West,Male,Further Maths & Biology & Chemistry & Physics,4,1,0.011
2019 to 20,South East,Male,Further Maths & Biology & Chemistry & Physics,4,0,0.0
2019 to 20,North West,Male,Further Maths & Biology & Chemistry & Physics,4,0,0.0
2019 to 20,North East,Male,Further Maths & Biology & Chemistry & Physics,4,0,0.0
2019 to 20,London,Male,Further Maths & Biology & Chemistry & Physics,4,0,0.0
2019 to 20,Yorkshire and The Humber,Male,Further Maths & Biology & Chemistry & Physics,4,0,0.0
2019 to 20,East of England,Male,Maths & Further Maths & Biology & Physics & Computer Science,5,0,0.0
2019 to 20,West Midlands,Male,Maths & Further Maths & Biology & Physics & Computer Science,5,0,0.0
2019 to 20,East Midlands,Male,Maths & Further Maths & Biology & Physics & Computer Science,5,0,0.0
2019 to 20,South West,Male,Maths & Further Maths & Biology & Physics & Computer Science,5,0,0.0
2019 to 20,South East,Male,Maths & Further Maths & Biology & Physics & Computer Science,5,0,0.0
2019 to 20,North West,Male,Maths & Further Maths & Biology & Physics & Computer Science,5,0,0.0
2019 to 20,North East,Male,Maths & Further Maths & Biology & Physics & Computer Science,5,0,0.0
2019 to 20,London,Male,Maths & Further Maths & Biology & Physics & Computer Science,5,0,0.0
2019 to 20,Yorkshire and The Humber,Male,Maths & Further Maths & Biology & Physics & Computer Science,5,0,0.0
2019 to 20,East of England,All,Maths & Biology & Computer Science,3,19,0.071
2019 to 20,West Midlands,All,Maths & Biology & Computer Science,3,23,0.1
2019 to 20,East Midlands,All,Maths & Biology & Computer Science,3,10,0.058
2019 to 20,South West,All,Maths & Biology & Computer Science,3,12,0.058
2019 to 20,South East,All,Maths & Biology & Computer Science,3,29,0.07
2019 to 20,North West,All,Maths & Biology & Computer Science,3,26,0.09
2019 to 20,North East,All,Maths & Biology & Computer Science,3,2,0.022
2019 to 20,London,All,Maths & Biology & Computer Science,3,27,0.067
2019 to 20,Yorkshire and The Humber,All,Maths & Biology & Computer Science,3,10,0.049
2019 to 20,East of England,Female,Computer Science,1,50,0.341
2019 to 20,West Midlands,Female,Computer Science,1,47,0.352
2019 to 20,East Midlands,Female,Computer Science,1,30,0.305
2019 to 20,South West,Female,Computer Science,1,28,0.241
2019 to 20,South East,Female,Computer Science,1,65,0.286
2019 to 20,North West,Female,Computer Science,1,63,0.387
2019 to 20,North East,Female,Computer Science,1,14,0.271
2019 to 20,London,Female,Computer Science,1,87,0.387
2019 to 20,Yorkshire and The Humber,Female,Computer Science,1,18,0.155
2019 to 20,East of England,Male,Zero Maths/Science subjects,0,5430,45.085
2019 to 20,West Midlands,Male,Zero Maths/Science subjects,0,3942,40.443
2019 to 20,East Midlands,Male,Zero Maths/Science subjects,0,3241,42.967
2019 to 20,South West,Male,Zero Maths/Science subjects,0,3856,42.988
2019 to 20,South East,Male,Zero Maths/Science subjects,0,8527,45.815
2019 to 20,North West,Male,Zero Maths/Science subjects,0,5459,43.602
2019 to 20,North East,Male,Zero Maths/Science subjects,0,1809,47.122
2019 to 20,London,Male,Zero Maths/Science subjects,0,6922,39.296
2019 to 20,Yorkshire and The Humber,Male,Zero Maths/Science subjects,0,3893,45.368
2019 to 20,East of England,Male,Maths & Further Maths & Chemistry & Physics & Computer Science,5,4,0.033
2019 to 20,West Midlands,Male,Maths & Further Maths & Chemistry & Physics & Computer Science,5,3,0.031
2019 to 20,East Midlands,Male,Maths & Further Maths & Chemistry & Physics & Computer Science,5,2,0.027
2019 to 20,South West,Male,Maths & Further Maths & Chemistry & Physics & Computer Science,5,0,0.0
2019 to 20,South East,Male,Maths & Further Maths & Chemistry & Physics & Computer Science,5,1,0.005
2019 to 20,North West,Male,Maths & Further Maths & Chemistry & Physics & Computer Science,5,1,0.008
2019 to 20,North East,Male,Maths & Further Maths & Chemistry & Physics & Computer Science,5,0,0.0
2019 to 20,London,Male,Maths & Further Maths & Chemistry & Physics & Computer Science,5,0,0.0
2019 to 20,Yorkshire and The Humber,Male,Maths & Further Maths & Chemistry & Physics & Computer Science,5,0,0.0
2019 to 20,East of England,All,Physics,1,206,0.771
2019 to 20,West Midlands,All,Physics,1,134,0.58
2019 to 20,East Midlands,All,Physics,1,144,0.829
2019 to 20,South West,All,Physics,1,168,0.815
2019 to 20,South East,All,Physics,1,292,0.706
2019 to 20,North West,All,Physics,1,151,0.524
2019 to 20,North East,All,Physics,1,60,0.666
2019 to 20,London,All,Physics,1,159,0.396
2019 to 20,Yorkshire and The Humber,All,Physics,1,109,0.539
2019 to 20,East of England,Female,Further Maths & Biology & Physics & Computer Science,4,0,0.0
2019 to 20,West Midlands,Female,Further Maths & Biology & Physics & Computer Science,4,0,0.0
2019 to 20,East Midlands,Female,Further Maths & Biology & Physics & Computer Science,4,0,0.0
2019 to 20,South West,Female,Further Maths & Biology & Physics & Computer Science,4,0,0.0
2019 to 20,South East,Female,Further Maths & Biology & Physics & Computer Science,4,0,0.0
2019 to 20,North West,Female,Further Maths & Biology & Physics & Computer Science,4,0,0.0
2019 to 20,North East,Female,Further Maths & Biology & Physics & Computer Science,4,0,0.0
2019 to 20,London,Female,Further Maths & Biology & Physics & Computer Science,4,0,0.0
2019 to 20,Yorkshire and The Humber,Female,Further Maths & Biology & Physics & Computer Science,4,0,0.0
2019 to 20,East of England,Female,Maths & Further Maths & Chemistry & Physics & Computer Science,5,0,0.0
2019 to 20,West Midlands,Female,Maths & Further Maths & Chemistry & Physics & Computer Science,5,2,0.015
2019 to 20,East Midlands,Female,Maths & Further Maths & Chemistry & Physics & Computer Science,5,0,0.0
2019 to 20,South West,Female,Maths & Further Maths & Chemistry & Physics & Computer Science,5,0,0.0
2019 to 20,South East,Female,Maths & Further Maths & Chemistry & Physics & Computer Science,5,0,0.0
2019 to 20,North West,Female,Maths & Further Maths & Chemistry & Physics & Computer Science,5,0,0.0
2019 to 20,North East,Female,Maths & Further Maths & Chemistry & Physics & Computer Science,5,0,0.0
2019 to 20,London,Female,Maths & Further Maths & Chemistry & Physics & Computer Science,5,0,0.0
2019 to 20,Yorkshire and The Humber,Female,Maths & Further Maths & Chemistry & Physics & Computer Science,5,0,0.0
2019 to 20,East of England,Male,Physics,1,175,1.453
2019 to 20,West Midlands,Male,Physics,1,109,1.118
2019 to 20,East Midlands,Male,Physics,1,118,1.564
2019 to 20,South West,Male,Physics,1,137,1.527
2019 to 20,South East,Male,Physics,1,236,1.268
2019 to 20,North West,Male,Physics,1,127,1.014
2019 to 20,North East,Male,Physics,1,53,1.381
2019 to 20,London,Male,Physics,1,119,0.676
2019 to 20,Yorkshire and The Humber,Male,Physics,1,86,1.002
2019 to 20,East of England,All,Further Maths & Biology & Chemistry & Physics,4,0,0.0
2019 to 20,West Midlands,All,Further Maths & Biology & Chemistry & Physics,4,0,0.0
2019 to 20,East Midlands,All,Further Maths & Biology & Chemistry & Physics,4,0,0.0
2019 to 20,South West,All,Further Maths & Biology & Chemistry & Physics,4,1,0.005
2019 to 20,South East,All,Further Maths & Biology & Chemistry & Physics,4,0,0.0
2019 to 20,North West,All,Further Maths & Biology & Chemistry & Physics,4,0,0.0
2019 to 20,North East,All,Further Maths & Biology & Chemistry & Physics,4,0,0.0
2019 to 20,London,All,Further Maths & Biology & Chemistry & Physics,4,1,0.002
2019 to 20,Yorkshire and The Humber,All,Further Maths & Biology & Chemistry & Physics,4,0,0.0
2019 to 20,East of England,All,Maths & Further Maths & Biology & Physics & Computer Science,5,0,0.0
2019 to 20,West Midlands,All,Maths & Further Maths & Biology & Physics & Computer Science,5,0,0.0
2019 to 20,East Midlands,All,Maths & Further Maths & Biology & Physics & Computer Science,5,0,0.0
2019 to 20,South West,All,Maths & Further Maths & Biology & Physics & Computer Science,5,0,0.0
2019 to 20,South East,All,Maths & Further Maths & Biology & Physics & Computer Science,5,0,0.0
2019 to 20,North West,All,Maths & Further Maths & Biology & Physics & Computer Science,5,0,0.0
2019 to 20,North East,All,Maths & Further Maths & Biology & Physics & Computer Science,5,0,0.0
2019 to 20,London,All,Maths & Further Maths & Biology & Physics & Computer Science,5,0,0.0
2019 to 20,Yorkshire and The Humber,All,Maths & Further Maths & Biology & Physics & Computer Science,5,0,0.0
2019 to 20,East of England,Female,Maths & Biology & Physics,3,27,0.184
2019 to 20,West Midlands,Female,Maths & Biology & Physics,3,31,0.232
2019 to 20,East Midlands,Female,Maths & Biology & Physics,3,23,0.234
2019 to 20,South West,Female,Maths & Biology & Physics,3,19,0.163
2019 to 20,South East,Female,Maths & Biology & Physics,3,68,0.299
2019 to 20,North West,Female,Maths & Biology & Physics,3,29,0.178
2019 to 20,North East,Female,Maths & Biology & Physics,3,8,0.155
2019 to 20,London,Female,Maths & Biology & Physics,3,54,0.24
2019 to 20,Yorkshire and The Humber,Female,Maths & Biology & Physics,3,19,0.163
2019 to 20,East of England,Male,Computer Science,1,291,2.416
2019 to 20,West Midlands,Male,Computer Science,1,191,1.96
2019 to 20,East Midlands,Male,Computer Science,1,194,2.572
2019 to 20,South West,Male,Computer Science,1,189,2.107
2019 to 20,South East,Male,Computer Science,1,382,2.052
2019 to 20,North West,Male,Computer Science,1,273,2.181
2019 to 20,North East,Male,Computer Science,1,96,2.501
2019 to 20,London,Male,Computer Science,1,343,1.947
2019 to 20,Yorkshire and The Humber,Male,Computer Science,1,188,2.191
2019 to 20,East of England,All,Zero Maths/Science subjects,0,14883,55.694
2019 to 20,West Midlands,All,Zero Maths/Science subjects,0,12054,52.191
2019 to 20,East Midlands,All,Zero Maths/Science subjects,0,9282,53.452
2019 to 20,South West,All,Zero Maths/Science subjects,0,11132,54.031
2019 to 20,South East,All,Zero Maths/Science subjects,0,22798,55.121
2019 to 20,North West,All,Zero Maths/Science subjects,0,15634,54.285
2019 to 20,North East,All,Zero Maths/Science subjects,0,5162,57.273
2019 to 20,London,All,Zero Maths/Science subjects,0,19676,49.059
2019 to 20,Yorkshire and The Humber,All,Zero Maths/Science subjects,0,11377,56.269
2019 to 20,East of England,All,Maths & Further Maths & Chemistry & Physics & Computer Science,5,4,0.015
2019 to 20,West Midlands,All,Maths & Further Maths & Chemistry & Physics & Computer Science,5,5,0.022
2019 to 20,East Midlands,All,Maths & Further Maths & Chemistry & Physics & Computer Science,5,2,0.012
2019 to 20,South West,All,Maths & Further Maths & Chemistry & Physics & Computer Science,5,0,0.0
2019 to 20,South East,All,Maths & Further Maths & Chemistry & Physics & Computer Science,5,1,0.002
2019 to 20,North West,All,Maths & Further Maths & Chemistry & Physics & Computer Science,5,1,0.003
2019 to 20,North East,All,Maths & Further Maths & Chemistry & Physics & Computer Science,5,0,0.0
2019 to 20,London,All,Maths & Further Maths & Chemistry & Physics & Computer Science,5,0,0.0
2019 to 20,Yorkshire and The Humber,All,Maths & Further Maths & Chemistry & Physics & Computer Science,5,0,0.0
2019 to 20,East of England,Female,Maths & Chemistry & Computer Science,3,4,0.027
2019 to 20,West Midlands,Female,Maths & Chemistry & Computer Science,3,14,0.105
2019 to 20,East Midlands,Female,Maths & Chemistry & Computer Science,3,4,0.041
2019 to 20,South West,Female,Maths & Chemistry & Computer Science,3,2,0.017
2019 to 20,South East,Female,Maths & Chemistry & Computer Science,3,10,0.044
2019 to 20,North West,Female,Maths & Chemistry & Computer Science,3,13,0.08
2019 to 20,North East,Female,Maths & Chemistry & Computer Science,3,2,0.039
2019 to 20,London,Female,Maths & Chemistry & Computer Science,3,13,0.058
2019 to 20,Yorkshire and The Humber,Female,Maths & Chemistry & Computer Science,3,3,0.026
2019 to 20,East of England,Male,Maths & Chemistry & Physics,3,369,3.064
2019 to 20,West Midlands,Male,Maths & Chemistry & Physics,3,421,4.319
2019 to 20,East Midlands,Male,Maths & Chemistry & Physics,3,313,4.15
2019 to 20,South West,Male,Maths & Chemistry & Physics,3,341,3.802
2019 to 20,South East,Male,Maths & Chemistry & Physics,3,593,3.186
2019 to 20,North West,Male,Maths & Chemistry & Physics,3,543,4.337
2019 to 20,North East,Male,Maths & Chemistry & Physics,3,199,5.184
2019 to 20,London,Male,Maths & Chemistry & Physics,3,729,4.139
2019 to 20,Yorkshire and The Humber,Male,Maths & Chemistry & Physics,3,371,4.324
2019 to 20,East of England,All,Maths & Biology & Physics,3,127,0.475
2019 to 20,West Midlands,All,Maths & Biology & Physics,3,144,0.623
2019 to 20,East Midlands,All,Maths & Biology & Physics,3,100,0.576
2019 to 20,South West,All,Maths & Biology & Physics,3,123,0.597
2019 to 20,South East,All,Maths & Biology & Physics,3,216,0.522
2019 to 20,North West,All,Maths & Biology & Physics,3,116,0.403
2019 to 20,North East,All,Maths & Biology & Physics,3,37,0.411
2019 to 20,London,All,Maths & Biology & Physics,3,219,0.546
2019 to 20,Yorkshire and The Humber,All,Maths & Biology & Physics,3,77,0.381
2019 to 20,East of England,Female,Zero Maths/Science subjects,0,9453,64.398
2019 to 20,West Midlands,Female,Zero Maths/Science subjects,0,8112,60.769
2019 to 20,East Midlands,Female,Zero Maths/Science subjects,0,6041,61.505
2019 to 20,South West,Female,Zero Maths/Science subjects,0,7276,62.546
2019 to 20,South East,Female,Zero Maths/Science subjects,0,14271,62.735
2019 to 20,North West,Female,Zero Maths/Science subjects,0,10175,62.5
2019 to 20,North East,Female,Zero Maths/Science subjects,0,3353,64.805
2019 to 20,London,Female,Zero Maths/Science subjects,0,12754,56.705
2019 to 20,Yorkshire and The Humber,Female,Zero Maths/Science subjects,0,7484,64.307
2019 to 20,East of England,Male,Maths & Biology & Physics,3,100,0.83
2019 to 20,West Midlands,Male,Maths & Biology & Physics,3,113,1.159
2019 to 20,East Midlands,Male,Maths & Biology & Physics,3,77,1.021
2019 to 20,South West,Male,Maths & Biology & Physics,3,104,1.159
2019 to 20,South East,Male,Maths & Biology & Physics,3,148,0.795
2019 to 20,North West,Male,Maths & Biology & Physics,3,87,0.695
2019 to 20,North East,Male,Maths & Biology & Physics,3,29,0.755
2019 to 20,London,Male,Maths & Biology & Physics,3,165,0.937
2019 to 20,Yorkshire and The Humber,Male,Maths & Biology & Physics,3,58,0.676
2019 to 20,East of England,All,Computer Science,1,341,1.276
2019 to 20,West Midlands,All,Computer Science,1,238,1.03
2019 to 20,East Midlands,All,Computer Science,1,224,1.29
2019 to 20,South West,All,Computer Science,1,217,1.053
2019 to 20,South East,All,Computer Science,1,447,1.081
2019 to 20,North West,All,Computer Science,1,336,1.167
2019 to 20,North East,All,Computer Science,1,110,1.22
2019 to 20,London,All,Computer Science,1,430,1.072
2019 to 20,Yorkshire and The Humber,All,Computer Science,1,206,1.019
2019 to 20,East of England,Female,Biology & Chemistry & Physics & Computer Science,4,0,0.0
2019 to 20,West Midlands,Female,Biology & Chemistry & Physics & Computer Science,4,0,0.0
2019 to 20,East Midlands,Female,Biology & Chemistry & Physics & Computer Science,4,0,0.0
2019 to 20,South West,Female,Biology & Chemistry & Physics & Computer Science,4,0,0.0
2019 to 20,South East,Female,Biology & Chemistry & Physics & Computer Science,4,0,0.0
2019 to 20,North West,Female,Biology & Chemistry & Physics & Computer Science,4,0,0.0
2019 to 20,North East,Female,Biology & Chemistry & Physics & Computer Science,4,0,0.0
2019 to 20,London,Female,Biology & Chemistry & Physics & Computer Science,4,0,0.0
2019 to 20,Yorkshire and The Humber,Female,Biology & Chemistry & Physics & Computer Science,4,0,0.0
2019 to 20,East of England,Male,Maths & Chemistry & Computer Science,3,29,0.241
2019 to 20,West Midlands,Male,Maths & Chemistry & Computer Science,3,30,0.308
2019 to 20,East Midlands,Male,Maths & Chemistry & Computer Science,3,18,0.239
2019 to 20,South West,Male,Maths & Chemistry & Computer Science,3,13,0.145
2019 to 20,South East,Male,Maths & Chemistry & Computer Science,3,41,0.22
2019 to 20,North West,Male,Maths & Chemistry & Computer Science,3,47,0.375
2019 to 20,North East,Male,Maths & Chemistry & Computer Science,3,8,0.208
2019 to 20,London,Male,Maths & Chemistry & Computer Science,3,39,0.221
2019 to 20,Yorkshire and The Humber,Male,Maths & Chemistry & Computer Science,3,26,0.303
2019 to 20,East of England,Female,Further Maths & Biology & Chemistry & Computer Science,4,0,0.0
2019 to 20,West Midlands,Female,Further Maths & Biology & Chemistry & Computer Science,4,0,0.0
2019 to 20,East Midlands,Female,Further Maths & Biology & Chemistry & Computer Science,4,0,0.0
2019 to 20,South West,Female,Further Maths & Biology & Chemistry & Computer Science,4,0,0.0
2019 to 20,South East,Female,Further Maths & Biology & Chemistry & Computer Science,4,0,0.0
2019 to 20,North West,Female,Further Maths & Biology & Chemistry & Computer Science,4,0,0.0
2019 to 20,North East,Female,Further Maths & Biology & Chemistry & Computer Science,4,0,0.0
2019 to 20,London,Female,Further Maths & Biology & Chemistry & Computer Science,4,0,0.0
2019 to 20,Yorkshire and The Humber,Female,Further Maths & Biology & Chemistry & Computer Science,4,0,0.0
2019 to 20,East of England,All,Biology & Chemistry & Physics & Computer Science,4,1,0.004
2019 to 20,West Midlands,All,Biology & Chemistry & Physics & Computer Science,4,0,0.0
2019 to 20,East Midlands,All,Biology & Chemistry & Physics & Computer Science,4,0,0.0
2019 to 20,South West,All,Biology & Chemistry & Physics & Computer Science,4,0,0.0
2019 to 20,South East,All,Biology & Chemistry & Physics & Computer Science,4,0,0.0
2019 to 20,North West,All,Biology & Chemistry & Physics & Computer Science,4,0,0.0
2019 to 20,North East,All,Biology & Chemistry & Physics & Computer Science,4,0,0.0
2019 to 20,London,All,Biology & Chemistry & Physics & Computer Science,4,1,0.002
2019 to 20,Yorkshire and The Humber,All,Biology & Chemistry & Physics & Computer Science,4,0,0.0
2019 to 20,East of England,Female,Maths & Chemistry & Physics,3,111,0.756
2019 to 20,West Midlands,Female,Maths & Chemistry & Physics,3,110,0.824
2019 to 20,East Midlands,Female,Maths & Chemistry & Physics,3,76,0.774
2019 to 20,South West,Female,Maths & Chemistry & Physics,3,97,0.834
2019 to 20,South East,Female,Maths & Chemistry & Physics,3,185,0.813
2019 to 20,North West,Female,Maths & Chemistry & Physics,3,167,1.026
2019 to 20,North East,Female,Maths & Chemistry & Physics,3,36,0.696
2019 to 20,London,Female,Maths & Chemistry & Physics,3,262,1.165
2019 to 20,Yorkshire and The Humber,Female,Maths & Chemistry & Physics,3,103,0.885
2019 to 20,East of England,Male,Biology & Chemistry & Physics & Computer Science,4,1,0.008
2019 to 20,West Midlands,Male,Biology & Chemistry & Physics & Computer Science,4,0,0.0
2019 to 20,East Midlands,Male,Biology & Chemistry & Physics & Computer Science,4,0,0.0
2019 to 20,South West,Male,Biology & Chemistry & Physics & Computer Science,4,0,0.0
2019 to 20,South East,Male,Biology & Chemistry & Physics & Computer Science,4,0,0.0
2019 to 20,North West,Male,Biology & Chemistry & Physics & Computer Science,4,0,0.0
2019 to 20,North East,Male,Biology & Chemistry & Physics & Computer Science,4,0,0.0
2019 to 20,London,Male,Biology & Chemistry & Physics & Computer Science,4,1,0.006
2019 to 20,Yorkshire and The Humber,Male,Biology & Chemistry & Physics & Computer Science,4,0,0.0
2019 to 20,East of England,All,Maths & Chemistry & Computer Science,3,33,0.123
2019 to 20,West Midlands,All,Maths & Chemistry & Computer Science,3,44,0.191
2019 to 20,East Midlands,All,Maths & Chemistry & Computer Science,3,22,0.127
2019 to 20,South West,All,Maths & Chemistry & Computer Science,3,15,0.073
2019 to 20,South East,All,Maths & Chemistry & Computer Science,3,51,0.123
2019 to 20,North West,All,Maths & Chemistry & Computer Science,3,60,0.208
2019 to 20,North East,All,Maths & Chemistry & Computer Science,3,10,0.111
2019 to 20,London,All,Maths & Chemistry & Computer Science,3,52,0.13
2019 to 20,Yorkshire and The Humber,All,Maths & Chemistry & Computer Science,3,29,0.143
2020 to 21,North East,Male,Further Maths & Physics,2,0,0.0
2020 to 21,London,Male,Further Maths & Physics,2,1,0.006
2020 to 21,South West,Male,Further Maths & Physics,2,0,0.0
2020 to 21,West Midlands,Male,Further Maths & Physics,2,0,0.0
2020 to 21,North West,Male,Further Maths & Physics,2,1,0.008
2020 to 21,Yorkshire and The Humber,Male,Further Maths & Physics,2,0,0.0
2020 to 21,South East,Male,Further Maths & Physics,2,0,0.0
2020 to 21,East of England,Male,Further Maths & Physics,2,0,0.0
2020 to 21,East Midlands,Male,Further Maths & Physics,2,0,0.0
2020 to 21,North East,Female,Further Maths & Physics,2,0,0.0
2020 to 21,London,Female,Further Maths & Physics,2,0,0.0
2020 to 21,South West,Female,Further Maths & Physics,2,0,0.0
2020 to 21,West Midlands,Female,Further Maths & Physics,2,0,0.0
2020 to 21,North West,Female,Further Maths & Physics,2,0,0.0
2020 to 21,Yorkshire and The Humber,Female,Further Maths & Physics,2,0,0.0
2020 to 21,South East,Female,Further Maths & Physics,2,0,0.0
2020 to 21,East of England,Female,Further Maths & Physics,2,0,0.0
2020 to 21,East Midlands,Female,Further Maths & Physics,2,0,0.0
2020 to 21,North East,Male,Chemistry & Physics & Computer Science,3,1,0.027
2020 to 21,London,Male,Chemistry & Physics & Computer Science,3,7,0.039
2020 to 21,South West,Male,Chemistry & Physics & Computer Science,3,4,0.042
2020 to 21,West Midlands,Male,Chemistry & Physics & Computer Science,3,10,0.096
2020 to 21,North West,Male,Chemistry & Physics & Computer Science,3,4,0.032
2020 to 21,Yorkshire and The Humber,Male,Chemistry & Physics & Computer Science,3,5,0.058
2020 to 21,South East,Male,Chemistry & Physics & Computer Science,3,3,0.015
2020 to 21,East of England,Male,Chemistry & Physics & Computer Science,3,4,0.032
2020 to 21,East Midlands,Male,Chemistry & Physics & Computer Science,3,6,0.079
2020 to 21,North East,All,Biology & Physics & Computer Science,3,1,0.011
2020 to 21,London,All,Biology & Physics & Computer Science,3,3,0.007
2020 to 21,South West,All,Biology & Physics & Computer Science,3,3,0.014
2020 to 21,West Midlands,All,Biology & Physics & Computer Science,3,6,0.025
2020 to 21,North West,All,Biology & Physics & Computer Science,3,1,0.003
2020 to 21,Yorkshire and The Humber,All,Biology & Physics & Computer Science,3,4,0.02
2020 to 21,South East,All,Biology & Physics & Computer Science,3,4,0.009
2020 to 21,East of England,All,Biology & Physics & Computer Science,3,5,0.018
2020 to 21,East Midlands,All,Biology & Physics & Computer Science,3,4,0.023
2020 to 21,North East,All,Further Maths & Computer Science,2,0,0.0
2020 to 21,London,All,Further Maths & Computer Science,2,0,0.0
2020 to 21,South West,All,Further Maths & Computer Science,2,0,0.0
2020 to 21,West Midlands,All,Further Maths & Computer Science,2,0,0.0
2020 to 21,North West,All,Further Maths & Computer Science,2,0,0.0
2020 to 21,Yorkshire and The Humber,All,Further Maths & Computer Science,2,0,0.0
2020 to 21,South East,All,Further Maths & Computer Science,2,0,0.0
2020 to 21,East of England,All,Further Maths & Computer Science,2,0,0.0
2020 to 21,East Midlands,All,Further Maths & Computer Science,2,0,0.0
2020 to 21,North East,Male,Biology & Physics & Computer Science,3,1,0.027
2020 to 21,London,Male,Biology & Physics & Computer Science,3,3,0.017
2020 to 21,South West,Male,Biology & Physics & Computer Science,3,3,0.032
2020 to 21,West Midlands,Male,Biology & Physics & Computer Science,3,6,0.058
2020 to 21,North West,Male,Biology & Physics & Computer Science,3,1,0.008
2020 to 21,Yorkshire and The Humber,Male,Biology & Physics & Computer Science,3,3,0.035
2020 to 21,South East,Male,Biology & Physics & Computer Science,3,4,0.02
2020 to 21,East of England,Male,Biology & Physics & Computer Science,3,4,0.032
2020 to 21,East Midlands,Male,Biology & Physics & Computer Science,3,3,0.039
2020 to 21,North East,Female,Further Maths & Computer Science,2,0,0.0
2020 to 21,London,Female,Further Maths & Computer Science,2,0,0.0
2020 to 21,South West,Female,Further Maths & Computer Science,2,0,0.0
2020 to 21,West Midlands,Female,Further Maths & Computer Science,2,0,0.0
2020 to 21,North West,Female,Further Maths & Computer Science,2,0,0.0
2020 to 21,Yorkshire and The Humber,Female,Further Maths & Computer Science,2,0,0.0
2020 to 21,South East,Female,Further Maths & Computer Science,2,0,0.0
2020 to 21,East of England,Female,Further Maths & Computer Science,2,0,0.0
2020 to 21,East Midlands,Female,Further Maths & Computer Science,2,0,0.0
2020 to 21,North East,Male,Further Maths & Computer Science,2,0,0.0
2020 to 21,London,Male,Further Maths & Computer Science,2,0,0.0
2020 to 21,South West,Male,Further Maths & Computer Science,2,0,0.0
2020 to 21,West Midlands,Male,Further Maths & Computer Science,2,0,0.0
2020 to 21,North West,Male,Further Maths & Computer Science,2,0,0.0
2020 to 21,Yorkshire and The Humber,Male,Further Maths & Computer Science,2,0,0.0
2020 to 21,South East,Male,Further Maths & Computer Science,2,0,0.0
2020 to 21,East of England,Male,Further Maths & Computer Science,2,0,0.0
2020 to 21,East Midlands,Male,Further Maths & Computer Science,2,0,0.0
2020 to 21,North East,All,Further Maths & Physics,2,0,0.0
2020 to 21,London,All,Further Maths & Physics,2,1,0.002
2020 to 21,South West,All,Further Maths & Physics,2,0,0.0
2020 to 21,West Midlands,All,Further Maths & Physics,2,0,0.0
2020 to 21,North West,All,Further Maths & Physics,2,1,0.003
2020 to 21,Yorkshire and The Humber,All,Further Maths & Physics,2,0,0.0
2020 to 21,South East,All,Further Maths & Physics,2,0,0.0
2020 to 21,East of England,All,Further Maths & Physics,2,0,0.0
2020 to 21,East Midlands,All,Further Maths & Physics,2,0,0.0
2020 to 21,North East,Male,Maths & Chemistry & Physics & Computer Science,4,2,0.053
2020 to 21,London,Male,Maths & Chemistry & Physics & Computer Science,4,10,0.055
2020 to 21,South West,Male,Maths & Chemistry & Physics & Computer Science,4,9,0.095
2020 to 21,West Midlands,Male,Maths & Chemistry & Physics & Computer Science,4,3,0.029
2020 to 21,North West,Male,Maths & Chemistry & Physics & Computer Science,4,6,0.048
2020 to 21,Yorkshire and The Humber,Male,Maths & Chemistry & Physics & Computer Science,4,3,0.035
2020 to 21,South East,Male,Maths & Chemistry & Physics & Computer Science,4,8,0.041
2020 to 21,East of England,Male,Maths & Chemistry & Physics & Computer Science,4,8,0.065
2020 to 21,East Midlands,Male,Maths & Chemistry & Physics & Computer Science,4,3,0.039
2020 to 21,North East,Male,Further Maths & Biology & Physics,3,0,0.0
2020 to 21,London,Male,Further Maths & Biology & Physics,3,1,0.006
2020 to 21,South West,Male,Further Maths & Biology & Physics,3,0,0.0
2020 to 21,West Midlands,Male,Further Maths & Biology & Physics,3,0,0.0
2020 to 21,North West,Male,Further Maths & Biology & Physics,3,0,0.0
2020 to 21,Yorkshire and The Humber,Male,Further Maths & Biology & Physics,3,0,0.0
2020 to 21,South East,Male,Further Maths & Biology & Physics,3,0,0.0
2020 to 21,East of England,Male,Further Maths & Biology & Physics,3,0,0.0
2020 to 21,East Midlands,Male,Further Maths & Biology & Physics,3,0,0.0
2020 to 21,North East,All,Maths & Chemistry & Physics & Computer Science,4,2,0.023
2020 to 21,London,All,Maths & Chemistry & Physics & Computer Science,4,11,0.027
2020 to 21,South West,All,Maths & Chemistry & Physics & Computer Science,4,11,0.052
2020 to 21,West Midlands,All,Maths & Chemistry & Physics & Computer Science,4,4,0.017
2020 to 21,North West,All,Maths & Chemistry & Physics & Computer Science,4,7,0.024
2020 to 21,Yorkshire and The Humber,All,Maths & Chemistry & Physics & Computer Science,4,3,0.015
2020 to 21,South East,All,Maths & Chemistry & Physics & Computer Science,4,9,0.021
2020 to 21,East of England,All,Maths & Chemistry & Physics & Computer Science,4,10,0.037
2020 to 21,East Midlands,All,Maths & Chemistry & Physics & Computer Science,4,3,0.017
2020 to 21,North East,All,Chemistry & Physics & Computer Science,3,1,0.011
2020 to 21,London,All,Chemistry & Physics & Computer Science,3,7,0.017
2020 to 21,South West,All,Chemistry & Physics & Computer Science,3,4,0.019
2020 to 21,West Midlands,All,Chemistry & Physics & Computer Science,3,12,0.05
2020 to 21,North West,All,Chemistry & Physics & Computer Science,3,5,0.017
2020 to 21,Yorkshire and The Humber,All,Chemistry & Physics & Computer Science,3,5,0.025
2020 to 21,South East,All,Chemistry & Physics & Computer Science,3,5,0.012
2020 to 21,East of England,All,Chemistry & Physics & Computer Science,3,5,0.018
2020 to 21,East Midlands,All,Chemistry & Physics & Computer Science,3,8,0.045
2020 to 21,North East,Female,Chemistry & Physics & Computer Science,3,0,0.0
2020 to 21,London,Female,Chemistry & Physics & Computer Science,3,0,0.0
2020 to 21,South West,Female,Chemistry & Physics & Computer Science,3,0,0.0
2020 to 21,West Midlands,Female,Chemistry & Physics & Computer Science,3,2,0.015
2020 to 21,North West,Female,Chemistry & Physics & Computer Science,3,1,0.006
2020 to 21,Yorkshire and The Humber,Female,Chemistry & Physics & Computer Science,3,0,0.0
2020 to 21,South East,Female,Chemistry & Physics & Computer Science,3,2,0.008
2020 to 21,East of England,Female,Chemistry & Physics & Computer Science,3,1,0.007
2020 to 21,East Midlands,Female,Chemistry & Physics & Computer Science,3,2,0.02
2020 to 21,North East,Female,Maths & Biology,2,68,1.351
2020 to 21,London,Female,Maths & Biology,2,419,1.804
2020 to 21,South West,Female,Maths & Biology,2,224,1.92
2020 to 21,West Midlands,Female,Maths & Biology,2,287,2.133
2020 to 21,North West,Female,Maths & Biology,2,308,1.835
2020 to 21,Yorkshire and The Humber,Female,Maths & Biology,2,225,1.932
2020 to 21,South East,Female,Maths & Biology,2,487,2.059
2020 to 21,East of England,Female,Maths & Biology,2,307,2.051
2020 to 21,East Midlands,Female,Maths & Biology,2,169,1.675
2020 to 21,North East,Male,Maths & Biology,2,52,1.38
2020 to 21,London,Male,Maths & Biology,2,276,1.521
2020 to 21,South West,Male,Maths & Biology,2,161,1.708
2020 to 21,West Midlands,Male,Maths & Biology,2,188,1.802
2020 to 21,North West,Male,Maths & Biology,2,171,1.372
2020 to 21,Yorkshire and The Humber,Male,Maths & Biology,2,135,1.555
2020 to 21,South East,Male,Maths & Biology,2,309,1.576
2020 to 21,East of England,Male,Maths & Biology,2,194,1.575
2020 to 21,East Midlands,Male,Maths & Biology,2,115,1.506
2020 to 21,North East,All,Maths & Biology & Physics & Computer Science,4,1,0.011
2020 to 21,London,All,Maths & Biology & Physics & Computer Science,4,2,0.005
2020 to 21,South West,All,Maths & Biology & Physics & Computer Science,4,0,0.0
2020 to 21,West Midlands,All,Maths & Biology & Physics & Computer Science,4,1,0.004
2020 to 21,North West,All,Maths & Biology & Physics & Computer Science,4,0,0.0
2020 to 21,Yorkshire and The Humber,All,Maths & Biology & Physics & Computer Science,4,0,0.0
2020 to 21,South East,All,Maths & Biology & Physics & Computer Science,4,4,0.009
2020 to 21,East of England,All,Maths & Biology & Physics & Computer Science,4,2,0.007
2020 to 21,East Midlands,All,Maths & Biology & Physics & Computer Science,4,1,0.006
2020 to 21,North East,Female,Maths & Chemistry & Physics & Computer Science,4,0,0.0
2020 to 21,London,Female,Maths & Chemistry & Physics & Computer Science,4,1,0.004
2020 to 21,South West,Female,Maths & Chemistry & Physics & Computer Science,4,2,0.017
2020 to 21,West Midlands,Female,Maths & Chemistry & Physics & Computer Science,4,1,0.007
2020 to 21,North West,Female,Maths & Chemistry & Physics & Computer Science,4,1,0.006
2020 to 21,Yorkshire and The Humber,Female,Maths & Chemistry & Physics & Computer Science,4,0,0.0
2020 to 21,South East,Female,Maths & Chemistry & Physics & Computer Science,4,1,0.004
2020 to 21,East of England,Female,Maths & Chemistry & Physics & Computer Science,4,2,0.013
2020 to 21,East Midlands,Female,Maths & Chemistry & Physics & Computer Science,4,0,0.0
2020 to 21,North East,Female,Further Maths & Biology & Chemistry,3,0,0.0
2020 to 21,London,Female,Further Maths & Biology & Chemistry,3,0,0.0
2020 to 21,South West,Female,Further Maths & Biology & Chemistry,3,0,0.0
2020 to 21,West Midlands,Female,Further Maths & Biology & Chemistry,3,0,0.0
2020 to 21,North West,Female,Further Maths & Biology & Chemistry,3,0,0.0
2020 to 21,Yorkshire and The Humber,Female,Further Maths & Biology & Chemistry,3,0,0.0
2020 to 21,South East,Female,Further Maths & Biology & Chemistry,3,0,0.0
2020 to 21,East of England,Female,Further Maths & Biology & Chemistry,3,0,0.0
2020 to 21,East Midlands,Female,Further Maths & Biology & Chemistry,3,0,0.0
2020 to 21,North East,Male,Maths & Biology & Physics & Computer Science,4,1,0.027
2020 to 21,London,Male,Maths & Biology & Physics & Computer Science,4,2,0.011
2020 to 21,South West,Male,Maths & Biology & Physics & Computer Science,4,0,0.0
2020 to 21,West Midlands,Male,Maths & Biology & Physics & Computer Science,4,1,0.01
2020 to 21,North West,Male,Maths & Biology & Physics & Computer Science,4,0,0.0
2020 to 21,Yorkshire and The Humber,Male,Maths & Biology & Physics & Computer Science,4,0,0.0
2020 to 21,South East,Male,Maths & Biology & Physics & Computer Science,4,3,0.015
2020 to 21,East of England,Male,Maths & Biology & Physics & Computer Science,4,2,0.016
2020 to 21,East Midlands,Male,Maths & Biology & Physics & Computer Science,4,1,0.013
2020 to 21,North East,All,Further Maths & Biology & Physics,3,0,0.0
2020 to 21,London,All,Further Maths & Biology & Physics,3,1,0.002
2020 to 21,South West,All,Further Maths & Biology & Physics,3,0,0.0
2020 to 21,West Midlands,All,Further Maths & Biology & Physics,3,0,0.0
2020 to 21,North West,All,Further Maths & Biology & Physics,3,0,0.0
2020 to 21,Yorkshire and The Humber,All,Further Maths & Biology & Physics,3,0,0.0
2020 to 21,South East,All,Further Maths & Biology & Physics,3,0,0.0
2020 to 21,East of England,All,Further Maths & Biology & Physics,3,0,0.0
2020 to 21,East Midlands,All,Further Maths & Biology & Physics,3,0,0.0
2020 to 21,North East,Female,Maths & Further Maths & Biology & Chemistry,4,15,0.298
2020 to 21,London,Female,Maths & Further Maths & Biology & Chemistry,4,65,0.28
2020 to 21,South West,Female,Maths & Further Maths & Biology & Chemistry,4,21,0.18
2020 to 21,West Midlands,Female,Maths & Further Maths & Biology & Chemistry,4,29,0.216
2020 to 21,North West,Female,Maths & Further Maths & Biology & Chemistry,4,25,0.149
2020 to 21,Yorkshire and The Humber,Female,Maths & Further Maths & Biology & Chemistry,4,33,0.283
2020 to 21,South East,Female,Maths & Further Maths & Biology & Chemistry,4,45,0.19
2020 to 21,East of England,Female,Maths & Further Maths & Biology & Chemistry,4,50,0.334
2020 to 21,East Midlands,Female,Maths & Further Maths & Biology & Chemistry,4,26,0.258
2020 to 21,North East,All,Further Maths & Chemistry,2,0,0.0
2020 to 21,London,All,Further Maths & Chemistry,2,1,0.002
2020 to 21,South West,All,Further Maths & Chemistry,2,0,0.0
2020 to 21,West Midlands,All,Further Maths & Chemistry,2,0,0.0
2020 to 21,North West,All,Further Maths & Chemistry,2,0,0.0
2020 to 21,Yorkshire and The Humber,All,Further Maths & Chemistry,2,0,0.0
2020 to 21,South East,All,Further Maths & Chemistry,2,0,0.0
2020 to 21,East of England,All,Further Maths & Chemistry,2,0,0.0
2020 to 21,East Midlands,All,Further Maths & Chemistry,2,0,0.0
2020 to 21,North East,All,Maths & Further Maths & Chemistry & Physics,4,54,0.614
2020 to 21,London,All,Maths & Further Maths & Chemistry & Physics,4,335,0.81
2020 to 21,South West,All,Maths & Further Maths & Chemistry & Physics,4,213,1.01
2020 to 21,West Midlands,All,Maths & Further Maths & Chemistry & Physics,4,158,0.661
2020 to 21,North West,All,Maths & Further Maths & Chemistry & Physics,4,154,0.526
2020 to 21,Yorkshire and The Humber,All,Maths & Further Maths & Chemistry & Physics,4,190,0.935
2020 to 21,South East,All,Maths & Further Maths & Chemistry & Physics,4,419,0.969
2020 to 21,East of England,All,Maths & Further Maths & Chemistry & Physics,4,308,1.129
2020 to 21,East Midlands,All,Maths & Further Maths & Chemistry & Physics,4,128,0.722
2020 to 21,North East,All,Physics & Computer Science,2,11,0.125
2020 to 21,London,All,Physics & Computer Science,2,35,0.085
2020 to 21,South West,All,Physics & Computer Science,2,24,0.114
2020 to 21,West Midlands,All,Physics & Computer Science,2,38,0.159
2020 to 21,North West,All,Physics & Computer Science,2,37,0.126
2020 to 21,Yorkshire and The Humber,All,Physics & Computer Science,2,25,0.123
2020 to 21,South East,All,Physics & Computer Science,2,45,0.104
2020 to 21,East of England,All,Physics & Computer Science,2,46,0.169
2020 to 21,East Midlands,All,Physics & Computer Science,2,40,0.226
2020 to 21,North East,All,Maths & Biology,2,120,1.364
2020 to 21,London,All,Maths & Biology,2,695,1.68
2020 to 21,South West,All,Maths & Biology,2,385,1.825
2020 to 21,West Midlands,All,Maths & Biology,2,475,1.988
2020 to 21,North West,All,Maths & Biology,2,479,1.637
2020 to 21,Yorkshire and The Humber,All,Maths & Biology,2,360,1.771
2020 to 21,South East,All,Maths & Biology,2,796,1.84
2020 to 21,East of England,All,Maths & Biology,2,501,1.836
2020 to 21,East Midlands,All,Maths & Biology,2,284,1.602
2020 to 21,North East,Female,Further Maths & Biology & Physics,3,0,0.0
2020 to 21,London,Female,Further Maths & Biology & Physics,3,0,0.0
2020 to 21,South West,Female,Further Maths & Biology & Physics,3,0,0.0
2020 to 21,West Midlands,Female,Further Maths & Biology & Physics,3,0,0.0
2020 to 21,North West,Female,Further Maths & Biology & Physics,3,0,0.0
2020 to 21,Yorkshire and The Humber,Female,Further Maths & Biology & Physics,3,0,0.0
2020 to 21,South East,Female,Further Maths & Biology & Physics,3,0,0.0
2020 to 21,East of England,Female,Further Maths & Biology & Physics,3,0,0.0
2020 to 21,East Midlands,Female,Further Maths & Biology & Physics,3,0,0.0
2020 to 21,North East,Male,Maths & Further Maths & Biology & Chemistry,4,11,0.292
2020 to 21,London,Male,Maths & Further Maths & Biology & Chemistry,4,59,0.325
2020 to 21,South West,Male,Maths & Further Maths & Biology & Chemistry,4,30,0.318
2020 to 21,West Midlands,Male,Maths & Further Maths & Biology & Chemistry,4,32,0.307
2020 to 21,North West,Male,Maths & Further Maths & Biology & Chemistry,4,23,0.185
2020 to 21,Yorkshire and The Humber,Male,Maths & Further Maths & Biology & Chemistry,4,19,0.219
2020 to 21,South East,Male,Maths & Further Maths & Biology & Chemistry,4,57,0.291
2020 to 21,East of England,Male,Maths & Further Maths & Biology & Chemistry,4,34,0.276
2020 to 21,East Midlands,Male,Maths & Further Maths & Biology & Chemistry,4,15,0.196
2020 to 21,North East,Male,Further Maths & Biology & Chemistry,3,0,0.0
2020 to 21,London,Male,Further Maths & Biology & Chemistry,3,0,0.0
2020 to 21,South West,Male,Further Maths & Biology & Chemistry,3,0,0.0
2020 to 21,West Midlands,Male,Further Maths & Biology & Chemistry,3,0,0.0
2020 to 21,North West,Male,Further Maths & Biology & Chemistry,3,0,0.0
2020 to 21,Yorkshire and The Humber,Male,Further Maths & Biology & Chemistry,3,1,0.012
2020 to 21,South East,Male,Further Maths & Biology & Chemistry,3,0,0.0
2020 to 21,East of England,Male,Further Maths & Biology & Chemistry,3,0,0.0
2020 to 21,East Midlands,Male,Further Maths & Biology & Chemistry,3,0,0.0
2020 to 21,North East,All,Further Maths & Biology & Computer Science,3,0,0.0
2020 to 21,London,All,Further Maths & Biology & Computer Science,3,0,0.0
2020 to 21,South West,All,Further Maths & Biology & Computer Science,3,0,0.0
2020 to 21,West Midlands,All,Further Maths & Biology & Computer Science,3,0,0.0
2020 to 21,North West,All,Further Maths & Biology & Computer Science,3,0,0.0
2020 to 21,Yorkshire and The Humber,All,Further Maths & Biology & Computer Science,3,0,0.0
2020 to 21,South East,All,Further Maths & Biology & Computer Science,3,0,0.0
2020 to 21,East of England,All,Further Maths & Biology & Computer Science,3,0,0.0
2020 to 21,East Midlands,All,Further Maths & Biology & Computer Science,3,0,0.0
2020 to 21,North East,Female,Further Maths & Chemistry & Computer Science,3,0,0.0
2020 to 21,London,Female,Further Maths & Chemistry & Computer Science,3,0,0.0
2020 to 21,South West,Female,Further Maths & Chemistry & Computer Science,3,0,0.0
2020 to 21,West Midlands,Female,Further Maths & Chemistry & Computer Science,3,0,0.0
2020 to 21,North West,Female,Further Maths & Chemistry & Computer Science,3,0,0.0
2020 to 21,Yorkshire and The Humber,Female,Further Maths & Chemistry & Computer Science,3,0,0.0
2020 to 21,South East,Female,Further Maths & Chemistry & Computer Science,3,0,0.0
2020 to 21,East of England,Female,Further Maths & Chemistry & Computer Science,3,0,0.0
2020 to 21,East Midlands,Female,Further Maths & Chemistry & Computer Science,3,0,0.0
2020 to 21,North East,Female,Maths & Chemistry,2,67,1.331
2020 to 21,London,Female,Maths & Chemistry,2,488,2.101
2020 to 21,South West,Female,Maths & Chemistry,2,116,0.994
2020 to 21,West Midlands,Female,Maths & Chemistry,2,168,1.248
2020 to 21,North West,Female,Maths & Chemistry,2,209,1.245
2020 to 21,Yorkshire and The Humber,Female,Maths & Chemistry,2,147,1.262
2020 to 21,South East,Female,Maths & Chemistry,2,236,0.998
2020 to 21,East of England,Female,Maths & Chemistry,2,163,1.089
2020 to 21,East Midlands,Female,Maths & Chemistry,2,127,1.259
2020 to 21,North East,Male,Further Maths & Biology & Computer Science,3,0,0.0
2020 to 21,London,Male,Further Maths & Biology & Computer Science,3,0,0.0
2020 to 21,South West,Male,Further Maths & Biology & Computer Science,3,0,0.0
2020 to 21,West Midlands,Male,Further Maths & Biology & Computer Science,3,0,0.0
2020 to 21,North West,Male,Further Maths & Biology & Computer Science,3,0,0.0
2020 to 21,Yorkshire and The Humber,Male,Further Maths & Biology & Computer Science,3,0,0.0
2020 to 21,South East,Male,Further Maths & Biology & Computer Science,3,0,0.0
2020 to 21,East of England,Male,Further Maths & Biology & Computer Science,3,0,0.0
2020 to 21,East Midlands,Male,Further Maths & Biology & Computer Science,3,0,0.0
2020 to 21,North East,Female,Maths & Further Maths & Physics & Computer Science,4,3,0.06
2020 to 21,London,Female,Maths & Further Maths & Physics & Computer Science,4,27,0.116
2020 to 21,South West,Female,Maths & Further Maths & Physics & Computer Science,4,13,0.111
2020 to 21,West Midlands,Female,Maths & Further Maths & Physics & Computer Science,4,19,0.141
2020 to 21,North West,Female,Maths & Further Maths & Physics & Computer Science,4,20,0.119
2020 to 21,Yorkshire and The Humber,Female,Maths & Further Maths & Physics & Computer Science,4,11,0.094
2020 to 21,South East,Female,Maths & Further Maths & Physics & Computer Science,4,31,0.131
2020 to 21,East of England,Female,Maths & Further Maths & Physics & Computer Science,4,33,0.22
2020 to 21,East Midlands,Female,Maths & Further Maths & Physics & Computer Science,4,9,0.089
2020 to 21,North East,Female,Maths,1,236,4.69
2020 to 21,London,Female,Maths,1,1834,7.897
2020 to 21,South West,Female,Maths,1,552,4.731
2020 to 21,West Midlands,Female,Maths,1,703,5.224
2020 to 21,North West,Female,Maths,1,910,5.421
2020 to 21,Yorkshire and The Humber,Female,Maths,1,643,5.522
2020 to 21,South East,Female,Maths,1,1497,6.33
2020 to 21,East of England,Female,Maths,1,855,5.712
2020 to 21,East Midlands,Female,Maths,1,543,5.381
2020 to 21,North East,Female,Further Maths & Biology & Computer Science,3,0,0.0
2020 to 21,London,Female,Further Maths & Biology & Computer Science,3,0,0.0
2020 to 21,South West,Female,Further Maths & Biology & Computer Science,3,0,0.0
2020 to 21,West Midlands,Female,Further Maths & Biology & Computer Science,3,0,0.0
2020 to 21,North West,Female,Further Maths & Biology & Computer Science,3,0,0.0
2020 to 21,Yorkshire and The Humber,Female,Further Maths & Biology & Computer Science,3,0,0.0
2020 to 21,South East,Female,Further Maths & Biology & Computer Science,3,0,0.0
2020 to 21,East of England,Female,Further Maths & Biology & Computer Science,3,0,0.0
2020 to 21,East Midlands,Female,Further Maths & Biology & Computer Science,3,0,0.0
2020 to 21,North East,Male,Further Maths & Biology & Chemistry & Physics & Computer Science,5,0,0.0
2020 to 21,London,Male,Further Maths & Biology & Chemistry & Physics & Computer Science,5,0,0.0
2020 to 21,South West,Male,Further Maths & Biology & Chemistry & Physics & Computer Science,5,0,0.0
2020 to 21,West Midlands,Male,Further Maths & Biology & Chemistry & Physics & Computer Science,5,0,0.0
2020 to 21,North West,Male,Further Maths & Biology & Chemistry & Physics & Computer Science,5,0,0.0
2020 to 21,Yorkshire and The Humber,Male,Further Maths & Biology & Chemistry & Physics & Computer Science,5,0,0.0
2020 to 21,South East,Male,Further Maths & Biology & Chemistry & Physics & Computer Science,5,0,0.0
2020 to 21,East of England,Male,Further Maths & Biology & Chemistry & Physics & Computer Science,5,0,0.0
2020 to 21,East Midlands,Male,Further Maths & Biology & Chemistry & Physics & Computer Science,5,0,0.0
2020 to 21,North East,All,Maths & Further Maths & Biology & Chemistry,4,26,0.295
2020 to 21,London,All,Maths & Further Maths & Biology & Chemistry,4,124,0.3
2020 to 21,South West,All,Maths & Further Maths & Biology & Chemistry,4,51,0.242
2020 to 21,West Midlands,All,Maths & Further Maths & Biology & Chemistry,4,61,0.255
2020 to 21,North West,All,Maths & Further Maths & Biology & Chemistry,4,48,0.164
2020 to 21,Yorkshire and The Humber,All,Maths & Further Maths & Biology & Chemistry,4,52,0.256
2020 to 21,South East,All,Maths & Further Maths & Biology & Chemistry,4,102,0.236
2020 to 21,East of England,All,Maths & Further Maths & Biology & Chemistry,4,84,0.308
2020 to 21,East Midlands,All,Maths & Further Maths & Biology & Chemistry,4,41,0.231
2020 to 21,North East,All,Further Maths & Biology & Chemistry,3,0,0.0
2020 to 21,London,All,Further Maths & Biology & Chemistry,3,0,0.0
2020 to 21,South West,All,Further Maths & Biology & Chemistry,3,0,0.0
2020 to 21,West Midlands,All,Further Maths & Biology & Chemistry,3,0,0.0
2020 to 21,North West,All,Further Maths & Biology & Chemistry,3,0,0.0
2020 to 21,Yorkshire and The Humber,All,Further Maths & Biology & Chemistry,3,1,0.005
2020 to 21,South East,All,Further Maths & Biology & Chemistry,3,0,0.0
2020 to 21,East of England,All,Further Maths & Biology & Chemistry,3,0,0.0
2020 to 21,East Midlands,All,Further Maths & Biology & Chemistry,3,0,0.0
2020 to 21,North East,Male,Maths & Further Maths & Chemistry & Physics,4,45,1.194
2020 to 21,London,Male,Maths & Further Maths & Chemistry & Physics,4,246,1.356
2020 to 21,South West,Male,Maths & Further Maths & Chemistry & Physics,4,170,1.804
2020 to 21,West Midlands,Male,Maths & Further Maths & Chemistry & Physics,4,127,1.217
2020 to 21,North West,Male,Maths & Further Maths & Chemistry & Physics,4,117,0.939
2020 to 21,Yorkshire and The Humber,Male,Maths & Further Maths & Chemistry & Physics,4,153,1.763
2020 to 21,South East,Male,Maths & Further Maths & Chemistry & Physics,4,334,1.703
2020 to 21,East of England,Male,Maths & Further Maths & Chemistry & Physics,4,240,1.948
2020 to 21,East Midlands,Male,Maths & Further Maths & Chemistry & Physics,4,100,1.309
2020 to 21,North East,Male,Further Maths & Chemistry & Computer Science,3,0,0.0
2020 to 21,London,Male,Further Maths & Chemistry & Computer Science,3,0,0.0
2020 to 21,South West,Male,Further Maths & Chemistry & Computer Science,3,0,0.0
2020 to 21,West Midlands,Male,Further Maths & Chemistry & Computer Science,3,0,0.0
2020 to 21,North West,Male,Further Maths & Chemistry & Computer Science,3,0,0.0
2020 to 21,Yorkshire and The Humber,Male,Further Maths & Chemistry & Computer Science,3,0,0.0
2020 to 21,South East,Male,Further Maths & Chemistry & Computer Science,3,0,0.0
2020 to 21,East of England,Male,Further Maths & Chemistry & Computer Science,3,0,0.0
2020 to 21,East Midlands,Male,Further Maths & Chemistry & Computer Science,3,0,0.0
2020 to 21,North East,Male,Maths & Chemistry,2,45,1.194
2020 to 21,London,Male,Maths & Chemistry,2,387,2.133
2020 to 21,South West,Male,Maths & Chemistry,2,148,1.57
2020 to 21,West Midlands,Male,Maths & Chemistry,2,177,1.696
2020 to 21,North West,Male,Maths & Chemistry,2,187,1.5
2020 to 21,Yorkshire and The Humber,Male,Maths & Chemistry,2,162,1.867
2020 to 21,South East,Male,Maths & Chemistry,2,304,1.55
2020 to 21,East of England,Male,Maths & Chemistry,2,177,1.437
2020 to 21,East Midlands,Male,Maths & Chemistry,2,94,1.231
2020 to 21,North East,All,Maths & Further Maths & Biology & Chemistry & Physics & Computer Science,6,0,0.0
2020 to 21,London,All,Maths & Further Maths & Biology & Chemistry & Physics & Computer Science,6,0,0.0
2020 to 21,South West,All,Maths & Further Maths & Biology & Chemistry & Physics & Computer Science,6,0,0.0
2020 to 21,West Midlands,All,Maths & Further Maths & Biology & Chemistry & Physics & Computer Science,6,0,0.0
2020 to 21,North West,All,Maths & Further Maths & Biology & Chemistry & Physics & Computer Science,6,0,0.0
2020 to 21,Yorkshire and The Humber,All,Maths & Further Maths & Biology & Chemistry & Physics & Computer Science,6,0,0.0
2020 to 21,South East,All,Maths & Further Maths & Biology & Chemistry & Physics & Computer Science,6,0,0.0
2020 to 21,East of England,All,Maths & Further Maths & Biology & Chemistry & Physics & Computer Science,6,0,0.0
2020 to 21,East Midlands,All,Maths & Further Maths & Biology & Chemistry & Physics & Computer Science,6,0,0.0
2020 to 21,North East,Male,Maths & Further Maths & Physics & Computer Science,4,21,0.557
2020 to 21,London,Male,Maths & Further Maths & Physics & Computer Science,4,146,0.805
2020 to 21,South West,Male,Maths & Further Maths & Physics & Computer Science,4,130,1.379
2020 to 21,West Midlands,Male,Maths & Further Maths & Physics & Computer Science,4,92,0.882
2020 to 21,North West,Male,Maths & Further Maths & Physics & Computer Science,4,70,0.562
2020 to 21,Yorkshire and The Humber,Male,Maths & Further Maths & Physics & Computer Science,4,77,0.887
2020 to 21,South East,Male,Maths & Further Maths & Physics & Computer Science,4,222,1.132
2020 to 21,East of England,Male,Maths & Further Maths & Physics & Computer Science,4,166,1.347
2020 to 21,East Midlands,Male,Maths & Further Maths & Physics & Computer Science,4,93,1.218
2020 to 21,North East,Male,Maths,1,287,7.617
2020 to 21,London,Male,Maths,1,2211,12.186
2020 to 21,South West,Male,Maths,1,742,7.872
2020 to 21,West Midlands,Male,Maths,1,951,9.114
2020 to 21,North West,Male,Maths,1,1154,9.258
2020 to 21,Yorkshire and The Humber,Male,Maths,1,731,8.423
2020 to 21,South East,Male,Maths,1,1964,10.015
2020 to 21,East of England,Male,Maths,1,1166,9.464
2020 to 21,East Midlands,Male,Maths,1,632,8.276
2020 to 21,North East,Male,Maths & Further Maths & Biology & Chemistry & Physics & Computer Science,6,0,0.0
2020 to 21,London,Male,Maths & Further Maths & Biology & Chemistry & Physics & Computer Science,6,0,0.0
2020 to 21,South West,Male,Maths & Further Maths & Biology & Chemistry & Physics & Computer Science,6,0,0.0
2020 to 21,West Midlands,Male,Maths & Further Maths & Biology & Chemistry & Physics & Computer Science,6,0,0.0
2020 to 21,North West,Male,Maths & Further Maths & Biology & Chemistry & Physics & Computer Science,6,0,0.0
2020 to 21,Yorkshire and The Humber,Male,Maths & Further Maths & Biology & Chemistry & Physics & Computer Science,6,0,0.0
2020 to 21,South East,Male,Maths & Further Maths & Biology & Chemistry & Physics & Computer Science,6,0,0.0
2020 to 21,East of England,Male,Maths & Further Maths & Biology & Chemistry & Physics & Computer Science,6,0,0.0
2020 to 21,East Midlands,Male,Maths & Further Maths & Biology & Chemistry & Physics & Computer Science,6,0,0.0
2020 to 21,North East,All,Further Maths & Biology & Chemistry & Physics & Computer Science,5,0,0.0
2020 to 21,London,All,Further Maths & Biology & Chemistry & Physics & Computer Science,5,0,0.0
2020 to 21,South West,All,Further Maths & Biology & Chemistry & Physics & Computer Science,5,0,0.0
2020 to 21,West Midlands,All,Further Maths & Biology & Chemistry & Physics & Computer Science,5,0,0.0
2020 to 21,North West,All,Further Maths & Biology & Chemistry & Physics & Computer Science,5,0,0.0
2020 to 21,Yorkshire and The Humber,All,Further Maths & Biology & Chemistry & Physics & Computer Science,5,0,0.0
2020 to 21,South East,All,Further Maths & Biology & Chemistry & Physics & Computer Science,5,0,0.0
2020 to 21,East of England,All,Further Maths & Biology & Chemistry & Physics & Computer Science,5,0,0.0
2020 to 21,East Midlands,All,Further Maths & Biology & Chemistry & Physics & Computer Science,5,0,0.0
2020 to 21,North East,Female,Maths & Further Maths & Biology & Computer Science,4,0,0.0
2020 to 21,London,Female,Maths & Further Maths & Biology & Computer Science,4,0,0.0
2020 to 21,South West,Female,Maths & Further Maths & Biology & Computer Science,4,0,0.0
2020 to 21,West Midlands,Female,Maths & Further Maths & Biology & Computer Science,4,0,0.0
2020 to 21,North West,Female,Maths & Further Maths & Biology & Computer Science,4,1,0.006
2020 to 21,Yorkshire and The Humber,Female,Maths & Further Maths & Biology & Computer Science,4,0,0.0
2020 to 21,South East,Female,Maths & Further Maths & Biology & Computer Science,4,0,0.0
2020 to 21,East of England,Female,Maths & Further Maths & Biology & Computer Science,4,2,0.013
2020 to 21,East Midlands,Female,Maths & Further Maths & Biology & Computer Science,4,0,0.0
2020 to 21,North East,Female,Maths & Further Maths & Biology & Chemistry & Physics & Computer Science,6,0,0.0
2020 to 21,London,Female,Maths & Further Maths & Biology & Chemistry & Physics & Computer Science,6,0,0.0
2020 to 21,South West,Female,Maths & Further Maths & Biology & Chemistry & Physics & Computer Science,6,0,0.0
2020 to 21,West Midlands,Female,Maths & Further Maths & Biology & Chemistry & Physics & Computer Science,6,0,0.0
2020 to 21,North West,Female,Maths & Further Maths & Biology & Chemistry & Physics & Computer Science,6,0,0.0
2020 to 21,Yorkshire and The Humber,Female,Maths & Further Maths & Biology & Chemistry & Physics & Computer Science,6,0,0.0
2020 to 21,South East,Female,Maths & Further Maths & Biology & Chemistry & Physics & Computer Science,6,0,0.0
2020 to 21,East of England,Female,Maths & Further Maths & Biology & Chemistry & Physics & Computer Science,6,0,0.0
2020 to 21,East Midlands,Female,Maths & Further Maths & Biology & Chemistry & Physics & Computer Science,6,0,0.0
2020 to 21,North East,Male,Maths & Further Maths,2,11,0.292
2020 to 21,London,Male,Maths & Further Maths,2,264,1.455
2020 to 21,South West,Male,Maths & Further Maths,2,80,0.849
2020 to 21,West Midlands,Male,Maths & Further Maths,2,83,0.795
2020 to 21,North West,Male,Maths & Further Maths,2,82,0.658
2020 to 21,Yorkshire and The Humber,Male,Maths & Further Maths,2,67,0.772
2020 to 21,South East,Male,Maths & Further Maths,2,185,0.943
2020 to 21,East of England,Male,Maths & Further Maths,2,147,1.193
2020 to 21,East Midlands,Male,Maths & Further Maths,2,54,0.707
2020 to 21,North East,All,Further Maths & Chemistry & Computer Science,3,0,0.0
2020 to 21,London,All,Further Maths & Chemistry & Computer Science,3,0,0.0
2020 to 21,South West,All,Further Maths & Chemistry & Computer Science,3,0,0.0
2020 to 21,West Midlands,All,Further Maths & Chemistry & Computer Science,3,0,0.0
2020 to 21,North West,All,Further Maths & Chemistry & Computer Science,3,0,0.0
2020 to 21,Yorkshire and The Humber,All,Further Maths & Chemistry & Computer Science,3,0,0.0
2020 to 21,South East,All,Further Maths & Chemistry & Computer Science,3,0,0.0
2020 to 21,East of England,All,Further Maths & Chemistry & Computer Science,3,0,0.0
2020 to 21,East Midlands,All,Further Maths & Chemistry & Computer Science,3,0,0.0
2020 to 21,North East,All,Maths & Chemistry,2,112,1.273
2020 to 21,London,All,Maths & Chemistry,2,875,2.115
2020 to 21,South West,All,Maths & Chemistry,2,264,1.252
2020 to 21,West Midlands,All,Maths & Chemistry,2,345,1.444
2020 to 21,North West,All,Maths & Chemistry,2,396,1.354
2020 to 21,Yorkshire and The Humber,All,Maths & Chemistry,2,309,1.52
2020 to 21,South East,All,Maths & Chemistry,2,540,1.248
2020 to 21,East of England,All,Maths & Chemistry,2,340,1.246
2020 to 21,East Midlands,All,Maths & Chemistry,2,221,1.247
2020 to 21,North East,Female,Further Maths & Biology & Chemistry & Physics & Computer Science,5,0,0.0
2020 to 21,London,Female,Further Maths & Biology & Chemistry & Physics & Computer Science,5,0,0.0
2020 to 21,South West,Female,Further Maths & Biology & Chemistry & Physics & Computer Science,5,0,0.0
2020 to 21,West Midlands,Female,Further Maths & Biology & Chemistry & Physics & Computer Science,5,0,0.0
2020 to 21,North West,Female,Further Maths & Biology & Chemistry & Physics & Computer Science,5,0,0.0
2020 to 21,Yorkshire and The Humber,Female,Further Maths & Biology & Chemistry & Physics & Computer Science,5,0,0.0
2020 to 21,South East,Female,Further Maths & Biology & Chemistry & Physics & Computer Science,5,0,0.0
2020 to 21,East of England,Female,Further Maths & Biology & Chemistry & Physics & Computer Science,5,0,0.0
2020 to 21,East Midlands,Female,Further Maths & Biology & Chemistry & Physics & Computer Science,5,0,0.0
2020 to 21,North East,All,Maths & Further Maths & Physics & Computer Science,4,24,0.273
2020 to 21,London,All,Maths & Further Maths & Physics & Computer Science,4,173,0.418
2020 to 21,South West,All,Maths & Further Maths & Physics & Computer Science,4,143,0.678
2020 to 21,West Midlands,All,Maths & Further Maths & Physics & Computer Science,4,111,0.465
2020 to 21,North West,All,Maths & Further Maths & Physics & Computer Science,4,90,0.308
2020 to 21,Yorkshire and The Humber,All,Maths & Further Maths & Physics & Computer Science,4,88,0.433
2020 to 21,South East,All,Maths & Further Maths & Physics & Computer Science,4,253,0.585
2020 to 21,East of England,All,Maths & Further Maths & Physics & Computer Science,4,199,0.729
2020 to 21,East Midlands,All,Maths & Further Maths & Physics & Computer Science,4,102,0.575
2020 to 21,North East,All,Maths,1,523,5.943
2020 to 21,London,All,Maths,1,4045,9.778
2020 to 21,South West,All,Maths,1,1294,6.134
2020 to 21,West Midlands,All,Maths,1,1654,6.923
2020 to 21,North West,All,Maths,1,2064,7.056
2020 to 21,Yorkshire and The Humber,All,Maths,1,1374,6.761
2020 to 21,South East,All,Maths,1,3461,8.0
2020 to 21,East of England,All,Maths,1,2021,7.406
2020 to 21,East Midlands,All,Maths,1,1175,6.628
2020 to 21,North East,All,Maths & Computer Science,2,87,0.989
2020 to 21,London,All,Maths & Computer Science,2,494,1.194
2020 to 21,South West,All,Maths & Computer Science,2,163,0.773
2020 to 21,West Midlands,All,Maths & Computer Science,2,273,1.143
2020 to 21,North West,All,Maths & Computer Science,2,366,1.251
2020 to 21,Yorkshire and The Humber,All,Maths & Computer Science,2,159,0.782
2020 to 21,South East,All,Maths & Computer Science,2,492,1.137
2020 to 21,East of England,All,Maths & Computer Science,2,276,1.011
2020 to 21,East Midlands,All,Maths & Computer Science,2,174,0.981
2020 to 21,North East,Female,Maths & Biology & Chemistry & Physics & Computer Science,5,0,0.0
2020 to 21,London,Female,Maths & Biology & Chemistry & Physics & Computer Science,5,0,0.0
2020 to 21,South West,Female,Maths & Biology & Chemistry & Physics & Computer Science,5,0,0.0
2020 to 21,West Midlands,Female,Maths & Biology & Chemistry & Physics & Computer Science,5,0,0.0
2020 to 21,North West,Female,Maths & Biology & Chemistry & Physics & Computer Science,5,0,0.0
2020 to 21,Yorkshire and The Humber,Female,Maths & Biology & Chemistry & Physics & Computer Science,5,0,0.0
2020 to 21,South East,Female,Maths & Biology & Chemistry & Physics & Computer Science,5,0,0.0
2020 to 21,East of England,Female,Maths & Biology & Chemistry & Physics & Computer Science,5,0,0.0
2020 to 21,East Midlands,Female,Maths & Biology & Chemistry & Physics & Computer Science,5,0,0.0
2020 to 21,North East,Male,Maths & Further Maths & Biology & Computer Science,4,0,0.0
2020 to 21,London,Male,Maths & Further Maths & Biology & Computer Science,4,2,0.011
2020 to 21,South West,Male,Maths & Further Maths & Biology & Computer Science,4,1,0.011
2020 to 21,West Midlands,Male,Maths & Further Maths & Biology & Computer Science,4,1,0.01
2020 to 21,North West,Male,Maths & Further Maths & Biology & Computer Science,4,0,0.0
2020 to 21,Yorkshire and The Humber,Male,Maths & Further Maths & Biology & Computer Science,4,3,0.035
2020 to 21,South East,Male,Maths & Further Maths & Biology & Computer Science,4,2,0.01
2020 to 21,East of England,Male,Maths & Further Maths & Biology & Computer Science,4,2,0.016
2020 to 21,East Midlands,Male,Maths & Further Maths & Biology & Computer Science,4,1,0.013
2020 to 21,North East,Male,Maths & Computer Science,2,66,1.752
2020 to 21,London,Male,Maths & Computer Science,2,393,2.166
2020 to 21,South West,Male,Maths & Computer Science,2,142,1.506
2020 to 21,West Midlands,Male,Maths & Computer Science,2,216,2.07
2020 to 21,North West,Male,Maths & Computer Science,2,297,2.383
2020 to 21,Yorkshire and The Humber,Male,Maths & Computer Science,2,143,1.648
2020 to 21,South East,Male,Maths & Computer Science,2,409,2.086
2020 to 21,East of England,Male,Maths & Computer Science,2,227,1.843
2020 to 21,East Midlands,Male,Maths & Computer Science,2,150,1.964
2020 to 21,North East,All,Maths & Further Maths,2,28,0.318
2020 to 21,London,All,Maths & Further Maths,2,430,1.039
2020 to 21,South West,All,Maths & Further Maths,2,143,0.678
2020 to 21,West Midlands,All,Maths & Further Maths,2,137,0.573
2020 to 21,North West,All,Maths & Further Maths,2,157,0.537
2020 to 21,Yorkshire and The Humber,All,Maths & Further Maths,2,118,0.581
2020 to 21,South East,All,Maths & Further Maths,2,328,0.758
2020 to 21,East of England,All,Maths & Further Maths,2,222,0.814
2020 to 21,East Midlands,All,Maths & Further Maths,2,85,0.479
2020 to 21,North East,Female,Further Maths & Chemistry & Physics,3,0,0.0
2020 to 21,London,Female,Further Maths & Chemistry & Physics,3,0,0.0
2020 to 21,South West,Female,Further Maths & Chemistry & Physics,3,0,0.0
2020 to 21,West Midlands,Female,Further Maths & Chemistry & Physics,3,0,0.0
2020 to 21,North West,Female,Further Maths & Chemistry & Physics,3,0,0.0
2020 to 21,Yorkshire and The Humber,Female,Further Maths & Chemistry & Physics,3,1,0.009
2020 to 21,South East,Female,Further Maths & Chemistry & Physics,3,2,0.008
2020 to 21,East of England,Female,Further Maths & Chemistry & Physics,3,0,0.0
2020 to 21,East Midlands,Female,Further Maths & Chemistry & Physics,3,0,0.0
2020 to 21,North East,Female,Maths & Computer Science,2,21,0.417
2020 to 21,London,Female,Maths & Computer Science,2,101,0.435
2020 to 21,South West,Female,Maths & Computer Science,2,21,0.18
2020 to 21,West Midlands,Female,Maths & Computer Science,2,57,0.424
2020 to 21,North West,Female,Maths & Computer Science,2,69,0.411
2020 to 21,Yorkshire and The Humber,Female,Maths & Computer Science,2,16,0.137
2020 to 21,South East,Female,Maths & Computer Science,2,83,0.351
2020 to 21,East of England,Female,Maths & Computer Science,2,49,0.327
2020 to 21,East Midlands,Female,Maths & Computer Science,2,24,0.238
2020 to 21,North East,All,Chemistry & Physics,2,24,0.273
2020 to 21,London,All,Chemistry & Physics,2,57,0.138
2020 to 21,South West,All,Chemistry & Physics,2,47,0.223
2020 to 21,West Midlands,All,Chemistry & Physics,2,56,0.234
2020 to 21,North West,All,Chemistry & Physics,2,52,0.178
2020 to 21,Yorkshire and The Humber,All,Chemistry & Physics,2,32,0.157
2020 to 21,South East,All,Chemistry & Physics,2,65,0.15
2020 to 21,East of England,All,Chemistry & Physics,2,69,0.253
2020 to 21,East Midlands,All,Chemistry & Physics,2,42,0.237
2020 to 21,North East,Female,Biology & Chemistry & Computer Science,3,3,0.06
2020 to 21,London,Female,Biology & Chemistry & Computer Science,3,7,0.03
2020 to 21,South West,Female,Biology & Chemistry & Computer Science,3,3,0.026
2020 to 21,West Midlands,Female,Biology & Chemistry & Computer Science,3,12,0.089
2020 to 21,North West,Female,Biology & Chemistry & Computer Science,3,6,0.036
2020 to 21,Yorkshire and The Humber,Female,Biology & Chemistry & Computer Science,3,4,0.034
2020 to 21,South East,Female,Biology & Chemistry & Computer Science,3,4,0.017
2020 to 21,East of England,Female,Biology & Chemistry & Computer Science,3,9,0.06
2020 to 21,East Midlands,Female,Biology & Chemistry & Computer Science,3,5,0.05
2020 to 21,North East,Female,Further Maths,1,0,0.0
2020 to 21,London,Female,Further Maths,1,2,0.009
2020 to 21,South West,Female,Further Maths,1,1,0.009
2020 to 21,West Midlands,Female,Further Maths,1,0,0.0
2020 to 21,North West,Female,Further Maths,1,0,0.0
2020 to 21,Yorkshire and The Humber,Female,Further Maths,1,0,0.0
2020 to 21,South East,Female,Further Maths,1,1,0.004
2020 to 21,East of England,Female,Further Maths,1,3,0.02
2020 to 21,East Midlands,Female,Further Maths,1,0,0.0
2020 to 21,North East,Female,Maths & Further Maths,2,17,0.338
2020 to 21,London,Female,Maths & Further Maths,2,166,0.715
2020 to 21,South West,Female,Maths & Further Maths,2,63,0.54
2020 to 21,West Midlands,Female,Maths & Further Maths,2,54,0.401
2020 to 21,North West,Female,Maths & Further Maths,2,75,0.447
2020 to 21,Yorkshire and The Humber,Female,Maths & Further Maths,2,51,0.438
2020 to 21,South East,Female,Maths & Further Maths,2,143,0.605
2020 to 21,East of England,Female,Maths & Further Maths,2,75,0.501
2020 to 21,East Midlands,Female,Maths & Further Maths,2,31,0.307
2020 to 21,North East,Male,Maths & Biology & Chemistry & Physics & Computer Science,5,0,0.0
2020 to 21,London,Male,Maths & Biology & Chemistry & Physics & Computer Science,5,0,0.0
2020 to 21,South West,Male,Maths & Biology & Chemistry & Physics & Computer Science,5,0,0.0
2020 to 21,West Midlands,Male,Maths & Biology & Chemistry & Physics & Computer Science,5,0,0.0
2020 to 21,North West,Male,Maths & Biology & Chemistry & Physics & Computer Science,5,0,0.0
2020 to 21,Yorkshire and The Humber,Male,Maths & Biology & Chemistry & Physics & Computer Science,5,0,0.0
2020 to 21,South East,Male,Maths & Biology & Chemistry & Physics & Computer Science,5,0,0.0
2020 to 21,East of England,Male,Maths & Biology & Chemistry & Physics & Computer Science,5,0,0.0
2020 to 21,East Midlands,Male,Maths & Biology & Chemistry & Physics & Computer Science,5,0,0.0
2020 to 21,North East,All,Maths & Further Maths & Biology & Computer Science,4,0,0.0
2020 to 21,London,All,Maths & Further Maths & Biology & Computer Science,4,2,0.005
2020 to 21,South West,All,Maths & Further Maths & Biology & Computer Science,4,1,0.005
2020 to 21,West Midlands,All,Maths & Further Maths & Biology & Computer Science,4,1,0.004
2020 to 21,North West,All,Maths & Further Maths & Biology & Computer Science,4,1,0.003
2020 to 21,Yorkshire and The Humber,All,Maths & Further Maths & Biology & Computer Science,4,3,0.015
2020 to 21,South East,All,Maths & Further Maths & Biology & Computer Science,4,2,0.005
2020 to 21,East of England,All,Maths & Further Maths & Biology & Computer Science,4,4,0.015
2020 to 21,East Midlands,All,Maths & Further Maths & Biology & Computer Science,4,1,0.006
2020 to 21,North East,Female,Biology,1,426,8.466
2020 to 21,London,Female,Biology,1,1436,6.183
2020 to 21,South West,Female,Biology,1,1316,11.279
2020 to 21,West Midlands,Female,Biology,1,1270,9.437
2020 to 21,North West,Female,Biology,1,1296,7.72
2020 to 21,Yorkshire and The Humber,Female,Biology,1,959,8.236
2020 to 21,South East,Female,Biology,1,2107,8.909
2020 to 21,East of England,Female,Biology,1,1325,8.852
2020 to 21,East Midlands,Female,Biology,1,1069,10.594
2020 to 21,North East,Female,Maths & Physics,2,48,0.954
2020 to 21,London,Female,Maths & Physics,2,423,1.821
2020 to 21,South West,Female,Maths & Physics,2,176,1.508
2020 to 21,West Midlands,Female,Maths & Physics,2,170,1.263
2020 to 21,North West,Female,Maths & Physics,2,231,1.376
2020 to 21,Yorkshire and The Humber,Female,Maths & Physics,2,151,1.297
2020 to 21,South East,Female,Maths & Physics,2,365,1.543
2020 to 21,East of England,Female,Maths & Physics,2,192,1.283
2020 to 21,East Midlands,Female,Maths & Physics,2,151,1.496
2020 to 21,North East,Male,Further Maths & Chemistry & Physics,3,1,0.027
2020 to 21,London,Male,Further Maths & Chemistry & Physics,3,1,0.006
2020 to 21,South West,Male,Further Maths & Chemistry & Physics,3,1,0.011
2020 to 21,West Midlands,Male,Further Maths & Chemistry & Physics,3,1,0.01
2020 to 21,North West,Male,Further Maths & Chemistry & Physics,3,0,0.0
2020 to 21,Yorkshire and The Humber,Male,Further Maths & Chemistry & Physics,3,1,0.012
2020 to 21,South East,Male,Further Maths & Chemistry & Physics,3,2,0.01
2020 to 21,East of England,Male,Further Maths & Chemistry & Physics,3,0,0.0
2020 to 21,East Midlands,Male,Further Maths & Chemistry & Physics,3,1,0.013
2020 to 21,North East,All,Further Maths,1,0,0.0
2020 to 21,London,All,Further Maths,1,2,0.005
2020 to 21,South West,All,Further Maths,1,2,0.009
2020 to 21,West Midlands,All,Further Maths,1,0,0.0
2020 to 21,North West,All,Further Maths,1,1,0.003
2020 to 21,Yorkshire and The Humber,All,Further Maths,1,1,0.005
2020 to 21,South East,All,Further Maths,1,2,0.005
2020 to 21,East of England,All,Further Maths,1,3,0.011
2020 to 21,East Midlands,All,Further Maths,1,1,0.006
2020 to 21,North East,Female,Further Maths & Biology,2,0,0.0
2020 to 21,London,Female,Further Maths & Biology,2,0,0.0
2020 to 21,South West,Female,Further Maths & Biology,2,0,0.0
2020 to 21,West Midlands,Female,Further Maths & Biology,2,0,0.0
2020 to 21,North West,Female,Further Maths & Biology,2,0,0.0
2020 to 21,Yorkshire and The Humber,Female,Further Maths & Biology,2,0,0.0
2020 to 21,South East,Female,Further Maths & Biology,2,0,0.0
2020 to 21,East of England,Female,Further Maths & Biology,2,0,0.0
2020 to 21,East Midlands,Female,Further Maths & Biology,2,0,0.0
2020 to 21,North East,Male,Biology & Chemistry & Computer Science,3,3,0.08
2020 to 21,London,Male,Biology & Chemistry & Computer Science,3,17,0.094
2020 to 21,South West,Male,Biology & Chemistry & Computer Science,3,9,0.095
2020 to 21,West Midlands,Male,Biology & Chemistry & Computer Science,3,19,0.182
2020 to 21,North West,Male,Biology & Chemistry & Computer Science,3,16,0.128
2020 to 21,Yorkshire and The Humber,Male,Biology & Chemistry & Computer Science,3,11,0.127
2020 to 21,South East,Male,Biology & Chemistry & Computer Science,3,18,0.092
2020 to 21,East of England,Male,Biology & Chemistry & Computer Science,3,5,0.041
2020 to 21,East Midlands,Male,Biology & Chemistry & Computer Science,3,11,0.144
2020 to 21,North East,Male,Further Maths,1,0,0.0
2020 to 21,London,Male,Further Maths,1,0,0.0
2020 to 21,South West,Male,Further Maths,1,1,0.011
2020 to 21,West Midlands,Male,Further Maths,1,0,0.0
2020 to 21,North West,Male,Further Maths,1,1,0.008
2020 to 21,Yorkshire and The Humber,Male,Further Maths,1,1,0.012
2020 to 21,South East,Male,Further Maths,1,1,0.005
2020 to 21,East of England,Male,Further Maths,1,0,0.0
2020 to 21,East Midlands,Male,Further Maths,1,1,0.013
2020 to 21,North East,All,Biology,1,580,6.591
2020 to 21,London,All,Biology,1,2050,4.955
2020 to 21,South West,All,Biology,1,1894,8.979
2020 to 21,West Midlands,All,Biology,1,1787,7.48
2020 to 21,North West,All,Biology,1,1823,6.232
2020 to 21,Yorkshire and The Humber,All,Biology,1,1333,6.559
2020 to 21,South East,All,Biology,1,3072,7.101
2020 to 21,East of England,All,Biology,1,1910,6.999
2020 to 21,East Midlands,All,Biology,1,1489,8.399
2020 to 21,North East,All,Maths & Biology & Chemistry & Physics & Computer Science,5,0,0.0
2020 to 21,London,All,Maths & Biology & Chemistry & Physics & Computer Science,5,0,0.0
2020 to 21,South West,All,Maths & Biology & Chemistry & Physics & Computer Science,5,0,0.0
2020 to 21,West Midlands,All,Maths & Biology & Chemistry & Physics & Computer Science,5,0,0.0
2020 to 21,North West,All,Maths & Biology & Chemistry & Physics & Computer Science,5,0,0.0
2020 to 21,Yorkshire and The Humber,All,Maths & Biology & Chemistry & Physics & Computer Science,5,0,0.0
2020 to 21,South East,All,Maths & Biology & Chemistry & Physics & Computer Science,5,0,0.0
2020 to 21,East of England,All,Maths & Biology & Chemistry & Physics & Computer Science,5,0,0.0
2020 to 21,East Midlands,All,Maths & Biology & Chemistry & Physics & Computer Science,5,0,0.0
2020 to 21,North East,Female,Maths & Further Maths & Biology & Physics,4,2,0.04
2020 to 21,London,Female,Maths & Further Maths & Biology & Physics,4,7,0.03
2020 to 21,South West,Female,Maths & Further Maths & Biology & Physics,4,2,0.017
2020 to 21,West Midlands,Female,Maths & Further Maths & Biology & Physics,4,12,0.089
2020 to 21,North West,Female,Maths & Further Maths & Biology & Physics,4,3,0.018
2020 to 21,Yorkshire and The Humber,Female,Maths & Further Maths & Biology & Physics,4,1,0.009
2020 to 21,South East,Female,Maths & Further Maths & Biology & Physics,4,6,0.025
2020 to 21,East of England,Female,Maths & Further Maths & Biology & Physics,4,1,0.007
2020 to 21,East Midlands,Female,Maths & Further Maths & Biology & Physics,4,4,0.04
2020 to 21,North East,Male,Biology,1,154,4.087
2020 to 21,London,Male,Biology,1,614,3.384
2020 to 21,South West,Male,Biology,1,578,6.132
2020 to 21,West Midlands,Male,Biology,1,517,4.955
2020 to 21,North West,Male,Biology,1,527,4.228
2020 to 21,Yorkshire and The Humber,Male,Biology,1,374,4.309
2020 to 21,South East,Male,Biology,1,965,4.921
2020 to 21,East of England,Male,Biology,1,585,4.748
2020 to 21,East Midlands,Male,Biology,1,420,5.5
2020 to 21,North East,Male,Maths & Physics,2,236,6.263
2020 to 21,London,Male,Maths & Physics,2,1410,7.771
2020 to 21,South West,Male,Maths & Physics,2,710,7.532
2020 to 21,West Midlands,Male,Maths & Physics,2,678,6.498
2020 to 21,North West,Male,Maths & Physics,2,807,6.474
2020 to 21,Yorkshire and The Humber,Male,Maths & Physics,2,636,7.328
2020 to 21,South East,Male,Maths & Physics,2,1414,7.21
2020 to 21,East of England,Male,Maths & Physics,2,740,6.006
2020 to 21,East Midlands,Male,Maths & Physics,2,587,7.686
2020 to 21,North East,All,Further Maths & Chemistry & Physics,3,1,0.011
2020 to 21,London,All,Further Maths & Chemistry & Physics,3,1,0.002
2020 to 21,South West,All,Further Maths & Chemistry & Physics,3,1,0.005
2020 to 21,West Midlands,All,Further Maths & Chemistry & Physics,3,1,0.004
2020 to 21,North West,All,Further Maths & Chemistry & Physics,3,0,0.0
2020 to 21,Yorkshire and The Humber,All,Further Maths & Chemistry & Physics,3,2,0.01
2020 to 21,South East,All,Further Maths & Chemistry & Physics,3,4,0.009
2020 to 21,East of England,All,Further Maths & Chemistry & Physics,3,0,0.0
2020 to 21,East Midlands,All,Further Maths & Chemistry & Physics,3,1,0.006
2020 to 21,North East,Female,Maths & Further Maths & Chemistry & Computer Science,4,0,0.0
2020 to 21,London,Female,Maths & Further Maths & Chemistry & Computer Science,4,3,0.013
2020 to 21,South West,Female,Maths & Further Maths & Chemistry & Computer Science,4,1,0.009
2020 to 21,West Midlands,Female,Maths & Further Maths & Chemistry & Computer Science,4,2,0.015
2020 to 21,North West,Female,Maths & Further Maths & Chemistry & Computer Science,4,2,0.012
2020 to 21,Yorkshire and The Humber,Female,Maths & Further Maths & Chemistry & Computer Science,4,2,0.017
2020 to 21,South East,Female,Maths & Further Maths & Chemistry & Computer Science,4,1,0.004
2020 to 21,East of England,Female,Maths & Further Maths & Chemistry & Computer Science,4,3,0.02
2020 to 21,East Midlands,Female,Maths & Further Maths & Chemistry & Computer Science,4,1,0.01
2020 to 21,North East,Male,Further Maths & Biology,2,0,0.0
2020 to 21,London,Male,Further Maths & Biology,2,0,0.0
2020 to 21,South West,Male,Further Maths & Biology,2,0,0.0
2020 to 21,West Midlands,Male,Further Maths & Biology,2,0,0.0
2020 to 21,North West,Male,Further Maths & Biology,2,0,0.0
2020 to 21,Yorkshire and The Humber,Male,Further Maths & Biology,2,0,0.0
2020 to 21,South East,Male,Further Maths & Biology,2,0,0.0
2020 to 21,East of England,Male,Further Maths & Biology,2,0,0.0
2020 to 21,East Midlands,Male,Further Maths & Biology,2,0,0.0
2020 to 21,North East,All,Biology & Chemistry & Computer Science,3,6,0.068
2020 to 21,London,All,Biology & Chemistry & Computer Science,3,24,0.058
2020 to 21,South West,All,Biology & Chemistry & Computer Science,3,12,0.057
2020 to 21,West Midlands,All,Biology & Chemistry & Computer Science,3,31,0.13
2020 to 21,North West,All,Biology & Chemistry & Computer Science,3,22,0.075
2020 to 21,Yorkshire and The Humber,All,Biology & Chemistry & Computer Science,3,15,0.074
2020 to 21,South East,All,Biology & Chemistry & Computer Science,3,22,0.051
2020 to 21,East of England,All,Biology & Chemistry & Computer Science,3,14,0.051
2020 to 21,East Midlands,All,Biology & Chemistry & Computer Science,3,16,0.09
2020 to 21,North East,All,Maths & Further Maths & Biology & Physics,4,5,0.057
2020 to 21,London,All,Maths & Further Maths & Biology & Physics,4,19,0.046
2020 to 21,South West,All,Maths & Further Maths & Biology & Physics,4,14,0.066
2020 to 21,West Midlands,All,Maths & Further Maths & Biology & Physics,4,19,0.08
2020 to 21,North West,All,Maths & Further Maths & Biology & Physics,4,8,0.027
2020 to 21,Yorkshire and The Humber,All,Maths & Further Maths & Biology & Physics,4,8,0.039
2020 to 21,South East,All,Maths & Further Maths & Biology & Physics,4,26,0.06
2020 to 21,East of England,All,Maths & Further Maths & Biology & Physics,4,18,0.066
2020 to 21,East Midlands,All,Maths & Further Maths & Biology & Physics,4,14,0.079
2020 to 21,North East,Female,Chemistry,1,47,0.934
2020 to 21,London,Female,Chemistry,1,190,0.818
2020 to 21,South West,Female,Chemistry,1,81,0.694
2020 to 21,West Midlands,Female,Chemistry,1,135,1.003
2020 to 21,North West,Female,Chemistry,1,163,0.971
2020 to 21,Yorkshire and The Humber,Female,Chemistry,1,96,0.824
2020 to 21,South East,Female,Chemistry,1,206,0.871
2020 to 21,East of England,Female,Chemistry,1,103,0.688
2020 to 21,East Midlands,Female,Chemistry,1,115,1.14
2020 to 21,North East,Female,Maths & Further Maths & Biology & Chemistry & Computer Science,5,0,0.0
2020 to 21,London,Female,Maths & Further Maths & Biology & Chemistry & Computer Science,5,0,0.0
2020 to 21,South West,Female,Maths & Further Maths & Biology & Chemistry & Computer Science,5,0,0.0
2020 to 21,West Midlands,Female,Maths & Further Maths & Biology & Chemistry & Computer Science,5,0,0.0
2020 to 21,North West,Female,Maths & Further Maths & Biology & Chemistry & Computer Science,5,0,0.0
2020 to 21,Yorkshire and The Humber,Female,Maths & Further Maths & Biology & Chemistry & Computer Science,5,0,0.0
2020 to 21,South East,Female,Maths & Further Maths & Biology & Chemistry & Computer Science,5,0,0.0
2020 to 21,East of England,Female,Maths & Further Maths & Biology & Chemistry & Computer Science,5,0,0.0
2020 to 21,East Midlands,Female,Maths & Further Maths & Biology & Chemistry & Computer Science,5,0,0.0
2020 to 21,North East,Male,Maths & Further Maths & Biology & Physics,4,3,0.08
2020 to 21,London,Male,Maths & Further Maths & Biology & Physics,4,12,0.066
2020 to 21,South West,Male,Maths & Further Maths & Biology & Physics,4,12,0.127
2020 to 21,West Midlands,Male,Maths & Further Maths & Biology & Physics,4,7,0.067
2020 to 21,North West,Male,Maths & Further Maths & Biology & Physics,4,5,0.04
2020 to 21,Yorkshire and The Humber,Male,Maths & Further Maths & Biology & Physics,4,7,0.081
2020 to 21,South East,Male,Maths & Further Maths & Biology & Physics,4,20,0.102
2020 to 21,East of England,Male,Maths & Further Maths & Biology & Physics,4,17,0.138
2020 to 21,East Midlands,Male,Maths & Further Maths & Biology & Physics,4,10,0.131
2020 to 21,North East,All,Maths & Further Maths & Chemistry & Computer Science,4,2,0.023
2020 to 21,London,All,Maths & Further Maths & Chemistry & Computer Science,4,7,0.017
2020 to 21,South West,All,Maths & Further Maths & Chemistry & Computer Science,4,3,0.014
2020 to 21,West Midlands,All,Maths & Further Maths & Chemistry & Computer Science,4,13,0.054
2020 to 21,North West,All,Maths & Further Maths & Chemistry & Computer Science,4,12,0.041
2020 to 21,Yorkshire and The Humber,All,Maths & Further Maths & Chemistry & Computer Science,4,3,0.015
2020 to 21,South East,All,Maths & Further Maths & Chemistry & Computer Science,4,23,0.053
2020 to 21,East of England,All,Maths & Further Maths & Chemistry & Computer Science,4,11,0.04
2020 to 21,East Midlands,All,Maths & Further Maths & Chemistry & Computer Science,4,7,0.039
2020 to 21,North East,All,Maths & Physics,2,284,3.227
2020 to 21,London,All,Maths & Physics,2,1833,4.431
2020 to 21,South West,All,Maths & Physics,2,886,4.2
2020 to 21,West Midlands,All,Maths & Physics,2,848,3.549
2020 to 21,North West,All,Maths & Physics,2,1038,3.548
2020 to 21,Yorkshire and The Humber,All,Maths & Physics,2,787,3.872
2020 to 21,South East,All,Maths & Physics,2,1779,4.112
2020 to 21,East of England,All,Maths & Physics,2,932,3.415
2020 to 21,East Midlands,All,Maths & Physics,2,738,4.163
2020 to 21,North East,Female,Further Maths & Physics & Computer Science,3,0,0.0
2020 to 21,London,Female,Further Maths & Physics & Computer Science,3,0,0.0
2020 to 21,South West,Female,Further Maths & Physics & Computer Science,3,0,0.0
2020 to 21,West Midlands,Female,Further Maths & Physics & Computer Science,3,0,0.0
2020 to 21,North West,Female,Further Maths & Physics & Computer Science,3,0,0.0
2020 to 21,Yorkshire and The Humber,Female,Further Maths & Physics & Computer Science,3,0,0.0
2020 to 21,South East,Female,Further Maths & Physics & Computer Science,3,0,0.0
2020 to 21,East of England,Female,Further Maths & Physics & Computer Science,3,0,0.0
2020 to 21,East Midlands,Female,Further Maths & Physics & Computer Science,3,0,0.0
2020 to 21,North East,Male,Maths & Further Maths & Chemistry & Computer Science,4,2,0.053
2020 to 21,London,Male,Maths & Further Maths & Chemistry & Computer Science,4,4,0.022
2020 to 21,South West,Male,Maths & Further Maths & Chemistry & Computer Science,4,2,0.021
2020 to 21,West Midlands,Male,Maths & Further Maths & Chemistry & Computer Science,4,11,0.105
2020 to 21,North West,Male,Maths & Further Maths & Chemistry & Computer Science,4,10,0.08
2020 to 21,Yorkshire and The Humber,Male,Maths & Further Maths & Chemistry & Computer Science,4,1,0.012
2020 to 21,South East,Male,Maths & Further Maths & Chemistry & Computer Science,4,22,0.112
2020 to 21,East of England,Male,Maths & Further Maths & Chemistry & Computer Science,4,8,0.065
2020 to 21,East Midlands,Male,Maths & Further Maths & Chemistry & Computer Science,4,6,0.079
2020 to 21,North East,All,Further Maths & Biology,2,0,0.0
2020 to 21,London,All,Further Maths & Biology,2,0,0.0
2020 to 21,South West,All,Further Maths & Biology,2,0,0.0
2020 to 21,West Midlands,All,Further Maths & Biology,2,0,0.0
2020 to 21,North West,All,Further Maths & Biology,2,0,0.0
2020 to 21,Yorkshire and The Humber,All,Further Maths & Biology,2,0,0.0
2020 to 21,South East,All,Further Maths & Biology,2,0,0.0
2020 to 21,East of England,All,Further Maths & Biology,2,0,0.0
2020 to 21,East Midlands,All,Further Maths & Biology,2,0,0.0
2020 to 21,North East,Female,Biology & Chemistry & Physics,3,18,0.358
2020 to 21,London,Female,Biology & Chemistry & Physics,3,80,0.344
2020 to 21,South West,Female,Biology & Chemistry & Physics,3,48,0.411
2020 to 21,West Midlands,Female,Biology & Chemistry & Physics,3,65,0.483
2020 to 21,North West,Female,Biology & Chemistry & Physics,3,59,0.351
2020 to 21,Yorkshire and The Humber,Female,Biology & Chemistry & Physics,3,50,0.429
2020 to 21,South East,Female,Biology & Chemistry & Physics,3,88,0.372
2020 to 21,East of England,Female,Biology & Chemistry & Physics,3,64,0.428
2020 to 21,East Midlands,Female,Biology & Chemistry & Physics,3,56,0.555
2020 to 21,North East,Female,Maths & Biology & Chemistry,3,252,5.008
2020 to 21,London,Female,Maths & Biology & Chemistry,3,1861,8.013
2020 to 21,South West,Female,Maths & Biology & Chemistry,3,539,4.619
2020 to 21,West Midlands,Female,Maths & Biology & Chemistry,3,792,5.885
2020 to 21,North West,Female,Maths & Biology & Chemistry,3,1008,6.004
2020 to 21,Yorkshire and The Humber,Female,Maths & Biology & Chemistry,3,630,5.411
2020 to 21,South East,Female,Maths & Biology & Chemistry,3,1254,5.302
2020 to 21,East of England,Female,Maths & Biology & Chemistry,3,746,4.984
2020 to 21,East Midlands,Female,Maths & Biology & Chemistry,3,516,5.113
2020 to 21,North East,Male,Chemistry,1,33,0.876
2020 to 21,London,Male,Chemistry,1,112,0.617
2020 to 21,South West,Male,Chemistry,1,80,0.849
2020 to 21,West Midlands,Male,Chemistry,1,92,0.882
2020 to 21,North West,Male,Chemistry,1,97,0.778
2020 to 21,Yorkshire and The Humber,Male,Chemistry,1,72,0.83
2020 to 21,South East,Male,Chemistry,1,134,0.683
2020 to 21,East of England,Male,Chemistry,1,87,0.706
2020 to 21,East Midlands,Male,Chemistry,1,79,1.034
2020 to 21,North East,Male,Maths & Further Maths & Biology & Chemistry & Computer Science,5,0,0.0
2020 to 21,London,Male,Maths & Further Maths & Biology & Chemistry & Computer Science,5,0,0.0
2020 to 21,South West,Male,Maths & Further Maths & Biology & Chemistry & Computer Science,5,0,0.0
2020 to 21,West Midlands,Male,Maths & Further Maths & Biology & Chemistry & Computer Science,5,0,0.0
2020 to 21,North West,Male,Maths & Further Maths & Biology & Chemistry & Computer Science,5,0,0.0
2020 to 21,Yorkshire and The Humber,Male,Maths & Further Maths & Biology & Chemistry & Computer Science,5,0,0.0
2020 to 21,South East,Male,Maths & Further Maths & Biology & Chemistry & Computer Science,5,0,0.0
2020 to 21,East of England,Male,Maths & Further Maths & Biology & Chemistry & Computer Science,5,0,0.0
2020 to 21,East Midlands,Male,Maths & Further Maths & Biology & Chemistry & Computer Science,5,0,0.0
2020 to 21,North East,All,Further Maths & Physics & Computer Science,3,0,0.0
2020 to 21,London,All,Further Maths & Physics & Computer Science,3,0,0.0
2020 to 21,South West,All,Further Maths & Physics & Computer Science,3,1,0.005
2020 to 21,West Midlands,All,Further Maths & Physics & Computer Science,3,0,0.0
2020 to 21,North West,All,Further Maths & Physics & Computer Science,3,0,0.0
2020 to 21,Yorkshire and The Humber,All,Further Maths & Physics & Computer Science,3,0,0.0
2020 to 21,South East,All,Further Maths & Physics & Computer Science,3,0,0.0
2020 to 21,East of England,All,Further Maths & Physics & Computer Science,3,0,0.0
2020 to 21,East Midlands,All,Further Maths & Physics & Computer Science,3,1,0.006
2020 to 21,North East,Female,Maths & Further Maths & Chemistry & Physics,4,9,0.179
2020 to 21,London,Female,Maths & Further Maths & Chemistry & Physics,4,89,0.383
2020 to 21,South West,Female,Maths & Further Maths & Chemistry & Physics,4,43,0.369
2020 to 21,West Midlands,Female,Maths & Further Maths & Chemistry & Physics,4,31,0.23
2020 to 21,North West,Female,Maths & Further Maths & Chemistry & Physics,4,37,0.22
2020 to 21,Yorkshire and The Humber,Female,Maths & Further Maths & Chemistry & Physics,4,37,0.318
2020 to 21,South East,Female,Maths & Further Maths & Chemistry & Physics,4,85,0.359
2020 to 21,East of England,Female,Maths & Further Maths & Chemistry & Physics,4,68,0.454
2020 to 21,East Midlands,Female,Maths & Further Maths & Chemistry & Physics,4,28,0.277
2020 to 21,North East,Female,Physics & Computer Science,2,0,0.0
2020 to 21,London,Female,Physics & Computer Science,2,6,0.026
2020 to 21,South West,Female,Physics & Computer Science,2,2,0.017
2020 to 21,West Midlands,Female,Physics & Computer Science,2,2,0.015
2020 to 21,North West,Female,Physics & Computer Science,2,1,0.006
2020 to 21,Yorkshire and The Humber,Female,Physics & Computer Science,2,0,0.0
2020 to 21,South East,Female,Physics & Computer Science,2,3,0.013
2020 to 21,East of England,Female,Physics & Computer Science,2,3,0.02
2020 to 21,East Midlands,Female,Physics & Computer Science,2,5,0.05
2020 to 21,North East,Male,Further Maths & Physics & Computer Science,3,0,0.0
2020 to 21,London,Male,Further Maths & Physics & Computer Science,3,0,0.0
2020 to 21,South West,Male,Further Maths & Physics & Computer Science,3,1,0.011
2020 to 21,West Midlands,Male,Further Maths & Physics & Computer Science,3,0,0.0
2020 to 21,North West,Male,Further Maths & Physics & Computer Science,3,0,0.0
2020 to 21,Yorkshire and The Humber,Male,Further Maths & Physics & Computer Science,3,0,0.0
2020 to 21,South East,Male,Further Maths & Physics & Computer Science,3,0,0.0
2020 to 21,East of England,Male,Further Maths & Physics & Computer Science,3,0,0.0
2020 to 21,East Midlands,Male,Further Maths & Physics & Computer Science,3,1,0.013
2020 to 21,North East,All,Maths & Biology & Chemistry,3,431,4.898
2020 to 21,London,All,Maths & Biology & Chemistry,3,3147,7.607
2020 to 21,South West,All,Maths & Biology & Chemistry,3,886,4.2
2020 to 21,West Midlands,All,Maths & Biology & Chemistry,3,1448,6.061
2020 to 21,North West,All,Maths & Biology & Chemistry,3,1748,5.975
2020 to 21,Yorkshire and The Humber,All,Maths & Biology & Chemistry,3,1057,5.201
2020 to 21,South East,All,Maths & Biology & Chemistry,3,2064,4.771
2020 to 21,East of England,All,Maths & Biology & Chemistry,3,1225,4.489
2020 to 21,East Midlands,All,Maths & Biology & Chemistry,3,860,4.851
2020 to 21,North East,Female,Further Maths & Chemistry,2,0,0.0
2020 to 21,London,Female,Further Maths & Chemistry,2,1,0.004
2020 to 21,South West,Female,Further Maths & Chemistry,2,0,0.0
2020 to 21,West Midlands,Female,Further Maths & Chemistry,2,0,0.0
2020 to 21,North West,Female,Further Maths & Chemistry,2,0,0.0
2020 to 21,Yorkshire and The Humber,Female,Further Maths & Chemistry,2,0,0.0
2020 to 21,South East,Female,Further Maths & Chemistry,2,0,0.0
2020 to 21,East of England,Female,Further Maths & Chemistry,2,0,0.0
2020 to 21,East Midlands,Female,Further Maths & Chemistry,2,0,0.0
2020 to 21,North East,Male,Biology & Chemistry & Physics,3,17,0.451
2020 to 21,London,Male,Biology & Chemistry & Physics,3,55,0.303
2020 to 21,South West,Male,Biology & Chemistry & Physics,3,62,0.658
2020 to 21,West Midlands,Male,Biology & Chemistry & Physics,3,92,0.882
2020 to 21,North West,Male,Biology & Chemistry & Physics,3,68,0.546
2020 to 21,Yorkshire and The Humber,Male,Biology & Chemistry & Physics,3,48,0.553
2020 to 21,South East,Male,Biology & Chemistry & Physics,3,79,0.403
2020 to 21,East of England,Male,Biology & Chemistry & Physics,3,59,0.479
2020 to 21,East Midlands,Male,Biology & Chemistry & Physics,3,59,0.773
2020 to 21,North East,Male,Maths & Biology & Chemistry,3,179,4.751
2020 to 21,London,Male,Maths & Biology & Chemistry,3,1286,7.088
2020 to 21,South West,Male,Maths & Biology & Chemistry,3,347,3.681
2020 to 21,West Midlands,Male,Maths & Biology & Chemistry,3,656,6.287
2020 to 21,North West,Male,Maths & Biology & Chemistry,3,740,5.937
2020 to 21,Yorkshire and The Humber,Male,Maths & Biology & Chemistry,3,427,4.92
2020 to 21,South East,Male,Maths & Biology & Chemistry,3,810,4.13
2020 to 21,East of England,Male,Maths & Biology & Chemistry,3,479,3.888
2020 to 21,East Midlands,Male,Maths & Biology & Chemistry,3,344,4.504
2020 to 21,North East,All,Chemistry,1,80,0.909
2020 to 21,London,All,Chemistry,1,302,0.73
2020 to 21,South West,All,Chemistry,1,161,0.763
2020 to 21,West Midlands,All,Chemistry,1,227,0.95
2020 to 21,North West,All,Chemistry,1,260,0.889
2020 to 21,Yorkshire and The Humber,All,Chemistry,1,168,0.827
2020 to 21,South East,All,Chemistry,1,340,0.786
2020 to 21,East of England,All,Chemistry,1,190,0.696
2020 to 21,East Midlands,All,Chemistry,1,194,1.094
2020 to 21,North East,All,Maths & Further Maths & Biology & Chemistry & Computer Science,5,0,0.0
2020 to 21,London,All,Maths & Further Maths & Biology & Chemistry & Computer Science,5,0,0.0
2020 to 21,South West,All,Maths & Further Maths & Biology & Chemistry & Computer Science,5,0,0.0
2020 to 21,West Midlands,All,Maths & Further Maths & Biology & Chemistry & Computer Science,5,0,0.0
2020 to 21,North West,All,Maths & Further Maths & Biology & Chemistry & Computer Science,5,0,0.0
2020 to 21,Yorkshire and The Humber,All,Maths & Further Maths & Biology & Chemistry & Computer Science,5,0,0.0
2020 to 21,South East,All,Maths & Further Maths & Biology & Chemistry & Computer Science,5,0,0.0
2020 to 21,East of England,All,Maths & Further Maths & Biology & Chemistry & Computer Science,5,0,0.0
2020 to 21,East Midlands,All,Maths & Further Maths & Biology & Chemistry & Computer Science,5,0,0.0
2020 to 21,North East,All,Maths & Biology & Chemistry & Computer Science,4,1,0.011
2020 to 21,London,All,Maths & Biology & Chemistry & Computer Science,4,10,0.024
2020 to 21,South West,All,Maths & Biology & Chemistry & Computer Science,4,0,0.0
2020 to 21,West Midlands,All,Maths & Biology & Chemistry & Computer Science,4,1,0.004
2020 to 21,North West,All,Maths & Biology & Chemistry & Computer Science,4,7,0.024
2020 to 21,Yorkshire and The Humber,All,Maths & Biology & Chemistry & Computer Science,4,2,0.01
2020 to 21,South East,All,Maths & Biology & Chemistry & Computer Science,4,3,0.007
2020 to 21,East of England,All,Maths & Biology & Chemistry & Computer Science,4,7,0.026
2020 to 21,East Midlands,All,Maths & Biology & Chemistry & Computer Science,4,4,0.023
2020 to 21,North East,Male,Maths & Biology & Computer Science,3,4,0.106
2020 to 21,London,Male,Maths & Biology & Computer Science,3,31,0.171
2020 to 21,South West,Male,Maths & Biology & Computer Science,3,14,0.149
2020 to 21,West Midlands,Male,Maths & Biology & Computer Science,3,19,0.182
2020 to 21,North West,Male,Maths & Biology & Computer Science,3,20,0.16
2020 to 21,Yorkshire and The Humber,Male,Maths & Biology & Computer Science,3,6,0.069
2020 to 21,South East,Male,Maths & Biology & Computer Science,3,34,0.173
2020 to 21,East of England,Male,Maths & Biology & Computer Science,3,19,0.154
2020 to 21,East Midlands,Male,Maths & Biology & Computer Science,3,14,0.183
2020 to 21,North East,Male,Physics & Computer Science,2,11,0.292
2020 to 21,London,Male,Physics & Computer Science,2,29,0.16
2020 to 21,South West,Male,Physics & Computer Science,2,22,0.233
2020 to 21,West Midlands,Male,Physics & Computer Science,2,36,0.345
2020 to 21,North West,Male,Physics & Computer Science,2,36,0.289
2020 to 21,Yorkshire and The Humber,Male,Physics & Computer Science,2,25,0.288
2020 to 21,South East,Male,Physics & Computer Science,2,42,0.214
2020 to 21,East of England,Male,Physics & Computer Science,2,43,0.349
2020 to 21,East Midlands,Male,Physics & Computer Science,2,35,0.458
2020 to 21,North East,Female,Biology & Physics & Computer Science,3,0,0.0
2020 to 21,London,Female,Biology & Physics & Computer Science,3,0,0.0
2020 to 21,South West,Female,Biology & Physics & Computer Science,3,0,0.0
2020 to 21,West Midlands,Female,Biology & Physics & Computer Science,3,0,0.0
2020 to 21,North West,Female,Biology & Physics & Computer Science,3,0,0.0
2020 to 21,Yorkshire and The Humber,Female,Biology & Physics & Computer Science,3,1,0.009
2020 to 21,South East,Female,Biology & Physics & Computer Science,3,0,0.0
2020 to 21,East of England,Female,Biology & Physics & Computer Science,3,1,0.007
2020 to 21,East Midlands,Female,Biology & Physics & Computer Science,3,1,0.01
2020 to 21,North East,Female,Maths & Biology & Computer Science,3,4,0.079
2020 to 21,London,Female,Maths & Biology & Computer Science,3,11,0.047
2020 to 21,South West,Female,Maths & Biology & Computer Science,3,2,0.017
2020 to 21,West Midlands,Female,Maths & Biology & Computer Science,3,4,0.03
2020 to 21,North West,Female,Maths & Biology & Computer Science,3,7,0.042
2020 to 21,Yorkshire and The Humber,Female,Maths & Biology & Computer Science,3,2,0.017
2020 to 21,South East,Female,Maths & Biology & Computer Science,3,8,0.034
2020 to 21,East of England,Female,Maths & Biology & Computer Science,3,6,0.04
2020 to 21,East Midlands,Female,Maths & Biology & Computer Science,3,5,0.05
2020 to 21,North East,Male,Further Maths & Chemistry,2,0,0.0
2020 to 21,London,Male,Further Maths & Chemistry,2,0,0.0
2020 to 21,South West,Male,Further Maths & Chemistry,2,0,0.0
2020 to 21,West Midlands,Male,Further Maths & Chemistry,2,0,0.0
2020 to 21,North West,Male,Further Maths & Chemistry,2,0,0.0
2020 to 21,Yorkshire and The Humber,Male,Further Maths & Chemistry,2,0,0.0
2020 to 21,South East,Male,Further Maths & Chemistry,2,0,0.0
2020 to 21,East of England,Male,Further Maths & Chemistry,2,0,0.0
2020 to 21,East Midlands,Male,Further Maths & Chemistry,2,0,0.0
2020 to 21,North East,All,Biology & Chemistry & Physics,3,35,0.398
2020 to 21,London,All,Biology & Chemistry & Physics,3,135,0.326
2020 to 21,South West,All,Biology & Chemistry & Physics,3,110,0.521
2020 to 21,West Midlands,All,Biology & Chemistry & Physics,3,157,0.657
2020 to 21,North West,All,Biology & Chemistry & Physics,3,127,0.434
2020 to 21,Yorkshire and The Humber,All,Biology & Chemistry & Physics,3,98,0.482
2020 to 21,South East,All,Biology & Chemistry & Physics,3,167,0.386
2020 to 21,East of England,All,Biology & Chemistry & Physics,3,123,0.451
2020 to 21,East Midlands,All,Biology & Chemistry & Physics,3,115,0.649
2020 to 21,North East,Male,Maths & Biology & Chemistry & Physics,4,6,0.159
2020 to 21,London,Male,Maths & Biology & Chemistry & Physics,4,72,0.397
2020 to 21,South West,Male,Maths & Biology & Chemistry & Physics,4,20,0.212
2020 to 21,West Midlands,Male,Maths & Biology & Chemistry & Physics,4,30,0.288
2020 to 21,North West,Male,Maths & Biology & Chemistry & Physics,4,22,0.176
2020 to 21,Yorkshire and The Humber,Male,Maths & Biology & Chemistry & Physics,4,22,0.253
2020 to 21,South East,Male,Maths & Biology & Chemistry & Physics,4,69,0.352
2020 to 21,East of England,Male,Maths & Biology & Chemistry & Physics,4,36,0.292
2020 to 21,East Midlands,Male,Maths & Biology & Chemistry & Physics,4,20,0.262
2020 to 21,North East,Female,Physics,1,8,0.159
2020 to 21,London,Female,Physics,1,56,0.241
2020 to 21,South West,Female,Physics,1,42,0.36
2020 to 21,West Midlands,Female,Physics,1,51,0.379
2020 to 21,North West,Female,Physics,1,21,0.125
2020 to 21,Yorkshire and The Humber,Female,Physics,1,18,0.155
2020 to 21,South East,Female,Physics,1,77,0.326
2020 to 21,East of England,Female,Physics,1,41,0.274
2020 to 21,East Midlands,Female,Physics,1,40,0.396
2020 to 21,North East,Female,Maths & Further Maths & Biology & Chemistry & Physics,5,0,0.0
2020 to 21,London,Female,Maths & Further Maths & Biology & Chemistry & Physics,5,0,0.0
2020 to 21,South West,Female,Maths & Further Maths & Biology & Chemistry & Physics,5,0,0.0
2020 to 21,West Midlands,Female,Maths & Further Maths & Biology & Chemistry & Physics,5,1,0.007
2020 to 21,North West,Female,Maths & Further Maths & Biology & Chemistry & Physics,5,0,0.0
2020 to 21,Yorkshire and The Humber,Female,Maths & Further Maths & Biology & Chemistry & Physics,5,0,0.0
2020 to 21,South East,Female,Maths & Further Maths & Biology & Chemistry & Physics,5,1,0.004
2020 to 21,East of England,Female,Maths & Further Maths & Biology & Chemistry & Physics,5,2,0.013
2020 to 21,East Midlands,Female,Maths & Further Maths & Biology & Chemistry & Physics,5,2,0.02
2020 to 21,North East,Female,Maths & Biology & Chemistry & Physics,4,1,0.02
2020 to 21,London,Female,Maths & Biology & Chemistry & Physics,4,63,0.271
2020 to 21,South West,Female,Maths & Biology & Chemistry & Physics,4,18,0.154
2020 to 21,West Midlands,Female,Maths & Biology & Chemistry & Physics,4,23,0.171
2020 to 21,North West,Female,Maths & Biology & Chemistry & Physics,4,14,0.083
2020 to 21,Yorkshire and The Humber,Female,Maths & Biology & Chemistry & Physics,4,20,0.172
2020 to 21,South East,Female,Maths & Biology & Chemistry & Physics,4,42,0.178
2020 to 21,East of England,Female,Maths & Biology & Chemistry & Physics,4,22,0.147
2020 to 21,East Midlands,Female,Maths & Biology & Chemistry & Physics,4,13,0.129
2020 to 21,North East,All,Maths & Biology & Computer Science,3,8,0.091
2020 to 21,London,All,Maths & Biology & Computer Science,3,42,0.102
2020 to 21,South West,All,Maths & Biology & Computer Science,3,16,0.076
2020 to 21,West Midlands,All,Maths & Biology & Computer Science,3,23,0.096
2020 to 21,North West,All,Maths & Biology & Computer Science,3,27,0.092
2020 to 21,Yorkshire and The Humber,All,Maths & Biology & Computer Science,3,8,0.039
2020 to 21,South East,All,Maths & Biology & Computer Science,3,42,0.097
2020 to 21,East of England,All,Maths & Biology & Computer Science,3,25,0.092
2020 to 21,East Midlands,All,Maths & Biology & Computer Science,3,19,0.107
2020 to 21,North East,Female,Computer Science,1,14,0.278
2020 to 21,London,Female,Computer Science,1,85,0.366
2020 to 21,South West,Female,Computer Science,1,24,0.206
2020 to 21,West Midlands,Female,Computer Science,1,48,0.357
2020 to 21,North West,Female,Computer Science,1,46,0.274
2020 to 21,Yorkshire and The Humber,Female,Computer Science,1,15,0.129
2020 to 21,South East,Female,Computer Science,1,53,0.224
2020 to 21,East of England,Female,Computer Science,1,48,0.321
2020 to 21,East Midlands,Female,Computer Science,1,38,0.377
2020 to 21,North East,Female,Maths & Further Maths & Biology & Physics & Computer Science,5,0,0.0
2020 to 21,London,Female,Maths & Further Maths & Biology & Physics & Computer Science,5,0,0.0
2020 to 21,South West,Female,Maths & Further Maths & Biology & Physics & Computer Science,5,0,0.0
2020 to 21,West Midlands,Female,Maths & Further Maths & Biology & Physics & Computer Science,5,0,0.0
2020 to 21,North West,Female,Maths & Further Maths & Biology & Physics & Computer Science,5,0,0.0
2020 to 21,Yorkshire and The Humber,Female,Maths & Further Maths & Biology & Physics & Computer Science,5,0,0.0
2020 to 21,South East,Female,Maths & Further Maths & Biology & Physics & Computer Science,5,0,0.0
2020 to 21,East of England,Female,Maths & Further Maths & Biology & Physics & Computer Science,5,0,0.0
2020 to 21,East Midlands,Female,Maths & Further Maths & Biology & Physics & Computer Science,5,0,0.0
2020 to 21,North East,Female,Maths & Biology & Physics & Computer Science,4,0,0.0
2020 to 21,London,Female,Maths & Biology & Physics & Computer Science,4,0,0.0
2020 to 21,South West,Female,Maths & Biology & Physics & Computer Science,4,0,0.0
2020 to 21,West Midlands,Female,Maths & Biology & Physics & Computer Science,4,0,0.0
2020 to 21,North West,Female,Maths & Biology & Physics & Computer Science,4,0,0.0
2020 to 21,Yorkshire and The Humber,Female,Maths & Biology & Physics & Computer Science,4,0,0.0
2020 to 21,South East,Female,Maths & Biology & Physics & Computer Science,4,1,0.004
2020 to 21,East of England,Female,Maths & Biology & Physics & Computer Science,4,0,0.0
2020 to 21,East Midlands,Female,Maths & Biology & Physics & Computer Science,4,0,0.0
2020 to 21,North East,All,Physics,1,46,0.523
2020 to 21,London,All,Physics,1,191,0.462
2020 to 21,South West,All,Physics,1,208,0.986
2020 to 21,West Midlands,All,Physics,1,194,0.812
2020 to 21,North West,All,Physics,1,129,0.441
2020 to 21,Yorkshire and The Humber,All,Physics,1,128,0.63
2020 to 21,South East,All,Physics,1,319,0.737
2020 to 21,East of England,All,Physics,1,206,0.755
2020 to 21,East Midlands,All,Physics,1,183,1.032
2020 to 21,North East,Male,Maths & Biology & Chemistry & Computer Science,4,1,0.027
2020 to 21,London,Male,Maths & Biology & Chemistry & Computer Science,4,7,0.039
2020 to 21,South West,Male,Maths & Biology & Chemistry & Computer Science,4,0,0.0
2020 to 21,West Midlands,Male,Maths & Biology & Chemistry & Computer Science,4,1,0.01
2020 to 21,North West,Male,Maths & Biology & Chemistry & Computer Science,4,3,0.024
2020 to 21,Yorkshire and The Humber,Male,Maths & Biology & Chemistry & Computer Science,4,1,0.012
2020 to 21,South East,Male,Maths & Biology & Chemistry & Computer Science,4,2,0.01
2020 to 21,East of England,Male,Maths & Biology & Chemistry & Computer Science,4,5,0.041
2020 to 21,East Midlands,Male,Maths & Biology & Chemistry & Computer Science,4,2,0.026
2020 to 21,North East,All,Maths & Biology & Chemistry & Physics,4,7,0.08
2020 to 21,London,All,Maths & Biology & Chemistry & Physics,4,135,0.326
2020 to 21,South West,All,Maths & Biology & Chemistry & Physics,4,38,0.18
2020 to 21,West Midlands,All,Maths & Biology & Chemistry & Physics,4,53,0.222
2020 to 21,North West,All,Maths & Biology & Chemistry & Physics,4,36,0.123
2020 to 21,Yorkshire and The Humber,All,Maths & Biology & Chemistry & Physics,4,42,0.207
2020 to 21,South East,All,Maths & Biology & Chemistry & Physics,4,111,0.257
2020 to 21,East of England,All,Maths & Biology & Chemistry & Physics,4,58,0.213
2020 to 21,East Midlands,All,Maths & Biology & Chemistry & Physics,4,33,0.186
2020 to 21,North East,Male,Physics,1,38,1.008
2020 to 21,London,Male,Physics,1,135,0.744
2020 to 21,South West,Male,Physics,1,166,1.761
2020 to 21,West Midlands,Male,Physics,1,143,1.371
2020 to 21,North West,Male,Physics,1,108,0.866
2020 to 21,Yorkshire and The Humber,Male,Physics,1,110,1.267
2020 to 21,South East,Male,Physics,1,242,1.234
2020 to 21,East of England,Male,Physics,1,165,1.339
2020 to 21,East Midlands,Male,Physics,1,143,1.872
2020 to 21,North East,Male,Maths & Further Maths & Biology & Chemistry & Physics,5,1,0.027
2020 to 21,London,Male,Maths & Further Maths & Biology & Chemistry & Physics,5,2,0.011
2020 to 21,South West,Male,Maths & Further Maths & Biology & Chemistry & Physics,5,0,0.0
2020 to 21,West Midlands,Male,Maths & Further Maths & Biology & Chemistry & Physics,5,2,0.019
2020 to 21,North West,Male,Maths & Further Maths & Biology & Chemistry & Physics,5,1,0.008
2020 to 21,Yorkshire and The Humber,Male,Maths & Further Maths & Biology & Chemistry & Physics,5,0,0.0
2020 to 21,South East,Male,Maths & Further Maths & Biology & Chemistry & Physics,5,0,0.0
2020 to 21,East of England,Male,Maths & Further Maths & Biology & Chemistry & Physics,5,2,0.016
2020 to 21,East Midlands,Male,Maths & Further Maths & Biology & Chemistry & Physics,5,2,0.026
2020 to 21,North East,All,Maths & Further Maths & Biology & Physics & Computer Science,5,0,0.0
2020 to 21,London,All,Maths & Further Maths & Biology & Physics & Computer Science,5,0,0.0
2020 to 21,South West,All,Maths & Further Maths & Biology & Physics & Computer Science,5,0,0.0
2020 to 21,West Midlands,All,Maths & Further Maths & Biology & Physics & Computer Science,5,1,0.004
2020 to 21,North West,All,Maths & Further Maths & Biology & Physics & Computer Science,5,0,0.0
2020 to 21,Yorkshire and The Humber,All,Maths & Further Maths & Biology & Physics & Computer Science,5,0,0.0
2020 to 21,South East,All,Maths & Further Maths & Biology & Physics & Computer Science,5,0,0.0
2020 to 21,East of England,All,Maths & Further Maths & Biology & Physics & Computer Science,5,1,0.004
2020 to 21,East Midlands,All,Maths & Further Maths & Biology & Physics & Computer Science,5,2,0.011
2020 to 21,North East,Female,Maths & Biology & Physics,3,13,0.258
2020 to 21,London,Female,Maths & Biology & Physics,3,62,0.267
2020 to 21,South West,Female,Maths & Biology & Physics,3,25,0.214
2020 to 21,West Midlands,Female,Maths & Biology & Physics,3,51,0.379
2020 to 21,North West,Female,Maths & Biology & Physics,3,57,0.34
2020 to 21,Yorkshire and The Humber,Female,Maths & Biology & Physics,3,38,0.326
2020 to 21,South East,Female,Maths & Biology & Physics,3,55,0.233
2020 to 21,East of England,Female,Maths & Biology & Physics,3,34,0.227
2020 to 21,East Midlands,Female,Maths & Biology & Physics,3,43,0.426
2020 to 21,North East,Male,Computer Science,1,94,2.495
2020 to 21,London,Male,Computer Science,1,402,2.216
2020 to 21,South West,Male,Computer Science,1,155,1.644
2020 to 21,West Midlands,Male,Computer Science,1,225,2.156
2020 to 21,North West,Male,Computer Science,1,317,2.543
2020 to 21,Yorkshire and The Humber,Male,Computer Science,1,198,2.281
2020 to 21,South East,Male,Computer Science,1,423,2.157
2020 to 21,East of England,Male,Computer Science,1,297,2.411
2020 to 21,East Midlands,Male,Computer Science,1,170,2.226
2020 to 21,North East,Male,Maths & Further Maths & Biology & Physics & Computer Science,5,0,0.0
2020 to 21,London,Male,Maths & Further Maths & Biology & Physics & Computer Science,5,0,0.0
2020 to 21,South West,Male,Maths & Further Maths & Biology & Physics & Computer Science,5,0,0.0
2020 to 21,West Midlands,Male,Maths & Further Maths & Biology & Physics & Computer Science,5,1,0.01
2020 to 21,North West,Male,Maths & Further Maths & Biology & Physics & Computer Science,5,0,0.0
2020 to 21,Yorkshire and The Humber,Male,Maths & Further Maths & Biology & Physics & Computer Science,5,0,0.0
2020 to 21,South East,Male,Maths & Further Maths & Biology & Physics & Computer Science,5,0,0.0
2020 to 21,East of England,Male,Maths & Further Maths & Biology & Physics & Computer Science,5,1,0.008
2020 to 21,East Midlands,Male,Maths & Further Maths & Biology & Physics & Computer Science,5,2,0.026
2020 to 21,North East,All,Maths & Further Maths & Chemistry & Physics & Computer Science,5,1,0.011
2020 to 21,London,All,Maths & Further Maths & Chemistry & Physics & Computer Science,5,0,0.0
2020 to 21,South West,All,Maths & Further Maths & Chemistry & Physics & Computer Science,5,0,0.0
2020 to 21,West Midlands,All,Maths & Further Maths & Chemistry & Physics & Computer Science,5,2,0.008
2020 to 21,North West,All,Maths & Further Maths & Chemistry & Physics & Computer Science,5,0,0.0
2020 to 21,Yorkshire and The Humber,All,Maths & Further Maths & Chemistry & Physics & Computer Science,5,1,0.005
2020 to 21,South East,All,Maths & Further Maths & Chemistry & Physics & Computer Science,5,0,0.0
2020 to 21,East of England,All,Maths & Further Maths & Chemistry & Physics & Computer Science,5,3,0.011
2020 to 21,East Midlands,All,Maths & Further Maths & Chemistry & Physics & Computer Science,5,0,0.0
2020 to 21,North East,Female,Maths & Chemistry & Computer Science,3,2,0.04
2020 to 21,London,Female,Maths & Chemistry & Computer Science,3,15,0.065
2020 to 21,South West,Female,Maths & Chemistry & Computer Science,3,4,0.034
2020 to 21,West Midlands,Female,Maths & Chemistry & Computer Science,3,13,0.097
2020 to 21,North West,Female,Maths & Chemistry & Computer Science,3,12,0.071
2020 to 21,Yorkshire and The Humber,Female,Maths & Chemistry & Computer Science,3,4,0.034
2020 to 21,South East,Female,Maths & Chemistry & Computer Science,3,15,0.063
2020 to 21,East of England,Female,Maths & Chemistry & Computer Science,3,7,0.047
2020 to 21,East Midlands,Female,Maths & Chemistry & Computer Science,3,7,0.069
2020 to 21,North East,Male,Further Maths & Biology & Physics & Computer Science,4,0,0.0
2020 to 21,London,Male,Further Maths & Biology & Physics & Computer Science,4,0,0.0
2020 to 21,South West,Male,Further Maths & Biology & Physics & Computer Science,4,0,0.0
2020 to 21,West Midlands,Male,Further Maths & Biology & Physics & Computer Science,4,0,0.0
2020 to 21,North West,Male,Further Maths & Biology & Physics & Computer Science,4,0,0.0
2020 to 21,Yorkshire and The Humber,Male,Further Maths & Biology & Physics & Computer Science,4,0,0.0
2020 to 21,South East,Male,Further Maths & Biology & Physics & Computer Science,4,0,0.0
2020 to 21,East of England,Male,Further Maths & Biology & Physics & Computer Science,4,0,0.0
2020 to 21,East Midlands,Male,Further Maths & Biology & Physics & Computer Science,4,0,0.0
2020 to 21,North East,Male,Maths & Further Maths & Chemistry & Physics & Computer Science,5,1,0.027
2020 to 21,London,Male,Maths & Further Maths & Chemistry & Physics & Computer Science,5,0,0.0
2020 to 21,South West,Male,Maths & Further Maths & Chemistry & Physics & Computer Science,5,0,0.0
2020 to 21,West Midlands,Male,Maths & Further Maths & Chemistry & Physics & Computer Science,5,1,0.01
2020 to 21,North West,Male,Maths & Further Maths & Chemistry & Physics & Computer Science,5,0,0.0
2020 to 21,Yorkshire and The Humber,Male,Maths & Further Maths & Chemistry & Physics & Computer Science,5,1,0.012
2020 to 21,South East,Male,Maths & Further Maths & Chemistry & Physics & Computer Science,5,0,0.0
2020 to 21,East of England,Male,Maths & Further Maths & Chemistry & Physics & Computer Science,5,1,0.008
2020 to 21,East Midlands,Male,Maths & Further Maths & Chemistry & Physics & Computer Science,5,0,0.0
2020 to 21,North East,All,Maths & Biology & Physics,3,54,0.614
2020 to 21,London,All,Maths & Biology & Physics,3,248,0.599
2020 to 21,South West,All,Maths & Biology & Physics,3,104,0.493
2020 to 21,West Midlands,All,Maths & Biology & Physics,3,161,0.674
2020 to 21,North West,All,Maths & Biology & Physics,3,151,0.516
2020 to 21,Yorkshire and The Humber,All,Maths & Biology & Physics,3,118,0.581
2020 to 21,South East,All,Maths & Biology & Physics,3,223,0.515
2020 to 21,East of England,All,Maths & Biology & Physics,3,129,0.473
2020 to 21,East Midlands,All,Maths & Biology & Physics,3,109,0.615
2020 to 21,North East,All,Maths & Further Maths & Biology & Chemistry & Physics,5,1,0.011
2020 to 21,London,All,Maths & Further Maths & Biology & Chemistry & Physics,5,2,0.005
2020 to 21,South West,All,Maths & Further Maths & Biology & Chemistry & Physics,5,0,0.0
2020 to 21,West Midlands,All,Maths & Further Maths & Biology & Chemistry & Physics,5,3,0.013
2020 to 21,North West,All,Maths & Further Maths & Biology & Chemistry & Physics,5,1,0.003
2020 to 21,Yorkshire and The Humber,All,Maths & Further Maths & Biology & Chemistry & Physics,5,0,0.0
2020 to 21,South East,All,Maths & Further Maths & Biology & Chemistry & Physics,5,1,0.002
2020 to 21,East of England,All,Maths & Further Maths & Biology & Chemistry & Physics,5,4,0.015
2020 to 21,East Midlands,All,Maths & Further Maths & Biology & Chemistry & Physics,5,4,0.023
2020 to 21,North East,Female,Maths & Further Maths & Chemistry & Physics & Computer Science,5,0,0.0
2020 to 21,London,Female,Maths & Further Maths & Chemistry & Physics & Computer Science,5,0,0.0
2020 to 21,South West,Female,Maths & Further Maths & Chemistry & Physics & Computer Science,5,0,0.0
2020 to 21,West Midlands,Female,Maths & Further Maths & Chemistry & Physics & Computer Science,5,1,0.007
2020 to 21,North West,Female,Maths & Further Maths & Chemistry & Physics & Computer Science,5,0,0.0
2020 to 21,Yorkshire and The Humber,Female,Maths & Further Maths & Chemistry & Physics & Computer Science,5,0,0.0
2020 to 21,South East,Female,Maths & Further Maths & Chemistry & Physics & Computer Science,5,0,0.0
2020 to 21,East of England,Female,Maths & Further Maths & Chemistry & Physics & Computer Science,5,2,0.013
2020 to 21,East Midlands,Female,Maths & Further Maths & Chemistry & Physics & Computer Science,5,0,0.0
2020 to 21,North East,Male,Maths & Biology & Physics,3,41,1.088
2020 to 21,London,Male,Maths & Biology & Physics,3,186,1.025
2020 to 21,South West,Male,Maths & Biology & Physics,3,79,0.838
2020 to 21,West Midlands,Male,Maths & Biology & Physics,3,110,1.054
2020 to 21,North West,Male,Maths & Biology & Physics,3,94,0.754
2020 to 21,Yorkshire and The Humber,Male,Maths & Biology & Physics,3,80,0.922
2020 to 21,South East,Male,Maths & Biology & Physics,3,168,0.857
2020 to 21,East of England,Male,Maths & Biology & Physics,3,95,0.771
2020 to 21,East Midlands,Male,Maths & Biology & Physics,3,66,0.864
2020 to 21,North East,All,Computer Science,1,108,1.227
2020 to 21,London,All,Computer Science,1,487,1.177
2020 to 21,South West,All,Computer Science,1,179,0.849
2020 to 21,West Midlands,All,Computer Science,1,273,1.143
2020 to 21,North West,All,Computer Science,1,363,1.241
2020 to 21,Yorkshire and The Humber,All,Computer Science,1,213,1.048
2020 to 21,South East,All,Computer Science,1,476,1.1
2020 to 21,East of England,All,Computer Science,1,345,1.264
2020 to 21,East Midlands,All,Computer Science,1,208,1.173
2020 to 21,North East,Female,Further Maths & Chemistry & Physics & Computer Science,4,0,0.0
2020 to 21,London,Female,Further Maths & Chemistry & Physics & Computer Science,4,0,0.0
2020 to 21,South West,Female,Further Maths & Chemistry & Physics & Computer Science,4,0,0.0
2020 to 21,West Midlands,Female,Further Maths & Chemistry & Physics & Computer Science,4,0,0.0
2020 to 21,North West,Female,Further Maths & Chemistry & Physics & Computer Science,4,0,0.0
2020 to 21,Yorkshire and The Humber,Female,Further Maths & Chemistry & Physics & Computer Science,4,0,0.0
2020 to 21,South East,Female,Further Maths & Chemistry & Physics & Computer Science,4,0,0.0
2020 to 21,East of England,Female,Further Maths & Chemistry & Physics & Computer Science,4,0,0.0
2020 to 21,East Midlands,Female,Further Maths & Chemistry & Physics & Computer Science,4,0,0.0
2020 to 21,North East,Female,Biology & Chemistry & Physics & Computer Science,4,0,0.0
2020 to 21,London,Female,Biology & Chemistry & Physics & Computer Science,4,0,0.0
2020 to 21,South West,Female,Biology & Chemistry & Physics & Computer Science,4,0,0.0
2020 to 21,West Midlands,Female,Biology & Chemistry & Physics & Computer Science,4,0,0.0
2020 to 21,North West,Female,Biology & Chemistry & Physics & Computer Science,4,0,0.0
2020 to 21,Yorkshire and The Humber,Female,Biology & Chemistry & Physics & Computer Science,4,0,0.0
2020 to 21,South East,Female,Biology & Chemistry & Physics & Computer Science,4,0,0.0
2020 to 21,East of England,Female,Biology & Chemistry & Physics & Computer Science,4,0,0.0
2020 to 21,East Midlands,Female,Biology & Chemistry & Physics & Computer Science,4,0,0.0
2020 to 21,North East,Male,Maths & Chemistry & Computer Science,3,12,0.318
2020 to 21,London,Male,Maths & Chemistry & Computer Science,3,46,0.254
2020 to 21,South West,Male,Maths & Chemistry & Computer Science,3,27,0.286
2020 to 21,West Midlands,Male,Maths & Chemistry & Computer Science,3,33,0.316
2020 to 21,North West,Male,Maths & Chemistry & Computer Science,3,35,0.281
2020 to 21,Yorkshire and The Humber,Male,Maths & Chemistry & Computer Science,3,30,0.346
2020 to 21,South East,Male,Maths & Chemistry & Computer Science,3,43,0.219
2020 to 21,East of England,Male,Maths & Chemistry & Computer Science,3,21,0.17
2020 to 21,East Midlands,Male,Maths & Chemistry & Computer Science,3,26,0.34
2020 to 21,North East,All,Further Maths & Biology & Physics & Computer Science,4,0,0.0
2020 to 21,London,All,Further Maths & Biology & Physics & Computer Science,4,0,0.0
2020 to 21,South West,All,Further Maths & Biology & Physics & Computer Science,4,0,0.0
2020 to 21,West Midlands,All,Further Maths & Biology & Physics & Computer Science,4,0,0.0
2020 to 21,North West,All,Further Maths & Biology & Physics & Computer Science,4,0,0.0
2020 to 21,Yorkshire and The Humber,All,Further Maths & Biology & Physics & Computer Science,4,0,0.0
2020 to 21,South East,All,Further Maths & Biology & Physics & Computer Science,4,0,0.0
2020 to 21,East of England,All,Further Maths & Biology & Physics & Computer Science,4,0,0.0
2020 to 21,East Midlands,All,Further Maths & Biology & Physics & Computer Science,4,0,0.0
2020 to 21,North East,Female,Maths & Biology & Chemistry & Computer Science,4,0,0.0
2020 to 21,London,Female,Maths & Biology & Chemistry & Computer Science,4,3,0.013
2020 to 21,South West,Female,Maths & Biology & Chemistry & Computer Science,4,0,0.0
2020 to 21,West Midlands,Female,Maths & Biology & Chemistry & Computer Science,4,0,0.0
2020 to 21,North West,Female,Maths & Biology & Chemistry & Computer Science,4,4,0.024
2020 to 21,Yorkshire and The Humber,Female,Maths & Biology & Chemistry & Computer Science,4,1,0.009
2020 to 21,South East,Female,Maths & Biology & Chemistry & Computer Science,4,1,0.004
2020 to 21,East of England,Female,Maths & Biology & Chemistry & Computer Science,4,2,0.013
2020 to 21,East Midlands,Female,Maths & Biology & Chemistry & Computer Science,4,2,0.02
2020 to 21,North East,Female,Further Maths & Biology & Chemistry & Computer Science,4,0,0.0
2020 to 21,London,Female,Further Maths & Biology & Chemistry & Computer Science,4,0,0.0
2020 to 21,South West,Female,Further Maths & Biology & Chemistry & Computer Science,4,0,0.0
2020 to 21,West Midlands,Female,Further Maths & Biology & Chemistry & Computer Science,4,0,0.0
2020 to 21,North West,Female,Further Maths & Biology & Chemistry & Computer Science,4,0,0.0
2020 to 21,Yorkshire and The Humber,Female,Further Maths & Biology & Chemistry & Computer Science,4,0,0.0
2020 to 21,South East,Female,Further Maths & Biology & Chemistry & Computer Science,4,0,0.0
2020 to 21,East of England,Female,Further Maths & Biology & Chemistry & Computer Science,4,0,0.0
2020 to 21,East Midlands,Female,Further Maths & Biology & Chemistry & Computer Science,4,0,0.0
2020 to 21,North East,Male,Zero Maths/Science subjects,0,1809,48.01
2020 to 21,London,Male,Zero Maths/Science subjects,0,6769,37.307
2020 to 21,South West,Male,Zero Maths/Science subjects,0,4082,43.306
2020 to 21,West Midlands,Male,Zero Maths/Science subjects,0,4203,40.282
2020 to 21,North West,Male,Zero Maths/Science subjects,0,5423,43.506
2020 to 21,Yorkshire and The Humber,Male,Zero Maths/Science subjects,0,3846,44.314
2020 to 21,South East,Male,Zero Maths/Science subjects,0,8732,44.526
2020 to 21,East of England,Male,Zero Maths/Science subjects,0,5535,44.927
2020 to 21,East Midlands,Male,Zero Maths/Science subjects,0,3194,41.823
2020 to 21,North East,All,Further Maths & Chemistry & Physics & Computer Science,4,0,0.0
2020 to 21,London,All,Further Maths & Chemistry & Physics & Computer Science,4,0,0.0
2020 to 21,South West,All,Further Maths & Chemistry & Physics & Computer Science,4,0,0.0
2020 to 21,West Midlands,All,Further Maths & Chemistry & Physics & Computer Science,4,0,0.0
2020 to 21,North West,All,Further Maths & Chemistry & Physics & Computer Science,4,0,0.0
2020 to 21,Yorkshire and The Humber,All,Further Maths & Chemistry & Physics & Computer Science,4,1,0.005
2020 to 21,South East,All,Further Maths & Chemistry & Physics & Computer Science,4,0,0.0
2020 to 21,East of England,All,Further Maths & Chemistry & Physics & Computer Science,4,0,0.0
2020 to 21,East Midlands,All,Further Maths & Chemistry & Physics & Computer Science,4,0,0.0
2020 to 21,North East,All,Biology & Chemistry & Physics & Computer Science,4,0,0.0
2020 to 21,London,All,Biology & Chemistry & Physics & Computer Science,4,0,0.0
2020 to 21,South West,All,Biology & Chemistry & Physics & Computer Science,4,0,0.0
2020 to 21,West Midlands,All,Biology & Chemistry & Physics & Computer Science,4,0,0.0
2020 to 21,North West,All,Biology & Chemistry & Physics & Computer Science,4,1,0.003
2020 to 21,Yorkshire and The Humber,All,Biology & Chemistry & Physics & Computer Science,4,0,0.0
2020 to 21,South East,All,Biology & Chemistry & Physics & Computer Science,4,0,0.0
2020 to 21,East of England,All,Biology & Chemistry & Physics & Computer Science,4,0,0.0
2020 to 21,East Midlands,All,Biology & Chemistry & Physics & Computer Science,4,1,0.006
2020 to 21,North East,Female,Zero Maths/Science subjects,0,3290,65.382
2020 to 21,London,Female,Zero Maths/Science subjects,0,13052,56.198
2020 to 21,South West,Female,Zero Maths/Science subjects,0,7251,62.144
2020 to 21,West Midlands,Female,Zero Maths/Science subjects,0,7961,59.159
2020 to 21,North West,Female,Zero Maths/Science subjects,0,10386,61.866
2020 to 21,Yorkshire and The Humber,Female,Zero Maths/Science subjects,0,7333,62.977
2020 to 21,South East,Female,Zero Maths/Science subjects,0,14674,62.047
2020 to 21,East of England,Female,Zero Maths/Science subjects,0,9518,63.585
2020 to 21,East Midlands,Female,Zero Maths/Science subjects,0,6029,59.746
2020 to 21,North East,Male,Further Maths & Chemistry & Physics & Computer Science,4,0,0.0
2020 to 21,London,Male,Further Maths & Chemistry & Physics & Computer Science,4,0,0.0
2020 to 21,South West,Male,Further Maths & Chemistry & Physics & Computer Science,4,0,0.0
2020 to 21,West Midlands,Male,Further Maths & Chemistry & Physics & Computer Science,4,0,0.0
2020 to 21,North West,Male,Further Maths & Chemistry & Physics & Computer Science,4,0,0.0
2020 to 21,Yorkshire and The Humber,Male,Further Maths & Chemistry & Physics & Computer Science,4,1,0.012
2020 to 21,South East,Male,Further Maths & Chemistry & Physics & Computer Science,4,0,0.0
2020 to 21,East of England,Male,Further Maths & Chemistry & Physics & Computer Science,4,0,0.0
2020 to 21,East Midlands,Male,Further Maths & Chemistry & Physics & Computer Science,4,0,0.0
2020 to 21,North East,Male,Biology & Chemistry & Physics & Computer Science,4,0,0.0
2020 to 21,London,Male,Biology & Chemistry & Physics & Computer Science,4,0,0.0
2020 to 21,South West,Male,Biology & Chemistry & Physics & Computer Science,4,0,0.0
2020 to 21,West Midlands,Male,Biology & Chemistry & Physics & Computer Science,4,0,0.0
2020 to 21,North West,Male,Biology & Chemistry & Physics & Computer Science,4,1,0.008
2020 to 21,Yorkshire and The Humber,Male,Biology & Chemistry & Physics & Computer Science,4,0,0.0
2020 to 21,South East,Male,Biology & Chemistry & Physics & Computer Science,4,0,0.0
2020 to 21,East of England,Male,Biology & Chemistry & Physics & Computer Science,4,0,0.0
2020 to 21,East Midlands,Male,Biology & Chemistry & Physics & Computer Science,4,1,0.013
2020 to 21,North East,All,Maths & Chemistry & Computer Science,3,14,0.159
2020 to 21,London,All,Maths & Chemistry & Computer Science,3,61,0.147
2020 to 21,South West,All,Maths & Chemistry & Computer Science,3,31,0.147
2020 to 21,West Midlands,All,Maths & Chemistry & Computer Science,3,46,0.193
2020 to 21,North West,All,Maths & Chemistry & Computer Science,3,47,0.161
2020 to 21,Yorkshire and The Humber,All,Maths & Chemistry & Computer Science,3,34,0.167
2020 to 21,South East,All,Maths & Chemistry & Computer Science,3,58,0.134
2020 to 21,East of England,All,Maths & Chemistry & Computer Science,3,28,0.103
2020 to 21,East Midlands,All,Maths & Chemistry & Computer Science,3,33,0.186
2020 to 21,North East,All,Biology & Physics,2,27,0.307
2020 to 21,London,All,Biology & Physics,2,60,0.145
2020 to 21,South West,All,Biology & Physics,2,65,0.308
2020 to 21,West Midlands,All,Biology & Physics,2,78,0.326
2020 to 21,North West,All,Biology & Physics,2,58,0.198
2020 to 21,Yorkshire and The Humber,All,Biology & Physics,2,40,0.197
2020 to 21,South East,All,Biology & Physics,2,78,0.18
2020 to 21,East of England,All,Biology & Physics,2,90,0.33
2020 to 21,East Midlands,All,Biology & Physics,2,74,0.417
2020 to 21,North East,Male,Further Maths & Biology & Chemistry & Computer Science,4,0,0.0
2020 to 21,London,Male,Further Maths & Biology & Chemistry & Computer Science,4,0,0.0
2020 to 21,South West,Male,Further Maths & Biology & Chemistry & Computer Science,4,0,0.0
2020 to 21,West Midlands,Male,Further Maths & Biology & Chemistry & Computer Science,4,0,0.0
2020 to 21,North West,Male,Further Maths & Biology & Chemistry & Computer Science,4,0,0.0
2020 to 21,Yorkshire and The Humber,Male,Further Maths & Biology & Chemistry & Computer Science,4,0,0.0
2020 to 21,South East,Male,Further Maths & Biology & Chemistry & Computer Science,4,0,0.0
2020 to 21,East of England,Male,Further Maths & Biology & Chemistry & Computer Science,4,0,0.0
2020 to 21,East Midlands,Male,Further Maths & Biology & Chemistry & Computer Science,4,0,0.0
2020 to 21,North East,All,Zero Maths/Science subjects,0,5099,57.943
2020 to 21,London,All,Zero Maths/Science subjects,0,19821,47.913
2020 to 21,South West,All,Zero Maths/Science subjects,0,11333,53.726
2020 to 21,West Midlands,All,Zero Maths/Science subjects,0,12164,50.915
2020 to 21,North West,All,Zero Maths/Science subjects,0,15809,54.042
2020 to 21,Yorkshire and The Humber,All,Zero Maths/Science subjects,0,11179,55.007
2020 to 21,South East,All,Zero Maths/Science subjects,0,23406,54.104
2020 to 21,East of England,All,Zero Maths/Science subjects,0,15053,55.161
2020 to 21,East Midlands,All,Zero Maths/Science subjects,0,9223,52.025
2020 to 21,North East,All,Chemistry & Computer Science,2,2,0.023
2020 to 21,London,All,Chemistry & Computer Science,2,19,0.046
2020 to 21,South West,All,Chemistry & Computer Science,2,6,0.028
2020 to 21,West Midlands,All,Chemistry & Computer Science,2,18,0.075
2020 to 21,North West,All,Chemistry & Computer Science,2,12,0.041
2020 to 21,Yorkshire and The Humber,All,Chemistry & Computer Science,2,7,0.034
2020 to 21,South East,All,Chemistry & Computer Science,2,14,0.032
2020 to 21,East of England,All,Chemistry & Computer Science,2,9,0.033
2020 to 21,East Midlands,All,Chemistry & Computer Science,2,10,0.056
2020 to 21,North East,Male,Maths & Chemistry & Physics,3,173,4.591
2020 to 21,London,Male,Maths & Chemistry & Physics,3,769,4.238
2020 to 21,South West,Male,Maths & Chemistry & Physics,3,351,3.724
2020 to 21,West Midlands,Male,Maths & Chemistry & Physics,3,418,4.006
2020 to 21,North West,Male,Maths & Chemistry & Physics,3,553,4.436
2020 to 21,Yorkshire and The Humber,Male,Maths & Chemistry & Physics,3,331,3.814
2020 to 21,South East,Male,Maths & Chemistry & Physics,3,586,2.988
2020 to 21,East of England,Male,Maths & Chemistry & Physics,3,429,3.482
2020 to 21,East Midlands,Male,Maths & Chemistry & Physics,3,319,4.177
2020 to 21,North East,Male,Chemistry & Computer Science,2,1,0.027
2020 to 21,London,Male,Chemistry & Computer Science,2,18,0.099
2020 to 21,South West,Male,Chemistry & Computer Science,2,5,0.053
2020 to 21,West Midlands,Male,Chemistry & Computer Science,2,16,0.153
2020 to 21,North West,Male,Chemistry & Computer Science,2,10,0.08
2020 to 21,Yorkshire and The Humber,Male,Chemistry & Computer Science,2,6,0.069
2020 to 21,South East,Male,Chemistry & Computer Science,2,8,0.041
2020 to 21,East of England,Male,Chemistry & Computer Science,2,8,0.065
2020 to 21,East Midlands,Male,Chemistry & Computer Science,2,9,0.118
2020 to 21,North East,Female,Maths & Chemistry & Physics,3,52,1.033
2020 to 21,London,Female,Maths & Chemistry & Physics,3,293,1.262
2020 to 21,South West,Female,Maths & Chemistry & Physics,3,79,0.677
2020 to 21,West Midlands,Female,Maths & Chemistry & Physics,3,91,0.676
2020 to 21,North West,Female,Maths & Chemistry & Physics,3,148,0.882
2020 to 21,Yorkshire and The Humber,Female,Maths & Chemistry & Physics,3,114,0.979
2020 to 21,South East,Female,Maths & Chemistry & Physics,3,194,0.82
2020 to 21,East of England,Female,Maths & Chemistry & Physics,3,102,0.681
2020 to 21,East Midlands,Female,Maths & Chemistry & Physics,3,85,0.842
2020 to 21,North East,Female,Chemistry & Computer Science,2,1,0.02
2020 to 21,London,Female,Chemistry & Computer Science,2,1,0.004
2020 to 21,South West,Female,Chemistry & Computer Science,2,1,0.009
2020 to 21,West Midlands,Female,Chemistry & Computer Science,2,2,0.015
2020 to 21,North West,Female,Chemistry & Computer Science,2,2,0.012
2020 to 21,Yorkshire and The Humber,Female,Chemistry & Computer Science,2,1,0.009
2020 to 21,South East,Female,Chemistry & Computer Science,2,6,0.025
2020 to 21,East of England,Female,Chemistry & Computer Science,2,1,0.007
2020 to 21,East Midlands,Female,Chemistry & Computer Science,2,1,0.01
2020 to 21,North East,All,Further Maths & Biology & Chemistry & Computer Science,4,0,0.0
2020 to 21,London,All,Further Maths & Biology & Chemistry & Computer Science,4,0,0.0
2020 to 21,South West,All,Further Maths & Biology & Chemistry & Computer Science,4,0,0.0
2020 to 21,West Midlands,All,Further Maths & Biology & Chemistry & Computer Science,4,0,0.0
2020 to 21,North West,All,Further Maths & Biology & Chemistry & Computer Science,4,0,0.0
2020 to 21,Yorkshire and The Humber,All,Further Maths & Biology & Chemistry & Computer Science,4,0,0.0
2020 to 21,South East,All,Further Maths & Biology & Chemistry & Computer Science,4,0,0.0
2020 to 21,East of England,All,Further Maths & Biology & Chemistry & Computer Science,4,0,0.0
2020 to 21,East Midlands,All,Further Maths & Biology & Chemistry & Computer Science,4,0,0.0
2020 to 21,North East,Female,Maths & Further Maths & Biology,3,3,0.06
2020 to 21,London,Female,Maths & Further Maths & Biology,3,21,0.09
2020 to 21,South West,Female,Maths & Further Maths & Biology,3,9,0.077
2020 to 21,West Midlands,Female,Maths & Further Maths & Biology,3,10,0.074
2020 to 21,North West,Female,Maths & Further Maths & Biology,3,6,0.036
2020 to 21,Yorkshire and The Humber,Female,Maths & Further Maths & Biology,3,7,0.06
2020 to 21,South East,Female,Maths & Further Maths & Biology,3,15,0.063
2020 to 21,East of England,Female,Maths & Further Maths & Biology,3,17,0.114
2020 to 21,East Midlands,Female,Maths & Further Maths & Biology,3,7,0.069
2020 to 21,North East,Female,Chemistry & Physics,2,5,0.099
2020 to 21,London,Female,Chemistry & Physics,2,24,0.103
2020 to 21,South West,Female,Chemistry & Physics,2,10,0.086
2020 to 21,West Midlands,Female,Chemistry & Physics,2,12,0.089
2020 to 21,North West,Female,Chemistry & Physics,2,20,0.119
2020 to 21,Yorkshire and The Humber,Female,Chemistry & Physics,2,6,0.052
2020 to 21,South East,Female,Chemistry & Physics,2,25,0.106
2020 to 21,East of England,Female,Chemistry & Physics,2,14,0.094
2020 to 21,East Midlands,Female,Chemistry & Physics,2,15,0.149
2020 to 21,North East,All,Maths & Chemistry & Physics,3,225,2.557
2020 to 21,London,All,Maths & Chemistry & Physics,3,1062,2.567
2020 to 21,South West,All,Maths & Chemistry & Physics,3,430,2.038
2020 to 21,West Midlands,All,Maths & Chemistry & Physics,3,509,2.131
2020 to 21,North West,All,Maths & Chemistry & Physics,3,701,2.396
2020 to 21,Yorkshire and The Humber,All,Maths & Chemistry & Physics,3,445,2.19
2020 to 21,South East,All,Maths & Chemistry & Physics,3,780,1.803
2020 to 21,East of England,All,Maths & Chemistry & Physics,3,531,1.946
2020 to 21,East Midlands,All,Maths & Chemistry & Physics,3,404,2.279
2020 to 21,North East,Female,Maths & Further Maths & Chemistry,3,9,0.179
2020 to 21,London,Female,Maths & Further Maths & Chemistry,3,81,0.349
2020 to 21,South West,Female,Maths & Further Maths & Chemistry,3,28,0.24
2020 to 21,West Midlands,Female,Maths & Further Maths & Chemistry,3,21,0.156
2020 to 21,North West,Female,Maths & Further Maths & Chemistry,3,36,0.214
2020 to 21,Yorkshire and The Humber,Female,Maths & Further Maths & Chemistry,3,27,0.232
2020 to 21,South East,Female,Maths & Further Maths & Chemistry,3,46,0.195
2020 to 21,East of England,Female,Maths & Further Maths & Chemistry,3,36,0.24
2020 to 21,East Midlands,Female,Maths & Further Maths & Chemistry,3,17,0.168
2020 to 21,North East,Male,Further Maths & Biology & Chemistry & Physics,4,0,0.0
2020 to 21,London,Male,Further Maths & Biology & Chemistry & Physics,4,0,0.0
2020 to 21,South West,Male,Further Maths & Biology & Chemistry & Physics,4,0,0.0
2020 to 21,West Midlands,Male,Further Maths & Biology & Chemistry & Physics,4,0,0.0
2020 to 21,North West,Male,Further Maths & Biology & Chemistry & Physics,4,0,0.0
2020 to 21,Yorkshire and The Humber,Male,Further Maths & Biology & Chemistry & Physics,4,0,0.0
2020 to 21,South East,Male,Further Maths & Biology & Chemistry & Physics,4,0,0.0
2020 to 21,East of England,Male,Further Maths & Biology & Chemistry & Physics,4,0,0.0
2020 to 21,East Midlands,Male,Further Maths & Biology & Chemistry & Physics,4,0,0.0
2020 to 21,North East,All,Maths & Further Maths & Biology,3,7,0.08
2020 to 21,London,All,Maths & Further Maths & Biology,3,34,0.082
2020 to 21,South West,All,Maths & Further Maths & Biology,3,17,0.081
2020 to 21,West Midlands,All,Maths & Further Maths & Biology,3,20,0.084
2020 to 21,North West,All,Maths & Further Maths & Biology,3,10,0.034
2020 to 21,Yorkshire and The Humber,All,Maths & Further Maths & Biology,3,11,0.054
2020 to 21,South East,All,Maths & Further Maths & Biology,3,33,0.076
2020 to 21,East of England,All,Maths & Further Maths & Biology,3,32,0.117
2020 to 21,East Midlands,All,Maths & Further Maths & Biology,3,13,0.073
2020 to 21,North East,Female,Further Maths & Biology & Chemistry & Physics,4,0,0.0
2020 to 21,London,Female,Further Maths & Biology & Chemistry & Physics,4,0,0.0
2020 to 21,South West,Female,Further Maths & Biology & Chemistry & Physics,4,1,0.009
2020 to 21,West Midlands,Female,Further Maths & Biology & Chemistry & Physics,4,0,0.0
2020 to 21,North West,Female,Further Maths & Biology & Chemistry & Physics,4,0,0.0
2020 to 21,Yorkshire and The Humber,Female,Further Maths & Biology & Chemistry & Physics,4,0,0.0
2020 to 21,South East,Female,Further Maths & Biology & Chemistry & Physics,4,0,0.0
2020 to 21,East of England,Female,Further Maths & Biology & Chemistry & Physics,4,0,0.0
2020 to 21,East Midlands,Female,Further Maths & Biology & Chemistry & Physics,4,0,0.0
2020 to 21,North East,Male,Maths & Further Maths & Biology,3,4,0.106
2020 to 21,London,Male,Maths & Further Maths & Biology,3,13,0.072
2020 to 21,South West,Male,Maths & Further Maths & Biology,3,8,0.085
2020 to 21,West Midlands,Male,Maths & Further Maths & Biology,3,10,0.096
2020 to 21,North West,Male,Maths & Further Maths & Biology,3,4,0.032
2020 to 21,Yorkshire and The Humber,Male,Maths & Further Maths & Biology,3,4,0.046
2020 to 21,South East,Male,Maths & Further Maths & Biology,3,18,0.092
2020 to 21,East of England,Male,Maths & Further Maths & Biology,3,15,0.122
2020 to 21,East Midlands,Male,Maths & Further Maths & Biology,3,6,0.079
2020 to 21,North East,Male,Chemistry & Physics,2,19,0.504
2020 to 21,London,Male,Chemistry & Physics,2,33,0.182
2020 to 21,South West,Male,Chemistry & Physics,2,37,0.393
2020 to 21,West Midlands,Male,Chemistry & Physics,2,44,0.422
2020 to 21,North West,Male,Chemistry & Physics,2,32,0.257
2020 to 21,Yorkshire and The Humber,Male,Chemistry & Physics,2,26,0.3
2020 to 21,South East,Male,Chemistry & Physics,2,40,0.204
2020 to 21,East of England,Male,Chemistry & Physics,2,55,0.446
2020 to 21,East Midlands,Male,Chemistry & Physics,2,27,0.354
2020 to 21,North East,Female,Further Maths & Biology & Physics & Computer Science,4,0,0.0
2020 to 21,London,Female,Further Maths & Biology & Physics & Computer Science,4,0,0.0
2020 to 21,South West,Female,Further Maths & Biology & Physics & Computer Science,4,0,0.0
2020 to 21,West Midlands,Female,Further Maths & Biology & Physics & Computer Science,4,0,0.0
2020 to 21,North West,Female,Further Maths & Biology & Physics & Computer Science,4,0,0.0
2020 to 21,Yorkshire and The Humber,Female,Further Maths & Biology & Physics & Computer Science,4,0,0.0
2020 to 21,South East,Female,Further Maths & Biology & Physics & Computer Science,4,0,0.0
2020 to 21,East of England,Female,Further Maths & Biology & Physics & Computer Science,4,0,0.0
2020 to 21,East Midlands,Female,Further Maths & Biology & Physics & Computer Science,4,0,0.0
2020 to 21,North East,Male,Maths & Further Maths & Chemistry,3,9,0.239
2020 to 21,London,Male,Maths & Further Maths & Chemistry,3,81,0.446
2020 to 21,South West,Male,Maths & Further Maths & Chemistry,3,26,0.276
2020 to 21,West Midlands,Male,Maths & Further Maths & Chemistry,3,30,0.288
2020 to 21,North West,Male,Maths & Further Maths & Chemistry,3,34,0.273
2020 to 21,Yorkshire and The Humber,Male,Maths & Further Maths & Chemistry,3,25,0.288
2020 to 21,South East,Male,Maths & Further Maths & Chemistry,3,60,0.306
2020 to 21,East of England,Male,Maths & Further Maths & Chemistry,3,53,0.43
2020 to 21,East Midlands,Male,Maths & Further Maths & Chemistry,3,22,0.288
2020 to 21,North East,All,Further Maths & Biology & Chemistry & Physics,4,0,0.0
2020 to 21,London,All,Further Maths & Biology & Chemistry & Physics,4,0,0.0
2020 to 21,South West,All,Further Maths & Biology & Chemistry & Physics,4,1,0.005
2020 to 21,West Midlands,All,Further Maths & Biology & Chemistry & Physics,4,0,0.0
2020 to 21,North West,All,Further Maths & Biology & Chemistry & Physics,4,0,0.0
2020 to 21,Yorkshire and The Humber,All,Further Maths & Biology & Chemistry & Physics,4,0,0.0
2020 to 21,South East,All,Further Maths & Biology & Chemistry & Physics,4,0,0.0
2020 to 21,East of England,All,Further Maths & Biology & Chemistry & Physics,4,0,0.0
2020 to 21,East Midlands,All,Further Maths & Biology & Chemistry & Physics,4,0,0.0
2020 to 21,North East,Male,Biology & Computer Science,2,6,0.159
2020 to 21,London,Male,Biology & Computer Science,2,39,0.215
2020 to 21,South West,Male,Biology & Computer Science,2,11,0.117
2020 to 21,West Midlands,Male,Biology & Computer Science,2,15,0.144
2020 to 21,North West,Male,Biology & Computer Science,2,25,0.201
2020 to 21,Yorkshire and The Humber,Male,Biology & Computer Science,2,13,0.15
2020 to 21,South East,Male,Biology & Computer Science,2,26,0.133
2020 to 21,East of England,Male,Biology & Computer Science,2,25,0.203
2020 to 21,East Midlands,Male,Biology & Computer Science,2,18,0.236
2020 to 21,North East,Male,Maths & Further Maths & Computer Science,3,25,0.663
2020 to 21,London,Male,Maths & Further Maths & Computer Science,3,116,0.639
2020 to 21,South West,Male,Maths & Further Maths & Computer Science,3,55,0.583
2020 to 21,West Midlands,Male,Maths & Further Maths & Computer Science,3,40,0.383
2020 to 21,North West,Male,Maths & Further Maths & Computer Science,3,84,0.674
2020 to 21,Yorkshire and The Humber,Male,Maths & Further Maths & Computer Science,3,31,0.357
2020 to 21,South East,Male,Maths & Further Maths & Computer Science,3,155,0.79
2020 to 21,East of England,Male,Maths & Further Maths & Computer Science,3,83,0.674
2020 to 21,East Midlands,Male,Maths & Further Maths & Computer Science,3,54,0.707
2020 to 21,North East,Female,Biology & Computer Science,2,1,0.02
2020 to 21,London,Female,Biology & Computer Science,2,6,0.026
2020 to 21,South West,Female,Biology & Computer Science,2,1,0.009
2020 to 21,West Midlands,Female,Biology & Computer Science,2,8,0.059
2020 to 21,North West,Female,Biology & Computer Science,2,4,0.024
2020 to 21,Yorkshire and The Humber,Female,Biology & Computer Science,2,5,0.043
2020 to 21,South East,Female,Biology & Computer Science,2,11,0.047
2020 to 21,East of England,Female,Biology & Computer Science,2,6,0.04
2020 to 21,East Midlands,Female,Biology & Computer Science,2,4,0.04
2020 to 21,North East,Female,Maths & Further Maths & Computer Science,3,3,0.06
2020 to 21,London,Female,Maths & Further Maths & Computer Science,3,29,0.125
2020 to 21,South West,Female,Maths & Further Maths & Computer Science,3,14,0.12
2020 to 21,West Midlands,Female,Maths & Further Maths & Computer Science,3,11,0.082
2020 to 21,North West,Female,Maths & Further Maths & Computer Science,3,15,0.089
2020 to 21,Yorkshire and The Humber,Female,Maths & Further Maths & Computer Science,3,8,0.069
2020 to 21,South East,Female,Maths & Further Maths & Computer Science,3,26,0.11
2020 to 21,East of England,Female,Maths & Further Maths & Computer Science,3,15,0.1
2020 to 21,East Midlands,Female,Maths & Further Maths & Computer Science,3,3,0.03
2020 to 21,North East,All,Biology & Chemistry,2,478,5.432
2020 to 21,London,All,Biology & Chemistry,2,2596,6.275
2020 to 21,South West,All,Biology & Chemistry,2,1173,5.561
2020 to 21,West Midlands,All,Biology & Chemistry,2,1763,7.379
2020 to 21,North West,All,Biology & Chemistry,2,2078,7.104
2020 to 21,Yorkshire and The Humber,All,Biology & Chemistry,2,1341,6.598
2020 to 21,South East,All,Biology & Chemistry,2,2142,4.951
2020 to 21,East of England,All,Biology & Chemistry,2,1289,4.724
2020 to 21,East Midlands,All,Biology & Chemistry,2,1125,6.346
2020 to 21,North East,All,Maths & Further Maths & Chemistry,3,18,0.205
2020 to 21,London,All,Maths & Further Maths & Chemistry,3,162,0.392
2020 to 21,South West,All,Maths & Further Maths & Chemistry,3,54,0.256
2020 to 21,West Midlands,All,Maths & Further Maths & Chemistry,3,51,0.213
2020 to 21,North West,All,Maths & Further Maths & Chemistry,3,70,0.239
2020 to 21,Yorkshire and The Humber,All,Maths & Further Maths & Chemistry,3,52,0.256
2020 to 21,South East,All,Maths & Further Maths & Chemistry,3,106,0.245
2020 to 21,East of England,All,Maths & Further Maths & Chemistry,3,89,0.326
2020 to 21,East Midlands,All,Maths & Further Maths & Chemistry,3,39,0.22
2020 to 21,North East,All,Biology & Computer Science,2,7,0.08
2020 to 21,London,All,Biology & Computer Science,2,45,0.109
2020 to 21,South West,All,Biology & Computer Science,2,12,0.057
2020 to 21,West Midlands,All,Biology & Computer Science,2,23,0.096
2020 to 21,North West,All,Biology & Computer Science,2,29,0.099
2020 to 21,Yorkshire and The Humber,All,Biology & Computer Science,2,18,0.089
2020 to 21,South East,All,Biology & Computer Science,2,37,0.086
2020 to 21,East of England,All,Biology & Computer Science,2,31,0.114
2020 to 21,East Midlands,All,Biology & Computer Science,2,22,0.124
2020 to 21,North East,All,Maths & Further Maths & Computer Science,3,28,0.318
2020 to 21,London,All,Maths & Further Maths & Computer Science,3,145,0.351
2020 to 21,South West,All,Maths & Further Maths & Computer Science,3,69,0.327
2020 to 21,West Midlands,All,Maths & Further Maths & Computer Science,3,51,0.213
2020 to 21,North West,All,Maths & Further Maths & Computer Science,3,99,0.338
2020 to 21,Yorkshire and The Humber,All,Maths & Further Maths & Computer Science,3,39,0.192
2020 to 21,South East,All,Maths & Further Maths & Computer Science,3,181,0.418
2020 to 21,East of England,All,Maths & Further Maths & Computer Science,3,98,0.359
2020 to 21,East Midlands,All,Maths & Further Maths & Computer Science,3,57,0.322
2020 to 21,North East,All,Maths & Further Maths & Physics,3,122,1.386
2020 to 21,London,All,Maths & Further Maths & Physics,3,950,2.296
2020 to 21,South West,All,Maths & Further Maths & Physics,3,385,1.825
2020 to 21,West Midlands,All,Maths & Further Maths & Physics,3,258,1.08
2020 to 21,North West,All,Maths & Further Maths & Physics,3,335,1.145
2020 to 21,Yorkshire and The Humber,All,Maths & Further Maths & Physics,3,245,1.206
2020 to 21,South East,All,Maths & Further Maths & Physics,3,703,1.625
2020 to 21,East of England,All,Maths & Further Maths & Physics,3,386,1.414
2020 to 21,East Midlands,All,Maths & Further Maths & Physics,3,201,1.134
2020 to 21,North East,Male,Biology & Physics,2,20,0.531
2020 to 21,London,Male,Biology & Physics,2,44,0.243
2020 to 21,South West,Male,Biology & Physics,2,46,0.488
2020 to 21,West Midlands,Male,Biology & Physics,2,48,0.46
2020 to 21,North West,Male,Biology & Physics,2,38,0.305
2020 to 21,Yorkshire and The Humber,Male,Biology & Physics,2,30,0.346
2020 to 21,South East,Male,Biology & Physics,2,51,0.26
2020 to 21,East of England,Male,Biology & Physics,2,62,0.503
2020 to 21,East Midlands,Male,Biology & Physics,2,51,0.668
2020 to 21,North East,Male,Maths & Further Maths & Physics,3,103,2.734
2020 to 21,London,Male,Maths & Further Maths & Physics,3,738,4.067
2020 to 21,South West,Male,Maths & Further Maths & Physics,3,283,3.002
2020 to 21,West Midlands,Male,Maths & Further Maths & Physics,3,208,1.993
2020 to 21,North West,Male,Maths & Further Maths & Physics,3,245,1.966
2020 to 21,Yorkshire and The Humber,Male,Maths & Further Maths & Physics,3,203,2.339
2020 to 21,South East,Male,Maths & Further Maths & Physics,3,564,2.876
2020 to 21,East of England,Male,Maths & Further Maths & Physics,3,323,2.622
2020 to 21,East Midlands,Male,Maths & Further Maths & Physics,3,155,2.03
2020 to 21,North East,Female,Biology & Physics,2,7,0.139
2020 to 21,London,Female,Biology & Physics,2,16,0.069
2020 to 21,South West,Female,Biology & Physics,2,19,0.163
2020 to 21,West Midlands,Female,Biology & Physics,2,30,0.223
2020 to 21,North West,Female,Biology & Physics,2,20,0.119
2020 to 21,Yorkshire and The Humber,Female,Biology & Physics,2,10,0.086
2020 to 21,South East,Female,Biology & Physics,2,27,0.114
2020 to 21,East of England,Female,Biology & Physics,2,28,0.187
2020 to 21,East Midlands,Female,Biology & Physics,2,23,0.228
2020 to 21,North East,Female,Maths & Further Maths & Physics,3,19,0.378
2020 to 21,London,Female,Maths & Further Maths & Physics,3,212,0.913
2020 to 21,South West,Female,Maths & Further Maths & Physics,3,102,0.874
2020 to 21,West Midlands,Female,Maths & Further Maths & Physics,3,50,0.372
2020 to 21,North West,Female,Maths & Further Maths & Physics,3,90,0.536
2020 to 21,Yorkshire and The Humber,Female,Maths & Further Maths & Physics,3,42,0.361
2020 to 21,South East,Female,Maths & Further Maths & Physics,3,139,0.588
2020 to 21,East of England,Female,Maths & Further Maths & Physics,3,63,0.421
2020 to 21,East Midlands,Female,Maths & Further Maths & Physics,3,46,0.456
2020 to 21,North East,Male,Maths & Physics & Computer Science,3,97,2.574
2020 to 21,London,Male,Maths & Physics & Computer Science,3,434,2.392
2020 to 21,South West,Male,Maths & Physics & Computer Science,3,237,2.514
2020 to 21,West Midlands,Male,Maths & Physics & Computer Science,3,307,2.942
2020 to 21,North West,Male,Maths & Physics & Computer Science,3,351,2.816
2020 to 21,Yorkshire and The Humber,Male,Maths & Physics & Computer Science,3,188,2.166
2020 to 21,South East,Male,Maths & Physics & Computer Science,3,475,2.422
2020 to 21,East of England,Male,Maths & Physics & Computer Science,3,333,2.703
2020 to 21,East Midlands,Male,Maths & Physics & Computer Science,3,202,2.645
2020 to 21,North East,All,Maths & Physics & Computer Science,3,109,1.239
2020 to 21,London,All,Maths & Physics & Computer Science,3,488,1.18
2020 to 21,South West,All,Maths & Physics & Computer Science,3,257,1.218
2020 to 21,West Midlands,All,Maths & Physics & Computer Science,3,336,1.406
2020 to 21,North West,All,Maths & Physics & Computer Science,3,393,1.343
2020 to 21,Yorkshire and The Humber,All,Maths & Physics & Computer Science,3,204,1.004
2020 to 21,South East,All,Maths & Physics & Computer Science,3,524,1.211
2020 to 21,East of England,All,Maths & Physics & Computer Science,3,357,1.308
2020 to 21,East Midlands,All,Maths & Physics & Computer Science,3,219,1.235
2020 to 21,North East,Female,Maths & Physics & Computer Science,3,12,0.238
2020 to 21,London,Female,Maths & Physics & Computer Science,3,54,0.233
2020 to 21,South West,Female,Maths & Physics & Computer Science,3,20,0.171
2020 to 21,West Midlands,Female,Maths & Physics & Computer Science,3,29,0.216
2020 to 21,North West,Female,Maths & Physics & Computer Science,3,42,0.25
2020 to 21,Yorkshire and The Humber,Female,Maths & Physics & Computer Science,3,16,0.137
2020 to 21,South East,Female,Maths & Physics & Computer Science,3,49,0.207
2020 to 21,East of England,Female,Maths & Physics & Computer Science,3,24,0.16
2020 to 21,East Midlands,Female,Maths & Physics & Computer Science,3,17,0.168
2020 to 21,North East,Male,Biology & Chemistry,2,122,3.238
2020 to 21,London,Male,Biology & Chemistry,2,661,3.643
2020 to 21,South West,Male,Biology & Chemistry,2,379,4.021
2020 to 21,West Midlands,Male,Biology & Chemistry,2,534,5.118
2020 to 21,North West,Male,Biology & Chemistry,2,645,5.174
2020 to 21,Yorkshire and The Humber,Male,Biology & Chemistry,2,422,4.862
2020 to 21,South East,Male,Biology & Chemistry,2,604,3.08
2020 to 21,East of England,Male,Biology & Chemistry,2,363,2.946
2020 to 21,East Midlands,Male,Biology & Chemistry,2,313,4.098
2020 to 21,North East,Female,Biology & Chemistry,2,356,7.075
2020 to 21,London,Female,Biology & Chemistry,2,1935,8.332
2020 to 21,South West,Female,Biology & Chemistry,2,794,6.805
2020 to 21,West Midlands,Female,Biology & Chemistry,2,1229,9.133
2020 to 21,North West,Female,Biology & Chemistry,2,1433,8.536
2020 to 21,Yorkshire and The Humber,Female,Biology & Chemistry,2,919,7.892
2020 to 21,South East,Female,Biology & Chemistry,2,1538,6.503
2020 to 21,East of England,Female,Biology & Chemistry,2,926,6.186
2020 to 21,East Midlands,Female,Biology & Chemistry,2,812,8.047
2021 to 22,London,Female,Further Maths & Biology & Chemistry,3,5,0.02
2021 to 22,North West,Female,Further Maths & Biology & Chemistry,3,5,0.028
2021 to 22,West Midlands,Female,Further Maths & Biology & Chemistry,3,7,0.049
2021 to 22,East of England,Female,Further Maths & Biology & Chemistry,3,3,0.018
2021 to 22,Yorkshire and The Humber,Female,Further Maths & Biology & Chemistry,3,5,0.041
2021 to 22,North East,Female,Further Maths & Biology & Chemistry,3,2,0.037
2021 to 22,South East,Female,Further Maths & Biology & Chemistry,3,13,0.052
2021 to 22,East Midlands,Female,Further Maths & Biology & Chemistry,3,3,0.028
2021 to 22,South West,Female,Further Maths & Biology & Chemistry,3,4,0.033
2021 to 22,London,Female,Maths & Chemistry,2,415,1.68
2021 to 22,North West,Female,Maths & Chemistry,2,186,1.042
2021 to 22,West Midlands,Female,Maths & Chemistry,2,163,1.136
2021 to 22,East of England,Female,Maths & Chemistry,2,167,1.025
2021 to 22,Yorkshire and The Humber,Female,Maths & Chemistry,2,108,0.875
2021 to 22,North East,Female,Maths & Chemistry,2,43,0.786
2021 to 22,South East,Female,Maths & Chemistry,2,262,1.053
2021 to 22,East Midlands,Female,Maths & Chemistry,2,110,1.035
2021 to 22,South West,Female,Maths & Chemistry,2,123,1.005
2021 to 22,London,Male,Further Maths & Biology & Chemistry,3,5,0.025
2021 to 22,North West,Male,Further Maths & Biology & Chemistry,3,1,0.007
2021 to 22,West Midlands,Male,Further Maths & Biology & Chemistry,3,6,0.054
2021 to 22,East of England,Male,Further Maths & Biology & Chemistry,3,2,0.015
2021 to 22,Yorkshire and The Humber,Male,Further Maths & Biology & Chemistry,3,5,0.053
2021 to 22,North East,Male,Further Maths & Biology & Chemistry,3,0,0.0
2021 to 22,South East,Male,Further Maths & Biology & Chemistry,3,8,0.038
2021 to 22,East Midlands,Male,Further Maths & Biology & Chemistry,3,10,0.118
2021 to 22,South West,Male,Further Maths & Biology & Chemistry,3,4,0.041
2021 to 22,London,All,Chemistry & Physics & Computer Science,3,10,0.022
2021 to 22,North West,All,Chemistry & Physics & Computer Science,3,7,0.022
2021 to 22,West Midlands,All,Chemistry & Physics & Computer Science,3,8,0.031
2021 to 22,East of England,All,Chemistry & Physics & Computer Science,3,12,0.041
2021 to 22,Yorkshire and The Humber,All,Chemistry & Physics & Computer Science,3,1,0.005
2021 to 22,North East,All,Chemistry & Physics & Computer Science,3,1,0.01
2021 to 22,South East,All,Chemistry & Physics & Computer Science,3,10,0.022
2021 to 22,East Midlands,All,Chemistry & Physics & Computer Science,3,12,0.063
2021 to 22,South West,All,Chemistry & Physics & Computer Science,3,6,0.027
2021 to 22,London,All,Maths & Biology,2,738,1.658
2021 to 22,North West,All,Maths & Biology,2,426,1.358
2021 to 22,West Midlands,All,Maths & Biology,2,436,1.716
2021 to 22,East of England,All,Maths & Biology,2,484,1.64
2021 to 22,Yorkshire and The Humber,All,Maths & Biology,2,338,1.555
2021 to 22,North East,All,Maths & Biology,2,132,1.386
2021 to 22,South East,All,Maths & Biology,2,800,1.74
2021 to 22,East Midlands,All,Maths & Biology,2,332,1.739
2021 to 22,South West,All,Maths & Biology,2,347,1.577
2021 to 22,London,Female,Further Maths & Biology & Computer Science,3,0,0.0
2021 to 22,North West,Female,Further Maths & Biology & Computer Science,3,0,0.0
2021 to 22,West Midlands,Female,Further Maths & Biology & Computer Science,3,0,0.0
2021 to 22,East of England,Female,Further Maths & Biology & Computer Science,3,0,0.0
2021 to 22,Yorkshire and The Humber,Female,Further Maths & Biology & Computer Science,3,0,0.0
2021 to 22,North East,Female,Further Maths & Biology & Computer Science,3,0,0.0
2021 to 22,South East,Female,Further Maths & Biology & Computer Science,3,1,0.004
2021 to 22,East Midlands,Female,Further Maths & Biology & Computer Science,3,0,0.0
2021 to 22,South West,Female,Further Maths & Biology & Computer Science,3,0,0.0
2021 to 22,London,Female,Chemistry & Physics & Computer Science,3,3,0.012
2021 to 22,North West,Female,Chemistry & Physics & Computer Science,3,0,0.0
2021 to 22,West Midlands,Female,Chemistry & Physics & Computer Science,3,0,0.0
2021 to 22,East of England,Female,Chemistry & Physics & Computer Science,3,1,0.006
2021 to 22,Yorkshire and The Humber,Female,Chemistry & Physics & Computer Science,3,0,0.0
2021 to 22,North East,Female,Chemistry & Physics & Computer Science,3,0,0.0
2021 to 22,South East,Female,Chemistry & Physics & Computer Science,3,0,0.0
2021 to 22,East Midlands,Female,Chemistry & Physics & Computer Science,3,2,0.019
2021 to 22,South West,Female,Chemistry & Physics & Computer Science,3,0,0.0
2021 to 22,London,Male,Chemistry & Physics & Computer Science,3,7,0.035
2021 to 22,North West,Male,Chemistry & Physics & Computer Science,3,7,0.052
2021 to 22,West Midlands,Male,Chemistry & Physics & Computer Science,3,8,0.072
2021 to 22,East of England,Male,Chemistry & Physics & Computer Science,3,11,0.083
2021 to 22,Yorkshire and The Humber,Male,Chemistry & Physics & Computer Science,3,1,0.011
2021 to 22,North East,Male,Chemistry & Physics & Computer Science,3,1,0.025
2021 to 22,South East,Male,Chemistry & Physics & Computer Science,3,10,0.047
2021 to 22,East Midlands,Male,Chemistry & Physics & Computer Science,3,10,0.118
2021 to 22,South West,Male,Chemistry & Physics & Computer Science,3,6,0.061
2021 to 22,London,All,Further Maths & Biology & Chemistry,3,10,0.022
2021 to 22,North West,All,Further Maths & Biology & Chemistry,3,6,0.019
2021 to 22,West Midlands,All,Further Maths & Biology & Chemistry,3,13,0.051
2021 to 22,East of England,All,Further Maths & Biology & Chemistry,3,5,0.017
2021 to 22,Yorkshire and The Humber,All,Further Maths & Biology & Chemistry,3,10,0.046
2021 to 22,North East,All,Further Maths & Biology & Chemistry,3,2,0.021
2021 to 22,South East,All,Further Maths & Biology & Chemistry,3,21,0.046
2021 to 22,East Midlands,All,Further Maths & Biology & Chemistry,3,13,0.068
2021 to 22,South West,All,Further Maths & Biology & Chemistry,3,8,0.036
2021 to 22,London,All,Biology & Physics & Computer Science,3,6,0.013
2021 to 22,North West,All,Biology & Physics & Computer Science,3,4,0.013
2021 to 22,West Midlands,All,Biology & Physics & Computer Science,3,2,0.008
2021 to 22,East of England,All,Biology & Physics & Computer Science,3,11,0.037
2021 to 22,Yorkshire and The Humber,All,Biology & Physics & Computer Science,3,1,0.005
2021 to 22,North East,All,Biology & Physics & Computer Science,3,0,0.0
2021 to 22,South East,All,Biology & Physics & Computer Science,3,6,0.013
2021 to 22,East Midlands,All,Biology & Physics & Computer Science,3,5,0.026
2021 to 22,South West,All,Biology & Physics & Computer Science,3,7,0.032
2021 to 22,London,Male,Maths,1,2358,11.903
2021 to 22,North West,Male,Maths,1,1196,8.839
2021 to 22,West Midlands,Male,Maths,1,989,8.943
2021 to 22,East of England,Male,Maths,1,1325,10.024
2021 to 22,Yorkshire and The Humber,Male,Maths,1,901,9.589
2021 to 22,North East,Male,Maths,1,304,7.497
2021 to 22,South East,Male,Maths,1,2003,9.493
2021 to 22,East Midlands,Male,Maths,1,674,7.962
2021 to 22,South West,Male,Maths,1,768,7.861
2021 to 22,London,Male,Maths & Chemistry,2,382,1.928
2021 to 22,North West,Male,Maths & Chemistry,2,188,1.389
2021 to 22,West Midlands,Male,Maths & Chemistry,2,161,1.456
2021 to 22,East of England,Male,Maths & Chemistry,2,142,1.074
2021 to 22,Yorkshire and The Humber,Male,Maths & Chemistry,2,137,1.458
2021 to 22,North East,Male,Maths & Chemistry,2,58,1.43
2021 to 22,South East,Male,Maths & Chemistry,2,272,1.289
2021 to 22,East Midlands,Male,Maths & Chemistry,2,121,1.429
2021 to 22,South West,Male,Maths & Chemistry,2,115,1.177
2021 to 22,London,All,Further Maths & Biology & Computer Science,3,0,0.0
2021 to 22,North West,All,Further Maths & Biology & Computer Science,3,0,0.0
2021 to 22,West Midlands,All,Further Maths & Biology & Computer Science,3,0,0.0
2021 to 22,East of England,All,Further Maths & Biology & Computer Science,3,0,0.0
2021 to 22,Yorkshire and The Humber,All,Further Maths & Biology & Computer Science,3,1,0.005
2021 to 22,North East,All,Further Maths & Biology & Computer Science,3,0,0.0
2021 to 22,South East,All,Further Maths & Biology & Computer Science,3,2,0.004
2021 to 22,East Midlands,All,Further Maths & Biology & Computer Science,3,0,0.0
2021 to 22,South West,All,Further Maths & Biology & Computer Science,3,0,0.0
2021 to 22,London,Female,Maths,1,1806,7.31
2021 to 22,North West,Female,Maths,1,955,5.351
2021 to 22,West Midlands,Female,Maths,1,716,4.989
2021 to 22,East of England,Female,Maths,1,850,5.216
2021 to 22,Yorkshire and The Humber,Female,Maths,1,572,4.634
2021 to 22,North East,Female,Maths,1,240,4.388
2021 to 22,South East,Female,Maths,1,1392,5.597
2021 to 22,East Midlands,Female,Maths,1,497,4.677
2021 to 22,South West,Female,Maths,1,547,4.47
2021 to 22,London,Female,Maths & Further Maths & Biology & Chemistry & Physics & Computer Science,6,0,0.0
2021 to 22,North West,Female,Maths & Further Maths & Biology & Chemistry & Physics & Computer Science,6,0,0.0
2021 to 22,West Midlands,Female,Maths & Further Maths & Biology & Chemistry & Physics & Computer Science,6,0,0.0
2021 to 22,East of England,Female,Maths & Further Maths & Biology & Chemistry & Physics & Computer Science,6,0,0.0
2021 to 22,Yorkshire and The Humber,Female,Maths & Further Maths & Biology & Chemistry & Physics & Computer Science,6,0,0.0
2021 to 22,North East,Female,Maths & Further Maths & Biology & Chemistry & Physics & Computer Science,6,0,0.0
2021 to 22,South East,Female,Maths & Further Maths & Biology & Chemistry & Physics & Computer Science,6,0,0.0
2021 to 22,East Midlands,Female,Maths & Further Maths & Biology & Chemistry & Physics & Computer Science,6,0,0.0
2021 to 22,South West,Female,Maths & Further Maths & Biology & Chemistry & Physics & Computer Science,6,0,0.0
2021 to 22,London,Male,Further Maths & Biology & Computer Science,3,0,0.0
2021 to 22,North West,Male,Further Maths & Biology & Computer Science,3,0,0.0
2021 to 22,West Midlands,Male,Further Maths & Biology & Computer Science,3,0,0.0
2021 to 22,East of England,Male,Further Maths & Biology & Computer Science,3,0,0.0
2021 to 22,Yorkshire and The Humber,Male,Further Maths & Biology & Computer Science,3,1,0.011
2021 to 22,North East,Male,Further Maths & Biology & Computer Science,3,0,0.0
2021 to 22,South East,Male,Further Maths & Biology & Computer Science,3,1,0.005
2021 to 22,East Midlands,Male,Further Maths & Biology & Computer Science,3,0,0.0
2021 to 22,South West,Male,Further Maths & Biology & Computer Science,3,0,0.0
2021 to 22,London,Male,Maths & Biology,2,342,1.726
2021 to 22,North West,Male,Maths & Biology,2,168,1.242
2021 to 22,West Midlands,Male,Maths & Biology,2,183,1.655
2021 to 22,East of England,Male,Maths & Biology,2,209,1.581
2021 to 22,Yorkshire and The Humber,Male,Maths & Biology,2,124,1.32
2021 to 22,North East,Male,Maths & Biology,2,44,1.085
2021 to 22,South East,Male,Maths & Biology,2,349,1.654
2021 to 22,East Midlands,Male,Maths & Biology,2,140,1.654
2021 to 22,South West,Male,Maths & Biology,2,148,1.515
2021 to 22,London,All,Maths & Chemistry,2,797,1.79
2021 to 22,North West,All,Maths & Chemistry,2,374,1.192
2021 to 22,West Midlands,All,Maths & Chemistry,2,324,1.275
2021 to 22,East of England,All,Maths & Chemistry,2,309,1.047
2021 to 22,Yorkshire and The Humber,All,Maths & Chemistry,2,245,1.127
2021 to 22,North East,All,Maths & Chemistry,2,101,1.06
2021 to 22,South East,All,Maths & Chemistry,2,534,1.162
2021 to 22,East Midlands,All,Maths & Chemistry,2,231,1.21
2021 to 22,South West,All,Maths & Chemistry,2,238,1.081
2021 to 22,London,Female,Further Maths & Biology & Physics,3,1,0.004
2021 to 22,North West,Female,Further Maths & Biology & Physics,3,0,0.0
2021 to 22,West Midlands,Female,Further Maths & Biology & Physics,3,1,0.007
2021 to 22,East of England,Female,Further Maths & Biology & Physics,3,0,0.0
2021 to 22,Yorkshire and The Humber,Female,Further Maths & Biology & Physics,3,1,0.008
2021 to 22,North East,Female,Further Maths & Biology & Physics,3,0,0.0
2021 to 22,South East,Female,Further Maths & Biology & Physics,3,1,0.004
2021 to 22,East Midlands,Female,Further Maths & Biology & Physics,3,2,0.019
2021 to 22,South West,Female,Further Maths & Biology & Physics,3,1,0.008
2021 to 22,London,Female,Maths & Biology,2,396,1.603
2021 to 22,North West,Female,Maths & Biology,2,258,1.446
2021 to 22,West Midlands,Female,Maths & Biology,2,253,1.763
2021 to 22,East of England,Female,Maths & Biology,2,275,1.688
2021 to 22,Yorkshire and The Humber,Female,Maths & Biology,2,214,1.734
2021 to 22,North East,Female,Maths & Biology,2,88,1.609
2021 to 22,South East,Female,Maths & Biology,2,451,1.813
2021 to 22,East Midlands,Female,Maths & Biology,2,192,1.807
2021 to 22,South West,Female,Maths & Biology,2,199,1.626
2021 to 22,London,All,Maths,1,4164,9.354
2021 to 22,North West,All,Maths,1,2151,6.855
2021 to 22,West Midlands,All,Maths,1,1705,6.71
2021 to 22,East of England,All,Maths,1,2175,7.37
2021 to 22,Yorkshire and The Humber,All,Maths,1,1473,6.776
2021 to 22,North East,All,Maths,1,544,5.712
2021 to 22,South East,All,Maths,1,3395,7.385
2021 to 22,East Midlands,All,Maths,1,1171,6.133
2021 to 22,South West,All,Maths,1,1315,5.975
2021 to 22,London,All,Maths & Further Maths & Biology & Chemistry & Physics & Computer Science,6,0,0.0
2021 to 22,North West,All,Maths & Further Maths & Biology & Chemistry & Physics & Computer Science,6,0,0.0
2021 to 22,West Midlands,All,Maths & Further Maths & Biology & Chemistry & Physics & Computer Science,6,0,0.0
2021 to 22,East of England,All,Maths & Further Maths & Biology & Chemistry & Physics & Computer Science,6,0,0.0
2021 to 22,Yorkshire and The Humber,All,Maths & Further Maths & Biology & Chemistry & Physics & Computer Science,6,0,0.0
2021 to 22,North East,All,Maths & Further Maths & Biology & Chemistry & Physics & Computer Science,6,0,0.0
2021 to 22,South East,All,Maths & Further Maths & Biology & Chemistry & Physics & Computer Science,6,0,0.0
2021 to 22,East Midlands,All,Maths & Further Maths & Biology & Chemistry & Physics & Computer Science,6,0,0.0
2021 to 22,South West,All,Maths & Further Maths & Biology & Chemistry & Physics & Computer Science,6,0,0.0
2021 to 22,London,All,Further Maths & Physics,2,57,0.128
2021 to 22,North West,All,Further Maths & Physics,2,23,0.073
2021 to 22,West Midlands,All,Further Maths & Physics,2,22,0.087
2021 to 22,East of England,All,Further Maths & Physics,2,25,0.085
2021 to 22,Yorkshire and The Humber,All,Further Maths & Physics,2,16,0.074
2021 to 22,North East,All,Further Maths & Physics,2,2,0.021
2021 to 22,South East,All,Further Maths & Physics,2,59,0.128
2021 to 22,East Midlands,All,Further Maths & Physics,2,10,0.052
2021 to 22,South West,All,Further Maths & Physics,2,29,0.132
2021 to 22,London,Male,Further Maths & Chemistry & Physics,3,41,0.207
2021 to 22,North West,Male,Further Maths & Chemistry & Physics,3,8,0.059
2021 to 22,West Midlands,Male,Further Maths & Chemistry & Physics,3,14,0.127
2021 to 22,East of England,Male,Further Maths & Chemistry & Physics,3,11,0.083
2021 to 22,Yorkshire and The Humber,Male,Further Maths & Chemistry & Physics,3,11,0.117
2021 to 22,North East,Male,Further Maths & Chemistry & Physics,3,1,0.025
2021 to 22,South East,Male,Further Maths & Chemistry & Physics,3,31,0.147
2021 to 22,East Midlands,Male,Further Maths & Chemistry & Physics,3,16,0.189
2021 to 22,South West,Male,Further Maths & Chemistry & Physics,3,9,0.092
2021 to 22,London,Male,Maths & Further Maths & Biology & Chemistry & Physics & Computer Science,6,0,0.0
2021 to 22,North West,Male,Maths & Further Maths & Biology & Chemistry & Physics & Computer Science,6,0,0.0
2021 to 22,West Midlands,Male,Maths & Further Maths & Biology & Chemistry & Physics & Computer Science,6,0,0.0
2021 to 22,East of England,Male,Maths & Further Maths & Biology & Chemistry & Physics & Computer Science,6,0,0.0
2021 to 22,Yorkshire and The Humber,Male,Maths & Further Maths & Biology & Chemistry & Physics & Computer Science,6,0,0.0
2021 to 22,North East,Male,Maths & Further Maths & Biology & Chemistry & Physics & Computer Science,6,0,0.0
2021 to 22,South East,Male,Maths & Further Maths & Biology & Chemistry & Physics & Computer Science,6,0,0.0
2021 to 22,East Midlands,Male,Maths & Further Maths & Biology & Chemistry & Physics & Computer Science,6,0,0.0
2021 to 22,South West,Male,Maths & Further Maths & Biology & Chemistry & Physics & Computer Science,6,0,0.0
2021 to 22,London,Male,Biology & Physics & Computer Science,3,5,0.025
2021 to 22,North West,Male,Biology & Physics & Computer Science,3,4,0.03
2021 to 22,West Midlands,Male,Biology & Physics & Computer Science,3,1,0.009
2021 to 22,East of England,Male,Biology & Physics & Computer Science,3,7,0.053
2021 to 22,Yorkshire and The Humber,Male,Biology & Physics & Computer Science,3,1,0.011
2021 to 22,North East,Male,Biology & Physics & Computer Science,3,0,0.0
2021 to 22,South East,Male,Biology & Physics & Computer Science,3,5,0.024
2021 to 22,East Midlands,Male,Biology & Physics & Computer Science,3,4,0.047
2021 to 22,South West,Male,Biology & Physics & Computer Science,3,7,0.072
2021 to 22,London,Female,Further Maths & Chemistry & Physics,3,7,0.028
2021 to 22,North West,Female,Further Maths & Chemistry & Physics,3,6,0.034
2021 to 22,West Midlands,Female,Further Maths & Chemistry & Physics,3,5,0.035
2021 to 22,East of England,Female,Further Maths & Chemistry & Physics,3,6,0.037
2021 to 22,Yorkshire and The Humber,Female,Further Maths & Chemistry & Physics,3,3,0.024
2021 to 22,North East,Female,Further Maths & Chemistry & Physics,3,0,0.0
2021 to 22,South East,Female,Further Maths & Chemistry & Physics,3,10,0.04
2021 to 22,East Midlands,Female,Further Maths & Chemistry & Physics,3,4,0.038
2021 to 22,South West,Female,Further Maths & Chemistry & Physics,3,2,0.016
2021 to 22,London,Female,Maths & Computer Science,2,140,0.567
2021 to 22,North West,Female,Maths & Computer Science,2,69,0.387
2021 to 22,West Midlands,Female,Maths & Computer Science,2,54,0.376
2021 to 22,East of England,Female,Maths & Computer Science,2,49,0.301
2021 to 22,Yorkshire and The Humber,Female,Maths & Computer Science,2,38,0.308
2021 to 22,North East,Female,Maths & Computer Science,2,16,0.293
2021 to 22,South East,Female,Maths & Computer Science,2,111,0.446
2021 to 22,East Midlands,Female,Maths & Computer Science,2,20,0.188
2021 to 22,South West,Female,Maths & Computer Science,2,26,0.212
2021 to 22,London,Male,Further Maths & Biology & Physics,3,1,0.005
2021 to 22,North West,Male,Further Maths & Biology & Physics,3,0,0.0
2021 to 22,West Midlands,Male,Further Maths & Biology & Physics,3,0,0.0
2021 to 22,East of England,Male,Further Maths & Biology & Physics,3,0,0.0
2021 to 22,Yorkshire and The Humber,Male,Further Maths & Biology & Physics,3,0,0.0
2021 to 22,North East,Male,Further Maths & Biology & Physics,3,0,0.0
2021 to 22,South East,Male,Further Maths & Biology & Physics,3,6,0.028
2021 to 22,East Midlands,Male,Further Maths & Biology & Physics,3,1,0.012
2021 to 22,South West,Male,Further Maths & Biology & Physics,3,0,0.0
2021 to 22,London,All,Physics & Computer Science,2,52,0.117
2021 to 22,North West,All,Physics & Computer Science,2,38,0.121
2021 to 22,West Midlands,All,Physics & Computer Science,2,47,0.185
2021 to 22,East of England,All,Physics & Computer Science,2,63,0.213
2021 to 22,Yorkshire and The Humber,All,Physics & Computer Science,2,22,0.101
2021 to 22,North East,All,Physics & Computer Science,2,12,0.126
2021 to 22,South East,All,Physics & Computer Science,2,69,0.15
2021 to 22,East Midlands,All,Physics & Computer Science,2,36,0.189
2021 to 22,South West,All,Physics & Computer Science,2,40,0.182
2021 to 22,London,Female,Further Maths,1,6,0.024
2021 to 22,North West,Female,Further Maths,1,4,0.022
2021 to 22,West Midlands,Female,Further Maths,1,5,0.035
2021 to 22,East of England,Female,Further Maths,1,5,0.031
2021 to 22,Yorkshire and The Humber,Female,Further Maths,1,3,0.024
2021 to 22,North East,Female,Further Maths,1,0,0.0
2021 to 22,South East,Female,Further Maths,1,8,0.032
2021 to 22,East Midlands,Female,Further Maths,1,1,0.009
2021 to 22,South West,Female,Further Maths,1,4,0.033
2021 to 22,London,Female,Further Maths & Biology & Chemistry & Physics & Computer Science,5,0,0.0
2021 to 22,North West,Female,Further Maths & Biology & Chemistry & Physics & Computer Science,5,0,0.0
2021 to 22,West Midlands,Female,Further Maths & Biology & Chemistry & Physics & Computer Science,5,0,0.0
2021 to 22,East of England,Female,Further Maths & Biology & Chemistry & Physics & Computer Science,5,0,0.0
2021 to 22,Yorkshire and The Humber,Female,Further Maths & Biology & Chemistry & Physics & Computer Science,5,0,0.0
2021 to 22,North East,Female,Further Maths & Biology & Chemistry & Physics & Computer Science,5,0,0.0
2021 to 22,South East,Female,Further Maths & Biology & Chemistry & Physics & Computer Science,5,0,0.0
2021 to 22,East Midlands,Female,Further Maths & Biology & Chemistry & Physics & Computer Science,5,0,0.0
2021 to 22,South West,Female,Further Maths & Biology & Chemistry & Physics & Computer Science,5,0,0.0
2021 to 22,London,Male,Further Maths & Chemistry & Computer Science,3,0,0.0
2021 to 22,North West,Male,Further Maths & Chemistry & Computer Science,3,0,0.0
2021 to 22,West Midlands,Male,Further Maths & Chemistry & Computer Science,3,4,0.036
2021 to 22,East of England,Male,Further Maths & Chemistry & Computer Science,3,1,0.008
2021 to 22,Yorkshire and The Humber,Male,Further Maths & Chemistry & Computer Science,3,0,0.0
2021 to 22,North East,Male,Further Maths & Chemistry & Computer Science,3,0,0.0
2021 to 22,South East,Male,Further Maths & Chemistry & Computer Science,3,2,0.009
2021 to 22,East Midlands,Male,Further Maths & Chemistry & Computer Science,3,1,0.012
2021 to 22,South West,Male,Further Maths & Chemistry & Computer Science,3,2,0.02
2021 to 22,London,All,Further Maths & Chemistry & Physics,3,48,0.108
2021 to 22,North West,All,Further Maths & Chemistry & Physics,3,14,0.045
2021 to 22,West Midlands,All,Further Maths & Chemistry & Physics,3,19,0.075
2021 to 22,East of England,All,Further Maths & Chemistry & Physics,3,17,0.058
2021 to 22,Yorkshire and The Humber,All,Further Maths & Chemistry & Physics,3,14,0.064
2021 to 22,North East,All,Further Maths & Chemistry & Physics,3,1,0.01
2021 to 22,South East,All,Further Maths & Chemistry & Physics,3,41,0.089
2021 to 22,East Midlands,All,Further Maths & Chemistry & Physics,3,20,0.105
2021 to 22,South West,All,Further Maths & Chemistry & Physics,3,11,0.05
2021 to 22,London,All,Maths & Computer Science,2,712,1.599
2021 to 22,North West,All,Maths & Computer Science,2,390,1.243
2021 to 22,West Midlands,All,Maths & Computer Science,2,350,1.377
2021 to 22,East of England,All,Maths & Computer Science,2,314,1.064
2021 to 22,Yorkshire and The Humber,All,Maths & Computer Science,2,247,1.136
2021 to 22,North East,All,Maths & Computer Science,2,85,0.892
2021 to 22,South East,All,Maths & Computer Science,2,588,1.279
2021 to 22,East Midlands,All,Maths & Computer Science,2,219,1.147
2021 to 22,South West,All,Maths & Computer Science,2,215,0.977
2021 to 22,London,Female,Further Maths & Chemistry & Computer Science,3,0,0.0
2021 to 22,North West,Female,Further Maths & Chemistry & Computer Science,3,0,0.0
2021 to 22,West Midlands,Female,Further Maths & Chemistry & Computer Science,3,0,0.0
2021 to 22,East of England,Female,Further Maths & Chemistry & Computer Science,3,1,0.006
2021 to 22,Yorkshire and The Humber,Female,Further Maths & Chemistry & Computer Science,3,0,0.0
2021 to 22,North East,Female,Further Maths & Chemistry & Computer Science,3,0,0.0
2021 to 22,South East,Female,Further Maths & Chemistry & Computer Science,3,1,0.004
2021 to 22,East Midlands,Female,Further Maths & Chemistry & Computer Science,3,0,0.0
2021 to 22,South West,Female,Further Maths & Chemistry & Computer Science,3,0,0.0
2021 to 22,London,All,Biology & Chemistry & Computer Science,3,31,0.07
2021 to 22,North West,All,Biology & Chemistry & Computer Science,3,34,0.108
2021 to 22,West Midlands,All,Biology & Chemistry & Computer Science,3,30,0.118
2021 to 22,East of England,All,Biology & Chemistry & Computer Science,3,24,0.081
2021 to 22,Yorkshire and The Humber,All,Biology & Chemistry & Computer Science,3,13,0.06
2021 to 22,North East,All,Biology & Chemistry & Computer Science,3,11,0.115
2021 to 22,South East,All,Biology & Chemistry & Computer Science,3,40,0.087
2021 to 22,East Midlands,All,Biology & Chemistry & Computer Science,3,21,0.11
2021 to 22,South West,All,Biology & Chemistry & Computer Science,3,16,0.073
2021 to 22,London,Male,Maths & Computer Science,2,572,2.887
2021 to 22,North West,Male,Maths & Computer Science,2,321,2.372
2021 to 22,West Midlands,Male,Maths & Computer Science,2,296,2.677
2021 to 22,East of England,Male,Maths & Computer Science,2,265,2.005
2021 to 22,Yorkshire and The Humber,Male,Maths & Computer Science,2,209,2.224
2021 to 22,North East,Male,Maths & Computer Science,2,69,1.702
2021 to 22,South East,Male,Maths & Computer Science,2,477,2.261
2021 to 22,East Midlands,Male,Maths & Computer Science,2,199,2.351
2021 to 22,South West,Male,Maths & Computer Science,2,189,1.934
2021 to 22,London,All,Further Maths & Biology & Physics,3,2,0.004
2021 to 22,North West,All,Further Maths & Biology & Physics,3,0,0.0
2021 to 22,West Midlands,All,Further Maths & Biology & Physics,3,1,0.004
2021 to 22,East of England,All,Further Maths & Biology & Physics,3,0,0.0
2021 to 22,Yorkshire and The Humber,All,Further Maths & Biology & Physics,3,1,0.005
2021 to 22,North East,All,Further Maths & Biology & Physics,3,0,0.0
2021 to 22,South East,All,Further Maths & Biology & Physics,3,7,0.015
2021 to 22,East Midlands,All,Further Maths & Biology & Physics,3,3,0.016
2021 to 22,South West,All,Further Maths & Biology & Physics,3,1,0.005
2021 to 22,London,Male,Biology & Chemistry & Computer Science,3,24,0.121
2021 to 22,North West,Male,Biology & Chemistry & Computer Science,3,25,0.185
2021 to 22,West Midlands,Male,Biology & Chemistry & Computer Science,3,18,0.163
2021 to 22,East of England,Male,Biology & Chemistry & Computer Science,3,22,0.166
2021 to 22,Yorkshire and The Humber,Male,Biology & Chemistry & Computer Science,3,11,0.117
2021 to 22,North East,Male,Biology & Chemistry & Computer Science,3,9,0.222
2021 to 22,South East,Male,Biology & Chemistry & Computer Science,3,28,0.133
2021 to 22,East Midlands,Male,Biology & Chemistry & Computer Science,3,11,0.13
2021 to 22,South West,Male,Biology & Chemistry & Computer Science,3,14,0.143
2021 to 22,London,Male,Further Maths,1,14,0.071
2021 to 22,North West,Male,Further Maths,1,3,0.022
2021 to 22,West Midlands,Male,Further Maths,1,6,0.054
2021 to 22,East of England,Male,Further Maths,1,14,0.106
2021 to 22,Yorkshire and The Humber,Male,Further Maths,1,7,0.074
2021 to 22,North East,Male,Further Maths,1,0,0.0
2021 to 22,South East,Male,Further Maths,1,24,0.114
2021 to 22,East Midlands,Male,Further Maths,1,9,0.106
2021 to 22,South West,Male,Further Maths,1,8,0.082
2021 to 22,London,Male,Further Maths & Biology & Chemistry & Physics & Computer Science,5,0,0.0
2021 to 22,North West,Male,Further Maths & Biology & Chemistry & Physics & Computer Science,5,0,0.0
2021 to 22,West Midlands,Male,Further Maths & Biology & Chemistry & Physics & Computer Science,5,0,0.0
2021 to 22,East of England,Male,Further Maths & Biology & Chemistry & Physics & Computer Science,5,0,0.0
2021 to 22,Yorkshire and The Humber,Male,Further Maths & Biology & Chemistry & Physics & Computer Science,5,0,0.0
2021 to 22,North East,Male,Further Maths & Biology & Chemistry & Physics & Computer Science,5,0,0.0
2021 to 22,South East,Male,Further Maths & Biology & Chemistry & Physics & Computer Science,5,0,0.0
2021 to 22,East Midlands,Male,Further Maths & Biology & Chemistry & Physics & Computer Science,5,0,0.0
2021 to 22,South West,Male,Further Maths & Biology & Chemistry & Physics & Computer Science,5,0,0.0
2021 to 22,London,All,Further Maths & Chemistry & Computer Science,3,0,0.0
2021 to 22,North West,All,Further Maths & Chemistry & Computer Science,3,0,0.0
2021 to 22,West Midlands,All,Further Maths & Chemistry & Computer Science,3,4,0.016
2021 to 22,East of England,All,Further Maths & Chemistry & Computer Science,3,2,0.007
2021 to 22,Yorkshire and The Humber,All,Further Maths & Chemistry & Computer Science,3,0,0.0
2021 to 22,North East,All,Further Maths & Chemistry & Computer Science,3,0,0.0
2021 to 22,South East,All,Further Maths & Chemistry & Computer Science,3,3,0.007
2021 to 22,East Midlands,All,Further Maths & Chemistry & Computer Science,3,1,0.005
2021 to 22,South West,All,Further Maths & Chemistry & Computer Science,3,2,0.009
2021 to 22,London,Female,Further Maths & Physics & Computer Science,3,0,0.0
2021 to 22,North West,Female,Further Maths & Physics & Computer Science,3,7,0.039
2021 to 22,West Midlands,Female,Further Maths & Physics & Computer Science,3,5,0.035
2021 to 22,East of England,Female,Further Maths & Physics & Computer Science,3,0,0.0
2021 to 22,Yorkshire and The Humber,Female,Further Maths & Physics & Computer Science,3,0,0.0
2021 to 22,North East,Female,Further Maths & Physics & Computer Science,3,0,0.0
2021 to 22,South East,Female,Further Maths & Physics & Computer Science,3,5,0.02
2021 to 22,East Midlands,Female,Further Maths & Physics & Computer Science,3,6,0.056
2021 to 22,South West,Female,Further Maths & Physics & Computer Science,3,2,0.016
2021 to 22,London,Female,Maths & Further Maths,2,176,0.712
2021 to 22,North West,Female,Maths & Further Maths,2,72,0.403
2021 to 22,West Midlands,Female,Maths & Further Maths,2,45,0.314
2021 to 22,East of England,Female,Maths & Further Maths,2,72,0.442
2021 to 22,Yorkshire and The Humber,Female,Maths & Further Maths,2,54,0.437
2021 to 22,North East,Female,Maths & Further Maths,2,25,0.457
2021 to 22,South East,Female,Maths & Further Maths,2,100,0.402
2021 to 22,East Midlands,Female,Maths & Further Maths,2,31,0.292
2021 to 22,South West,Female,Maths & Further Maths,2,57,0.466
2021 to 22,London,Male,Maths & Biology & Chemistry & Physics & Computer Science,5,0,0.0
2021 to 22,North West,Male,Maths & Biology & Chemistry & Physics & Computer Science,5,0,0.0
2021 to 22,West Midlands,Male,Maths & Biology & Chemistry & Physics & Computer Science,5,0,0.0
2021 to 22,East of England,Male,Maths & Biology & Chemistry & Physics & Computer Science,5,0,0.0
2021 to 22,Yorkshire and The Humber,Male,Maths & Biology & Chemistry & Physics & Computer Science,5,0,0.0
2021 to 22,North East,Male,Maths & Biology & Chemistry & Physics & Computer Science,5,0,0.0
2021 to 22,South East,Male,Maths & Biology & Chemistry & Physics & Computer Science,5,0,0.0
2021 to 22,East Midlands,Male,Maths & Biology & Chemistry & Physics & Computer Science,5,0,0.0
2021 to 22,South West,Male,Maths & Biology & Chemistry & Physics & Computer Science,5,0,0.0
2021 to 22,London,Female,Biology & Chemistry & Physics,3,85,0.344
2021 to 22,North West,Female,Biology & Chemistry & Physics,3,64,0.359
2021 to 22,West Midlands,Female,Biology & Chemistry & Physics,3,79,0.55
2021 to 22,East of England,Female,Biology & Chemistry & Physics,3,69,0.423
2021 to 22,Yorkshire and The Humber,Female,Biology & Chemistry & Physics,3,53,0.429
2021 to 22,North East,Female,Biology & Chemistry & Physics,3,15,0.274
2021 to 22,South East,Female,Biology & Chemistry & Physics,3,64,0.257
2021 to 22,East Midlands,Female,Biology & Chemistry & Physics,3,59,0.555
2021 to 22,South West,Female,Biology & Chemistry & Physics,3,37,0.302
2021 to 22,London,Female,Biology,1,1682,6.808
2021 to 22,North West,Female,Biology,1,1465,8.208
2021 to 22,West Midlands,Female,Biology,1,1383,9.637
2021 to 22,East of England,Female,Biology,1,1466,8.997
2021 to 22,Yorkshire and The Humber,Female,Biology,1,1080,8.75
2021 to 22,North East,Female,Biology,1,465,8.502
2021 to 22,South East,Female,Biology,1,2323,9.341
2021 to 22,East Midlands,Female,Biology,1,1222,11.499
2021 to 22,South West,Female,Biology,1,1375,11.236
2021 to 22,London,Female,Maths & Biology & Chemistry & Physics & Computer Science,5,0,0.0
2021 to 22,North West,Female,Maths & Biology & Chemistry & Physics & Computer Science,5,0,0.0
2021 to 22,West Midlands,Female,Maths & Biology & Chemistry & Physics & Computer Science,5,0,0.0
2021 to 22,East of England,Female,Maths & Biology & Chemistry & Physics & Computer Science,5,0,0.0
2021 to 22,Yorkshire and The Humber,Female,Maths & Biology & Chemistry & Physics & Computer Science,5,0,0.0
2021 to 22,North East,Female,Maths & Biology & Chemistry & Physics & Computer Science,5,0,0.0
2021 to 22,South East,Female,Maths & Biology & Chemistry & Physics & Computer Science,5,0,0.0
2021 to 22,East Midlands,Female,Maths & Biology & Chemistry & Physics & Computer Science,5,0,0.0
2021 to 22,South West,Female,Maths & Biology & Chemistry & Physics & Computer Science,5,0,0.0
2021 to 22,London,Male,Maths & Further Maths & Biology & Chemistry & Computer Science,5,0,0.0
2021 to 22,North West,Male,Maths & Further Maths & Biology & Chemistry & Computer Science,5,0,0.0
2021 to 22,West Midlands,Male,Maths & Further Maths & Biology & Chemistry & Computer Science,5,0,0.0
2021 to 22,East of England,Male,Maths & Further Maths & Biology & Chemistry & Computer Science,5,0,0.0
2021 to 22,Yorkshire and The Humber,Male,Maths & Further Maths & Biology & Chemistry & Computer Science,5,0,0.0
2021 to 22,North East,Male,Maths & Further Maths & Biology & Chemistry & Computer Science,5,0,0.0
2021 to 22,South East,Male,Maths & Further Maths & Biology & Chemistry & Computer Science,5,1,0.005
2021 to 22,East Midlands,Male,Maths & Further Maths & Biology & Chemistry & Computer Science,5,0,0.0
2021 to 22,South West,Male,Maths & Further Maths & Biology & Chemistry & Computer Science,5,0,0.0
2021 to 22,London,All,Further Maths,1,20,0.045
2021 to 22,North West,All,Further Maths,1,7,0.022
2021 to 22,West Midlands,All,Further Maths,1,11,0.043
2021 to 22,East of England,All,Further Maths,1,19,0.064
2021 to 22,Yorkshire and The Humber,All,Further Maths,1,10,0.046
2021 to 22,North East,All,Further Maths,1,0,0.0
2021 to 22,South East,All,Further Maths,1,32,0.07
2021 to 22,East Midlands,All,Further Maths,1,10,0.052
2021 to 22,South West,All,Further Maths,1,12,0.055
2021 to 22,London,All,Further Maths & Biology & Chemistry & Physics & Computer Science,5,0,0.0
2021 to 22,North West,All,Further Maths & Biology & Chemistry & Physics & Computer Science,5,0,0.0
2021 to 22,West Midlands,All,Further Maths & Biology & Chemistry & Physics & Computer Science,5,0,0.0
2021 to 22,East of England,All,Further Maths & Biology & Chemistry & Physics & Computer Science,5,0,0.0
2021 to 22,Yorkshire and The Humber,All,Further Maths & Biology & Chemistry & Physics & Computer Science,5,0,0.0
2021 to 22,North East,All,Further Maths & Biology & Chemistry & Physics & Computer Science,5,0,0.0
2021 to 22,South East,All,Further Maths & Biology & Chemistry & Physics & Computer Science,5,0,0.0
2021 to 22,East Midlands,All,Further Maths & Biology & Chemistry & Physics & Computer Science,5,0,0.0
2021 to 22,South West,All,Further Maths & Biology & Chemistry & Physics & Computer Science,5,0,0.0
2021 to 22,London,Female,Maths & Further Maths & Biology & Chemistry & Computer Science,5,0,0.0
2021 to 22,North West,Female,Maths & Further Maths & Biology & Chemistry & Computer Science,5,0,0.0
2021 to 22,West Midlands,Female,Maths & Further Maths & Biology & Chemistry & Computer Science,5,0,0.0
2021 to 22,East of England,Female,Maths & Further Maths & Biology & Chemistry & Computer Science,5,0,0.0
2021 to 22,Yorkshire and The Humber,Female,Maths & Further Maths & Biology & Chemistry & Computer Science,5,0,0.0
2021 to 22,North East,Female,Maths & Further Maths & Biology & Chemistry & Computer Science,5,0,0.0
2021 to 22,South East,Female,Maths & Further Maths & Biology & Chemistry & Computer Science,5,0,0.0
2021 to 22,East Midlands,Female,Maths & Further Maths & Biology & Chemistry & Computer Science,5,0,0.0
2021 to 22,South West,Female,Maths & Further Maths & Biology & Chemistry & Computer Science,5,0,0.0
2021 to 22,London,Male,Further Maths & Physics & Computer Science,3,15,0.076
2021 to 22,North West,Male,Further Maths & Physics & Computer Science,3,10,0.074
2021 to 22,West Midlands,Male,Further Maths & Physics & Computer Science,3,16,0.145
2021 to 22,East of England,Male,Further Maths & Physics & Computer Science,3,25,0.189
2021 to 22,Yorkshire and The Humber,Male,Further Maths & Physics & Computer Science,3,8,0.085
2021 to 22,North East,Male,Further Maths & Physics & Computer Science,3,0,0.0
2021 to 22,South East,Male,Further Maths & Physics & Computer Science,3,39,0.185
2021 to 22,East Midlands,Male,Further Maths & Physics & Computer Science,3,21,0.248
2021 to 22,South West,Male,Further Maths & Physics & Computer Science,3,11,0.113
2021 to 22,London,Male,Maths & Further Maths,2,322,1.625
2021 to 22,North West,Male,Maths & Further Maths,2,80,0.591
2021 to 22,West Midlands,Male,Maths & Further Maths,2,70,0.633
2021 to 22,East of England,Male,Maths & Further Maths,2,163,1.233
2021 to 22,Yorkshire and The Humber,Male,Maths & Further Maths,2,66,0.702
2021 to 22,North East,Male,Maths & Further Maths,2,24,0.592
2021 to 22,South East,Male,Maths & Further Maths,2,164,0.777
2021 to 22,East Midlands,Male,Maths & Further Maths,2,62,0.732
2021 to 22,South West,Male,Maths & Further Maths,2,61,0.624
2021 to 22,London,All,Maths & Biology & Chemistry & Physics & Computer Science,5,0,0.0
2021 to 22,North West,All,Maths & Biology & Chemistry & Physics & Computer Science,5,0,0.0
2021 to 22,West Midlands,All,Maths & Biology & Chemistry & Physics & Computer Science,5,0,0.0
2021 to 22,East of England,All,Maths & Biology & Chemistry & Physics & Computer Science,5,0,0.0
2021 to 22,Yorkshire and The Humber,All,Maths & Biology & Chemistry & Physics & Computer Science,5,0,0.0
2021 to 22,North East,All,Maths & Biology & Chemistry & Physics & Computer Science,5,0,0.0
2021 to 22,South East,All,Maths & Biology & Chemistry & Physics & Computer Science,5,0,0.0
2021 to 22,East Midlands,All,Maths & Biology & Chemistry & Physics & Computer Science,5,0,0.0
2021 to 22,South West,All,Maths & Biology & Chemistry & Physics & Computer Science,5,0,0.0
2021 to 22,London,Male,Biology & Chemistry & Physics,3,99,0.5
2021 to 22,North West,Male,Biology & Chemistry & Physics,3,60,0.443
2021 to 22,West Midlands,Male,Biology & Chemistry & Physics,3,87,0.787
2021 to 22,East of England,Male,Biology & Chemistry & Physics,3,74,0.56
2021 to 22,Yorkshire and The Humber,Male,Biology & Chemistry & Physics,3,56,0.596
2021 to 22,North East,Male,Biology & Chemistry & Physics,3,19,0.469
2021 to 22,South East,Male,Biology & Chemistry & Physics,3,86,0.408
2021 to 22,East Midlands,Male,Biology & Chemistry & Physics,3,79,0.933
2021 to 22,South West,Male,Biology & Chemistry & Physics,3,53,0.542
2021 to 22,London,Male,Biology,1,719,3.629
2021 to 22,North West,Male,Biology,1,637,4.708
2021 to 22,West Midlands,Male,Biology,1,569,5.145
2021 to 22,East of England,Male,Biology,1,591,4.471
2021 to 22,Yorkshire and The Humber,Male,Biology,1,433,4.608
2021 to 22,North East,Male,Biology,1,190,4.686
2021 to 22,South East,Male,Biology,1,1076,5.1
2021 to 22,East Midlands,Male,Biology,1,515,6.084
2021 to 22,South West,Male,Biology,1,649,6.643
2021 to 22,London,Male,Maths & Physics,2,1382,6.976
2021 to 22,North West,Male,Maths & Physics,2,818,6.045
2021 to 22,West Midlands,Male,Maths & Physics,2,740,6.691
2021 to 22,East of England,Male,Maths & Physics,2,804,6.083
2021 to 22,Yorkshire and The Humber,Male,Maths & Physics,2,658,7.003
2021 to 22,North East,Male,Maths & Physics,2,266,6.56
2021 to 22,South East,Male,Maths & Physics,2,1442,6.834
2021 to 22,East Midlands,Male,Maths & Physics,2,613,7.242
2021 to 22,South West,Male,Maths & Physics,2,717,7.339
2021 to 22,London,All,Maths & Further Maths & Biology & Chemistry & Computer Science,5,0,0.0
2021 to 22,North West,All,Maths & Further Maths & Biology & Chemistry & Computer Science,5,0,0.0
2021 to 22,West Midlands,All,Maths & Further Maths & Biology & Chemistry & Computer Science,5,0,0.0
2021 to 22,East of England,All,Maths & Further Maths & Biology & Chemistry & Computer Science,5,0,0.0
2021 to 22,Yorkshire and The Humber,All,Maths & Further Maths & Biology & Chemistry & Computer Science,5,0,0.0
2021 to 22,North East,All,Maths & Further Maths & Biology & Chemistry & Computer Science,5,0,0.0
2021 to 22,South East,All,Maths & Further Maths & Biology & Chemistry & Computer Science,5,1,0.002
2021 to 22,East Midlands,All,Maths & Further Maths & Biology & Chemistry & Computer Science,5,0,0.0
2021 to 22,South West,All,Maths & Further Maths & Biology & Chemistry & Computer Science,5,0,0.0
2021 to 22,London,Female,Maths & Biology & Chemistry,3,1866,7.553
2021 to 22,North West,Female,Maths & Biology & Chemistry,3,946,5.3
2021 to 22,West Midlands,Female,Maths & Biology & Chemistry,3,754,5.254
2021 to 22,East of England,Female,Maths & Biology & Chemistry,3,811,4.977
2021 to 22,Yorkshire and The Humber,Female,Maths & Biology & Chemistry,3,562,4.553
2021 to 22,North East,Female,Maths & Biology & Chemistry,3,230,4.206
2021 to 22,South East,Female,Maths & Biology & Chemistry,3,1156,4.648
2021 to 22,East Midlands,Female,Maths & Biology & Chemistry,3,505,4.752
2021 to 22,South West,Female,Maths & Biology & Chemistry,3,504,4.119
2021 to 22,London,Female,Maths & Physics,2,436,1.765
2021 to 22,North West,Female,Maths & Physics,2,219,1.227
2021 to 22,West Midlands,Female,Maths & Physics,2,194,1.352
2021 to 22,East of England,Female,Maths & Physics,2,205,1.258
2021 to 22,Yorkshire and The Humber,Female,Maths & Physics,2,162,1.312
2021 to 22,North East,Female,Maths & Physics,2,68,1.243
2021 to 22,South East,Female,Maths & Physics,2,388,1.56
2021 to 22,East Midlands,Female,Maths & Physics,2,137,1.289
2021 to 22,South West,Female,Maths & Physics,2,175,1.43
2021 to 22,London,Male,Physics & Computer Science,2,42,0.212
2021 to 22,North West,Male,Physics & Computer Science,2,38,0.281
2021 to 22,West Midlands,Male,Physics & Computer Science,2,42,0.38
2021 to 22,East of England,Male,Physics & Computer Science,2,58,0.439
2021 to 22,Yorkshire and The Humber,Male,Physics & Computer Science,2,19,0.202
2021 to 22,North East,Male,Physics & Computer Science,2,10,0.247
2021 to 22,South East,Male,Physics & Computer Science,2,60,0.284
2021 to 22,East Midlands,Male,Physics & Computer Science,2,34,0.402
2021 to 22,South West,Male,Physics & Computer Science,2,36,0.368
2021 to 22,London,All,Further Maths & Physics & Computer Science,3,15,0.034
2021 to 22,North West,All,Further Maths & Physics & Computer Science,3,17,0.054
2021 to 22,West Midlands,All,Further Maths & Physics & Computer Science,3,21,0.083
2021 to 22,East of England,All,Further Maths & Physics & Computer Science,3,25,0.085
2021 to 22,Yorkshire and The Humber,All,Further Maths & Physics & Computer Science,3,8,0.037
2021 to 22,North East,All,Further Maths & Physics & Computer Science,3,0,0.0
2021 to 22,South East,All,Further Maths & Physics & Computer Science,3,44,0.096
2021 to 22,East Midlands,All,Further Maths & Physics & Computer Science,3,27,0.141
2021 to 22,South West,All,Further Maths & Physics & Computer Science,3,13,0.059
2021 to 22,London,All,Maths & Further Maths,2,498,1.119
2021 to 22,North West,All,Maths & Further Maths,2,152,0.484
2021 to 22,West Midlands,All,Maths & Further Maths,2,115,0.453
2021 to 22,East of England,All,Maths & Further Maths,2,235,0.796
2021 to 22,Yorkshire and The Humber,All,Maths & Further Maths,2,120,0.552
2021 to 22,North East,All,Maths & Further Maths,2,49,0.514
2021 to 22,South East,All,Maths & Further Maths,2,264,0.574
2021 to 22,East Midlands,All,Maths & Further Maths,2,93,0.487
2021 to 22,South West,All,Maths & Further Maths,2,118,0.536
2021 to 22,London,Female,Physics & Computer Science,2,10,0.04
2021 to 22,North West,Female,Physics & Computer Science,2,0,0.0
2021 to 22,West Midlands,Female,Physics & Computer Science,2,5,0.035
2021 to 22,East of England,Female,Physics & Computer Science,2,5,0.031
2021 to 22,Yorkshire and The Humber,Female,Physics & Computer Science,2,3,0.024
2021 to 22,North East,Female,Physics & Computer Science,2,2,0.037
2021 to 22,South East,Female,Physics & Computer Science,2,9,0.036
2021 to 22,East Midlands,Female,Physics & Computer Science,2,2,0.019
2021 to 22,South West,Female,Physics & Computer Science,2,4,0.033
2021 to 22,London,All,Biology & Chemistry & Physics,3,184,0.413
2021 to 22,North West,All,Biology & Chemistry & Physics,3,124,0.395
2021 to 22,West Midlands,All,Biology & Chemistry & Physics,3,166,0.653
2021 to 22,East of England,All,Biology & Chemistry & Physics,3,143,0.485
2021 to 22,Yorkshire and The Humber,All,Biology & Chemistry & Physics,3,109,0.501
2021 to 22,North East,All,Biology & Chemistry & Physics,3,34,0.357
2021 to 22,South East,All,Biology & Chemistry & Physics,3,150,0.326
2021 to 22,East Midlands,All,Biology & Chemistry & Physics,3,138,0.723
2021 to 22,South West,All,Biology & Chemistry & Physics,3,90,0.409
2021 to 22,London,All,Biology,1,2401,5.394
2021 to 22,North West,All,Biology,1,2102,6.699
2021 to 22,West Midlands,All,Biology,1,1952,7.682
2021 to 22,East of England,All,Biology,1,2057,6.97
2021 to 22,Yorkshire and The Humber,All,Biology,1,1513,6.96
2021 to 22,North East,All,Biology,1,655,6.877
2021 to 22,South East,All,Biology,1,3399,7.394
2021 to 22,East Midlands,All,Biology,1,1737,9.098
2021 to 22,South West,All,Biology,1,2024,9.197
2021 to 22,London,All,Maths & Physics,2,1818,4.084
2021 to 22,North West,All,Maths & Physics,2,1037,3.305
2021 to 22,West Midlands,All,Maths & Physics,2,934,3.676
2021 to 22,East of England,All,Maths & Physics,2,1009,3.419
2021 to 22,Yorkshire and The Humber,All,Maths & Physics,2,820,3.772
2021 to 22,North East,All,Maths & Physics,2,334,3.507
2021 to 22,South East,All,Maths & Physics,2,1830,3.981
2021 to 22,East Midlands,All,Maths & Physics,2,750,3.928
2021 to 22,South West,All,Maths & Physics,2,892,4.053
2021 to 22,London,Female,Maths & Further Maths & Biology & Chemistry & Physics,5,0,0.0
2021 to 22,North West,Female,Maths & Further Maths & Biology & Chemistry & Physics,5,1,0.006
2021 to 22,West Midlands,Female,Maths & Further Maths & Biology & Chemistry & Physics,5,0,0.0
2021 to 22,East of England,Female,Maths & Further Maths & Biology & Chemistry & Physics,5,2,0.012
2021 to 22,Yorkshire and The Humber,Female,Maths & Further Maths & Biology & Chemistry & Physics,5,0,0.0
2021 to 22,North East,Female,Maths & Further Maths & Biology & Chemistry & Physics,5,0,0.0
2021 to 22,South East,Female,Maths & Further Maths & Biology & Chemistry & Physics,5,1,0.004
2021 to 22,East Midlands,Female,Maths & Further Maths & Biology & Chemistry & Physics,5,0,0.0
2021 to 22,South West,Female,Maths & Further Maths & Biology & Chemistry & Physics,5,0,0.0
2021 to 22,London,Male,Maths & Biology & Chemistry,3,1288,6.502
2021 to 22,North West,Male,Maths & Biology & Chemistry,3,698,5.159
2021 to 22,West Midlands,Male,Maths & Biology & Chemistry,3,642,5.805
2021 to 22,East of England,Male,Maths & Biology & Chemistry,3,514,3.889
2021 to 22,Yorkshire and The Humber,Male,Maths & Biology & Chemistry,3,439,4.672
2021 to 22,North East,Male,Maths & Biology & Chemistry,3,148,3.65
2021 to 22,South East,Male,Maths & Biology & Chemistry,3,767,3.635
2021 to 22,East Midlands,Male,Maths & Biology & Chemistry,3,351,4.146
2021 to 22,South West,Male,Maths & Biology & Chemistry,3,343,3.511
2021 to 22,London,All,Chemistry,1,323,0.726
2021 to 22,North West,All,Chemistry,1,310,0.988
2021 to 22,West Midlands,All,Chemistry,1,244,0.96
2021 to 22,East of England,All,Chemistry,1,201,0.681
2021 to 22,Yorkshire and The Humber,All,Chemistry,1,177,0.814
2021 to 22,North East,All,Chemistry,1,83,0.871
2021 to 22,South East,All,Chemistry,1,348,0.757
2021 to 22,East Midlands,All,Chemistry,1,174,0.911
2021 to 22,South West,All,Chemistry,1,234,1.063
2021 to 22,London,Female,Computer Science,1,111,0.449
2021 to 22,North West,Female,Computer Science,1,79,0.443
2021 to 22,West Midlands,Female,Computer Science,1,51,0.355
2021 to 22,East of England,Female,Computer Science,1,53,0.325
2021 to 22,Yorkshire and The Humber,Female,Computer Science,1,24,0.194
2021 to 22,North East,Female,Computer Science,1,19,0.347
2021 to 22,South East,Female,Computer Science,1,82,0.33
2021 to 22,East Midlands,Female,Computer Science,1,37,0.348
2021 to 22,South West,Female,Computer Science,1,30,0.245
2021 to 22,London,Female,Maths & Further Maths & Biology & Physics & Computer Science,5,0,0.0
2021 to 22,North West,Female,Maths & Further Maths & Biology & Physics & Computer Science,5,0,0.0
2021 to 22,West Midlands,Female,Maths & Further Maths & Biology & Physics & Computer Science,5,0,0.0
2021 to 22,East of England,Female,Maths & Further Maths & Biology & Physics & Computer Science,5,0,0.0
2021 to 22,Yorkshire and The Humber,Female,Maths & Further Maths & Biology & Physics & Computer Science,5,0,0.0
2021 to 22,North East,Female,Maths & Further Maths & Biology & Physics & Computer Science,5,0,0.0
2021 to 22,South East,Female,Maths & Further Maths & Biology & Physics & Computer Science,5,0,0.0
2021 to 22,East Midlands,Female,Maths & Further Maths & Biology & Physics & Computer Science,5,0,0.0
2021 to 22,South West,Female,Maths & Further Maths & Biology & Physics & Computer Science,5,0,0.0
2021 to 22,London,Male,Chemistry,1,105,0.53
2021 to 22,North West,Male,Chemistry,1,130,0.961
2021 to 22,West Midlands,Male,Chemistry,1,103,0.931
2021 to 22,East of England,Male,Chemistry,1,81,0.613
2021 to 22,Yorkshire and The Humber,Male,Chemistry,1,73,0.777
2021 to 22,North East,Male,Chemistry,1,38,0.937
2021 to 22,South East,Male,Chemistry,1,154,0.73
2021 to 22,East Midlands,Male,Chemistry,1,79,0.933
2021 to 22,South West,Male,Chemistry,1,100,1.024
2021 to 22,London,All,Physics,1,199,0.447
2021 to 22,North West,All,Physics,1,185,0.59
2021 to 22,West Midlands,All,Physics,1,171,0.673
2021 to 22,East of England,All,Physics,1,252,0.854
2021 to 22,Yorkshire and The Humber,All,Physics,1,139,0.639
2021 to 22,North East,All,Physics,1,55,0.577
2021 to 22,South East,All,Physics,1,332,0.722
2021 to 22,East Midlands,All,Physics,1,195,1.021
2021 to 22,South West,All,Physics,1,206,0.936
2021 to 22,London,Female,Biology & Physics & Computer Science,3,1,0.004
2021 to 22,North West,Female,Biology & Physics & Computer Science,3,0,0.0
2021 to 22,West Midlands,Female,Biology & Physics & Computer Science,3,1,0.007
2021 to 22,East of England,Female,Biology & Physics & Computer Science,3,4,0.025
2021 to 22,Yorkshire and The Humber,Female,Biology & Physics & Computer Science,3,0,0.0
2021 to 22,North East,Female,Biology & Physics & Computer Science,3,0,0.0
2021 to 22,South East,Female,Biology & Physics & Computer Science,3,1,0.004
2021 to 22,East Midlands,Female,Biology & Physics & Computer Science,3,1,0.009
2021 to 22,South West,Female,Biology & Physics & Computer Science,3,0,0.0
2021 to 22,London,Female,Chemistry,1,218,0.882
2021 to 22,North West,Female,Chemistry,1,180,1.009
2021 to 22,West Midlands,Female,Chemistry,1,141,0.983
2021 to 22,East of England,Female,Chemistry,1,120,0.736
2021 to 22,Yorkshire and The Humber,Female,Chemistry,1,104,0.843
2021 to 22,North East,Female,Chemistry,1,45,0.823
2021 to 22,South East,Female,Chemistry,1,194,0.78
2021 to 22,East Midlands,Female,Chemistry,1,95,0.894
2021 to 22,South West,Female,Chemistry,1,134,1.095
2021 to 22,London,Male,Physics,1,140,0.707
2021 to 22,North West,Male,Physics,1,150,1.109
2021 to 22,West Midlands,Male,Physics,1,132,1.194
2021 to 22,East of England,Male,Physics,1,194,1.468
2021 to 22,Yorkshire and The Humber,Male,Physics,1,107,1.139
2021 to 22,North East,Male,Physics,1,47,1.159
2021 to 22,South East,Male,Physics,1,255,1.209
2021 to 22,East Midlands,Male,Physics,1,148,1.748
2021 to 22,South West,Male,Physics,1,156,1.597
2021 to 22,London,Male,Maths & Further Maths & Biology & Chemistry & Physics,5,3,0.015
2021 to 22,North West,Male,Maths & Further Maths & Biology & Chemistry & Physics,5,1,0.007
2021 to 22,West Midlands,Male,Maths & Further Maths & Biology & Chemistry & Physics,5,2,0.018
2021 to 22,East of England,Male,Maths & Further Maths & Biology & Chemistry & Physics,5,0,0.0
2021 to 22,Yorkshire and The Humber,Male,Maths & Further Maths & Biology & Chemistry & Physics,5,0,0.0
2021 to 22,North East,Male,Maths & Further Maths & Biology & Chemistry & Physics,5,0,0.0
2021 to 22,South East,Male,Maths & Further Maths & Biology & Chemistry & Physics,5,4,0.019
2021 to 22,East Midlands,Male,Maths & Further Maths & Biology & Chemistry & Physics,5,1,0.012
2021 to 22,South West,Male,Maths & Further Maths & Biology & Chemistry & Physics,5,1,0.01
2021 to 22,London,All,Maths & Biology & Chemistry,3,3154,7.085
2021 to 22,North West,All,Maths & Biology & Chemistry,3,1644,5.239
2021 to 22,West Midlands,All,Maths & Biology & Chemistry,3,1396,5.494
2021 to 22,East of England,All,Maths & Biology & Chemistry,3,1325,4.49
2021 to 22,Yorkshire and The Humber,All,Maths & Biology & Chemistry,3,1001,4.605
2021 to 22,North East,All,Maths & Biology & Chemistry,3,378,3.969
2021 to 22,South East,All,Maths & Biology & Chemistry,3,1923,4.183
2021 to 22,East Midlands,All,Maths & Biology & Chemistry,3,856,4.484
2021 to 22,South West,All,Maths & Biology & Chemistry,3,847,3.849
2021 to 22,London,Female,Physics,1,59,0.239
2021 to 22,North West,Female,Physics,1,35,0.196
2021 to 22,West Midlands,Female,Physics,1,39,0.272
2021 to 22,East of England,Female,Physics,1,58,0.356
2021 to 22,Yorkshire and The Humber,Female,Physics,1,32,0.259
2021 to 22,North East,Female,Physics,1,8,0.146
2021 to 22,South East,Female,Physics,1,77,0.31
2021 to 22,East Midlands,Female,Physics,1,47,0.442
2021 to 22,South West,Female,Physics,1,50,0.409
2021 to 22,London,Male,Computer Science,1,477,2.408
2021 to 22,North West,Male,Computer Science,1,451,3.333
2021 to 22,West Midlands,Male,Computer Science,1,289,2.613
2021 to 22,East of England,Male,Computer Science,1,345,2.61
2021 to 22,Yorkshire and The Humber,Male,Computer Science,1,205,2.182
2021 to 22,North East,Male,Computer Science,1,122,3.009
2021 to 22,South East,Male,Computer Science,1,435,2.062
2021 to 22,East Midlands,Male,Computer Science,1,229,2.705
2021 to 22,South West,Male,Computer Science,1,227,2.323
2021 to 22,London,Male,Maths & Further Maths & Biology & Physics & Computer Science,5,0,0.0
2021 to 22,North West,Male,Maths & Further Maths & Biology & Physics & Computer Science,5,0,0.0
2021 to 22,West Midlands,Male,Maths & Further Maths & Biology & Physics & Computer Science,5,0,0.0
2021 to 22,East of England,Male,Maths & Further Maths & Biology & Physics & Computer Science,5,0,0.0
2021 to 22,Yorkshire and The Humber,Male,Maths & Further Maths & Biology & Physics & Computer Science,5,0,0.0
2021 to 22,North East,Male,Maths & Further Maths & Biology & Physics & Computer Science,5,0,0.0
2021 to 22,South East,Male,Maths & Further Maths & Biology & Physics & Computer Science,5,0,0.0
2021 to 22,East Midlands,Male,Maths & Further Maths & Biology & Physics & Computer Science,5,0,0.0
2021 to 22,South West,Male,Maths & Further Maths & Biology & Physics & Computer Science,5,0,0.0
2021 to 22,London,Female,Further Maths & Computer Science,2,3,0.012
2021 to 22,North West,Female,Further Maths & Computer Science,2,2,0.011
2021 to 22,West Midlands,Female,Further Maths & Computer Science,2,2,0.014
2021 to 22,East of England,Female,Further Maths & Computer Science,2,1,0.006
2021 to 22,Yorkshire and The Humber,Female,Further Maths & Computer Science,2,0,0.0
2021 to 22,North East,Female,Further Maths & Computer Science,2,0,0.0
2021 to 22,South East,Female,Further Maths & Computer Science,2,3,0.012
2021 to 22,East Midlands,Female,Further Maths & Computer Science,2,2,0.019
2021 to 22,South West,Female,Further Maths & Computer Science,2,2,0.016
2021 to 22,London,Male,Further Maths & Physics,2,47,0.237
2021 to 22,North West,Male,Further Maths & Physics,2,14,0.103
2021 to 22,West Midlands,Male,Further Maths & Physics,2,19,0.172
2021 to 22,East of England,Male,Further Maths & Physics,2,21,0.159
2021 to 22,Yorkshire and The Humber,Male,Further Maths & Physics,2,12,0.128
2021 to 22,North East,Male,Further Maths & Physics,2,1,0.025
2021 to 22,South East,Male,Further Maths & Physics,2,49,0.232
2021 to 22,East Midlands,Male,Further Maths & Physics,2,6,0.071
2021 to 22,South West,Male,Further Maths & Physics,2,24,0.246
2021 to 22,London,Male,Further Maths & Biology & Physics & Computer Science,4,0,0.0
2021 to 22,North West,Male,Further Maths & Biology & Physics & Computer Science,4,0,0.0
2021 to 22,West Midlands,Male,Further Maths & Biology & Physics & Computer Science,4,0,0.0
2021 to 22,East of England,Male,Further Maths & Biology & Physics & Computer Science,4,0,0.0
2021 to 22,Yorkshire and The Humber,Male,Further Maths & Biology & Physics & Computer Science,4,0,0.0
2021 to 22,North East,Male,Further Maths & Biology & Physics & Computer Science,4,0,0.0
2021 to 22,South East,Male,Further Maths & Biology & Physics & Computer Science,4,0,0.0
2021 to 22,East Midlands,Male,Further Maths & Biology & Physics & Computer Science,4,0,0.0
2021 to 22,South West,Male,Further Maths & Biology & Physics & Computer Science,4,0,0.0
2021 to 22,London,All,Further Maths & Chemistry,2,12,0.027
2021 to 22,North West,All,Further Maths & Chemistry,2,2,0.006
2021 to 22,West Midlands,All,Further Maths & Chemistry,2,5,0.02
2021 to 22,East of England,All,Further Maths & Chemistry,2,5,0.017
2021 to 22,Yorkshire and The Humber,All,Further Maths & Chemistry,2,5,0.023
2021 to 22,North East,All,Further Maths & Chemistry,2,1,0.01
2021 to 22,South East,All,Further Maths & Chemistry,2,11,0.024
2021 to 22,East Midlands,All,Further Maths & Chemistry,2,2,0.01
2021 to 22,South West,All,Further Maths & Chemistry,2,2,0.009
2021 to 22,London,Female,Further Maths & Physics,2,10,0.04
2021 to 22,North West,Female,Further Maths & Physics,2,9,0.05
2021 to 22,West Midlands,Female,Further Maths & Physics,2,3,0.021
2021 to 22,East of England,Female,Further Maths & Physics,2,4,0.025
2021 to 22,Yorkshire and The Humber,Female,Further Maths & Physics,2,4,0.032
2021 to 22,North East,Female,Further Maths & Physics,2,1,0.018
2021 to 22,South East,Female,Further Maths & Physics,2,10,0.04
2021 to 22,East Midlands,Female,Further Maths & Physics,2,4,0.038
2021 to 22,South West,Female,Further Maths & Physics,2,5,0.041
2021 to 22,London,All,Maths & Further Maths & Biology & Chemistry & Physics,5,3,0.007
2021 to 22,North West,All,Maths & Further Maths & Biology & Chemistry & Physics,5,2,0.006
2021 to 22,West Midlands,All,Maths & Further Maths & Biology & Chemistry & Physics,5,2,0.008
2021 to 22,East of England,All,Maths & Further Maths & Biology & Chemistry & Physics,5,2,0.007
2021 to 22,Yorkshire and The Humber,All,Maths & Further Maths & Biology & Chemistry & Physics,5,0,0.0
2021 to 22,North East,All,Maths & Further Maths & Biology & Chemistry & Physics,5,0,0.0
2021 to 22,South East,All,Maths & Further Maths & Biology & Chemistry & Physics,5,5,0.011
2021 to 22,East Midlands,All,Maths & Further Maths & Biology & Chemistry & Physics,5,1,0.005
2021 to 22,South West,All,Maths & Further Maths & Biology & Chemistry & Physics,5,1,0.005
2021 to 22,London,Female,Maths & Biology & Computer Science,3,15,0.061
2021 to 22,North West,Female,Maths & Biology & Computer Science,3,8,0.045
2021 to 22,West Midlands,Female,Maths & Biology & Computer Science,3,5,0.035
2021 to 22,East of England,Female,Maths & Biology & Computer Science,3,9,0.055
2021 to 22,Yorkshire and The Humber,Female,Maths & Biology & Computer Science,3,2,0.016
2021 to 22,North East,Female,Maths & Biology & Computer Science,3,3,0.055
2021 to 22,South East,Female,Maths & Biology & Computer Science,3,8,0.032
2021 to 22,East Midlands,Female,Maths & Biology & Computer Science,3,3,0.028
2021 to 22,South West,Female,Maths & Biology & Computer Science,3,2,0.016
2021 to 22,London,All,Further Maths & Computer Science,2,14,0.031
2021 to 22,North West,All,Further Maths & Computer Science,2,5,0.016
2021 to 22,West Midlands,All,Further Maths & Computer Science,2,9,0.035
2021 to 22,East of England,All,Further Maths & Computer Science,2,12,0.041
2021 to 22,Yorkshire and The Humber,All,Further Maths & Computer Science,2,0,0.0
2021 to 22,North East,All,Further Maths & Computer Science,2,1,0.01
2021 to 22,South East,All,Further Maths & Computer Science,2,14,0.03
2021 to 22,East Midlands,All,Further Maths & Computer Science,2,3,0.016
2021 to 22,South West,All,Further Maths & Computer Science,2,10,0.045
2021 to 22,London,All,Computer Science,1,588,1.321
2021 to 22,North West,All,Computer Science,1,530,1.689
2021 to 22,West Midlands,All,Computer Science,1,340,1.338
2021 to 22,East of England,All,Computer Science,1,398,1.349
2021 to 22,Yorkshire and The Humber,All,Computer Science,1,229,1.053
2021 to 22,North East,All,Computer Science,1,141,1.48
2021 to 22,South East,All,Computer Science,1,517,1.125
2021 to 22,East Midlands,All,Computer Science,1,266,1.393
2021 to 22,South West,All,Computer Science,1,257,1.168
2021 to 22,London,All,Maths & Further Maths & Biology & Physics & Computer Science,5,0,0.0
2021 to 22,North West,All,Maths & Further Maths & Biology & Physics & Computer Science,5,0,0.0
2021 to 22,West Midlands,All,Maths & Further Maths & Biology & Physics & Computer Science,5,0,0.0
2021 to 22,East of England,All,Maths & Further Maths & Biology & Physics & Computer Science,5,0,0.0
2021 to 22,Yorkshire and The Humber,All,Maths & Further Maths & Biology & Physics & Computer Science,5,0,0.0
2021 to 22,North East,All,Maths & Further Maths & Biology & Physics & Computer Science,5,0,0.0
2021 to 22,South East,All,Maths & Further Maths & Biology & Physics & Computer Science,5,0,0.0
2021 to 22,East Midlands,All,Maths & Further Maths & Biology & Physics & Computer Science,5,0,0.0
2021 to 22,South West,All,Maths & Further Maths & Biology & Physics & Computer Science,5,0,0.0
2021 to 22,London,Male,Further Maths & Computer Science,2,11,0.056
2021 to 22,North West,Male,Further Maths & Computer Science,2,3,0.022
2021 to 22,West Midlands,Male,Further Maths & Computer Science,2,7,0.063
2021 to 22,East of England,Male,Further Maths & Computer Science,2,11,0.083
2021 to 22,Yorkshire and The Humber,Male,Further Maths & Computer Science,2,0,0.0
2021 to 22,North East,Male,Further Maths & Computer Science,2,1,0.025
2021 to 22,South East,Male,Further Maths & Computer Science,2,11,0.052
2021 to 22,East Midlands,Male,Further Maths & Computer Science,2,1,0.012
2021 to 22,South West,Male,Further Maths & Computer Science,2,8,0.082
2021 to 22,London,Male,Maths & Chemistry & Computer Science,3,41,0.207
2021 to 22,North West,Male,Maths & Chemistry & Computer Science,3,47,0.347
2021 to 22,West Midlands,Male,Maths & Chemistry & Computer Science,3,37,0.335
2021 to 22,East of England,Male,Maths & Chemistry & Computer Science,3,33,0.25
2021 to 22,Yorkshire and The Humber,Male,Maths & Chemistry & Computer Science,3,27,0.287
2021 to 22,North East,Male,Maths & Chemistry & Computer Science,3,18,0.444
2021 to 22,South East,Male,Maths & Chemistry & Computer Science,3,37,0.175
2021 to 22,East Midlands,Male,Maths & Chemistry & Computer Science,3,29,0.343
2021 to 22,South West,Male,Maths & Chemistry & Computer Science,3,35,0.358
2021 to 22,London,All,Further Maths & Biology & Physics & Computer Science,4,0,0.0
2021 to 22,North West,All,Further Maths & Biology & Physics & Computer Science,4,0,0.0
2021 to 22,West Midlands,All,Further Maths & Biology & Physics & Computer Science,4,0,0.0
2021 to 22,East of England,All,Further Maths & Biology & Physics & Computer Science,4,0,0.0
2021 to 22,Yorkshire and The Humber,All,Further Maths & Biology & Physics & Computer Science,4,0,0.0
2021 to 22,North East,All,Further Maths & Biology & Physics & Computer Science,4,0,0.0
2021 to 22,South East,All,Further Maths & Biology & Physics & Computer Science,4,0,0.0
2021 to 22,East Midlands,All,Further Maths & Biology & Physics & Computer Science,4,0,0.0
2021 to 22,South West,All,Further Maths & Biology & Physics & Computer Science,4,0,0.0
2021 to 22,London,All,Maths & Biology & Computer Science,3,47,0.106
2021 to 22,North West,All,Maths & Biology & Computer Science,3,18,0.057
2021 to 22,West Midlands,All,Maths & Biology & Computer Science,3,32,0.126
2021 to 22,East of England,All,Maths & Biology & Computer Science,3,33,0.112
2021 to 22,Yorkshire and The Humber,All,Maths & Biology & Computer Science,3,11,0.051
2021 to 22,North East,All,Maths & Biology & Computer Science,3,5,0.052
2021 to 22,South East,All,Maths & Biology & Computer Science,3,40,0.087
2021 to 22,East Midlands,All,Maths & Biology & Computer Science,3,20,0.105
2021 to 22,South West,All,Maths & Biology & Computer Science,3,13,0.059
2021 to 22,London,Female,Maths & Chemistry & Computer Science,3,29,0.117
2021 to 22,North West,Female,Maths & Chemistry & Computer Science,3,13,0.073
2021 to 22,West Midlands,Female,Maths & Chemistry & Computer Science,3,11,0.077
2021 to 22,East of England,Female,Maths & Chemistry & Computer Science,3,6,0.037
2021 to 22,Yorkshire and The Humber,Female,Maths & Chemistry & Computer Science,3,5,0.041
2021 to 22,North East,Female,Maths & Chemistry & Computer Science,3,3,0.055
2021 to 22,South East,Female,Maths & Chemistry & Computer Science,3,18,0.072
2021 to 22,East Midlands,Female,Maths & Chemistry & Computer Science,3,11,0.104
2021 to 22,South West,Female,Maths & Chemistry & Computer Science,3,2,0.016
2021 to 22,London,Male,Zero Maths/Science subjects,0,7627,38.501
2021 to 22,North West,Male,Zero Maths/Science subjects,0,6069,44.853
2021 to 22,West Midlands,Male,Zero Maths/Science subjects,0,4628,41.848
2021 to 22,East of England,Male,Zero Maths/Science subjects,0,6183,46.777
2021 to 22,Yorkshire and The Humber,Male,Zero Maths/Science subjects,0,4281,45.562
2021 to 22,North East,Male,Zero Maths/Science subjects,0,2004,49.42
2021 to 22,South East,Male,Zero Maths/Science subjects,0,9940,47.111
2021 to 22,East Midlands,Male,Zero Maths/Science subjects,0,3589,42.398
2021 to 22,South West,Male,Zero Maths/Science subjects,0,4357,44.596
2021 to 22,London,Male,Maths & Biology & Computer Science,3,32,0.162
2021 to 22,North West,Male,Maths & Biology & Computer Science,3,10,0.074
2021 to 22,West Midlands,Male,Maths & Biology & Computer Science,3,27,0.244
2021 to 22,East of England,Male,Maths & Biology & Computer Science,3,24,0.182
2021 to 22,Yorkshire and The Humber,Male,Maths & Biology & Computer Science,3,9,0.096
2021 to 22,North East,Male,Maths & Biology & Computer Science,3,2,0.049
2021 to 22,South East,Male,Maths & Biology & Computer Science,3,32,0.152
2021 to 22,East Midlands,Male,Maths & Biology & Computer Science,3,17,0.201
2021 to 22,South West,Male,Maths & Biology & Computer Science,3,11,0.113
2021 to 22,London,All,Maths & Biology & Physics,3,258,0.58
2021 to 22,North West,All,Maths & Biology & Physics,3,133,0.424
2021 to 22,West Midlands,All,Maths & Biology & Physics,3,138,0.543
2021 to 22,East of England,All,Maths & Biology & Physics,3,146,0.495
2021 to 22,Yorkshire and The Humber,All,Maths & Biology & Physics,3,99,0.455
2021 to 22,North East,All,Maths & Biology & Physics,3,49,0.514
2021 to 22,South East,All,Maths & Biology & Physics,3,191,0.415
2021 to 22,East Midlands,All,Maths & Biology & Physics,3,103,0.539
2021 to 22,South West,All,Maths & Biology & Physics,3,102,0.463
2021 to 22,London,Female,Zero Maths/Science subjects,0,13954,56.482
2021 to 22,North West,Female,Zero Maths/Science subjects,0,11143,62.433
2021 to 22,West Midlands,Female,Zero Maths/Science subjects,0,8654,60.302
2021 to 22,East of England,Female,Zero Maths/Science subjects,0,10417,63.928
2021 to 22,Yorkshire and The Humber,Female,Zero Maths/Science subjects,0,7959,64.482
2021 to 22,North East,Female,Zero Maths/Science subjects,0,3664,66.996
2021 to 22,South East,Female,Zero Maths/Science subjects,0,15803,63.542
2021 to 22,East Midlands,Female,Zero Maths/Science subjects,0,6450,60.694
2021 to 22,South West,Female,Zero Maths/Science subjects,0,7656,62.564
2021 to 22,London,Female,Maths & Further Maths & Chemistry & Physics & Computer Science,5,1,0.004
2021 to 22,North West,Female,Maths & Further Maths & Chemistry & Physics & Computer Science,5,0,0.0
2021 to 22,West Midlands,Female,Maths & Further Maths & Chemistry & Physics & Computer Science,5,0,0.0
2021 to 22,East of England,Female,Maths & Further Maths & Chemistry & Physics & Computer Science,5,0,0.0
2021 to 22,Yorkshire and The Humber,Female,Maths & Further Maths & Chemistry & Physics & Computer Science,5,0,0.0
2021 to 22,North East,Female,Maths & Further Maths & Chemistry & Physics & Computer Science,5,0,0.0
2021 to 22,South East,Female,Maths & Further Maths & Chemistry & Physics & Computer Science,5,0,0.0
2021 to 22,East Midlands,Female,Maths & Further Maths & Chemistry & Physics & Computer Science,5,0,0.0
2021 to 22,South West,Female,Maths & Further Maths & Chemistry & Physics & Computer Science,5,0,0.0
2021 to 22,London,Male,Maths & Biology & Physics,3,187,0.944
2021 to 22,North West,Male,Maths & Biology & Physics,3,90,0.665
2021 to 22,West Midlands,Male,Maths & Biology & Physics,3,99,0.895
2021 to 22,East of England,Male,Maths & Biology & Physics,3,101,0.764
2021 to 22,Yorkshire and The Humber,Male,Maths & Biology & Physics,3,79,0.841
2021 to 22,North East,Male,Maths & Biology & Physics,3,38,0.937
2021 to 22,South East,Male,Maths & Biology & Physics,3,137,0.649
2021 to 22,East Midlands,Male,Maths & Biology & Physics,3,73,0.862
2021 to 22,South West,Male,Maths & Biology & Physics,3,66,0.676
2021 to 22,London,All,Maths & Chemistry & Computer Science,3,70,0.157
2021 to 22,North West,All,Maths & Chemistry & Computer Science,3,60,0.191
2021 to 22,West Midlands,All,Maths & Chemistry & Computer Science,3,48,0.189
2021 to 22,East of England,All,Maths & Chemistry & Computer Science,3,39,0.132
2021 to 22,Yorkshire and The Humber,All,Maths & Chemistry & Computer Science,3,32,0.147
2021 to 22,North East,All,Maths & Chemistry & Computer Science,3,21,0.22
2021 to 22,South East,All,Maths & Chemistry & Computer Science,3,55,0.12
2021 to 22,East Midlands,All,Maths & Chemistry & Computer Science,3,40,0.21
2021 to 22,South West,All,Maths & Chemistry & Computer Science,3,37,0.168
2021 to 22,London,Female,Further Maths & Chemistry & Physics & Computer Science,4,0,0.0
2021 to 22,North West,Female,Further Maths & Chemistry & Physics & Computer Science,4,0,0.0
2021 to 22,West Midlands,Female,Further Maths & Chemistry & Physics & Computer Science,4,0,0.0
2021 to 22,East of England,Female,Further Maths & Chemistry & Physics & Computer Science,4,0,0.0
2021 to 22,Yorkshire and The Humber,Female,Further Maths & Chemistry & Physics & Computer Science,4,0,0.0
2021 to 22,North East,Female,Further Maths & Chemistry & Physics & Computer Science,4,0,0.0
2021 to 22,South East,Female,Further Maths & Chemistry & Physics & Computer Science,4,0,0.0
2021 to 22,East Midlands,Female,Further Maths & Chemistry & Physics & Computer Science,4,0,0.0
2021 to 22,South West,Female,Further Maths & Chemistry & Physics & Computer Science,4,0,0.0
2021 to 22,London,Female,Maths & Biology & Physics,3,71,0.287
2021 to 22,North West,Female,Maths & Biology & Physics,3,43,0.241
2021 to 22,West Midlands,Female,Maths & Biology & Physics,3,39,0.272
2021 to 22,East of England,Female,Maths & Biology & Physics,3,45,0.276
2021 to 22,Yorkshire and The Humber,Female,Maths & Biology & Physics,3,20,0.162
2021 to 22,North East,Female,Maths & Biology & Physics,3,11,0.201
2021 to 22,South East,Female,Maths & Biology & Physics,3,54,0.217
2021 to 22,East Midlands,Female,Maths & Biology & Physics,3,30,0.282
2021 to 22,South West,Female,Maths & Biology & Physics,3,36,0.294
2021 to 22,London,Male,Further Maths & Chemistry,2,7,0.035
2021 to 22,North West,Male,Further Maths & Chemistry,2,1,0.007
2021 to 22,West Midlands,Male,Further Maths & Chemistry,2,2,0.018
2021 to 22,East of England,Male,Further Maths & Chemistry,2,2,0.015
2021 to 22,Yorkshire and The Humber,Male,Further Maths & Chemistry,2,2,0.021
2021 to 22,North East,Male,Further Maths & Chemistry,2,0,0.0
2021 to 22,South East,Male,Further Maths & Chemistry,2,9,0.043
2021 to 22,East Midlands,Male,Further Maths & Chemistry,2,0,0.0
2021 to 22,South West,Male,Further Maths & Chemistry,2,1,0.01
2021 to 22,London,All,Zero Maths/Science subjects,0,21581,48.48
2021 to 22,North West,All,Zero Maths/Science subjects,0,17212,54.852
2021 to 22,West Midlands,All,Zero Maths/Science subjects,0,13282,52.271
2021 to 22,East of England,All,Zero Maths/Science subjects,0,16600,56.246
2021 to 22,Yorkshire and The Humber,All,Zero Maths/Science subjects,0,12240,56.304
2021 to 22,North East,All,Zero Maths/Science subjects,0,5668,59.513
2021 to 22,South East,All,Zero Maths/Science subjects,0,25743,56.001
2021 to 22,East Midlands,All,Zero Maths/Science subjects,0,10039,52.582
2021 to 22,South West,All,Zero Maths/Science subjects,0,12013,54.587
2021 to 22,London,All,Chemistry & Physics,2,73,0.164
2021 to 22,North West,All,Chemistry & Physics,2,48,0.153
2021 to 22,West Midlands,All,Chemistry & Physics,2,34,0.134
2021 to 22,East of England,All,Chemistry & Physics,2,50,0.169
2021 to 22,Yorkshire and The Humber,All,Chemistry & Physics,2,35,0.161
2021 to 22,North East,All,Chemistry & Physics,2,19,0.199
2021 to 22,South East,All,Chemistry & Physics,2,73,0.159
2021 to 22,East Midlands,All,Chemistry & Physics,2,45,0.236
2021 to 22,South West,All,Chemistry & Physics,2,51,0.232
2021 to 22,London,Female,Further Maths & Chemistry,2,5,0.02
2021 to 22,North West,Female,Further Maths & Chemistry,2,1,0.006
2021 to 22,West Midlands,Female,Further Maths & Chemistry,2,3,0.021
2021 to 22,East of England,Female,Further Maths & Chemistry,2,3,0.018
2021 to 22,Yorkshire and The Humber,Female,Further Maths & Chemistry,2,3,0.024
2021 to 22,North East,Female,Further Maths & Chemistry,2,1,0.018
2021 to 22,South East,Female,Further Maths & Chemistry,2,2,0.008
2021 to 22,East Midlands,Female,Further Maths & Chemistry,2,2,0.019
2021 to 22,South West,Female,Further Maths & Chemistry,2,1,0.008
2021 to 22,London,Male,Maths & Chemistry & Physics,3,660,3.332
2021 to 22,North West,Male,Maths & Chemistry & Physics,3,439,3.244
2021 to 22,West Midlands,Male,Maths & Chemistry & Physics,3,405,3.662
2021 to 22,East of England,Male,Maths & Chemistry & Physics,3,316,2.391
2021 to 22,Yorkshire and The Humber,Male,Maths & Chemistry & Physics,3,306,3.257
2021 to 22,North East,Male,Maths & Chemistry & Physics,3,143,3.527
2021 to 22,South East,Male,Maths & Chemistry & Physics,3,563,2.668
2021 to 22,East Midlands,Male,Maths & Chemistry & Physics,3,274,3.237
2021 to 22,South West,Male,Maths & Chemistry & Physics,3,303,3.101
2021 to 22,London,Male,Maths & Further Maths & Chemistry & Physics & Computer Science,5,0,0.0
2021 to 22,North West,Male,Maths & Further Maths & Chemistry & Physics & Computer Science,5,0,0.0
2021 to 22,West Midlands,Male,Maths & Further Maths & Chemistry & Physics & Computer Science,5,2,0.018
2021 to 22,East of England,Male,Maths & Further Maths & Chemistry & Physics & Computer Science,5,1,0.008
2021 to 22,Yorkshire and The Humber,Male,Maths & Further Maths & Chemistry & Physics & Computer Science,5,1,0.011
2021 to 22,North East,Male,Maths & Further Maths & Chemistry & Physics & Computer Science,5,0,0.0
2021 to 22,South East,Male,Maths & Further Maths & Chemistry & Physics & Computer Science,5,0,0.0
2021 to 22,East Midlands,Male,Maths & Further Maths & Chemistry & Physics & Computer Science,5,0,0.0
2021 to 22,South West,Male,Maths & Further Maths & Chemistry & Physics & Computer Science,5,0,0.0
2021 to 22,London,All,Further Maths & Biology,2,1,0.002
2021 to 22,North West,All,Further Maths & Biology,2,4,0.013
2021 to 22,West Midlands,All,Further Maths & Biology,2,2,0.008
2021 to 22,East of England,All,Further Maths & Biology,2,3,0.01
2021 to 22,Yorkshire and The Humber,All,Further Maths & Biology,2,0,0.0
2021 to 22,North East,All,Further Maths & Biology,2,0,0.0
2021 to 22,South East,All,Further Maths & Biology,2,6,0.013
2021 to 22,East Midlands,All,Further Maths & Biology,2,1,0.005
2021 to 22,South West,All,Further Maths & Biology,2,1,0.005
2021 to 22,London,Female,Maths & Chemistry & Physics,3,221,0.895
2021 to 22,North West,Female,Maths & Chemistry & Physics,3,126,0.706
2021 to 22,West Midlands,Female,Maths & Chemistry & Physics,3,111,0.773
2021 to 22,East of England,Female,Maths & Chemistry & Physics,3,100,0.614
2021 to 22,Yorkshire and The Humber,Female,Maths & Chemistry & Physics,3,83,0.672
2021 to 22,North East,Female,Maths & Chemistry & Physics,3,36,0.658
2021 to 22,South East,Female,Maths & Chemistry & Physics,3,166,0.667
2021 to 22,East Midlands,Female,Maths & Chemistry & Physics,3,74,0.696
2021 to 22,South West,Female,Maths & Chemistry & Physics,3,97,0.793
2021 to 22,London,Male,Further Maths & Chemistry & Physics & Computer Science,4,0,0.0
2021 to 22,North West,Male,Further Maths & Chemistry & Physics & Computer Science,4,0,0.0
2021 to 22,West Midlands,Male,Further Maths & Chemistry & Physics & Computer Science,4,1,0.009
2021 to 22,East of England,Male,Further Maths & Chemistry & Physics & Computer Science,4,0,0.0
2021 to 22,Yorkshire and The Humber,Male,Further Maths & Chemistry & Physics & Computer Science,4,0,0.0
2021 to 22,North East,Male,Further Maths & Chemistry & Physics & Computer Science,4,0,0.0
2021 to 22,South East,Male,Further Maths & Chemistry & Physics & Computer Science,4,0,0.0
2021 to 22,East Midlands,Male,Further Maths & Chemistry & Physics & Computer Science,4,0,0.0
2021 to 22,South West,Male,Further Maths & Chemistry & Physics & Computer Science,4,0,0.0
2021 to 22,London,Male,Further Maths & Biology,2,0,0.0
2021 to 22,North West,Male,Further Maths & Biology,2,0,0.0
2021 to 22,West Midlands,Male,Further Maths & Biology,2,0,0.0
2021 to 22,East of England,Male,Further Maths & Biology,2,0,0.0
2021 to 22,Yorkshire and The Humber,Male,Further Maths & Biology,2,0,0.0
2021 to 22,North East,Male,Further Maths & Biology,2,0,0.0
2021 to 22,South East,Male,Further Maths & Biology,2,1,0.005
2021 to 22,East Midlands,Male,Further Maths & Biology,2,0,0.0
2021 to 22,South West,Male,Further Maths & Biology,2,1,0.01
2021 to 22,London,Male,Maths & Further Maths & Chemistry & Physics,4,231,1.166
2021 to 22,North West,Male,Maths & Further Maths & Chemistry & Physics,4,117,0.865
2021 to 22,West Midlands,Male,Maths & Further Maths & Chemistry & Physics,4,77,0.696
2021 to 22,East of England,Male,Maths & Further Maths & Chemistry & Physics,4,162,1.226
2021 to 22,Yorkshire and The Humber,Male,Maths & Further Maths & Chemistry & Physics,4,113,1.203
2021 to 22,North East,Male,Maths & Further Maths & Chemistry & Physics,4,47,1.159
2021 to 22,South East,Male,Maths & Further Maths & Chemistry & Physics,4,255,1.209
2021 to 22,East Midlands,Male,Maths & Further Maths & Chemistry & Physics,4,92,1.087
2021 to 22,South West,Male,Maths & Further Maths & Chemistry & Physics,4,133,1.361
2021 to 22,London,Female,Further Maths & Biology,2,1,0.004
2021 to 22,North West,Female,Further Maths & Biology,2,4,0.022
2021 to 22,West Midlands,Female,Further Maths & Biology,2,2,0.014
2021 to 22,East of England,Female,Further Maths & Biology,2,3,0.018
2021 to 22,Yorkshire and The Humber,Female,Further Maths & Biology,2,0,0.0
2021 to 22,North East,Female,Further Maths & Biology,2,0,0.0
2021 to 22,South East,Female,Further Maths & Biology,2,5,0.02
2021 to 22,East Midlands,Female,Further Maths & Biology,2,1,0.009
2021 to 22,South West,Female,Further Maths & Biology,2,0,0.0
2021 to 22,London,Male,Further Maths & Biology & Chemistry & Computer Science,4,0,0.0
2021 to 22,North West,Male,Further Maths & Biology & Chemistry & Computer Science,4,0,0.0
2021 to 22,West Midlands,Male,Further Maths & Biology & Chemistry & Computer Science,4,0,0.0
2021 to 22,East of England,Male,Further Maths & Biology & Chemistry & Computer Science,4,0,0.0
2021 to 22,Yorkshire and The Humber,Male,Further Maths & Biology & Chemistry & Computer Science,4,0,0.0
2021 to 22,North East,Male,Further Maths & Biology & Chemistry & Computer Science,4,0,0.0
2021 to 22,South East,Male,Further Maths & Biology & Chemistry & Computer Science,4,0,0.0
2021 to 22,East Midlands,Male,Further Maths & Biology & Chemistry & Computer Science,4,0,0.0
2021 to 22,South West,Male,Further Maths & Biology & Chemistry & Computer Science,4,0,0.0
2021 to 22,London,All,Maths & Chemistry & Physics,3,881,1.979
2021 to 22,North West,All,Maths & Chemistry & Physics,3,565,1.801
2021 to 22,West Midlands,All,Maths & Chemistry & Physics,3,516,2.031
2021 to 22,East of England,All,Maths & Chemistry & Physics,3,416,1.41
2021 to 22,Yorkshire and The Humber,All,Maths & Chemistry & Physics,3,389,1.789
2021 to 22,North East,All,Maths & Chemistry & Physics,3,179,1.879
2021 to 22,South East,All,Maths & Chemistry & Physics,3,729,1.586
2021 to 22,East Midlands,All,Maths & Chemistry & Physics,3,348,1.823
2021 to 22,South West,All,Maths & Chemistry & Physics,3,400,1.818
2021 to 22,London,All,Maths & Further Maths & Chemistry & Physics & Computer Science,5,1,0.002
2021 to 22,North West,All,Maths & Further Maths & Chemistry & Physics & Computer Science,5,0,0.0
2021 to 22,West Midlands,All,Maths & Further Maths & Chemistry & Physics & Computer Science,5,2,0.008
2021 to 22,East of England,All,Maths & Further Maths & Chemistry & Physics & Computer Science,5,1,0.003
2021 to 22,Yorkshire and The Humber,All,Maths & Further Maths & Chemistry & Physics & Computer Science,5,1,0.005
2021 to 22,North East,All,Maths & Further Maths & Chemistry & Physics & Computer Science,5,0,0.0
2021 to 22,South East,All,Maths & Further Maths & Chemistry & Physics & Computer Science,5,0,0.0
2021 to 22,East Midlands,All,Maths & Further Maths & Chemistry & Physics & Computer Science,5,0,0.0
2021 to 22,South West,All,Maths & Further Maths & Chemistry & Physics & Computer Science,5,0,0.0
2021 to 22,London,Female,Further Maths & Biology & Chemistry & Computer Science,4,0,0.0
2021 to 22,North West,Female,Further Maths & Biology & Chemistry & Computer Science,4,0,0.0
2021 to 22,West Midlands,Female,Further Maths & Biology & Chemistry & Computer Science,4,0,0.0
2021 to 22,East of England,Female,Further Maths & Biology & Chemistry & Computer Science,4,0,0.0
2021 to 22,Yorkshire and The Humber,Female,Further Maths & Biology & Chemistry & Computer Science,4,0,0.0
2021 to 22,North East,Female,Further Maths & Biology & Chemistry & Computer Science,4,0,0.0
2021 to 22,South East,Female,Further Maths & Biology & Chemistry & Computer Science,4,0,0.0
2021 to 22,East Midlands,Female,Further Maths & Biology & Chemistry & Computer Science,4,0,0.0
2021 to 22,South West,Female,Further Maths & Biology & Chemistry & Computer Science,4,0,0.0
2021 to 22,London,Female,Maths & Further Maths & Physics & Computer Science,4,25,0.101
2021 to 22,North West,Female,Maths & Further Maths & Physics & Computer Science,4,8,0.045
2021 to 22,West Midlands,Female,Maths & Further Maths & Physics & Computer Science,4,12,0.084
2021 to 22,East of England,Female,Maths & Further Maths & Physics & Computer Science,4,24,0.147
2021 to 22,Yorkshire and The Humber,Female,Maths & Further Maths & Physics & Computer Science,4,8,0.065
2021 to 22,North East,Female,Maths & Further Maths & Physics & Computer Science,4,4,0.073
2021 to 22,South East,Female,Maths & Further Maths & Physics & Computer Science,4,24,0.097
2021 to 22,East Midlands,Female,Maths & Further Maths & Physics & Computer Science,4,3,0.028
2021 to 22,South West,Female,Maths & Further Maths & Physics & Computer Science,4,12,0.098
2021 to 22,London,All,Further Maths & Chemistry & Physics & Computer Science,4,0,0.0
2021 to 22,North West,All,Further Maths & Chemistry & Physics & Computer Science,4,0,0.0
2021 to 22,West Midlands,All,Further Maths & Chemistry & Physics & Computer Science,4,1,0.004
2021 to 22,East of England,All,Further Maths & Chemistry & Physics & Computer Science,4,0,0.0
2021 to 22,Yorkshire and The Humber,All,Further Maths & Chemistry & Physics & Computer Science,4,0,0.0
2021 to 22,North East,All,Further Maths & Chemistry & Physics & Computer Science,4,0,0.0
2021 to 22,South East,All,Further Maths & Chemistry & Physics & Computer Science,4,0,0.0
2021 to 22,East Midlands,All,Further Maths & Chemistry & Physics & Computer Science,4,0,0.0
2021 to 22,South West,All,Further Maths & Chemistry & Physics & Computer Science,4,0,0.0
2021 to 22,London,All,Biology & Chemistry & Physics & Computer Science,4,2,0.004
2021 to 22,North West,All,Biology & Chemistry & Physics & Computer Science,4,0,0.0
2021 to 22,West Midlands,All,Biology & Chemistry & Physics & Computer Science,4,1,0.004
2021 to 22,East of England,All,Biology & Chemistry & Physics & Computer Science,4,0,0.0
2021 to 22,Yorkshire and The Humber,All,Biology & Chemistry & Physics & Computer Science,4,0,0.0
2021 to 22,North East,All,Biology & Chemistry & Physics & Computer Science,4,0,0.0
2021 to 22,South East,All,Biology & Chemistry & Physics & Computer Science,4,2,0.004
2021 to 22,East Midlands,All,Biology & Chemistry & Physics & Computer Science,4,0,0.0
2021 to 22,South West,All,Biology & Chemistry & Physics & Computer Science,4,0,0.0
2021 to 22,London,All,Maths & Further Maths & Chemistry & Physics,4,320,0.719
2021 to 22,North West,All,Maths & Further Maths & Chemistry & Physics,4,154,0.491
2021 to 22,West Midlands,All,Maths & Further Maths & Chemistry & Physics,4,111,0.437
2021 to 22,East of England,All,Maths & Further Maths & Chemistry & Physics,4,215,0.728
2021 to 22,Yorkshire and The Humber,All,Maths & Further Maths & Chemistry & Physics,4,145,0.667
2021 to 22,North East,All,Maths & Further Maths & Chemistry & Physics,4,58,0.609
2021 to 22,South East,All,Maths & Further Maths & Chemistry & Physics,4,326,0.709
2021 to 22,East Midlands,All,Maths & Further Maths & Chemistry & Physics,4,118,0.618
2021 to 22,South West,All,Maths & Further Maths & Chemistry & Physics,4,174,0.791
2021 to 22,London,Male,Biology & Chemistry & Physics & Computer Science,4,2,0.01
2021 to 22,North West,Male,Biology & Chemistry & Physics & Computer Science,4,0,0.0
2021 to 22,West Midlands,Male,Biology & Chemistry & Physics & Computer Science,4,1,0.009
2021 to 22,East of England,Male,Biology & Chemistry & Physics & Computer Science,4,0,0.0
2021 to 22,Yorkshire and The Humber,Male,Biology & Chemistry & Physics & Computer Science,4,0,0.0
2021 to 22,North East,Male,Biology & Chemistry & Physics & Computer Science,4,0,0.0
2021 to 22,South East,Male,Biology & Chemistry & Physics & Computer Science,4,2,0.009
2021 to 22,East Midlands,Male,Biology & Chemistry & Physics & Computer Science,4,0,0.0
2021 to 22,South West,Male,Biology & Chemistry & Physics & Computer Science,4,0,0.0
2021 to 22,London,All,Further Maths & Biology & Chemistry & Computer Science,4,0,0.0
2021 to 22,North West,All,Further Maths & Biology & Chemistry & Computer Science,4,0,0.0
2021 to 22,West Midlands,All,Further Maths & Biology & Chemistry & Computer Science,4,0,0.0
2021 to 22,East of England,All,Further Maths & Biology & Chemistry & Computer Science,4,0,0.0
2021 to 22,Yorkshire and The Humber,All,Further Maths & Biology & Chemistry & Computer Science,4,0,0.0
2021 to 22,North East,All,Further Maths & Biology & Chemistry & Computer Science,4,0,0.0
2021 to 22,South East,All,Further Maths & Biology & Chemistry & Computer Science,4,0,0.0
2021 to 22,East Midlands,All,Further Maths & Biology & Chemistry & Computer Science,4,0,0.0
2021 to 22,South West,All,Further Maths & Biology & Chemistry & Computer Science,4,0,0.0
2021 to 22,London,Female,Maths & Further Maths & Biology,3,21,0.085
2021 to 22,North West,Female,Maths & Further Maths & Biology,3,15,0.084
2021 to 22,West Midlands,Female,Maths & Further Maths & Biology,3,8,0.056
2021 to 22,East of England,Female,Maths & Further Maths & Biology,3,16,0.098
2021 to 22,Yorkshire and The Humber,Female,Maths & Further Maths & Biology,3,9,0.073
2021 to 22,North East,Female,Maths & Further Maths & Biology,3,6,0.11
2021 to 22,South East,Female,Maths & Further Maths & Biology,3,20,0.08
2021 to 22,East Midlands,Female,Maths & Further Maths & Biology,3,3,0.028
2021 to 22,South West,Female,Maths & Further Maths & Biology,3,16,0.131
2021 to 22,London,Female,Biology & Chemistry & Physics & Computer Science,4,0,0.0
2021 to 22,North West,Female,Biology & Chemistry & Physics & Computer Science,4,0,0.0
2021 to 22,West Midlands,Female,Biology & Chemistry & Physics & Computer Science,4,0,0.0
2021 to 22,East of England,Female,Biology & Chemistry & Physics & Computer Science,4,0,0.0
2021 to 22,Yorkshire and The Humber,Female,Biology & Chemistry & Physics & Computer Science,4,0,0.0
2021 to 22,North East,Female,Biology & Chemistry & Physics & Computer Science,4,0,0.0
2021 to 22,South East,Female,Biology & Chemistry & Physics & Computer Science,4,0,0.0
2021 to 22,East Midlands,Female,Biology & Chemistry & Physics & Computer Science,4,0,0.0
2021 to 22,South West,Female,Biology & Chemistry & Physics & Computer Science,4,0,0.0
2021 to 22,London,All,Maths & Biology & Chemistry & Physics,4,107,0.24
2021 to 22,North West,All,Maths & Biology & Chemistry & Physics,4,37,0.118
2021 to 22,West Midlands,All,Maths & Biology & Chemistry & Physics,4,39,0.153
2021 to 22,East of England,All,Maths & Biology & Chemistry & Physics,4,79,0.268
2021 to 22,Yorkshire and The Humber,All,Maths & Biology & Chemistry & Physics,4,32,0.147
2021 to 22,North East,All,Maths & Biology & Chemistry & Physics,4,20,0.21
2021 to 22,South East,All,Maths & Biology & Chemistry & Physics,4,103,0.224
2021 to 22,East Midlands,All,Maths & Biology & Chemistry & Physics,4,35,0.183
2021 to 22,South West,All,Maths & Biology & Chemistry & Physics,4,44,0.2
2021 to 22,London,Male,Maths & Further Maths & Physics & Computer Science,4,160,0.808
2021 to 22,North West,Male,Maths & Further Maths & Physics & Computer Science,4,117,0.865
2021 to 22,West Midlands,Male,Maths & Further Maths & Physics & Computer Science,4,75,0.678
2021 to 22,East of England,Male,Maths & Further Maths & Physics & Computer Science,4,151,1.142
2021 to 22,Yorkshire and The Humber,Male,Maths & Further Maths & Physics & Computer Science,4,83,0.883
2021 to 22,North East,Male,Maths & Further Maths & Physics & Computer Science,4,20,0.493
2021 to 22,South East,Male,Maths & Further Maths & Physics & Computer Science,4,216,1.024
2021 to 22,East Midlands,Male,Maths & Further Maths & Physics & Computer Science,4,79,0.933
2021 to 22,South West,Male,Maths & Further Maths & Physics & Computer Science,4,91,0.931
2021 to 22,London,Female,Maths & Biology & Chemistry & Computer Science,4,0,0.0
2021 to 22,North West,Female,Maths & Biology & Chemistry & Computer Science,4,0,0.0
2021 to 22,West Midlands,Female,Maths & Biology & Chemistry & Computer Science,4,0,0.0
2021 to 22,East of England,Female,Maths & Biology & Chemistry & Computer Science,4,4,0.025
2021 to 22,Yorkshire and The Humber,Female,Maths & Biology & Chemistry & Computer Science,4,0,0.0
2021 to 22,North East,Female,Maths & Biology & Chemistry & Computer Science,4,0,0.0
2021 to 22,South East,Female,Maths & Biology & Chemistry & Computer Science,4,0,0.0
2021 to 22,East Midlands,Female,Maths & Biology & Chemistry & Computer Science,4,1,0.009
2021 to 22,South West,Female,Maths & Biology & Chemistry & Computer Science,4,0,0.0
2021 to 22,London,Male,Maths & Biology & Chemistry & Physics,4,72,0.363
2021 to 22,North West,Male,Maths & Biology & Chemistry & Physics,4,28,0.207
2021 to 22,West Midlands,Male,Maths & Biology & Chemistry & Physics,4,28,0.253
2021 to 22,East of England,Male,Maths & Biology & Chemistry & Physics,4,36,0.272
2021 to 22,Yorkshire and The Humber,Male,Maths & Biology & Chemistry & Physics,4,15,0.16
2021 to 22,North East,Male,Maths & Biology & Chemistry & Physics,4,10,0.247
2021 to 22,South East,Male,Maths & Biology & Chemistry & Physics,4,65,0.308
2021 to 22,East Midlands,Male,Maths & Biology & Chemistry & Physics,4,21,0.248
2021 to 22,South West,Male,Maths & Biology & Chemistry & Physics,4,32,0.328
2021 to 22,London,Male,Further Maths & Biology & Chemistry & Physics,4,0,0.0
2021 to 22,North West,Male,Further Maths & Biology & Chemistry & Physics,4,0,0.0
2021 to 22,West Midlands,Male,Further Maths & Biology & Chemistry & Physics,4,1,0.009
2021 to 22,East of England,Male,Further Maths & Biology & Chemistry & Physics,4,2,0.015
2021 to 22,Yorkshire and The Humber,Male,Further Maths & Biology & Chemistry & Physics,4,0,0.0
2021 to 22,North East,Male,Further Maths & Biology & Chemistry & Physics,4,0,0.0
2021 to 22,South East,Male,Further Maths & Biology & Chemistry & Physics,4,0,0.0
2021 to 22,East Midlands,Male,Further Maths & Biology & Chemistry & Physics,4,1,0.012
2021 to 22,South West,Male,Further Maths & Biology & Chemistry & Physics,4,1,0.01
2021 to 22,London,Female,Maths & Biology & Chemistry & Physics,4,35,0.142
2021 to 22,North West,Female,Maths & Biology & Chemistry & Physics,4,9,0.05
2021 to 22,West Midlands,Female,Maths & Biology & Chemistry & Physics,4,11,0.077
2021 to 22,East of England,Female,Maths & Biology & Chemistry & Physics,4,43,0.264
2021 to 22,Yorkshire and The Humber,Female,Maths & Biology & Chemistry & Physics,4,17,0.138
2021 to 22,North East,Female,Maths & Biology & Chemistry & Physics,4,10,0.183
2021 to 22,South East,Female,Maths & Biology & Chemistry & Physics,4,38,0.153
2021 to 22,East Midlands,Female,Maths & Biology & Chemistry & Physics,4,14,0.132
2021 to 22,South West,Female,Maths & Biology & Chemistry & Physics,4,12,0.098
2021 to 22,London,Female,Further Maths & Biology & Chemistry & Physics,4,0,0.0
2021 to 22,North West,Female,Further Maths & Biology & Chemistry & Physics,4,0,0.0
2021 to 22,West Midlands,Female,Further Maths & Biology & Chemistry & Physics,4,0,0.0
2021 to 22,East of England,Female,Further Maths & Biology & Chemistry & Physics,4,0,0.0
2021 to 22,Yorkshire and The Humber,Female,Further Maths & Biology & Chemistry & Physics,4,0,0.0
2021 to 22,North East,Female,Further Maths & Biology & Chemistry & Physics,4,0,0.0
2021 to 22,South East,Female,Further Maths & Biology & Chemistry & Physics,4,0,0.0
2021 to 22,East Midlands,Female,Further Maths & Biology & Chemistry & Physics,4,0,0.0
2021 to 22,South West,Female,Further Maths & Biology & Chemistry & Physics,4,1,0.008
2021 to 22,London,Male,Maths & Further Maths & Biology,3,18,0.091
2021 to 22,North West,Male,Maths & Further Maths & Biology,3,9,0.067
2021 to 22,West Midlands,Male,Maths & Further Maths & Biology,3,4,0.036
2021 to 22,East of England,Male,Maths & Further Maths & Biology,3,8,0.061
2021 to 22,Yorkshire and The Humber,Male,Maths & Further Maths & Biology,3,8,0.085
2021 to 22,North East,Male,Maths & Further Maths & Biology,3,2,0.049
2021 to 22,South East,Male,Maths & Further Maths & Biology,3,6,0.028
2021 to 22,East Midlands,Male,Maths & Further Maths & Biology,3,10,0.118
2021 to 22,South West,Male,Maths & Further Maths & Biology,3,2,0.02
2021 to 22,London,All,Maths & Biology & Chemistry & Computer Science,4,3,0.007
2021 to 22,North West,All,Maths & Biology & Chemistry & Computer Science,4,2,0.006
2021 to 22,West Midlands,All,Maths & Biology & Chemistry & Computer Science,4,1,0.004
2021 to 22,East of England,All,Maths & Biology & Chemistry & Computer Science,4,9,0.03
2021 to 22,Yorkshire and The Humber,All,Maths & Biology & Chemistry & Computer Science,4,4,0.018
2021 to 22,North East,All,Maths & Biology & Chemistry & Computer Science,4,2,0.021
2021 to 22,South East,All,Maths & Biology & Chemistry & Computer Science,4,4,0.009
2021 to 22,East Midlands,All,Maths & Biology & Chemistry & Computer Science,4,4,0.021
2021 to 22,South West,All,Maths & Biology & Chemistry & Computer Science,4,1,0.005
2021 to 22,London,Female,Maths & Biology & Physics & Computer Science,4,0,0.0
2021 to 22,North West,Female,Maths & Biology & Physics & Computer Science,4,0,0.0
2021 to 22,West Midlands,Female,Maths & Biology & Physics & Computer Science,4,0,0.0
2021 to 22,East of England,Female,Maths & Biology & Physics & Computer Science,4,0,0.0
2021 to 22,Yorkshire and The Humber,Female,Maths & Biology & Physics & Computer Science,4,0,0.0
2021 to 22,North East,Female,Maths & Biology & Physics & Computer Science,4,0,0.0
2021 to 22,South East,Female,Maths & Biology & Physics & Computer Science,4,0,0.0
2021 to 22,East Midlands,Female,Maths & Biology & Physics & Computer Science,4,1,0.009
2021 to 22,South West,Female,Maths & Biology & Physics & Computer Science,4,0,0.0
2021 to 22,London,All,Maths & Further Maths & Physics & Computer Science,4,185,0.416
2021 to 22,North West,All,Maths & Further Maths & Physics & Computer Science,4,125,0.398
2021 to 22,West Midlands,All,Maths & Further Maths & Physics & Computer Science,4,87,0.342
2021 to 22,East of England,All,Maths & Further Maths & Physics & Computer Science,4,175,0.593
2021 to 22,Yorkshire and The Humber,All,Maths & Further Maths & Physics & Computer Science,4,91,0.419
2021 to 22,North East,All,Maths & Further Maths & Physics & Computer Science,4,24,0.252
2021 to 22,South East,All,Maths & Further Maths & Physics & Computer Science,4,240,0.522
2021 to 22,East Midlands,All,Maths & Further Maths & Physics & Computer Science,4,82,0.429
2021 to 22,South West,All,Maths & Further Maths & Physics & Computer Science,4,103,0.468
2021 to 22,London,Male,Maths & Biology & Chemistry & Computer Science,4,3,0.015
2021 to 22,North West,Male,Maths & Biology & Chemistry & Computer Science,4,2,0.015
2021 to 22,West Midlands,Male,Maths & Biology & Chemistry & Computer Science,4,1,0.009
2021 to 22,East of England,Male,Maths & Biology & Chemistry & Computer Science,4,5,0.038
2021 to 22,Yorkshire and The Humber,Male,Maths & Biology & Chemistry & Computer Science,4,4,0.043
2021 to 22,North East,Male,Maths & Biology & Chemistry & Computer Science,4,2,0.049
2021 to 22,South East,Male,Maths & Biology & Chemistry & Computer Science,4,4,0.019
2021 to 22,East Midlands,Male,Maths & Biology & Chemistry & Computer Science,4,3,0.035
2021 to 22,South West,Male,Maths & Biology & Chemistry & Computer Science,4,1,0.01
2021 to 22,London,All,Further Maths & Biology & Chemistry & Physics,4,0,0.0
2021 to 22,North West,All,Further Maths & Biology & Chemistry & Physics,4,0,0.0
2021 to 22,West Midlands,All,Further Maths & Biology & Chemistry & Physics,4,1,0.004
2021 to 22,East of England,All,Further Maths & Biology & Chemistry & Physics,4,2,0.007
2021 to 22,Yorkshire and The Humber,All,Further Maths & Biology & Chemistry & Physics,4,0,0.0
2021 to 22,North East,All,Further Maths & Biology & Chemistry & Physics,4,0,0.0
2021 to 22,South East,All,Further Maths & Biology & Chemistry & Physics,4,0,0.0
2021 to 22,East Midlands,All,Further Maths & Biology & Chemistry & Physics,4,1,0.005
2021 to 22,South West,All,Further Maths & Biology & Chemistry & Physics,4,2,0.009
2021 to 22,London,All,Maths & Biology & Physics & Computer Science,4,2,0.004
2021 to 22,North West,All,Maths & Biology & Physics & Computer Science,4,1,0.003
2021 to 22,West Midlands,All,Maths & Biology & Physics & Computer Science,4,0,0.0
2021 to 22,East of England,All,Maths & Biology & Physics & Computer Science,4,1,0.003
2021 to 22,Yorkshire and The Humber,All,Maths & Biology & Physics & Computer Science,4,0,0.0
2021 to 22,North East,All,Maths & Biology & Physics & Computer Science,4,0,0.0
2021 to 22,South East,All,Maths & Biology & Physics & Computer Science,4,1,0.002
2021 to 22,East Midlands,All,Maths & Biology & Physics & Computer Science,4,1,0.005
2021 to 22,South West,All,Maths & Biology & Physics & Computer Science,4,0,0.0
2021 to 22,London,All,Maths & Further Maths & Biology,3,39,0.088
2021 to 22,North West,All,Maths & Further Maths & Biology,3,24,0.076
2021 to 22,West Midlands,All,Maths & Further Maths & Biology,3,12,0.047
2021 to 22,East of England,All,Maths & Further Maths & Biology,3,24,0.081
2021 to 22,Yorkshire and The Humber,All,Maths & Further Maths & Biology,3,17,0.078
2021 to 22,North East,All,Maths & Further Maths & Biology,3,8,0.084
2021 to 22,South East,All,Maths & Further Maths & Biology,3,26,0.057
2021 to 22,East Midlands,All,Maths & Further Maths & Biology,3,13,0.068
2021 to 22,South West,All,Maths & Further Maths & Biology,3,18,0.082
2021 to 22,London,Male,Maths & Biology & Physics & Computer Science,4,2,0.01
2021 to 22,North West,Male,Maths & Biology & Physics & Computer Science,4,1,0.007
2021 to 22,West Midlands,Male,Maths & Biology & Physics & Computer Science,4,0,0.0
2021 to 22,East of England,Male,Maths & Biology & Physics & Computer Science,4,1,0.008
2021 to 22,Yorkshire and The Humber,Male,Maths & Biology & Physics & Computer Science,4,0,0.0
2021 to 22,North East,Male,Maths & Biology & Physics & Computer Science,4,0,0.0
2021 to 22,South East,Male,Maths & Biology & Physics & Computer Science,4,1,0.005
2021 to 22,East Midlands,Male,Maths & Biology & Physics & Computer Science,4,0,0.0
2021 to 22,South West,Male,Maths & Biology & Physics & Computer Science,4,0,0.0
2021 to 22,London,Female,Biology & Chemistry & Computer Science,3,7,0.028
2021 to 22,North West,Female,Biology & Chemistry & Computer Science,3,9,0.05
2021 to 22,West Midlands,Female,Biology & Chemistry & Computer Science,3,12,0.084
2021 to 22,East of England,Female,Biology & Chemistry & Computer Science,3,2,0.012
2021 to 22,Yorkshire and The Humber,Female,Biology & Chemistry & Computer Science,3,2,0.016
2021 to 22,North East,Female,Biology & Chemistry & Computer Science,3,2,0.037
2021 to 22,South East,Female,Biology & Chemistry & Computer Science,3,12,0.048
2021 to 22,East Midlands,Female,Biology & Chemistry & Computer Science,3,10,0.094
2021 to 22,South West,Female,Biology & Chemistry & Computer Science,3,2,0.016
2021 to 22,London,Female,Further Maths & Biology & Physics & Computer Science,4,0,0.0
2021 to 22,North West,Female,Further Maths & Biology & Physics & Computer Science,4,0,0.0
2021 to 22,West Midlands,Female,Further Maths & Biology & Physics & Computer Science,4,0,0.0
2021 to 22,East of England,Female,Further Maths & Biology & Physics & Computer Science,4,0,0.0
2021 to 22,Yorkshire and The Humber,Female,Further Maths & Biology & Physics & Computer Science,4,0,0.0
2021 to 22,North East,Female,Further Maths & Biology & Physics & Computer Science,4,0,0.0
2021 to 22,South East,Female,Further Maths & Biology & Physics & Computer Science,4,0,0.0
2021 to 22,East Midlands,Female,Further Maths & Biology & Physics & Computer Science,4,0,0.0
2021 to 22,South West,Female,Further Maths & Biology & Physics & Computer Science,4,0,0.0
2021 to 22,London,Female,Maths & Further Maths & Chemistry & Computer Science,4,3,0.012
2021 to 22,North West,Female,Maths & Further Maths & Chemistry & Computer Science,4,3,0.017
2021 to 22,West Midlands,Female,Maths & Further Maths & Chemistry & Computer Science,4,1,0.007
2021 to 22,East of England,Female,Maths & Further Maths & Chemistry & Computer Science,4,6,0.037
2021 to 22,Yorkshire and The Humber,Female,Maths & Further Maths & Chemistry & Computer Science,4,1,0.008
2021 to 22,North East,Female,Maths & Further Maths & Chemistry & Computer Science,4,1,0.018
2021 to 22,South East,Female,Maths & Further Maths & Chemistry & Computer Science,4,4,0.016
2021 to 22,East Midlands,Female,Maths & Further Maths & Chemistry & Computer Science,4,1,0.009
2021 to 22,South West,Female,Maths & Further Maths & Chemistry & Computer Science,4,0,0.0
2021 to 22,London,Female,Maths & Chemistry & Physics & Computer Science,4,0,0.0
2021 to 22,North West,Female,Maths & Chemistry & Physics & Computer Science,4,0,0.0
2021 to 22,West Midlands,Female,Maths & Chemistry & Physics & Computer Science,4,1,0.007
2021 to 22,East of England,Female,Maths & Chemistry & Physics & Computer Science,4,2,0.012
2021 to 22,Yorkshire and The Humber,Female,Maths & Chemistry & Physics & Computer Science,4,0,0.0
2021 to 22,North East,Female,Maths & Chemistry & Physics & Computer Science,4,0,0.0
2021 to 22,South East,Female,Maths & Chemistry & Physics & Computer Science,4,3,0.012
2021 to 22,East Midlands,Female,Maths & Chemistry & Physics & Computer Science,4,2,0.019
2021 to 22,South West,Female,Maths & Chemistry & Physics & Computer Science,4,0,0.0
2021 to 22,London,Female,Maths & Further Maths & Chemistry,3,52,0.21
2021 to 22,North West,Female,Maths & Further Maths & Chemistry,3,28,0.157
2021 to 22,West Midlands,Female,Maths & Further Maths & Chemistry,3,23,0.16
2021 to 22,East of England,Female,Maths & Further Maths & Chemistry,3,30,0.184
2021 to 22,Yorkshire and The Humber,Female,Maths & Further Maths & Chemistry,3,17,0.138
2021 to 22,North East,Female,Maths & Further Maths & Chemistry,3,7,0.128
2021 to 22,South East,Female,Maths & Further Maths & Chemistry,3,27,0.109
2021 to 22,East Midlands,Female,Maths & Further Maths & Chemistry,3,17,0.16
2021 to 22,South West,Female,Maths & Further Maths & Chemistry,3,23,0.188
2021 to 22,London,All,Maths & Further Maths & Biology & Physics,4,14,0.031
2021 to 22,North West,All,Maths & Further Maths & Biology & Physics,4,9,0.029
2021 to 22,West Midlands,All,Maths & Further Maths & Biology & Physics,4,14,0.055
2021 to 22,East of England,All,Maths & Further Maths & Biology & Physics,4,18,0.061
2021 to 22,Yorkshire and The Humber,All,Maths & Further Maths & Biology & Physics,4,15,0.069
2021 to 22,North East,All,Maths & Further Maths & Biology & Physics,4,1,0.01
2021 to 22,South East,All,Maths & Further Maths & Biology & Physics,4,17,0.037
2021 to 22,East Midlands,All,Maths & Further Maths & Biology & Physics,4,3,0.016
2021 to 22,South West,All,Maths & Further Maths & Biology & Physics,4,12,0.055
2021 to 22,London,Female,Biology & Computer Science,2,16,0.065
2021 to 22,North West,Female,Biology & Computer Science,2,6,0.034
2021 to 22,West Midlands,Female,Biology & Computer Science,2,12,0.084
2021 to 22,East of England,Female,Biology & Computer Science,2,9,0.055
2021 to 22,Yorkshire and The Humber,Female,Biology & Computer Science,2,2,0.016
2021 to 22,North East,Female,Biology & Computer Science,2,2,0.037
2021 to 22,South East,Female,Biology & Computer Science,2,14,0.056
2021 to 22,East Midlands,Female,Biology & Computer Science,2,5,0.047
2021 to 22,South West,Female,Biology & Computer Science,2,7,0.057
2021 to 22,London,Male,Maths & Further Maths & Biology & Physics,4,6,0.03
2021 to 22,North West,Male,Maths & Further Maths & Biology & Physics,4,5,0.037
2021 to 22,West Midlands,Male,Maths & Further Maths & Biology & Physics,4,8,0.072
2021 to 22,East of England,Male,Maths & Further Maths & Biology & Physics,4,15,0.113
2021 to 22,Yorkshire and The Humber,Male,Maths & Further Maths & Biology & Physics,4,11,0.117
2021 to 22,North East,Male,Maths & Further Maths & Biology & Physics,4,1,0.025
2021 to 22,South East,Male,Maths & Further Maths & Biology & Physics,4,13,0.062
2021 to 22,East Midlands,Male,Maths & Further Maths & Biology & Physics,4,2,0.024
2021 to 22,South West,Male,Maths & Further Maths & Biology & Physics,4,9,0.092
2021 to 22,London,All,Biology & Chemistry,2,3118,7.004
2021 to 22,North West,All,Biology & Chemistry,2,2307,7.352
2021 to 22,West Midlands,All,Biology & Chemistry,2,1874,7.375
2021 to 22,East of England,All,Biology & Chemistry,2,1485,5.032
2021 to 22,Yorkshire and The Humber,All,Biology & Chemistry,2,1494,6.872
2021 to 22,North East,All,Biology & Chemistry,2,538,5.649
2021 to 22,South East,All,Biology & Chemistry,2,2245,4.884
2021 to 22,East Midlands,All,Biology & Chemistry,2,1202,6.296
2021 to 22,South West,All,Biology & Chemistry,2,1272,5.78
2021 to 22,London,All,Maths & Further Maths & Chemistry,3,118,0.265
2021 to 22,North West,All,Maths & Further Maths & Chemistry,3,55,0.175
2021 to 22,West Midlands,All,Maths & Further Maths & Chemistry,3,51,0.201
2021 to 22,East of England,All,Maths & Further Maths & Chemistry,3,69,0.234
2021 to 22,Yorkshire and The Humber,All,Maths & Further Maths & Chemistry,3,35,0.161
2021 to 22,North East,All,Maths & Further Maths & Chemistry,3,16,0.168
2021 to 22,South East,All,Maths & Further Maths & Chemistry,3,68,0.148
2021 to 22,East Midlands,All,Maths & Further Maths & Chemistry,3,35,0.183
2021 to 22,South West,All,Maths & Further Maths & Chemistry,3,47,0.214
2021 to 22,London,Male,Maths & Further Maths & Chemistry & Computer Science,4,5,0.025
2021 to 22,North West,Male,Maths & Further Maths & Chemistry & Computer Science,4,5,0.037
2021 to 22,West Midlands,Male,Maths & Further Maths & Chemistry & Computer Science,4,4,0.036
2021 to 22,East of England,Male,Maths & Further Maths & Chemistry & Computer Science,4,10,0.076
2021 to 22,Yorkshire and The Humber,Male,Maths & Further Maths & Chemistry & Computer Science,4,5,0.053
2021 to 22,North East,Male,Maths & Further Maths & Chemistry & Computer Science,4,3,0.074
2021 to 22,South East,Male,Maths & Further Maths & Chemistry & Computer Science,4,13,0.062
2021 to 22,East Midlands,Male,Maths & Further Maths & Chemistry & Computer Science,4,3,0.035
2021 to 22,South West,Male,Maths & Further Maths & Chemistry & Computer Science,4,5,0.051
2021 to 22,London,Male,Maths & Chemistry & Physics & Computer Science,4,12,0.061
2021 to 22,North West,Male,Maths & Chemistry & Physics & Computer Science,4,6,0.044
2021 to 22,West Midlands,Male,Maths & Chemistry & Physics & Computer Science,4,7,0.063
2021 to 22,East of England,Male,Maths & Chemistry & Physics & Computer Science,4,5,0.038
2021 to 22,Yorkshire and The Humber,Male,Maths & Chemistry & Physics & Computer Science,4,3,0.032
2021 to 22,North East,Male,Maths & Chemistry & Physics & Computer Science,4,2,0.049
2021 to 22,South East,Male,Maths & Chemistry & Physics & Computer Science,4,17,0.081
2021 to 22,East Midlands,Male,Maths & Chemistry & Physics & Computer Science,4,3,0.035
2021 to 22,South West,Male,Maths & Chemistry & Physics & Computer Science,4,7,0.072
2021 to 22,London,Male,Maths & Further Maths & Chemistry,3,66,0.333
2021 to 22,North West,Male,Maths & Further Maths & Chemistry,3,27,0.2
2021 to 22,West Midlands,Male,Maths & Further Maths & Chemistry,3,28,0.253
2021 to 22,East of England,Male,Maths & Further Maths & Chemistry,3,39,0.295
2021 to 22,Yorkshire and The Humber,Male,Maths & Further Maths & Chemistry,3,18,0.192
2021 to 22,North East,Male,Maths & Further Maths & Chemistry,3,9,0.222
2021 to 22,South East,Male,Maths & Further Maths & Chemistry,3,41,0.194
2021 to 22,East Midlands,Male,Maths & Further Maths & Chemistry,3,18,0.213
2021 to 22,South West,Male,Maths & Further Maths & Chemistry,3,24,0.246
2021 to 22,London,All,Maths & Further Maths & Computer Science,3,167,0.375
2021 to 22,North West,All,Maths & Further Maths & Computer Science,3,103,0.328
2021 to 22,West Midlands,All,Maths & Further Maths & Computer Science,3,52,0.205
2021 to 22,East of England,All,Maths & Further Maths & Computer Science,3,91,0.308
2021 to 22,Yorkshire and The Humber,All,Maths & Further Maths & Computer Science,3,42,0.193
2021 to 22,North East,All,Maths & Further Maths & Computer Science,3,22,0.231
2021 to 22,South East,All,Maths & Further Maths & Computer Science,3,140,0.305
2021 to 22,East Midlands,All,Maths & Further Maths & Computer Science,3,45,0.236
2021 to 22,South West,All,Maths & Further Maths & Computer Science,3,78,0.354
2021 to 22,London,Male,Biology & Computer Science,2,45,0.227
2021 to 22,North West,Male,Biology & Computer Science,2,29,0.214
2021 to 22,West Midlands,Male,Biology & Computer Science,2,25,0.226
2021 to 22,East of England,Male,Biology & Computer Science,2,26,0.197
2021 to 22,Yorkshire and The Humber,Male,Biology & Computer Science,2,12,0.128
2021 to 22,North East,Male,Biology & Computer Science,2,11,0.271
2021 to 22,South East,Male,Biology & Computer Science,2,46,0.218
2021 to 22,East Midlands,Male,Biology & Computer Science,2,23,0.272
2021 to 22,South West,Male,Biology & Computer Science,2,14,0.143
2021 to 22,London,Male,Maths & Further Maths & Computer Science,3,133,0.671
2021 to 22,North West,Male,Maths & Further Maths & Computer Science,3,84,0.621
2021 to 22,West Midlands,Male,Maths & Further Maths & Computer Science,3,40,0.362
2021 to 22,East of England,Male,Maths & Further Maths & Computer Science,3,75,0.567
2021 to 22,Yorkshire and The Humber,Male,Maths & Further Maths & Computer Science,3,36,0.383
2021 to 22,North East,Male,Maths & Further Maths & Computer Science,3,21,0.518
2021 to 22,South East,Male,Maths & Further Maths & Computer Science,3,122,0.578
2021 to 22,East Midlands,Male,Maths & Further Maths & Computer Science,3,34,0.402
2021 to 22,South West,Male,Maths & Further Maths & Computer Science,3,63,0.645
2021 to 22,London,Female,Maths & Further Maths & Chemistry & Physics,4,89,0.36
2021 to 22,North West,Female,Maths & Further Maths & Chemistry & Physics,4,37,0.207
2021 to 22,West Midlands,Female,Maths & Further Maths & Chemistry & Physics,4,34,0.237
2021 to 22,East of England,Female,Maths & Further Maths & Chemistry & Physics,4,53,0.325
2021 to 22,Yorkshire and The Humber,Female,Maths & Further Maths & Chemistry & Physics,4,32,0.259
2021 to 22,North East,Female,Maths & Further Maths & Chemistry & Physics,4,11,0.201
2021 to 22,South East,Female,Maths & Further Maths & Chemistry & Physics,4,71,0.285
2021 to 22,East Midlands,Female,Maths & Further Maths & Chemistry & Physics,4,26,0.245
2021 to 22,South West,Female,Maths & Further Maths & Chemistry & Physics,4,41,0.335
2021 to 22,London,Female,Maths & Further Maths & Biology & Chemistry,4,55,0.223
2021 to 22,North West,Female,Maths & Further Maths & Biology & Chemistry,4,27,0.151
2021 to 22,West Midlands,Female,Maths & Further Maths & Biology & Chemistry,4,23,0.16
2021 to 22,East of England,Female,Maths & Further Maths & Biology & Chemistry,4,33,0.203
2021 to 22,Yorkshire and The Humber,Female,Maths & Further Maths & Biology & Chemistry,4,28,0.227
2021 to 22,North East,Female,Maths & Further Maths & Biology & Chemistry,4,9,0.165
2021 to 22,South East,Female,Maths & Further Maths & Biology & Chemistry,4,46,0.185
2021 to 22,East Midlands,Female,Maths & Further Maths & Biology & Chemistry,4,13,0.122
2021 to 22,South West,Female,Maths & Further Maths & Biology & Chemistry,4,23,0.188
2021 to 22,London,Female,Maths & Further Maths & Computer Science,3,34,0.138
2021 to 22,North West,Female,Maths & Further Maths & Computer Science,3,19,0.106
2021 to 22,West Midlands,Female,Maths & Further Maths & Computer Science,3,12,0.084
2021 to 22,East of England,Female,Maths & Further Maths & Computer Science,3,16,0.098
2021 to 22,Yorkshire and The Humber,Female,Maths & Further Maths & Computer Science,3,6,0.049
2021 to 22,North East,Female,Maths & Further Maths & Computer Science,3,1,0.018
2021 to 22,South East,Female,Maths & Further Maths & Computer Science,3,18,0.072
2021 to 22,East Midlands,Female,Maths & Further Maths & Computer Science,3,11,0.104
2021 to 22,South West,Female,Maths & Further Maths & Computer Science,3,15,0.123
2021 to 22,London,All,Maths & Further Maths & Chemistry & Computer Science,4,8,0.018
2021 to 22,North West,All,Maths & Further Maths & Chemistry & Computer Science,4,8,0.025
2021 to 22,West Midlands,All,Maths & Further Maths & Chemistry & Computer Science,4,5,0.02
2021 to 22,East of England,All,Maths & Further Maths & Chemistry & Computer Science,4,16,0.054
2021 to 22,Yorkshire and The Humber,All,Maths & Further Maths & Chemistry & Computer Science,4,6,0.028
2021 to 22,North East,All,Maths & Further Maths & Chemistry & Computer Science,4,4,0.042
2021 to 22,South East,All,Maths & Further Maths & Chemistry & Computer Science,4,17,0.037
2021 to 22,East Midlands,All,Maths & Further Maths & Chemistry & Computer Science,4,4,0.021
2021 to 22,South West,All,Maths & Further Maths & Chemistry & Computer Science,4,5,0.023
2021 to 22,London,All,Maths & Chemistry & Physics & Computer Science,4,12,0.027
2021 to 22,North West,All,Maths & Chemistry & Physics & Computer Science,4,6,0.019
2021 to 22,West Midlands,All,Maths & Chemistry & Physics & Computer Science,4,8,0.031
2021 to 22,East of England,All,Maths & Chemistry & Physics & Computer Science,4,7,0.024
2021 to 22,Yorkshire and The Humber,All,Maths & Chemistry & Physics & Computer Science,4,3,0.014
2021 to 22,North East,All,Maths & Chemistry & Physics & Computer Science,4,2,0.021
2021 to 22,South East,All,Maths & Chemistry & Physics & Computer Science,4,20,0.044
2021 to 22,East Midlands,All,Maths & Chemistry & Physics & Computer Science,4,5,0.026
2021 to 22,South West,All,Maths & Chemistry & Physics & Computer Science,4,7,0.032
2021 to 22,London,Female,Biology & Physics,2,31,0.125
2021 to 22,North West,Female,Biology & Physics,2,22,0.123
2021 to 22,West Midlands,Female,Biology & Physics,2,35,0.244
2021 to 22,East of England,Female,Biology & Physics,2,25,0.153
2021 to 22,Yorkshire and The Humber,Female,Biology & Physics,2,14,0.113
2021 to 22,North East,Female,Biology & Physics,2,5,0.091
2021 to 22,South East,Female,Biology & Physics,2,31,0.125
2021 to 22,East Midlands,Female,Biology & Physics,2,23,0.216
2021 to 22,South West,Female,Biology & Physics,2,23,0.188
2021 to 22,London,Female,Maths & Further Maths & Physics,3,171,0.692
2021 to 22,North West,Female,Maths & Further Maths & Physics,3,73,0.409
2021 to 22,West Midlands,Female,Maths & Further Maths & Physics,3,61,0.425
2021 to 22,East of England,Female,Maths & Further Maths & Physics,3,66,0.405
2021 to 22,Yorkshire and The Humber,Female,Maths & Further Maths & Physics,3,42,0.34
2021 to 22,North East,Female,Maths & Further Maths & Physics,3,25,0.457
2021 to 22,South East,Female,Maths & Further Maths & Physics,3,144,0.579
2021 to 22,East Midlands,Female,Maths & Further Maths & Physics,3,36,0.339
2021 to 22,South West,Female,Maths & Further Maths & Physics,3,68,0.556
2021 to 22,London,All,Biology & Computer Science,2,61,0.137
2021 to 22,North West,All,Biology & Computer Science,2,35,0.112
2021 to 22,West Midlands,All,Biology & Computer Science,2,37,0.146
2021 to 22,East of England,All,Biology & Computer Science,2,35,0.119
2021 to 22,Yorkshire and The Humber,All,Biology & Computer Science,2,14,0.064
2021 to 22,North East,All,Biology & Computer Science,2,13,0.136
2021 to 22,South East,All,Biology & Computer Science,2,60,0.131
2021 to 22,East Midlands,All,Biology & Computer Science,2,28,0.147
2021 to 22,South West,All,Biology & Computer Science,2,21,0.095
2021 to 22,London,Female,Chemistry & Computer Science,2,11,0.045
2021 to 22,North West,Female,Chemistry & Computer Science,2,4,0.022
2021 to 22,West Midlands,Female,Chemistry & Computer Science,2,3,0.021
2021 to 22,East of England,Female,Chemistry & Computer Science,2,4,0.025
2021 to 22,Yorkshire and The Humber,Female,Chemistry & Computer Science,2,0,0.0
2021 to 22,North East,Female,Chemistry & Computer Science,2,1,0.018
2021 to 22,South East,Female,Chemistry & Computer Science,2,9,0.036
2021 to 22,East Midlands,Female,Chemistry & Computer Science,2,1,0.009
2021 to 22,South West,Female,Chemistry & Computer Science,2,1,0.008
2021 to 22,London,Female,Maths & Physics & Computer Science,3,61,0.247
2021 to 22,North West,Female,Maths & Physics & Computer Science,3,46,0.258
2021 to 22,West Midlands,Female,Maths & Physics & Computer Science,3,25,0.174
2021 to 22,East of England,Female,Maths & Physics & Computer Science,3,35,0.215
2021 to 22,Yorkshire and The Humber,Female,Maths & Physics & Computer Science,3,15,0.122
2021 to 22,North East,Female,Maths & Physics & Computer Science,3,12,0.219
2021 to 22,South East,Female,Maths & Physics & Computer Science,3,57,0.229
2021 to 22,East Midlands,Female,Maths & Physics & Computer Science,3,23,0.216
2021 to 22,South West,Female,Maths & Physics & Computer Science,3,13,0.106
2021 to 22,London,Male,Maths & Further Maths & Biology & Chemistry,4,45,0.227
2021 to 22,North West,Male,Maths & Further Maths & Biology & Chemistry,4,17,0.126
2021 to 22,West Midlands,Male,Maths & Further Maths & Biology & Chemistry,4,20,0.181
2021 to 22,East of England,Male,Maths & Further Maths & Biology & Chemistry,4,31,0.235
2021 to 22,Yorkshire and The Humber,Male,Maths & Further Maths & Biology & Chemistry,4,23,0.245
2021 to 22,North East,Male,Maths & Further Maths & Biology & Chemistry,4,10,0.247
2021 to 22,South East,Male,Maths & Further Maths & Biology & Chemistry,4,50,0.237
2021 to 22,East Midlands,Male,Maths & Further Maths & Biology & Chemistry,4,15,0.177
2021 to 22,South West,Male,Maths & Further Maths & Biology & Chemistry,4,22,0.225
2021 to 22,London,All,Biology & Physics,2,68,0.153
2021 to 22,North West,All,Biology & Physics,2,74,0.236
2021 to 22,West Midlands,All,Biology & Physics,2,82,0.323
2021 to 22,East of England,All,Biology & Physics,2,68,0.23
2021 to 22,Yorkshire and The Humber,All,Biology & Physics,2,40,0.184
2021 to 22,North East,All,Biology & Physics,2,14,0.147
2021 to 22,South East,All,Biology & Physics,2,78,0.17
2021 to 22,East Midlands,All,Biology & Physics,2,76,0.398
2021 to 22,South West,All,Biology & Physics,2,65,0.295
2021 to 22,London,All,Maths & Further Maths & Physics,3,788,1.77
2021 to 22,North West,All,Maths & Further Maths & Physics,3,298,0.95
2021 to 22,West Midlands,All,Maths & Further Maths & Physics,3,268,1.055
2021 to 22,East of England,All,Maths & Further Maths & Physics,3,329,1.115
2021 to 22,Yorkshire and The Humber,All,Maths & Further Maths & Physics,3,203,0.934
2021 to 22,North East,All,Maths & Further Maths & Physics,3,103,1.081
2021 to 22,South East,All,Maths & Further Maths & Physics,3,630,1.37
2021 to 22,East Midlands,All,Maths & Further Maths & Physics,3,203,1.063
2021 to 22,South West,All,Maths & Further Maths & Physics,3,296,1.345
2021 to 22,London,Male,Biology & Physics,2,37,0.187
2021 to 22,North West,Male,Biology & Physics,2,52,0.384
2021 to 22,West Midlands,Male,Biology & Physics,2,47,0.425
2021 to 22,East of England,Male,Biology & Physics,2,43,0.325
2021 to 22,Yorkshire and The Humber,Male,Biology & Physics,2,26,0.277
2021 to 22,North East,Male,Biology & Physics,2,9,0.222
2021 to 22,South East,Male,Biology & Physics,2,47,0.223
2021 to 22,East Midlands,Male,Biology & Physics,2,53,0.626
2021 to 22,South West,Male,Biology & Physics,2,42,0.43
2021 to 22,London,Male,Maths & Further Maths & Physics,3,617,3.115
2021 to 22,North West,Male,Maths & Further Maths & Physics,3,225,1.663
2021 to 22,West Midlands,Male,Maths & Further Maths & Physics,3,207,1.872
2021 to 22,East of England,Male,Maths & Further Maths & Physics,3,263,1.99
2021 to 22,Yorkshire and The Humber,Male,Maths & Further Maths & Physics,3,161,1.713
2021 to 22,North East,Male,Maths & Further Maths & Physics,3,78,1.924
2021 to 22,South East,Male,Maths & Further Maths & Physics,3,486,2.303
2021 to 22,East Midlands,Male,Maths & Further Maths & Physics,3,167,1.973
2021 to 22,South West,Male,Maths & Further Maths & Physics,3,228,2.334
2021 to 22,London,Female,Maths & Further Maths & Biology & Computer Science,4,0,0.0
2021 to 22,North West,Female,Maths & Further Maths & Biology & Computer Science,4,0,0.0
2021 to 22,West Midlands,Female,Maths & Further Maths & Biology & Computer Science,4,0,0.0
2021 to 22,East of England,Female,Maths & Further Maths & Biology & Computer Science,4,0,0.0
2021 to 22,Yorkshire and The Humber,Female,Maths & Further Maths & Biology & Computer Science,4,0,0.0
2021 to 22,North East,Female,Maths & Further Maths & Biology & Computer Science,4,0,0.0
2021 to 22,South East,Female,Maths & Further Maths & Biology & Computer Science,4,0,0.0
2021 to 22,East Midlands,Female,Maths & Further Maths & Biology & Computer Science,4,0,0.0
2021 to 22,South West,Female,Maths & Further Maths & Biology & Computer Science,4,1,0.008
2021 to 22,London,Male,Chemistry & Computer Science,2,17,0.086
2021 to 22,North West,Male,Chemistry & Computer Science,2,21,0.155
2021 to 22,West Midlands,Male,Chemistry & Computer Science,2,16,0.145
2021 to 22,East of England,Male,Chemistry & Computer Science,2,16,0.121
2021 to 22,Yorkshire and The Humber,Male,Chemistry & Computer Science,2,7,0.074
2021 to 22,North East,Male,Chemistry & Computer Science,2,5,0.123
2021 to 22,South East,Male,Chemistry & Computer Science,2,17,0.081
2021 to 22,East Midlands,Male,Chemistry & Computer Science,2,10,0.118
2021 to 22,South West,Male,Chemistry & Computer Science,2,10,0.102
2021 to 22,London,Male,Maths & Physics & Computer Science,3,545,2.751
2021 to 22,North West,Male,Maths & Physics & Computer Science,3,402,2.971
2021 to 22,West Midlands,Male,Maths & Physics & Computer Science,3,298,2.695
2021 to 22,East of England,Male,Maths & Physics & Computer Science,3,357,2.701
2021 to 22,Yorkshire and The Humber,Male,Maths & Physics & Computer Science,3,204,2.171
2021 to 22,North East,Male,Maths & Physics & Computer Science,3,97,2.392
2021 to 22,South East,Male,Maths & Physics & Computer Science,3,530,2.512
2021 to 22,East Midlands,Male,Maths & Physics & Computer Science,3,252,2.977
2021 to 22,South West,Male,Maths & Physics & Computer Science,3,231,2.364
2021 to 22,London,All,Maths & Further Maths & Biology & Chemistry,4,100,0.225
2021 to 22,North West,All,Maths & Further Maths & Biology & Chemistry,4,44,0.14
2021 to 22,West Midlands,All,Maths & Further Maths & Biology & Chemistry,4,43,0.169
2021 to 22,East of England,All,Maths & Further Maths & Biology & Chemistry,4,64,0.217
2021 to 22,Yorkshire and The Humber,All,Maths & Further Maths & Biology & Chemistry,4,51,0.235
2021 to 22,North East,All,Maths & Further Maths & Biology & Chemistry,4,19,0.199
2021 to 22,South East,All,Maths & Further Maths & Biology & Chemistry,4,96,0.209
2021 to 22,East Midlands,All,Maths & Further Maths & Biology & Chemistry,4,28,0.147
2021 to 22,South West,All,Maths & Further Maths & Biology & Chemistry,4,45,0.204
2021 to 22,London,Female,Maths & Further Maths & Biology & Physics,4,8,0.032
2021 to 22,North West,Female,Maths & Further Maths & Biology & Physics,4,4,0.022
2021 to 22,West Midlands,Female,Maths & Further Maths & Biology & Physics,4,6,0.042
2021 to 22,East of England,Female,Maths & Further Maths & Biology & Physics,4,3,0.018
2021 to 22,Yorkshire and The Humber,Female,Maths & Further Maths & Biology & Physics,4,4,0.032
2021 to 22,North East,Female,Maths & Further Maths & Biology & Physics,4,0,0.0
2021 to 22,South East,Female,Maths & Further Maths & Biology & Physics,4,4,0.016
2021 to 22,East Midlands,Female,Maths & Further Maths & Biology & Physics,4,1,0.009
2021 to 22,South West,Female,Maths & Further Maths & Biology & Physics,4,3,0.025
2021 to 22,London,Male,Chemistry & Physics,2,47,0.237
2021 to 22,North West,Male,Chemistry & Physics,2,32,0.236
2021 to 22,West Midlands,Male,Chemistry & Physics,2,20,0.181
2021 to 22,East of England,Male,Chemistry & Physics,2,38,0.287
2021 to 22,Yorkshire and The Humber,Male,Chemistry & Physics,2,26,0.277
2021 to 22,North East,Male,Chemistry & Physics,2,13,0.321
2021 to 22,South East,Male,Chemistry & Physics,2,46,0.218
2021 to 22,East Midlands,Male,Chemistry & Physics,2,33,0.39
2021 to 22,South West,Male,Chemistry & Physics,2,34,0.348
2021 to 22,London,All,Maths & Further Maths & Biology & Computer Science,4,1,0.002
2021 to 22,North West,All,Maths & Further Maths & Biology & Computer Science,4,0,0.0
2021 to 22,West Midlands,All,Maths & Further Maths & Biology & Computer Science,4,0,0.0
2021 to 22,East of England,All,Maths & Further Maths & Biology & Computer Science,4,2,0.007
2021 to 22,Yorkshire and The Humber,All,Maths & Further Maths & Biology & Computer Science,4,1,0.005
2021 to 22,North East,All,Maths & Further Maths & Biology & Computer Science,4,2,0.021
2021 to 22,South East,All,Maths & Further Maths & Biology & Computer Science,4,1,0.002
2021 to 22,East Midlands,All,Maths & Further Maths & Biology & Computer Science,4,1,0.005
2021 to 22,South West,All,Maths & Further Maths & Biology & Computer Science,4,4,0.018
2021 to 22,London,Female,Chemistry & Physics,2,26,0.105
2021 to 22,North West,Female,Chemistry & Physics,2,16,0.09
2021 to 22,West Midlands,Female,Chemistry & Physics,2,14,0.098
2021 to 22,East of England,Female,Chemistry & Physics,2,12,0.074
2021 to 22,Yorkshire and The Humber,Female,Chemistry & Physics,2,9,0.073
2021 to 22,North East,Female,Chemistry & Physics,2,6,0.11
2021 to 22,South East,Female,Chemistry & Physics,2,27,0.109
2021 to 22,East Midlands,Female,Chemistry & Physics,2,12,0.113
2021 to 22,South West,Female,Chemistry & Physics,2,17,0.139
2021 to 22,London,Female,Biology & Chemistry,2,2327,9.419
2021 to 22,North West,Female,Biology & Chemistry,2,1622,9.088
2021 to 22,West Midlands,Female,Biology & Chemistry,2,1327,9.247
2021 to 22,East of England,Female,Biology & Chemistry,2,1102,6.763
2021 to 22,Yorkshire and The Humber,Female,Biology & Chemistry,2,1043,8.45
2021 to 22,North East,Female,Biology & Chemistry,2,382,6.985
2021 to 22,South East,Female,Biology & Chemistry,2,1602,6.441
2021 to 22,East Midlands,Female,Biology & Chemistry,2,874,8.224
2021 to 22,South West,Female,Biology & Chemistry,2,884,7.224
2021 to 22,London,Male,Maths & Further Maths & Biology & Computer Science,4,1,0.005
2021 to 22,North West,Male,Maths & Further Maths & Biology & Computer Science,4,0,0.0
2021 to 22,West Midlands,Male,Maths & Further Maths & Biology & Computer Science,4,0,0.0
2021 to 22,East of England,Male,Maths & Further Maths & Biology & Computer Science,4,2,0.015
2021 to 22,Yorkshire and The Humber,Male,Maths & Further Maths & Biology & Computer Science,4,1,0.011
2021 to 22,North East,Male,Maths & Further Maths & Biology & Computer Science,4,2,0.049
2021 to 22,South East,Male,Maths & Further Maths & Biology & Computer Science,4,1,0.005
2021 to 22,East Midlands,Male,Maths & Further Maths & Biology & Computer Science,4,1,0.012
2021 to 22,South West,Male,Maths & Further Maths & Biology & Computer Science,4,3,0.031
2021 to 22,London,All,Chemistry & Computer Science,2,28,0.063
2021 to 22,North West,All,Chemistry & Computer Science,2,25,0.08
2021 to 22,West Midlands,All,Chemistry & Computer Science,2,19,0.075
2021 to 22,East of England,All,Chemistry & Computer Science,2,20,0.068
2021 to 22,Yorkshire and The Humber,All,Chemistry & Computer Science,2,7,0.032
2021 to 22,North East,All,Chemistry & Computer Science,2,6,0.063
2021 to 22,South East,All,Chemistry & Computer Science,2,26,0.057
2021 to 22,East Midlands,All,Chemistry & Computer Science,2,11,0.058
2021 to 22,South West,All,Chemistry & Computer Science,2,11,0.05
2021 to 22,London,All,Maths & Physics & Computer Science,3,606,1.361
2021 to 22,North West,All,Maths & Physics & Computer Science,3,448,1.428
2021 to 22,West Midlands,All,Maths & Physics & Computer Science,3,323,1.271
2021 to 22,East of England,All,Maths & Physics & Computer Science,3,392,1.328
2021 to 22,Yorkshire and The Humber,All,Maths & Physics & Computer Science,3,219,1.007
2021 to 22,North East,All,Maths & Physics & Computer Science,3,109,1.144
2021 to 22,South East,All,Maths & Physics & Computer Science,3,587,1.277
2021 to 22,East Midlands,All,Maths & Physics & Computer Science,3,275,1.44
2021 to 22,South West,All,Maths & Physics & Computer Science,3,244,1.109
2021 to 22,London,Male,Biology & Chemistry,2,791,3.993
2021 to 22,North West,Male,Biology & Chemistry,2,685,5.062
2021 to 22,West Midlands,Male,Biology & Chemistry,2,547,4.946
2021 to 22,East of England,Male,Biology & Chemistry,2,383,2.898
2021 to 22,Yorkshire and The Humber,Male,Biology & Chemistry,2,451,4.8
2021 to 22,North East,Male,Biology & Chemistry,2,156,3.847
2021 to 22,South East,Male,Biology & Chemistry,2,643,3.048
2021 to 22,East Midlands,Male,Biology & Chemistry,2,328,3.875
2021 to 22,South West,Male,Biology & Chemistry,2,388,3.971
2022 to 23,East Midlands,All,Further Maths & Biology & Computer Science,3,0,0.0
2022 to 23,South West,All,Further Maths & Biology & Computer Science,3,0,0.0
2022 to 23,North West,All,Further Maths & Biology & Computer Science,3,0,0.0
2022 to 23,Yorkshire and The Humber,All,Further Maths & Biology & Computer Science,3,0,0.0
2022 to 23,South East,All,Further Maths & Biology & Computer Science,3,0,0.0
2022 to 23,London,All,Further Maths & Biology & Computer Science,3,0,0.0
2022 to 23,East of England,All,Further Maths & Biology & Computer Science,3,0,0.0
2022 to 23,North East,All,Further Maths & Biology & Computer Science,3,0,0.0
2022 to 23,West Midlands,All,Further Maths & Biology & Computer Science,3,0,0.0
2022 to 23,East Midlands,Female,Further Maths & Biology & Physics,3,0,0.0
2022 to 23,South West,Female,Further Maths & Biology & Physics,3,0,0.0
2022 to 23,North West,Female,Further Maths & Biology & Physics,3,0,0.0
2022 to 23,Yorkshire and The Humber,Female,Further Maths & Biology & Physics,3,0,0.0
2022 to 23,South East,Female,Further Maths & Biology & Physics,3,0,0.0
2022 to 23,London,Female,Further Maths & Biology & Physics,3,0,0.0
2022 to 23,East of England,Female,Further Maths & Biology & Physics,3,0,0.0
2022 to 23,North East,Female,Further Maths & Biology & Physics,3,0,0.0
2022 to 23,West Midlands,Female,Further Maths & Biology & Physics,3,0,0.0
2022 to 23,East Midlands,Male,Further Maths & Biology & Computer Science,3,0,0.0
2022 to 23,South West,Male,Further Maths & Biology & Computer Science,3,0,0.0
2022 to 23,North West,Male,Further Maths & Biology & Computer Science,3,0,0.0
2022 to 23,Yorkshire and The Humber,Male,Further Maths & Biology & Computer Science,3,0,0.0
2022 to 23,South East,Male,Further Maths & Biology & Computer Science,3,0,0.0
2022 to 23,London,Male,Further Maths & Biology & Computer Science,3,0,0.0
2022 to 23,East of England,Male,Further Maths & Biology & Computer Science,3,0,0.0
2022 to 23,North East,Male,Further Maths & Biology & Computer Science,3,0,0.0
2022 to 23,West Midlands,Male,Further Maths & Biology & Computer Science,3,0,0.0
2022 to 23,East Midlands,All,Maths & Further Maths & Biology & Chemistry & Physics & Computer Science,6,0,0.0
2022 to 23,South West,All,Maths & Further Maths & Biology & Chemistry & Physics & Computer Science,6,1,0.004
2022 to 23,North West,All,Maths & Further Maths & Biology & Chemistry & Physics & Computer Science,6,0,0.0
2022 to 23,Yorkshire and The Humber,All,Maths & Further Maths & Biology & Chemistry & Physics & Computer Science,6,0,0.0
2022 to 23,South East,All,Maths & Further Maths & Biology & Chemistry & Physics & Computer Science,6,0,0.0
2022 to 23,London,All,Maths & Further Maths & Biology & Chemistry & Physics & Computer Science,6,0,0.0
2022 to 23,East of England,All,Maths & Further Maths & Biology & Chemistry & Physics & Computer Science,6,0,0.0
2022 to 23,North East,All,Maths & Further Maths & Biology & Chemistry & Physics & Computer Science,6,0,0.0
2022 to 23,West Midlands,All,Maths & Further Maths & Biology & Chemistry & Physics & Computer Science,6,0,0.0
2022 to 23,East Midlands,Female,Biology,1,1208,11.179
2022 to 23,South West,Female,Biology,1,1370,11.292
2022 to 23,North West,Female,Biology,1,1445,8.022
2022 to 23,Yorkshire and The Humber,Female,Biology,1,1190,9.279
2022 to 23,South East,Female,Biology,1,2303,9.125
2022 to 23,London,Female,Biology,1,1712,6.804
2022 to 23,East of England,Female,Biology,1,1476,9.246
2022 to 23,North East,Female,Biology,1,492,9.098
2022 to 23,West Midlands,Female,Biology,1,1326,9.183
2022 to 23,East Midlands,Female,Further Maths & Biology & Chemistry & Physics & Computer Science,5,0,0.0
2022 to 23,South West,Female,Further Maths & Biology & Chemistry & Physics & Computer Science,5,0,0.0
2022 to 23,North West,Female,Further Maths & Biology & Chemistry & Physics & Computer Science,5,0,0.0
2022 to 23,Yorkshire and The Humber,Female,Further Maths & Biology & Chemistry & Physics & Computer Science,5,0,0.0
2022 to 23,South East,Female,Further Maths & Biology & Chemistry & Physics & Computer Science,5,0,0.0
2022 to 23,London,Female,Further Maths & Biology & Chemistry & Physics & Computer Science,5,0,0.0
2022 to 23,East of England,Female,Further Maths & Biology & Chemistry & Physics & Computer Science,5,0,0.0
2022 to 23,North East,Female,Further Maths & Biology & Chemistry & Physics & Computer Science,5,0,0.0
2022 to 23,West Midlands,Female,Further Maths & Biology & Chemistry & Physics & Computer Science,5,0,0.0
2022 to 23,East Midlands,Male,Further Maths & Biology & Physics,3,0,0.0
2022 to 23,South West,Male,Further Maths & Biology & Physics,3,0,0.0
2022 to 23,North West,Male,Further Maths & Biology & Physics,3,0,0.0
2022 to 23,Yorkshire and The Humber,Male,Further Maths & Biology & Physics,3,0,0.0
2022 to 23,South East,Male,Further Maths & Biology & Physics,3,0,0.0
2022 to 23,London,Male,Further Maths & Biology & Physics,3,0,0.0
2022 to 23,East of England,Male,Further Maths & Biology & Physics,3,0,0.0
2022 to 23,North East,Male,Further Maths & Biology & Physics,3,0,0.0
2022 to 23,West Midlands,Male,Further Maths & Biology & Physics,3,0,0.0
2022 to 23,East Midlands,Male,Maths & Further Maths & Biology & Chemistry & Physics & Computer Science,6,0,0.0
2022 to 23,South West,Male,Maths & Further Maths & Biology & Chemistry & Physics & Computer Science,6,1,0.01
2022 to 23,North West,Male,Maths & Further Maths & Biology & Chemistry & Physics & Computer Science,6,0,0.0
2022 to 23,Yorkshire and The Humber,Male,Maths & Further Maths & Biology & Chemistry & Physics & Computer Science,6,0,0.0
2022 to 23,South East,Male,Maths & Further Maths & Biology & Chemistry & Physics & Computer Science,6,0,0.0
2022 to 23,London,Male,Maths & Further Maths & Biology & Chemistry & Physics & Computer Science,6,0,0.0
2022 to 23,East of England,Male,Maths & Further Maths & Biology & Chemistry & Physics & Computer Science,6,0,0.0
2022 to 23,North East,Male,Maths & Further Maths & Biology & Chemistry & Physics & Computer Science,6,0,0.0
2022 to 23,West Midlands,Male,Maths & Further Maths & Biology & Chemistry & Physics & Computer Science,6,0,0.0
2022 to 23,East Midlands,All,Further Maths & Biology & Physics,3,0,0.0
2022 to 23,South West,All,Further Maths & Biology & Physics,3,0,0.0
2022 to 23,North West,All,Further Maths & Biology & Physics,3,0,0.0
2022 to 23,Yorkshire and The Humber,All,Further Maths & Biology & Physics,3,0,0.0
2022 to 23,South East,All,Further Maths & Biology & Physics,3,0,0.0
2022 to 23,London,All,Further Maths & Biology & Physics,3,0,0.0
2022 to 23,East of England,All,Further Maths & Biology & Physics,3,0,0.0
2022 to 23,North East,All,Further Maths & Biology & Physics,3,0,0.0
2022 to 23,West Midlands,All,Further Maths & Biology & Physics,3,0,0.0
2022 to 23,East Midlands,All,Further Maths & Biology & Chemistry,3,0,0.0
2022 to 23,South West,All,Further Maths & Biology & Chemistry,3,0,0.0
2022 to 23,North West,All,Further Maths & Biology & Chemistry,3,0,0.0
2022 to 23,Yorkshire and The Humber,All,Further Maths & Biology & Chemistry,3,0,0.0
2022 to 23,South East,All,Further Maths & Biology & Chemistry,3,1,0.002
2022 to 23,London,All,Further Maths & Biology & Chemistry,3,0,0.0
2022 to 23,East of England,All,Further Maths & Biology & Chemistry,3,0,0.0
2022 to 23,North East,All,Further Maths & Biology & Chemistry,3,0,0.0
2022 to 23,West Midlands,All,Further Maths & Biology & Chemistry,3,0,0.0
2022 to 23,East Midlands,Female,Further Maths & Biology & Computer Science,3,0,0.0
2022 to 23,South West,Female,Further Maths & Biology & Computer Science,3,0,0.0
2022 to 23,North West,Female,Further Maths & Biology & Computer Science,3,0,0.0
2022 to 23,Yorkshire and The Humber,Female,Further Maths & Biology & Computer Science,3,0,0.0
2022 to 23,South East,Female,Further Maths & Biology & Computer Science,3,0,0.0
2022 to 23,London,Female,Further Maths & Biology & Computer Science,3,0,0.0
2022 to 23,East of England,Female,Further Maths & Biology & Computer Science,3,0,0.0
2022 to 23,North East,Female,Further Maths & Biology & Computer Science,3,0,0.0
2022 to 23,West Midlands,Female,Further Maths & Biology & Computer Science,3,0,0.0
2022 to 23,East Midlands,Male,Further Maths & Biology & Chemistry & Physics & Computer Science,5,0,0.0
2022 to 23,South West,Male,Further Maths & Biology & Chemistry & Physics & Computer Science,5,0,0.0
2022 to 23,North West,Male,Further Maths & Biology & Chemistry & Physics & Computer Science,5,0,0.0
2022 to 23,Yorkshire and The Humber,Male,Further Maths & Biology & Chemistry & Physics & Computer Science,5,0,0.0
2022 to 23,South East,Male,Further Maths & Biology & Chemistry & Physics & Computer Science,5,0,0.0
2022 to 23,London,Male,Further Maths & Biology & Chemistry & Physics & Computer Science,5,0,0.0
2022 to 23,East of England,Male,Further Maths & Biology & Chemistry & Physics & Computer Science,5,0,0.0
2022 to 23,North East,Male,Further Maths & Biology & Chemistry & Physics & Computer Science,5,0,0.0
2022 to 23,West Midlands,Male,Further Maths & Biology & Chemistry & Physics & Computer Science,5,0,0.0
2022 to 23,East Midlands,Male,Further Maths & Biology & Chemistry,3,0,0.0
2022 to 23,South West,Male,Further Maths & Biology & Chemistry,3,0,0.0
2022 to 23,North West,Male,Further Maths & Biology & Chemistry,3,0,0.0
2022 to 23,Yorkshire and The Humber,Male,Further Maths & Biology & Chemistry,3,0,0.0
2022 to 23,South East,Male,Further Maths & Biology & Chemistry,3,0,0.0
2022 to 23,London,Male,Further Maths & Biology & Chemistry,3,0,0.0
2022 to 23,East of England,Male,Further Maths & Biology & Chemistry,3,0,0.0
2022 to 23,North East,Male,Further Maths & Biology & Chemistry,3,0,0.0
2022 to 23,West Midlands,Male,Further Maths & Biology & Chemistry,3,0,0.0
2022 to 23,East Midlands,Female,Maths & Biology & Chemistry,3,480,4.442
2022 to 23,South West,Female,Maths & Biology & Chemistry,3,481,3.964
2022 to 23,North West,Female,Maths & Biology & Chemistry,3,956,5.307
2022 to 23,Yorkshire and The Humber,Female,Maths & Biology & Chemistry,3,630,4.913
2022 to 23,South East,Female,Maths & Biology & Chemistry,3,1245,4.933
2022 to 23,London,Female,Maths & Biology & Chemistry,3,1940,7.71
2022 to 23,East of England,Female,Maths & Biology & Chemistry,3,792,4.961
2022 to 23,North East,Female,Maths & Biology & Chemistry,3,256,4.734
2022 to 23,West Midlands,Female,Maths & Biology & Chemistry,3,774,5.36
2022 to 23,East Midlands,Male,Biology,1,538,6.058
2022 to 23,South West,Male,Biology,1,647,6.357
2022 to 23,North West,Male,Biology,1,607,4.317
2022 to 23,Yorkshire and The Humber,Male,Biology,1,468,4.864
2022 to 23,South East,Male,Biology,1,1068,4.9
2022 to 23,London,Male,Biology,1,733,3.544
2022 to 23,East of England,Male,Biology,1,673,4.971
2022 to 23,North East,Male,Biology,1,182,4.378
2022 to 23,West Midlands,Male,Biology,1,605,5.35
2022 to 23,East Midlands,Male,Further Maths & Chemistry & Computer Science,3,0,0.0
2022 to 23,South West,Male,Further Maths & Chemistry & Computer Science,3,0,0.0
2022 to 23,North West,Male,Further Maths & Chemistry & Computer Science,3,0,0.0
2022 to 23,Yorkshire and The Humber,Male,Further Maths & Chemistry & Computer Science,3,0,0.0
2022 to 23,South East,Male,Further Maths & Chemistry & Computer Science,3,0,0.0
2022 to 23,London,Male,Further Maths & Chemistry & Computer Science,3,0,0.0
2022 to 23,East of England,Male,Further Maths & Chemistry & Computer Science,3,0,0.0
2022 to 23,North East,Male,Further Maths & Chemistry & Computer Science,3,0,0.0
2022 to 23,West Midlands,Male,Further Maths & Chemistry & Computer Science,3,0,0.0
2022 to 23,East Midlands,All,Further Maths,1,1,0.005
2022 to 23,South West,All,Further Maths,1,1,0.004
2022 to 23,North West,All,Further Maths,1,1,0.003
2022 to 23,Yorkshire and The Humber,All,Further Maths,1,1,0.004
2022 to 23,South East,All,Further Maths,1,0,0.0
2022 to 23,London,All,Further Maths,1,1,0.002
2022 to 23,East of England,All,Further Maths,1,0,0.0
2022 to 23,North East,All,Further Maths,1,0,0.0
2022 to 23,West Midlands,All,Further Maths,1,1,0.004
2022 to 23,East Midlands,All,Further Maths & Biology & Chemistry & Physics & Computer Science,5,0,0.0
2022 to 23,South West,All,Further Maths & Biology & Chemistry & Physics & Computer Science,5,0,0.0
2022 to 23,North West,All,Further Maths & Biology & Chemistry & Physics & Computer Science,5,0,0.0
2022 to 23,Yorkshire and The Humber,All,Further Maths & Biology & Chemistry & Physics & Computer Science,5,0,0.0
2022 to 23,South East,All,Further Maths & Biology & Chemistry & Physics & Computer Science,5,0,0.0
2022 to 23,London,All,Further Maths & Biology & Chemistry & Physics & Computer Science,5,0,0.0
2022 to 23,East of England,All,Further Maths & Biology & Chemistry & Physics & Computer Science,5,0,0.0
2022 to 23,North East,All,Further Maths & Biology & Chemistry & Physics & Computer Science,5,0,0.0
2022 to 23,West Midlands,All,Further Maths & Biology & Chemistry & Physics & Computer Science,5,0,0.0
2022 to 23,East Midlands,Female,Further Maths & Chemistry & Computer Science,3,0,0.0
2022 to 23,South West,Female,Further Maths & Chemistry & Computer Science,3,0,0.0
2022 to 23,North West,Female,Further Maths & Chemistry & Computer Science,3,0,0.0
2022 to 23,Yorkshire and The Humber,Female,Further Maths & Chemistry & Computer Science,3,0,0.0
2022 to 23,South East,Female,Further Maths & Chemistry & Computer Science,3,0,0.0
2022 to 23,London,Female,Further Maths & Chemistry & Computer Science,3,0,0.0
2022 to 23,East of England,Female,Further Maths & Chemistry & Computer Science,3,0,0.0
2022 to 23,North East,Female,Further Maths & Chemistry & Computer Science,3,0,0.0
2022 to 23,West Midlands,Female,Further Maths & Chemistry & Computer Science,3,0,0.0
2022 to 23,East Midlands,Female,Maths & Further Maths & Biology & Chemistry & Physics & Computer Science,6,0,0.0
2022 to 23,South West,Female,Maths & Further Maths & Biology & Chemistry & Physics & Computer Science,6,0,0.0
2022 to 23,North West,Female,Maths & Further Maths & Biology & Chemistry & Physics & Computer Science,6,0,0.0
2022 to 23,Yorkshire and The Humber,Female,Maths & Further Maths & Biology & Chemistry & Physics & Computer Science,6,0,0.0
2022 to 23,South East,Female,Maths & Further Maths & Biology & Chemistry & Physics & Computer Science,6,0,0.0
2022 to 23,London,Female,Maths & Further Maths & Biology & Chemistry & Physics & Computer Science,6,0,0.0
2022 to 23,East of England,Female,Maths & Further Maths & Biology & Chemistry & Physics & Computer Science,6,0,0.0
2022 to 23,North East,Female,Maths & Further Maths & Biology & Chemistry & Physics & Computer Science,6,0,0.0
2022 to 23,West Midlands,Female,Maths & Further Maths & Biology & Chemistry & Physics & Computer Science,6,0,0.0
2022 to 23,East Midlands,All,Biology,1,1746,8.869
2022 to 23,South West,All,Biology,1,2017,9.04
2022 to 23,North West,All,Biology,1,2052,6.397
2022 to 23,Yorkshire and The Humber,All,Biology,1,1658,7.387
2022 to 23,South East,All,Biology,1,3371,7.168
2022 to 23,London,All,Biology,1,2445,5.333
2022 to 23,East of England,All,Biology,1,2149,7.284
2022 to 23,North East,All,Biology,1,674,7.047
2022 to 23,West Midlands,All,Biology,1,1931,7.499
2022 to 23,East Midlands,All,Further Maths & Chemistry & Computer Science,3,0,0.0
2022 to 23,South West,All,Further Maths & Chemistry & Computer Science,3,0,0.0
2022 to 23,North West,All,Further Maths & Chemistry & Computer Science,3,0,0.0
2022 to 23,Yorkshire and The Humber,All,Further Maths & Chemistry & Computer Science,3,0,0.0
2022 to 23,South East,All,Further Maths & Chemistry & Computer Science,3,0,0.0
2022 to 23,London,All,Further Maths & Chemistry & Computer Science,3,0,0.0
2022 to 23,East of England,All,Further Maths & Chemistry & Computer Science,3,0,0.0
2022 to 23,North East,All,Further Maths & Chemistry & Computer Science,3,0,0.0
2022 to 23,West Midlands,All,Further Maths & Chemistry & Computer Science,3,0,0.0
2022 to 23,East Midlands,Female,Further Maths & Physics & Computer Science,3,0,0.0
2022 to 23,South West,Female,Further Maths & Physics & Computer Science,3,0,0.0
2022 to 23,North West,Female,Further Maths & Physics & Computer Science,3,0,0.0
2022 to 23,Yorkshire and The Humber,Female,Further Maths & Physics & Computer Science,3,0,0.0
2022 to 23,South East,Female,Further Maths & Physics & Computer Science,3,0,0.0
2022 to 23,London,Female,Further Maths & Physics & Computer Science,3,0,0.0
2022 to 23,East of England,Female,Further Maths & Physics & Computer Science,3,0,0.0
2022 to 23,North East,Female,Further Maths & Physics & Computer Science,3,0,0.0
2022 to 23,West Midlands,Female,Further Maths & Physics & Computer Science,3,0,0.0
2022 to 23,East Midlands,Male,Maths & Biology & Chemistry,3,394,4.436
2022 to 23,South West,Male,Maths & Biology & Chemistry,3,340,3.341
2022 to 23,North West,Male,Maths & Biology & Chemistry,3,728,5.177
2022 to 23,Yorkshire and The Humber,Male,Maths & Biology & Chemistry,3,463,4.812
2022 to 23,South East,Male,Maths & Biology & Chemistry,3,837,3.841
2022 to 23,London,Male,Maths & Biology & Chemistry,3,1392,6.73
2022 to 23,East of England,Male,Maths & Biology & Chemistry,3,540,3.988
2022 to 23,North East,Male,Maths & Biology & Chemistry,3,164,3.945
2022 to 23,West Midlands,Male,Maths & Biology & Chemistry,3,692,6.119
2022 to 23,East Midlands,Male,Maths & Biology & Chemistry & Physics & Computer Science,5,0,0.0
2022 to 23,South West,Male,Maths & Biology & Chemistry & Physics & Computer Science,5,0,0.0
2022 to 23,North West,Male,Maths & Biology & Chemistry & Physics & Computer Science,5,0,0.0
2022 to 23,Yorkshire and The Humber,Male,Maths & Biology & Chemistry & Physics & Computer Science,5,0,0.0
2022 to 23,South East,Male,Maths & Biology & Chemistry & Physics & Computer Science,5,0,0.0
2022 to 23,London,Male,Maths & Biology & Chemistry & Physics & Computer Science,5,0,0.0
2022 to 23,East of England,Male,Maths & Biology & Chemistry & Physics & Computer Science,5,0,0.0
2022 to 23,North East,Male,Maths & Biology & Chemistry & Physics & Computer Science,5,0,0.0
2022 to 23,West Midlands,Male,Maths & Biology & Chemistry & Physics & Computer Science,5,0,0.0
2022 to 23,East Midlands,All,Further Maths & Chemistry & Physics,3,0,0.0
2022 to 23,South West,All,Further Maths & Chemistry & Physics,3,1,0.004
2022 to 23,North West,All,Further Maths & Chemistry & Physics,3,0,0.0
2022 to 23,Yorkshire and The Humber,All,Further Maths & Chemistry & Physics,3,0,0.0
2022 to 23,South East,All,Further Maths & Chemistry & Physics,3,1,0.002
2022 to 23,London,All,Further Maths & Chemistry & Physics,3,3,0.007
2022 to 23,East of England,All,Further Maths & Chemistry & Physics,3,0,0.0
2022 to 23,North East,All,Further Maths & Chemistry & Physics,3,0,0.0
2022 to 23,West Midlands,All,Further Maths & Chemistry & Physics,3,0,0.0
2022 to 23,East Midlands,Female,Maths & Further Maths & Biology & Physics & Computer Science,5,0,0.0
2022 to 23,South West,Female,Maths & Further Maths & Biology & Physics & Computer Science,5,0,0.0
2022 to 23,North West,Female,Maths & Further Maths & Biology & Physics & Computer Science,5,0,0.0
2022 to 23,Yorkshire and The Humber,Female,Maths & Further Maths & Biology & Physics & Computer Science,5,0,0.0
2022 to 23,South East,Female,Maths & Further Maths & Biology & Physics & Computer Science,5,0,0.0
2022 to 23,London,Female,Maths & Further Maths & Biology & Physics & Computer Science,5,0,0.0
2022 to 23,East of England,Female,Maths & Further Maths & Biology & Physics & Computer Science,5,0,0.0
2022 to 23,North East,Female,Maths & Further Maths & Biology & Physics & Computer Science,5,0,0.0
2022 to 23,West Midlands,Female,Maths & Further Maths & Biology & Physics & Computer Science,5,0,0.0
2022 to 23,East Midlands,Female,Maths & Biology & Chemistry & Physics & Computer Science,5,0,0.0
2022 to 23,South West,Female,Maths & Biology & Chemistry & Physics & Computer Science,5,0,0.0
2022 to 23,North West,Female,Maths & Biology & Chemistry & Physics & Computer Science,5,0,0.0
2022 to 23,Yorkshire and The Humber,Female,Maths & Biology & Chemistry & Physics & Computer Science,5,0,0.0
2022 to 23,South East,Female,Maths & Biology & Chemistry & Physics & Computer Science,5,0,0.0
2022 to 23,London,Female,Maths & Biology & Chemistry & Physics & Computer Science,5,0,0.0
2022 to 23,East of England,Female,Maths & Biology & Chemistry & Physics & Computer Science,5,0,0.0
2022 to 23,North East,Female,Maths & Biology & Chemistry & Physics & Computer Science,5,0,0.0
2022 to 23,West Midlands,Female,Maths & Biology & Chemistry & Physics & Computer Science,5,0,0.0
2022 to 23,East Midlands,Male,Further Maths & Chemistry & Physics,3,0,0.0
2022 to 23,South West,Male,Further Maths & Chemistry & Physics,3,1,0.01
2022 to 23,North West,Male,Further Maths & Chemistry & Physics,3,0,0.0
2022 to 23,Yorkshire and The Humber,Male,Further Maths & Chemistry & Physics,3,0,0.0
2022 to 23,South East,Male,Further Maths & Chemistry & Physics,3,1,0.005
2022 to 23,London,Male,Further Maths & Chemistry & Physics,3,3,0.015
2022 to 23,East of England,Male,Further Maths & Chemistry & Physics,3,0,0.0
2022 to 23,North East,Male,Further Maths & Chemistry & Physics,3,0,0.0
2022 to 23,West Midlands,Male,Further Maths & Chemistry & Physics,3,0,0.0
2022 to 23,East Midlands,All,Further Maths & Physics & Computer Science,3,1,0.005
2022 to 23,South West,All,Further Maths & Physics & Computer Science,3,1,0.004
2022 to 23,North West,All,Further Maths & Physics & Computer Science,3,0,0.0
2022 to 23,Yorkshire and The Humber,All,Further Maths & Physics & Computer Science,3,0,0.0
2022 to 23,South East,All,Further Maths & Physics & Computer Science,3,0,0.0
2022 to 23,London,All,Further Maths & Physics & Computer Science,3,1,0.002
2022 to 23,East of England,All,Further Maths & Physics & Computer Science,3,0,0.0
2022 to 23,North East,All,Further Maths & Physics & Computer Science,3,0,0.0
2022 to 23,West Midlands,All,Further Maths & Physics & Computer Science,3,0,0.0
2022 to 23,East Midlands,Female,Chemistry,1,99,0.916
2022 to 23,South West,Female,Chemistry,1,108,0.89
2022 to 23,North West,Female,Chemistry,1,181,1.005
2022 to 23,Yorkshire and The Humber,Female,Chemistry,1,107,0.834
2022 to 23,South East,Female,Chemistry,1,225,0.892
2022 to 23,London,Female,Chemistry,1,192,0.763
2022 to 23,East of England,Female,Chemistry,1,112,0.702
2022 to 23,North East,Female,Chemistry,1,42,0.777
2022 to 23,West Midlands,Female,Chemistry,1,134,0.928
2022 to 23,East Midlands,Female,Further Maths & Chemistry & Physics,3,0,0.0
2022 to 23,South West,Female,Further Maths & Chemistry & Physics,3,0,0.0
2022 to 23,North West,Female,Further Maths & Chemistry & Physics,3,0,0.0
2022 to 23,Yorkshire and The Humber,Female,Further Maths & Chemistry & Physics,3,0,0.0
2022 to 23,South East,Female,Further Maths & Chemistry & Physics,3,0,0.0
2022 to 23,London,Female,Further Maths & Chemistry & Physics,3,0,0.0
2022 to 23,East of England,Female,Further Maths & Chemistry & Physics,3,0,0.0
2022 to 23,North East,Female,Further Maths & Chemistry & Physics,3,0,0.0
2022 to 23,West Midlands,Female,Further Maths & Chemistry & Physics,3,0,0.0
2022 to 23,East Midlands,Male,Further Maths & Physics & Computer Science,3,1,0.011
2022 to 23,South West,Male,Further Maths & Physics & Computer Science,3,1,0.01
2022 to 23,North West,Male,Further Maths & Physics & Computer Science,3,0,0.0
2022 to 23,Yorkshire and The Humber,Male,Further Maths & Physics & Computer Science,3,0,0.0
2022 to 23,South East,Male,Further Maths & Physics & Computer Science,3,0,0.0
2022 to 23,London,Male,Further Maths & Physics & Computer Science,3,1,0.005
2022 to 23,East of England,Male,Further Maths & Physics & Computer Science,3,0,0.0
2022 to 23,North East,Male,Further Maths & Physics & Computer Science,3,0,0.0
2022 to 23,West Midlands,Male,Further Maths & Physics & Computer Science,3,0,0.0
2022 to 23,East Midlands,All,Maths & Biology & Chemistry,3,874,4.439
2022 to 23,South West,All,Maths & Biology & Chemistry,3,821,3.68
2022 to 23,North West,All,Maths & Biology & Chemistry,3,1684,5.25
2022 to 23,Yorkshire and The Humber,All,Maths & Biology & Chemistry,3,1093,4.87
2022 to 23,South East,All,Maths & Biology & Chemistry,3,2082,4.427
2022 to 23,London,All,Maths & Biology & Chemistry,3,3332,7.268
2022 to 23,East of England,All,Maths & Biology & Chemistry,3,1332,4.515
2022 to 23,North East,All,Maths & Biology & Chemistry,3,420,4.391
2022 to 23,West Midlands,All,Maths & Biology & Chemistry,3,1466,5.693
2022 to 23,East Midlands,All,Maths & Biology & Chemistry & Physics & Computer Science,5,0,0.0
2022 to 23,South West,All,Maths & Biology & Chemistry & Physics & Computer Science,5,0,0.0
2022 to 23,North West,All,Maths & Biology & Chemistry & Physics & Computer Science,5,0,0.0
2022 to 23,Yorkshire and The Humber,All,Maths & Biology & Chemistry & Physics & Computer Science,5,0,0.0
2022 to 23,South East,All,Maths & Biology & Chemistry & Physics & Computer Science,5,0,0.0
2022 to 23,London,All,Maths & Biology & Chemistry & Physics & Computer Science,5,0,0.0
2022 to 23,East of England,All,Maths & Biology & Chemistry & Physics & Computer Science,5,0,0.0
2022 to 23,North East,All,Maths & Biology & Chemistry & Physics & Computer Science,5,0,0.0
2022 to 23,West Midlands,All,Maths & Biology & Chemistry & Physics & Computer Science,5,0,0.0
2022 to 23,East Midlands,Female,Maths & Further Maths & Biology & Chemistry & Physics,5,0,0.0
2022 to 23,South West,Female,Maths & Further Maths & Biology & Chemistry & Physics,5,1,0.008
2022 to 23,North West,Female,Maths & Further Maths & Biology & Chemistry & Physics,5,0,0.0
2022 to 23,Yorkshire and The Humber,Female,Maths & Further Maths & Biology & Chemistry & Physics,5,0,0.0
2022 to 23,South East,Female,Maths & Further Maths & Biology & Chemistry & Physics,5,1,0.004
2022 to 23,London,Female,Maths & Further Maths & Biology & Chemistry & Physics,5,1,0.004
2022 to 23,East of England,Female,Maths & Further Maths & Biology & Chemistry & Physics,5,2,0.013
2022 to 23,North East,Female,Maths & Further Maths & Biology & Chemistry & Physics,5,1,0.018
2022 to 23,West Midlands,Female,Maths & Further Maths & Biology & Chemistry & Physics,5,0,0.0
2022 to 23,East Midlands,Male,Maths & Further Maths & Biology & Physics & Computer Science,5,0,0.0
2022 to 23,South West,Male,Maths & Further Maths & Biology & Physics & Computer Science,5,0,0.0
2022 to 23,North West,Male,Maths & Further Maths & Biology & Physics & Computer Science,5,0,0.0
2022 to 23,Yorkshire and The Humber,Male,Maths & Further Maths & Biology & Physics & Computer Science,5,0,0.0
2022 to 23,South East,Male,Maths & Further Maths & Biology & Physics & Computer Science,5,1,0.005
2022 to 23,London,Male,Maths & Further Maths & Biology & Physics & Computer Science,5,0,0.0
2022 to 23,East of England,Male,Maths & Further Maths & Biology & Physics & Computer Science,5,0,0.0
2022 to 23,North East,Male,Maths & Further Maths & Biology & Physics & Computer Science,5,0,0.0
2022 to 23,West Midlands,Male,Maths & Further Maths & Biology & Physics & Computer Science,5,0,0.0
2022 to 23,East Midlands,All,Chemistry,1,182,0.924
2022 to 23,South West,All,Chemistry,1,198,0.887
2022 to 23,North West,All,Chemistry,1,287,0.895
2022 to 23,Yorkshire and The Humber,All,Chemistry,1,199,0.887
2022 to 23,South East,All,Chemistry,1,365,0.776
2022 to 23,London,All,Chemistry,1,343,0.748
2022 to 23,East of England,All,Chemistry,1,207,0.702
2022 to 23,North East,All,Chemistry,1,76,0.795
2022 to 23,West Midlands,All,Chemistry,1,234,0.909
2022 to 23,East Midlands,All,Maths & Further Maths & Biology & Chemistry & Computer Science,5,1,0.005
2022 to 23,South West,All,Maths & Further Maths & Biology & Chemistry & Computer Science,5,0,0.0
2022 to 23,North West,All,Maths & Further Maths & Biology & Chemistry & Computer Science,5,0,0.0
2022 to 23,Yorkshire and The Humber,All,Maths & Further Maths & Biology & Chemistry & Computer Science,5,0,0.0
2022 to 23,South East,All,Maths & Further Maths & Biology & Chemistry & Computer Science,5,0,0.0
2022 to 23,London,All,Maths & Further Maths & Biology & Chemistry & Computer Science,5,0,0.0
2022 to 23,East of England,All,Maths & Further Maths & Biology & Chemistry & Computer Science,5,0,0.0
2022 to 23,North East,All,Maths & Further Maths & Biology & Chemistry & Computer Science,5,0,0.0
2022 to 23,West Midlands,All,Maths & Further Maths & Biology & Chemistry & Computer Science,5,0,0.0
2022 to 23,East Midlands,All,Chemistry & Physics & Computer Science,3,5,0.025
2022 to 23,South West,All,Chemistry & Physics & Computer Science,3,8,0.036
2022 to 23,North West,All,Chemistry & Physics & Computer Science,3,6,0.019
2022 to 23,Yorkshire and The Humber,All,Chemistry & Physics & Computer Science,3,6,0.027
2022 to 23,South East,All,Chemistry & Physics & Computer Science,3,7,0.015
2022 to 23,London,All,Chemistry & Physics & Computer Science,3,7,0.015
2022 to 23,East of England,All,Chemistry & Physics & Computer Science,3,7,0.024
2022 to 23,North East,All,Chemistry & Physics & Computer Science,3,2,0.021
2022 to 23,West Midlands,All,Chemistry & Physics & Computer Science,3,14,0.054
2022 to 23,East Midlands,Male,Chemistry,1,83,0.935
2022 to 23,South West,Male,Chemistry,1,90,0.884
2022 to 23,North West,Male,Chemistry,1,106,0.754
2022 to 23,Yorkshire and The Humber,Male,Chemistry,1,92,0.956
2022 to 23,South East,Male,Chemistry,1,140,0.642
2022 to 23,London,Male,Chemistry,1,151,0.73
2022 to 23,East of England,Male,Chemistry,1,95,0.702
2022 to 23,North East,Male,Chemistry,1,34,0.818
2022 to 23,West Midlands,Male,Chemistry,1,100,0.884
2022 to 23,East Midlands,Male,Maths & Further Maths & Biology & Chemistry & Computer Science,5,1,0.011
2022 to 23,South West,Male,Maths & Further Maths & Biology & Chemistry & Computer Science,5,0,0.0
2022 to 23,North West,Male,Maths & Further Maths & Biology & Chemistry & Computer Science,5,0,0.0
2022 to 23,Yorkshire and The Humber,Male,Maths & Further Maths & Biology & Chemistry & Computer Science,5,0,0.0
2022 to 23,South East,Male,Maths & Further Maths & Biology & Chemistry & Computer Science,5,0,0.0
2022 to 23,London,Male,Maths & Further Maths & Biology & Chemistry & Computer Science,5,0,0.0
2022 to 23,East of England,Male,Maths & Further Maths & Biology & Chemistry & Computer Science,5,0,0.0
2022 to 23,North East,Male,Maths & Further Maths & Biology & Chemistry & Computer Science,5,0,0.0
2022 to 23,West Midlands,Male,Maths & Further Maths & Biology & Chemistry & Computer Science,5,0,0.0
2022 to 23,East Midlands,All,Maths & Further Maths & Biology & Chemistry & Physics,5,0,0.0
2022 to 23,South West,All,Maths & Further Maths & Biology & Chemistry & Physics,5,2,0.009
2022 to 23,North West,All,Maths & Further Maths & Biology & Chemistry & Physics,5,2,0.006
2022 to 23,Yorkshire and The Humber,All,Maths & Further Maths & Biology & Chemistry & Physics,5,1,0.004
2022 to 23,South East,All,Maths & Further Maths & Biology & Chemistry & Physics,5,3,0.006
2022 to 23,London,All,Maths & Further Maths & Biology & Chemistry & Physics,5,3,0.007
2022 to 23,East of England,All,Maths & Further Maths & Biology & Chemistry & Physics,5,2,0.007
2022 to 23,North East,All,Maths & Further Maths & Biology & Chemistry & Physics,5,1,0.01
2022 to 23,West Midlands,All,Maths & Further Maths & Biology & Chemistry & Physics,5,5,0.019
2022 to 23,East Midlands,Female,Maths & Biology & Computer Science,3,2,0.019
2022 to 23,South West,Female,Maths & Biology & Computer Science,3,8,0.066
2022 to 23,North West,Female,Maths & Biology & Computer Science,3,6,0.033
2022 to 23,Yorkshire and The Humber,Female,Maths & Biology & Computer Science,3,6,0.047
2022 to 23,South East,Female,Maths & Biology & Computer Science,3,8,0.032
2022 to 23,London,Female,Maths & Biology & Computer Science,3,15,0.06
2022 to 23,East of England,Female,Maths & Biology & Computer Science,3,8,0.05
2022 to 23,North East,Female,Maths & Biology & Computer Science,3,1,0.018
2022 to 23,West Midlands,Female,Maths & Biology & Computer Science,3,8,0.055
2022 to 23,East Midlands,Female,Maths & Further Maths & Biology & Chemistry & Computer Science,5,0,0.0
2022 to 23,South West,Female,Maths & Further Maths & Biology & Chemistry & Computer Science,5,0,0.0
2022 to 23,North West,Female,Maths & Further Maths & Biology & Chemistry & Computer Science,5,0,0.0
2022 to 23,Yorkshire and The Humber,Female,Maths & Further Maths & Biology & Chemistry & Computer Science,5,0,0.0
2022 to 23,South East,Female,Maths & Further Maths & Biology & Chemistry & Computer Science,5,0,0.0
2022 to 23,London,Female,Maths & Further Maths & Biology & Chemistry & Computer Science,5,0,0.0
2022 to 23,East of England,Female,Maths & Further Maths & Biology & Chemistry & Computer Science,5,0,0.0
2022 to 23,North East,Female,Maths & Further Maths & Biology & Chemistry & Computer Science,5,0,0.0
2022 to 23,West Midlands,Female,Maths & Further Maths & Biology & Chemistry & Computer Science,5,0,0.0
2022 to 23,East Midlands,Male,Maths & Further Maths & Biology & Chemistry & Physics,5,0,0.0
2022 to 23,South West,Male,Maths & Further Maths & Biology & Chemistry & Physics,5,1,0.01
2022 to 23,North West,Male,Maths & Further Maths & Biology & Chemistry & Physics,5,2,0.014
2022 to 23,Yorkshire and The Humber,Male,Maths & Further Maths & Biology & Chemistry & Physics,5,1,0.01
2022 to 23,South East,Male,Maths & Further Maths & Biology & Chemistry & Physics,5,2,0.009
2022 to 23,London,Male,Maths & Further Maths & Biology & Chemistry & Physics,5,2,0.01
2022 to 23,East of England,Male,Maths & Further Maths & Biology & Chemistry & Physics,5,0,0.0
2022 to 23,North East,Male,Maths & Further Maths & Biology & Chemistry & Physics,5,0,0.0
2022 to 23,West Midlands,Male,Maths & Further Maths & Biology & Chemistry & Physics,5,5,0.044
2022 to 23,East Midlands,All,Maths & Further Maths & Biology & Physics & Computer Science,5,0,0.0
2022 to 23,South West,All,Maths & Further Maths & Biology & Physics & Computer Science,5,0,0.0
2022 to 23,North West,All,Maths & Further Maths & Biology & Physics & Computer Science,5,0,0.0
2022 to 23,Yorkshire and The Humber,All,Maths & Further Maths & Biology & Physics & Computer Science,5,0,0.0
2022 to 23,South East,All,Maths & Further Maths & Biology & Physics & Computer Science,5,1,0.002
2022 to 23,London,All,Maths & Further Maths & Biology & Physics & Computer Science,5,0,0.0
2022 to 23,East of England,All,Maths & Further Maths & Biology & Physics & Computer Science,5,0,0.0
2022 to 23,North East,All,Maths & Further Maths & Biology & Physics & Computer Science,5,0,0.0
2022 to 23,West Midlands,All,Maths & Further Maths & Biology & Physics & Computer Science,5,0,0.0
2022 to 23,East Midlands,Female,Physics,1,28,0.259
2022 to 23,South West,Female,Physics,1,31,0.256
2022 to 23,North West,Female,Physics,1,32,0.178
2022 to 23,Yorkshire and The Humber,Female,Physics,1,26,0.203
2022 to 23,South East,Female,Physics,1,65,0.258
2022 to 23,London,Female,Physics,1,50,0.199
2022 to 23,East of England,Female,Physics,1,51,0.319
2022 to 23,North East,Female,Physics,1,11,0.203
2022 to 23,West Midlands,Female,Physics,1,37,0.256
2022 to 23,East Midlands,All,Biology & Physics & Computer Science,3,5,0.025
2022 to 23,South West,All,Biology & Physics & Computer Science,3,4,0.018
2022 to 23,North West,All,Biology & Physics & Computer Science,3,3,0.009
2022 to 23,Yorkshire and The Humber,All,Biology & Physics & Computer Science,3,4,0.018
2022 to 23,South East,All,Biology & Physics & Computer Science,3,4,0.009
2022 to 23,London,All,Biology & Physics & Computer Science,3,8,0.017
2022 to 23,East of England,All,Biology & Physics & Computer Science,3,8,0.027
2022 to 23,North East,All,Biology & Physics & Computer Science,3,0,0.0
2022 to 23,West Midlands,All,Biology & Physics & Computer Science,3,5,0.019
2022 to 23,East Midlands,Female,Further Maths & Biology & Chemistry,3,0,0.0
2022 to 23,South West,Female,Further Maths & Biology & Chemistry,3,0,0.0
2022 to 23,North West,Female,Further Maths & Biology & Chemistry,3,0,0.0
2022 to 23,Yorkshire and The Humber,Female,Further Maths & Biology & Chemistry,3,0,0.0
2022 to 23,South East,Female,Further Maths & Biology & Chemistry,3,1,0.004
2022 to 23,London,Female,Further Maths & Biology & Chemistry,3,0,0.0
2022 to 23,East of England,Female,Further Maths & Biology & Chemistry,3,0,0.0
2022 to 23,North East,Female,Further Maths & Biology & Chemistry,3,0,0.0
2022 to 23,West Midlands,Female,Further Maths & Biology & Chemistry,3,0,0.0
2022 to 23,East Midlands,All,Maths & Biology & Computer Science,3,20,0.102
2022 to 23,South West,All,Maths & Biology & Computer Science,3,22,0.099
2022 to 23,North West,All,Maths & Biology & Computer Science,3,28,0.087
2022 to 23,Yorkshire and The Humber,All,Maths & Biology & Computer Science,3,30,0.134
2022 to 23,South East,All,Maths & Biology & Computer Science,3,46,0.098
2022 to 23,London,All,Maths & Biology & Computer Science,3,51,0.111
2022 to 23,East of England,All,Maths & Biology & Computer Science,3,27,0.092
2022 to 23,North East,All,Maths & Biology & Computer Science,3,9,0.094
2022 to 23,West Midlands,All,Maths & Biology & Computer Science,3,21,0.082
2022 to 23,East Midlands,Male,Biology & Physics & Computer Science,3,4,0.045
2022 to 23,South West,Male,Biology & Physics & Computer Science,3,4,0.039
2022 to 23,North West,Male,Biology & Physics & Computer Science,3,2,0.014
2022 to 23,Yorkshire and The Humber,Male,Biology & Physics & Computer Science,3,4,0.042
2022 to 23,South East,Male,Biology & Physics & Computer Science,3,4,0.018
2022 to 23,London,Male,Biology & Physics & Computer Science,3,7,0.034
2022 to 23,East of England,Male,Biology & Physics & Computer Science,3,5,0.037
2022 to 23,North East,Male,Biology & Physics & Computer Science,3,0,0.0
2022 to 23,West Midlands,Male,Biology & Physics & Computer Science,3,5,0.044
2022 to 23,East Midlands,Male,Further Maths & Biology & Physics & Computer Science,4,0,0.0
2022 to 23,South West,Male,Further Maths & Biology & Physics & Computer Science,4,0,0.0
2022 to 23,North West,Male,Further Maths & Biology & Physics & Computer Science,4,0,0.0
2022 to 23,Yorkshire and The Humber,Male,Further Maths & Biology & Physics & Computer Science,4,0,0.0
2022 to 23,South East,Male,Further Maths & Biology & Physics & Computer Science,4,0,0.0
2022 to 23,London,Male,Further Maths & Biology & Physics & Computer Science,4,0,0.0
2022 to 23,East of England,Male,Further Maths & Biology & Physics & Computer Science,4,0,0.0
2022 to 23,North East,Male,Further Maths & Biology & Physics & Computer Science,4,0,0.0
2022 to 23,West Midlands,Male,Further Maths & Biology & Physics & Computer Science,4,0,0.0
2022 to 23,East Midlands,Male,Maths & Biology & Computer Science,3,18,0.203
2022 to 23,South West,Male,Maths & Biology & Computer Science,3,14,0.138
2022 to 23,North West,Male,Maths & Biology & Computer Science,3,22,0.156
2022 to 23,Yorkshire and The Humber,Male,Maths & Biology & Computer Science,3,24,0.249
2022 to 23,South East,Male,Maths & Biology & Computer Science,3,38,0.174
2022 to 23,London,Male,Maths & Biology & Computer Science,3,36,0.174
2022 to 23,East of England,Male,Maths & Biology & Computer Science,3,19,0.14
2022 to 23,North East,Male,Maths & Biology & Computer Science,3,8,0.192
2022 to 23,West Midlands,Male,Maths & Biology & Computer Science,3,13,0.115
2022 to 23,East Midlands,All,Physics,1,158,0.803
2022 to 23,South West,All,Physics,1,170,0.762
2022 to 23,North West,All,Physics,1,148,0.461
2022 to 23,Yorkshire and The Humber,All,Physics,1,142,0.633
2022 to 23,South East,All,Physics,1,326,0.693
2022 to 23,London,All,Physics,1,184,0.401
2022 to 23,East of England,All,Physics,1,224,0.759
2022 to 23,North East,All,Physics,1,64,0.669
2022 to 23,West Midlands,All,Physics,1,176,0.684
2022 to 23,East Midlands,Male,Chemistry & Physics & Computer Science,3,4,0.045
2022 to 23,South West,Male,Chemistry & Physics & Computer Science,3,8,0.079
2022 to 23,North West,Male,Chemistry & Physics & Computer Science,3,6,0.043
2022 to 23,Yorkshire and The Humber,Male,Chemistry & Physics & Computer Science,3,5,0.052
2022 to 23,South East,Male,Chemistry & Physics & Computer Science,3,6,0.028
2022 to 23,London,Male,Chemistry & Physics & Computer Science,3,7,0.034
2022 to 23,East of England,Male,Chemistry & Physics & Computer Science,3,7,0.052
2022 to 23,North East,Male,Chemistry & Physics & Computer Science,3,2,0.048
2022 to 23,West Midlands,Male,Chemistry & Physics & Computer Science,3,12,0.106
2022 to 23,East Midlands,Female,Maths & Further Maths & Chemistry & Physics & Computer Science,5,0,0.0
2022 to 23,South West,Female,Maths & Further Maths & Chemistry & Physics & Computer Science,5,0,0.0
2022 to 23,North West,Female,Maths & Further Maths & Chemistry & Physics & Computer Science,5,0,0.0
2022 to 23,Yorkshire and The Humber,Female,Maths & Further Maths & Chemistry & Physics & Computer Science,5,0,0.0
2022 to 23,South East,Female,Maths & Further Maths & Chemistry & Physics & Computer Science,5,0,0.0
2022 to 23,London,Female,Maths & Further Maths & Chemistry & Physics & Computer Science,5,0,0.0
2022 to 23,East of England,Female,Maths & Further Maths & Chemistry & Physics & Computer Science,5,1,0.006
2022 to 23,North East,Female,Maths & Further Maths & Chemistry & Physics & Computer Science,5,0,0.0
2022 to 23,West Midlands,Female,Maths & Further Maths & Chemistry & Physics & Computer Science,5,0,0.0
2022 to 23,East Midlands,Male,Physics,1,130,1.464
2022 to 23,South West,Male,Physics,1,139,1.366
2022 to 23,North West,Male,Physics,1,116,0.825
2022 to 23,Yorkshire and The Humber,Male,Physics,1,116,1.206
2022 to 23,South East,Male,Physics,1,261,1.198
2022 to 23,London,Male,Physics,1,134,0.648
2022 to 23,East of England,Male,Physics,1,173,1.278
2022 to 23,North East,Male,Physics,1,53,1.275
2022 to 23,West Midlands,Male,Physics,1,139,1.229
2022 to 23,East Midlands,Female,Chemistry & Physics & Computer Science,3,1,0.009
2022 to 23,South West,Female,Chemistry & Physics & Computer Science,3,0,0.0
2022 to 23,North West,Female,Chemistry & Physics & Computer Science,3,0,0.0
2022 to 23,Yorkshire and The Humber,Female,Chemistry & Physics & Computer Science,3,1,0.008
2022 to 23,South East,Female,Chemistry & Physics & Computer Science,3,1,0.004
2022 to 23,London,Female,Chemistry & Physics & Computer Science,3,0,0.0
2022 to 23,East of England,Female,Chemistry & Physics & Computer Science,3,0,0.0
2022 to 23,North East,Female,Chemistry & Physics & Computer Science,3,0,0.0
2022 to 23,West Midlands,Female,Chemistry & Physics & Computer Science,3,2,0.014
2022 to 23,East Midlands,Female,Further Maths & Chemistry & Physics & Computer Science,4,0,0.0
2022 to 23,South West,Female,Further Maths & Chemistry & Physics & Computer Science,4,0,0.0
2022 to 23,North West,Female,Further Maths & Chemistry & Physics & Computer Science,4,0,0.0
2022 to 23,Yorkshire and The Humber,Female,Further Maths & Chemistry & Physics & Computer Science,4,0,0.0
2022 to 23,South East,Female,Further Maths & Chemistry & Physics & Computer Science,4,0,0.0
2022 to 23,London,Female,Further Maths & Chemistry & Physics & Computer Science,4,0,0.0
2022 to 23,East of England,Female,Further Maths & Chemistry & Physics & Computer Science,4,0,0.0
2022 to 23,North East,Female,Further Maths & Chemistry & Physics & Computer Science,4,0,0.0
2022 to 23,West Midlands,Female,Further Maths & Chemistry & Physics & Computer Science,4,0,0.0
2022 to 23,East Midlands,Female,Maths & Biology & Physics,3,29,0.268
2022 to 23,South West,Female,Maths & Biology & Physics,3,31,0.256
2022 to 23,North West,Female,Maths & Biology & Physics,3,30,0.167
2022 to 23,Yorkshire and The Humber,Female,Maths & Biology & Physics,3,29,0.226
2022 to 23,South East,Female,Maths & Biology & Physics,3,58,0.23
2022 to 23,London,Female,Maths & Biology & Physics,3,53,0.211
2022 to 23,East of England,Female,Maths & Biology & Physics,3,24,0.15
2022 to 23,North East,Female,Maths & Biology & Physics,3,14,0.259
2022 to 23,West Midlands,Female,Maths & Biology & Physics,3,31,0.215
2022 to 23,East Midlands,Male,Computer Science,1,287,3.232
2022 to 23,South West,Male,Computer Science,1,288,2.83
2022 to 23,North West,Male,Computer Science,1,540,3.84
2022 to 23,Yorkshire and The Humber,Male,Computer Science,1,289,3.004
2022 to 23,South East,Male,Computer Science,1,574,2.634
2022 to 23,London,Male,Computer Science,1,655,3.167
2022 to 23,East of England,Male,Computer Science,1,399,2.947
2022 to 23,North East,Male,Computer Science,1,141,3.392
2022 to 23,West Midlands,Male,Computer Science,1,373,3.298
2022 to 23,East Midlands,All,Further Maths & Biology & Physics & Computer Science,4,0,0.0
2022 to 23,South West,All,Further Maths & Biology & Physics & Computer Science,4,0,0.0
2022 to 23,North West,All,Further Maths & Biology & Physics & Computer Science,4,0,0.0
2022 to 23,Yorkshire and The Humber,All,Further Maths & Biology & Physics & Computer Science,4,0,0.0
2022 to 23,South East,All,Further Maths & Biology & Physics & Computer Science,4,0,0.0
2022 to 23,London,All,Further Maths & Biology & Physics & Computer Science,4,0,0.0
2022 to 23,East of England,All,Further Maths & Biology & Physics & Computer Science,4,0,0.0
2022 to 23,North East,All,Further Maths & Biology & Physics & Computer Science,4,0,0.0
2022 to 23,West Midlands,All,Further Maths & Biology & Physics & Computer Science,4,0,0.0
2022 to 23,East Midlands,All,Chemistry & Physics,2,54,0.274
2022 to 23,South West,All,Chemistry & Physics,2,41,0.184
2022 to 23,North West,All,Chemistry & Physics,2,40,0.125
2022 to 23,Yorkshire and The Humber,All,Chemistry & Physics,2,34,0.151
2022 to 23,South East,All,Chemistry & Physics,2,66,0.14
2022 to 23,London,All,Chemistry & Physics,2,49,0.107
2022 to 23,East of England,All,Chemistry & Physics,2,39,0.132
2022 to 23,North East,All,Chemistry & Physics,2,18,0.188
2022 to 23,West Midlands,All,Chemistry & Physics,2,61,0.237
2022 to 23,East Midlands,Female,Computer Science,1,42,0.389
2022 to 23,South West,Female,Computer Science,1,36,0.297
2022 to 23,North West,Female,Computer Science,1,89,0.494
2022 to 23,Yorkshire and The Humber,Female,Computer Science,1,37,0.289
2022 to 23,South East,Female,Computer Science,1,107,0.424
2022 to 23,London,Female,Computer Science,1,154,0.612
2022 to 23,East of England,Female,Computer Science,1,54,0.338
2022 to 23,North East,Female,Computer Science,1,20,0.37
2022 to 23,West Midlands,Female,Computer Science,1,65,0.45
2022 to 23,East Midlands,Male,Zero Maths/Science subjects,0,3965,44.646
2022 to 23,South West,Male,Zero Maths/Science subjects,0,4661,45.795
2022 to 23,North West,Male,Zero Maths/Science subjects,0,6573,46.743
2022 to 23,Yorkshire and The Humber,Male,Zero Maths/Science subjects,0,4463,46.388
2022 to 23,South East,Male,Zero Maths/Science subjects,0,10383,47.642
2022 to 23,London,Male,Zero Maths/Science subjects,0,7959,38.481
2022 to 23,East of England,Male,Zero Maths/Science subjects,0,6377,47.101
2022 to 23,North East,Male,Zero Maths/Science subjects,0,2047,49.242
2022 to 23,West Midlands,Male,Zero Maths/Science subjects,0,4759,42.082
2022 to 23,East Midlands,Male,Maths & Further Maths & Chemistry & Physics & Computer Science,5,2,0.023
2022 to 23,South West,Male,Maths & Further Maths & Chemistry & Physics & Computer Science,5,1,0.01
2022 to 23,North West,Male,Maths & Further Maths & Chemistry & Physics & Computer Science,5,2,0.014
2022 to 23,Yorkshire and The Humber,Male,Maths & Further Maths & Chemistry & Physics & Computer Science,5,1,0.01
2022 to 23,South East,Male,Maths & Further Maths & Chemistry & Physics & Computer Science,5,4,0.018
2022 to 23,London,Male,Maths & Further Maths & Chemistry & Physics & Computer Science,5,4,0.019
2022 to 23,East of England,Male,Maths & Further Maths & Chemistry & Physics & Computer Science,5,0,0.0
2022 to 23,North East,Male,Maths & Further Maths & Chemistry & Physics & Computer Science,5,0,0.0
2022 to 23,West Midlands,Male,Maths & Further Maths & Chemistry & Physics & Computer Science,5,1,0.009
2022 to 23,East Midlands,All,Maths & Biology & Physics,3,97,0.493
2022 to 23,South West,All,Maths & Biology & Physics,3,113,0.506
2022 to 23,North West,All,Maths & Biology & Physics,3,108,0.337
2022 to 23,Yorkshire and The Humber,All,Maths & Biology & Physics,3,79,0.352
2022 to 23,South East,All,Maths & Biology & Physics,3,215,0.457
2022 to 23,London,All,Maths & Biology & Physics,3,202,0.441
2022 to 23,East of England,All,Maths & Biology & Physics,3,115,0.39
2022 to 23,North East,All,Maths & Biology & Physics,3,43,0.45
2022 to 23,West Midlands,All,Maths & Biology & Physics,3,107,0.416
2022 to 23,East Midlands,Female,Zero Maths/Science subjects,0,6637,61.42
2022 to 23,South West,Female,Zero Maths/Science subjects,0,7682,63.315
2022 to 23,North West,Female,Zero Maths/Science subjects,0,11300,62.732
2022 to 23,Yorkshire and The Humber,Female,Zero Maths/Science subjects,0,8243,64.278
2022 to 23,South East,Female,Zero Maths/Science subjects,0,16009,63.435
2022 to 23,London,Female,Zero Maths/Science subjects,0,13884,55.176
2022 to 23,East of England,Female,Zero Maths/Science subjects,0,10135,63.487
2022 to 23,North East,Female,Zero Maths/Science subjects,0,3595,66.476
2022 to 23,West Midlands,Female,Zero Maths/Science subjects,0,8682,60.125
2022 to 23,East Midlands,Male,Further Maths & Chemistry & Physics & Computer Science,4,0,0.0
2022 to 23,South West,Male,Further Maths & Chemistry & Physics & Computer Science,4,0,0.0
2022 to 23,North West,Male,Further Maths & Chemistry & Physics & Computer Science,4,0,0.0
2022 to 23,Yorkshire and The Humber,Male,Further Maths & Chemistry & Physics & Computer Science,4,0,0.0
2022 to 23,South East,Male,Further Maths & Chemistry & Physics & Computer Science,4,0,0.0
2022 to 23,London,Male,Further Maths & Chemistry & Physics & Computer Science,4,0,0.0
2022 to 23,East of England,Male,Further Maths & Chemistry & Physics & Computer Science,4,0,0.0
2022 to 23,North East,Male,Further Maths & Chemistry & Physics & Computer Science,4,0,0.0
2022 to 23,West Midlands,Male,Further Maths & Chemistry & Physics & Computer Science,4,0,0.0
2022 to 23,East Midlands,Male,Maths & Biology & Physics,3,68,0.766
2022 to 23,South West,Male,Maths & Biology & Physics,3,82,0.806
2022 to 23,North West,Male,Maths & Biology & Physics,3,78,0.555
2022 to 23,Yorkshire and The Humber,Male,Maths & Biology & Physics,3,50,0.52
2022 to 23,South East,Male,Maths & Biology & Physics,3,157,0.72
2022 to 23,London,Male,Maths & Biology & Physics,3,149,0.72
2022 to 23,East of England,Male,Maths & Biology & Physics,3,91,0.672
2022 to 23,North East,Male,Maths & Biology & Physics,3,29,0.698
2022 to 23,West Midlands,Male,Maths & Biology & Physics,3,76,0.672
2022 to 23,East Midlands,All,Computer Science,1,329,1.671
2022 to 23,South West,All,Computer Science,1,324,1.452
2022 to 23,North West,All,Computer Science,1,629,1.961
2022 to 23,Yorkshire and The Humber,All,Computer Science,1,326,1.452
2022 to 23,South East,All,Computer Science,1,681,1.448
2022 to 23,London,All,Computer Science,1,809,1.765
2022 to 23,East of England,All,Computer Science,1,453,1.535
2022 to 23,North East,All,Computer Science,1,161,1.683
2022 to 23,West Midlands,All,Computer Science,1,438,1.701
2022 to 23,East Midlands,Female,Further Maths & Biology,2,0,0.0
2022 to 23,South West,Female,Further Maths & Biology,2,0,0.0
2022 to 23,North West,Female,Further Maths & Biology,2,0,0.0
2022 to 23,Yorkshire and The Humber,Female,Further Maths & Biology,2,0,0.0
2022 to 23,South East,Female,Further Maths & Biology,2,0,0.0
2022 to 23,London,Female,Further Maths & Biology,2,0,0.0
2022 to 23,East of England,Female,Further Maths & Biology,2,0,0.0
2022 to 23,North East,Female,Further Maths & Biology,2,0,0.0
2022 to 23,West Midlands,Female,Further Maths & Biology,2,0,0.0
2022 to 23,East Midlands,Male,Biology & Chemistry & Computer Science,3,30,0.338
2022 to 23,South West,Male,Biology & Chemistry & Computer Science,3,14,0.138
2022 to 23,North West,Male,Biology & Chemistry & Computer Science,3,43,0.306
2022 to 23,Yorkshire and The Humber,Male,Biology & Chemistry & Computer Science,3,18,0.187
2022 to 23,South East,Male,Biology & Chemistry & Computer Science,3,40,0.184
2022 to 23,London,Male,Biology & Chemistry & Computer Science,3,27,0.131
2022 to 23,East of England,Male,Biology & Chemistry & Computer Science,3,16,0.118
2022 to 23,North East,Male,Biology & Chemistry & Computer Science,3,6,0.144
2022 to 23,West Midlands,Male,Biology & Chemistry & Computer Science,3,28,0.248
2022 to 23,East Midlands,All,Zero Maths/Science subjects,0,10602,53.853
2022 to 23,South West,All,Zero Maths/Science subjects,0,12343,55.322
2022 to 23,North West,All,Zero Maths/Science subjects,0,17874,55.724
2022 to 23,Yorkshire and The Humber,All,Zero Maths/Science subjects,0,12706,56.609
2022 to 23,South East,All,Zero Maths/Science subjects,0,26392,56.116
2022 to 23,London,All,Zero Maths/Science subjects,0,21843,47.644
2022 to 23,East of England,All,Zero Maths/Science subjects,0,16512,55.967
2022 to 23,North East,All,Zero Maths/Science subjects,0,5642,58.986
2022 to 23,West Midlands,All,Zero Maths/Science subjects,0,13441,52.2
2022 to 23,East Midlands,All,Maths & Further Maths & Chemistry & Physics & Computer Science,5,2,0.01
2022 to 23,South West,All,Maths & Further Maths & Chemistry & Physics & Computer Science,5,1,0.004
2022 to 23,North West,All,Maths & Further Maths & Chemistry & Physics & Computer Science,5,2,0.006
2022 to 23,Yorkshire and The Humber,All,Maths & Further Maths & Chemistry & Physics & Computer Science,5,1,0.004
2022 to 23,South East,All,Maths & Further Maths & Chemistry & Physics & Computer Science,5,4,0.009
2022 to 23,London,All,Maths & Further Maths & Chemistry & Physics & Computer Science,5,4,0.009
2022 to 23,East of England,All,Maths & Further Maths & Chemistry & Physics & Computer Science,5,1,0.003
2022 to 23,North East,All,Maths & Further Maths & Chemistry & Physics & Computer Science,5,0,0.0
2022 to 23,West Midlands,All,Maths & Further Maths & Chemistry & Physics & Computer Science,5,1,0.004
2022 to 23,East Midlands,Female,Maths & Chemistry & Computer Science,3,5,0.046
2022 to 23,South West,Female,Maths & Chemistry & Computer Science,3,3,0.025
2022 to 23,North West,Female,Maths & Chemistry & Computer Science,3,19,0.105
2022 to 23,Yorkshire and The Humber,Female,Maths & Chemistry & Computer Science,3,3,0.023
2022 to 23,South East,Female,Maths & Chemistry & Computer Science,3,12,0.048
2022 to 23,London,Female,Maths & Chemistry & Computer Science,3,20,0.079
2022 to 23,East of England,Female,Maths & Chemistry & Computer Science,3,6,0.038
2022 to 23,North East,Female,Maths & Chemistry & Computer Science,3,1,0.018
2022 to 23,West Midlands,Female,Maths & Chemistry & Computer Science,3,6,0.042
2022 to 23,East Midlands,Male,Biology & Chemistry & Physics,3,84,0.946
2022 to 23,South West,Male,Biology & Chemistry & Physics,3,52,0.511
2022 to 23,North West,Male,Biology & Chemistry & Physics,3,88,0.626
2022 to 23,Yorkshire and The Humber,Male,Biology & Chemistry & Physics,3,55,0.572
2022 to 23,South East,Male,Biology & Chemistry & Physics,3,95,0.436
2022 to 23,London,Male,Biology & Chemistry & Physics,3,87,0.421
2022 to 23,East of England,Male,Biology & Chemistry & Physics,3,88,0.65
2022 to 23,North East,Male,Biology & Chemistry & Physics,3,21,0.505
2022 to 23,West Midlands,Male,Biology & Chemistry & Physics,3,91,0.805
2022 to 23,East Midlands,All,Further Maths & Chemistry & Physics & Computer Science,4,0,0.0
2022 to 23,South West,All,Further Maths & Chemistry & Physics & Computer Science,4,0,0.0
2022 to 23,North West,All,Further Maths & Chemistry & Physics & Computer Science,4,0,0.0
2022 to 23,Yorkshire and The Humber,All,Further Maths & Chemistry & Physics & Computer Science,4,0,0.0
2022 to 23,South East,All,Further Maths & Chemistry & Physics & Computer Science,4,0,0.0
2022 to 23,London,All,Further Maths & Chemistry & Physics & Computer Science,4,0,0.0
2022 to 23,East of England,All,Further Maths & Chemistry & Physics & Computer Science,4,0,0.0
2022 to 23,North East,All,Further Maths & Chemistry & Physics & Computer Science,4,0,0.0
2022 to 23,West Midlands,All,Further Maths & Chemistry & Physics & Computer Science,4,0,0.0
2022 to 23,East Midlands,All,Further Maths & Biology,2,0,0.0
2022 to 23,South West,All,Further Maths & Biology,2,0,0.0
2022 to 23,North West,All,Further Maths & Biology,2,0,0.0
2022 to 23,Yorkshire and The Humber,All,Further Maths & Biology,2,0,0.0
2022 to 23,South East,All,Further Maths & Biology,2,0,0.0
2022 to 23,London,All,Further Maths & Biology,2,0,0.0
2022 to 23,East of England,All,Further Maths & Biology,2,0,0.0
2022 to 23,North East,All,Further Maths & Biology,2,0,0.0
2022 to 23,West Midlands,All,Further Maths & Biology,2,0,0.0
2022 to 23,East Midlands,Female,Biology & Chemistry & Physics,3,52,0.481
2022 to 23,South West,Female,Biology & Chemistry & Physics,3,41,0.338
2022 to 23,North West,Female,Biology & Chemistry & Physics,3,75,0.416
2022 to 23,Yorkshire and The Humber,Female,Biology & Chemistry & Physics,3,34,0.265
2022 to 23,South East,Female,Biology & Chemistry & Physics,3,69,0.273
2022 to 23,London,Female,Biology & Chemistry & Physics,3,74,0.294
2022 to 23,East of England,Female,Biology & Chemistry & Physics,3,59,0.37
2022 to 23,North East,Female,Biology & Chemistry & Physics,3,32,0.592
2022 to 23,West Midlands,Female,Biology & Chemistry & Physics,3,73,0.506
2022 to 23,East Midlands,Male,Further Maths & Biology,2,0,0.0
2022 to 23,South West,Male,Further Maths & Biology,2,0,0.0
2022 to 23,North West,Male,Further Maths & Biology,2,0,0.0
2022 to 23,Yorkshire and The Humber,Male,Further Maths & Biology,2,0,0.0
2022 to 23,South East,Male,Further Maths & Biology,2,0,0.0
2022 to 23,London,Male,Further Maths & Biology,2,0,0.0
2022 to 23,East of England,Male,Further Maths & Biology,2,0,0.0
2022 to 23,North East,Male,Further Maths & Biology,2,0,0.0
2022 to 23,West Midlands,Male,Further Maths & Biology,2,0,0.0
2022 to 23,East Midlands,All,Biology & Chemistry & Computer Science,3,37,0.188
2022 to 23,South West,All,Biology & Chemistry & Computer Science,3,16,0.072
2022 to 23,North West,All,Biology & Chemistry & Computer Science,3,49,0.153
2022 to 23,Yorkshire and The Humber,All,Biology & Chemistry & Computer Science,3,23,0.102
2022 to 23,South East,All,Biology & Chemistry & Computer Science,3,48,0.102
2022 to 23,London,All,Biology & Chemistry & Computer Science,3,45,0.098
2022 to 23,East of England,All,Biology & Chemistry & Computer Science,3,22,0.075
2022 to 23,North East,All,Biology & Chemistry & Computer Science,3,7,0.073
2022 to 23,West Midlands,All,Biology & Chemistry & Computer Science,3,38,0.148
2022 to 23,East Midlands,Female,Biology & Physics & Computer Science,3,1,0.009
2022 to 23,South West,Female,Biology & Physics & Computer Science,3,0,0.0
2022 to 23,North West,Female,Biology & Physics & Computer Science,3,1,0.006
2022 to 23,Yorkshire and The Humber,Female,Biology & Physics & Computer Science,3,0,0.0
2022 to 23,South East,Female,Biology & Physics & Computer Science,3,0,0.0
2022 to 23,London,Female,Biology & Physics & Computer Science,3,1,0.004
2022 to 23,East of England,Female,Biology & Physics & Computer Science,3,3,0.019
2022 to 23,North East,Female,Biology & Physics & Computer Science,3,0,0.0
2022 to 23,West Midlands,Female,Biology & Physics & Computer Science,3,0,0.0
2022 to 23,East Midlands,Female,Biology & Chemistry & Physics & Computer Science,4,1,0.009
2022 to 23,South West,Female,Biology & Chemistry & Physics & Computer Science,4,0,0.0
2022 to 23,North West,Female,Biology & Chemistry & Physics & Computer Science,4,0,0.0
2022 to 23,Yorkshire and The Humber,Female,Biology & Chemistry & Physics & Computer Science,4,0,0.0
2022 to 23,South East,Female,Biology & Chemistry & Physics & Computer Science,4,0,0.0
2022 to 23,London,Female,Biology & Chemistry & Physics & Computer Science,4,0,0.0
2022 to 23,East of England,Female,Biology & Chemistry & Physics & Computer Science,4,0,0.0
2022 to 23,North East,Female,Biology & Chemistry & Physics & Computer Science,4,0,0.0
2022 to 23,West Midlands,Female,Biology & Chemistry & Physics & Computer Science,4,0,0.0
2022 to 23,East Midlands,Male,Maths & Chemistry & Computer Science,3,27,0.304
2022 to 23,South West,Male,Maths & Chemistry & Computer Science,3,28,0.275
2022 to 23,North West,Male,Maths & Chemistry & Computer Science,3,53,0.377
2022 to 23,Yorkshire and The Humber,Male,Maths & Chemistry & Computer Science,3,24,0.249
2022 to 23,South East,Male,Maths & Chemistry & Computer Science,3,44,0.202
2022 to 23,London,Male,Maths & Chemistry & Computer Science,3,60,0.29
2022 to 23,East of England,Male,Maths & Chemistry & Computer Science,3,33,0.244
2022 to 23,North East,Male,Maths & Chemistry & Computer Science,3,9,0.217
2022 to 23,West Midlands,Male,Maths & Chemistry & Computer Science,3,50,0.442
2022 to 23,East Midlands,All,Biology & Chemistry & Physics,3,136,0.691
2022 to 23,South West,All,Biology & Chemistry & Physics,3,93,0.417
2022 to 23,North West,All,Biology & Chemistry & Physics,3,163,0.508
2022 to 23,Yorkshire and The Humber,All,Biology & Chemistry & Physics,3,89,0.397
2022 to 23,South East,All,Biology & Chemistry & Physics,3,164,0.349
2022 to 23,London,All,Biology & Chemistry & Physics,3,161,0.351
2022 to 23,East of England,All,Biology & Chemistry & Physics,3,147,0.498
2022 to 23,North East,All,Biology & Chemistry & Physics,3,53,0.554
2022 to 23,West Midlands,All,Biology & Chemistry & Physics,3,164,0.637
2022 to 23,East Midlands,Female,Maths & Biology & Chemistry & Computer Science,4,3,0.028
2022 to 23,South West,Female,Maths & Biology & Chemistry & Computer Science,4,1,0.008
2022 to 23,North West,Female,Maths & Biology & Chemistry & Computer Science,4,2,0.011
2022 to 23,Yorkshire and The Humber,Female,Maths & Biology & Chemistry & Computer Science,4,1,0.008
2022 to 23,South East,Female,Maths & Biology & Chemistry & Computer Science,4,4,0.016
2022 to 23,London,Female,Maths & Biology & Chemistry & Computer Science,4,0,0.0
2022 to 23,East of England,Female,Maths & Biology & Chemistry & Computer Science,4,5,0.031
2022 to 23,North East,Female,Maths & Biology & Chemistry & Computer Science,4,0,0.0
2022 to 23,West Midlands,Female,Maths & Biology & Chemistry & Computer Science,4,0,0.0
2022 to 23,East Midlands,Female,Further Maths & Chemistry,2,0,0.0
2022 to 23,South West,Female,Further Maths & Chemistry,2,0,0.0
2022 to 23,North West,Female,Further Maths & Chemistry,2,0,0.0
2022 to 23,Yorkshire and The Humber,Female,Further Maths & Chemistry,2,0,0.0
2022 to 23,South East,Female,Further Maths & Chemistry,2,0,0.0
2022 to 23,London,Female,Further Maths & Chemistry,2,0,0.0
2022 to 23,East of England,Female,Further Maths & Chemistry,2,0,0.0
2022 to 23,North East,Female,Further Maths & Chemistry,2,0,0.0
2022 to 23,West Midlands,Female,Further Maths & Chemistry,2,0,0.0
2022 to 23,East Midlands,Male,Maths & Chemistry & Physics,3,229,2.579
2022 to 23,South West,Male,Maths & Chemistry & Physics,3,291,2.859
2022 to 23,North West,Male,Maths & Chemistry & Physics,3,424,3.015
2022 to 23,Yorkshire and The Humber,Male,Maths & Chemistry & Physics,3,304,3.16
2022 to 23,South East,Male,Maths & Chemistry & Physics,3,488,2.239
2022 to 23,London,Male,Maths & Chemistry & Physics,3,623,3.012
2022 to 23,East of England,Male,Maths & Chemistry & Physics,3,336,2.482
2022 to 23,North East,Male,Maths & Chemistry & Physics,3,143,3.44
2022 to 23,West Midlands,Male,Maths & Chemistry & Physics,3,314,2.777
2022 to 23,East Midlands,All,Biology & Chemistry & Physics & Computer Science,4,2,0.01
2022 to 23,South West,All,Biology & Chemistry & Physics & Computer Science,4,0,0.0
2022 to 23,North West,All,Biology & Chemistry & Physics & Computer Science,4,1,0.003
2022 to 23,Yorkshire and The Humber,All,Biology & Chemistry & Physics & Computer Science,4,1,0.004
2022 to 23,South East,All,Biology & Chemistry & Physics & Computer Science,4,0,0.0
2022 to 23,London,All,Biology & Chemistry & Physics & Computer Science,4,0,0.0
2022 to 23,East of England,All,Biology & Chemistry & Physics & Computer Science,4,0,0.0
2022 to 23,North East,All,Biology & Chemistry & Physics & Computer Science,4,0,0.0
2022 to 23,West Midlands,All,Biology & Chemistry & Physics & Computer Science,4,2,0.008
2022 to 23,East Midlands,Female,Maths & Chemistry & Physics,3,75,0.694
2022 to 23,South West,Female,Maths & Chemistry & Physics,3,70,0.577
2022 to 23,North West,Female,Maths & Chemistry & Physics,3,116,0.644
2022 to 23,Yorkshire and The Humber,Female,Maths & Chemistry & Physics,3,82,0.639
2022 to 23,South East,Female,Maths & Chemistry & Physics,3,157,0.622
2022 to 23,London,Female,Maths & Chemistry & Physics,3,231,0.918
2022 to 23,East of England,Female,Maths & Chemistry & Physics,3,101,0.633
2022 to 23,North East,Female,Maths & Chemistry & Physics,3,23,0.425
2022 to 23,West Midlands,Female,Maths & Chemistry & Physics,3,101,0.699
2022 to 23,East Midlands,All,Physics & Computer Science,2,57,0.29
2022 to 23,South West,All,Physics & Computer Science,2,50,0.224
2022 to 23,North West,All,Physics & Computer Science,2,44,0.137
2022 to 23,Yorkshire and The Humber,All,Physics & Computer Science,2,32,0.143
2022 to 23,South East,All,Physics & Computer Science,2,76,0.162
2022 to 23,London,All,Physics & Computer Science,2,55,0.12
2022 to 23,East of England,All,Physics & Computer Science,2,63,0.214
2022 to 23,North East,All,Physics & Computer Science,2,17,0.178
2022 to 23,West Midlands,All,Physics & Computer Science,2,52,0.202
2022 to 23,East Midlands,Male,Biology & Chemistry & Physics & Computer Science,4,1,0.011
2022 to 23,South West,Male,Biology & Chemistry & Physics & Computer Science,4,0,0.0
2022 to 23,North West,Male,Biology & Chemistry & Physics & Computer Science,4,1,0.007
2022 to 23,Yorkshire and The Humber,Male,Biology & Chemistry & Physics & Computer Science,4,1,0.01
2022 to 23,South East,Male,Biology & Chemistry & Physics & Computer Science,4,0,0.0
2022 to 23,London,Male,Biology & Chemistry & Physics & Computer Science,4,0,0.0
2022 to 23,East of England,Male,Biology & Chemistry & Physics & Computer Science,4,0,0.0
2022 to 23,North East,Male,Biology & Chemistry & Physics & Computer Science,4,0,0.0
2022 to 23,West Midlands,Male,Biology & Chemistry & Physics & Computer Science,4,2,0.018
2022 to 23,East Midlands,All,Maths & Chemistry & Computer Science,3,32,0.163
2022 to 23,South West,All,Maths & Chemistry & Computer Science,3,31,0.139
2022 to 23,North West,All,Maths & Chemistry & Computer Science,3,72,0.224
2022 to 23,Yorkshire and The Humber,All,Maths & Chemistry & Computer Science,3,27,0.12
2022 to 23,South East,All,Maths & Chemistry & Computer Science,3,56,0.119
2022 to 23,London,All,Maths & Chemistry & Computer Science,3,80,0.174
2022 to 23,East of England,All,Maths & Chemistry & Computer Science,3,39,0.132
2022 to 23,North East,All,Maths & Chemistry & Computer Science,3,10,0.105
2022 to 23,West Midlands,All,Maths & Chemistry & Computer Science,3,56,0.217
2022 to 23,East Midlands,Female,Maths & Further Maths & Biology,3,9,0.083
2022 to 23,South West,Female,Maths & Further Maths & Biology,3,7,0.058
2022 to 23,North West,Female,Maths & Further Maths & Biology,3,9,0.05
2022 to 23,Yorkshire and The Humber,Female,Maths & Further Maths & Biology,3,12,0.094
2022 to 23,South East,Female,Maths & Further Maths & Biology,3,20,0.079
2022 to 23,London,Female,Maths & Further Maths & Biology,3,15,0.06
2022 to 23,East of England,Female,Maths & Further Maths & Biology,3,11,0.069
2022 to 23,North East,Female,Maths & Further Maths & Biology,3,2,0.037
2022 to 23,West Midlands,Female,Maths & Further Maths & Biology,3,13,0.09
2022 to 23,East Midlands,Male,Maths & Biology & Chemistry & Computer Science,4,3,0.034
2022 to 23,South West,Male,Maths & Biology & Chemistry & Computer Science,4,2,0.02
2022 to 23,North West,Male,Maths & Biology & Chemistry & Computer Science,4,1,0.007
2022 to 23,Yorkshire and The Humber,Male,Maths & Biology & Chemistry & Computer Science,4,2,0.021
2022 to 23,South East,Male,Maths & Biology & Chemistry & Computer Science,4,7,0.032
2022 to 23,London,Male,Maths & Biology & Chemistry & Computer Science,4,5,0.024
2022 to 23,East of England,Male,Maths & Biology & Chemistry & Computer Science,4,8,0.059
2022 to 23,North East,Male,Maths & Biology & Chemistry & Computer Science,4,0,0.0
2022 to 23,West Midlands,Male,Maths & Biology & Chemistry & Computer Science,4,2,0.018
2022 to 23,East Midlands,Male,Further Maths & Chemistry,2,0,0.0
2022 to 23,South West,Male,Further Maths & Chemistry,2,0,0.0
2022 to 23,North West,Male,Further Maths & Chemistry,2,0,0.0
2022 to 23,Yorkshire and The Humber,Male,Further Maths & Chemistry,2,0,0.0
2022 to 23,South East,Male,Further Maths & Chemistry,2,2,0.009
2022 to 23,London,Male,Further Maths & Chemistry,2,0,0.0
2022 to 23,East of England,Male,Further Maths & Chemistry,2,0,0.0
2022 to 23,North East,Male,Further Maths & Chemistry,2,0,0.0
2022 to 23,West Midlands,Male,Further Maths & Chemistry,2,0,0.0
2022 to 23,East Midlands,All,Maths & Chemistry & Physics,3,304,1.544
2022 to 23,South West,All,Maths & Chemistry & Physics,3,361,1.618
2022 to 23,North West,All,Maths & Chemistry & Physics,3,540,1.684
2022 to 23,Yorkshire and The Humber,All,Maths & Chemistry & Physics,3,386,1.72
2022 to 23,South East,All,Maths & Chemistry & Physics,3,645,1.371
2022 to 23,London,All,Maths & Chemistry & Physics,3,854,1.863
2022 to 23,East of England,All,Maths & Chemistry & Physics,3,437,1.481
2022 to 23,North East,All,Maths & Chemistry & Physics,3,166,1.735
2022 to 23,West Midlands,All,Maths & Chemistry & Physics,3,415,1.612
2022 to 23,East Midlands,Female,Further Maths & Biology & Chemistry & Computer Science,4,0,0.0
2022 to 23,South West,Female,Further Maths & Biology & Chemistry & Computer Science,4,0,0.0
2022 to 23,North West,Female,Further Maths & Biology & Chemistry & Computer Science,4,0,0.0
2022 to 23,Yorkshire and The Humber,Female,Further Maths & Biology & Chemistry & Computer Science,4,0,0.0
2022 to 23,South East,Female,Further Maths & Biology & Chemistry & Computer Science,4,0,0.0
2022 to 23,London,Female,Further Maths & Biology & Chemistry & Computer Science,4,0,0.0
2022 to 23,East of England,Female,Further Maths & Biology & Chemistry & Computer Science,4,0,0.0
2022 to 23,North East,Female,Further Maths & Biology & Chemistry & Computer Science,4,0,0.0
2022 to 23,West Midlands,Female,Further Maths & Biology & Chemistry & Computer Science,4,0,0.0
2022 to 23,East Midlands,Male,Further Maths & Computer Science,2,0,0.0
2022 to 23,South West,Male,Further Maths & Computer Science,2,0,0.0
2022 to 23,North West,Male,Further Maths & Computer Science,2,0,0.0
2022 to 23,Yorkshire and The Humber,Male,Further Maths & Computer Science,2,0,0.0
2022 to 23,South East,Male,Further Maths & Computer Science,2,0,0.0
2022 to 23,London,Male,Further Maths & Computer Science,2,0,0.0
2022 to 23,East of England,Male,Further Maths & Computer Science,2,0,0.0
2022 to 23,North East,Male,Further Maths & Computer Science,2,0,0.0
2022 to 23,West Midlands,Male,Further Maths & Computer Science,2,0,0.0
2022 to 23,East Midlands,Female,Maths,1,506,4.683
2022 to 23,South West,Female,Maths,1,509,4.195
2022 to 23,North West,Female,Maths,1,900,4.996
2022 to 23,Yorkshire and The Humber,Female,Maths,1,579,4.515
2022 to 23,South East,Female,Maths,1,1370,5.429
2022 to 23,London,Female,Maths,1,1971,7.833
2022 to 23,East of England,Female,Maths,1,834,5.224
2022 to 23,North East,Female,Maths,1,237,4.382
2022 to 23,West Midlands,Female,Maths,1,664,4.598
2022 to 23,East Midlands,Female,Maths & Biology & Chemistry & Physics,4,13,0.12
2022 to 23,South West,Female,Maths & Biology & Chemistry & Physics,4,11,0.091
2022 to 23,North West,Female,Maths & Biology & Chemistry & Physics,4,24,0.133
2022 to 23,Yorkshire and The Humber,Female,Maths & Biology & Chemistry & Physics,4,13,0.101
2022 to 23,South East,Female,Maths & Biology & Chemistry & Physics,4,30,0.119
2022 to 23,London,Female,Maths & Biology & Chemistry & Physics,4,40,0.159
2022 to 23,East of England,Female,Maths & Biology & Chemistry & Physics,4,23,0.144
2022 to 23,North East,Female,Maths & Biology & Chemistry & Physics,4,7,0.129
2022 to 23,West Midlands,Female,Maths & Biology & Chemistry & Physics,4,11,0.076
2022 to 23,East Midlands,Female,Further Maths & Computer Science,2,0,0.0
2022 to 23,South West,Female,Further Maths & Computer Science,2,0,0.0
2022 to 23,North West,Female,Further Maths & Computer Science,2,0,0.0
2022 to 23,Yorkshire and The Humber,Female,Further Maths & Computer Science,2,0,0.0
2022 to 23,South East,Female,Further Maths & Computer Science,2,1,0.004
2022 to 23,London,Female,Further Maths & Computer Science,2,0,0.0
2022 to 23,East of England,Female,Further Maths & Computer Science,2,0,0.0
2022 to 23,North East,Female,Further Maths & Computer Science,2,0,0.0
2022 to 23,West Midlands,Female,Further Maths & Computer Science,2,0,0.0
2022 to 23,East Midlands,Male,Maths & Further Maths & Biology,3,4,0.045
2022 to 23,South West,Male,Maths & Further Maths & Biology,3,5,0.049
2022 to 23,North West,Male,Maths & Further Maths & Biology,3,2,0.014
2022 to 23,Yorkshire and The Humber,Male,Maths & Further Maths & Biology,3,6,0.062
2022 to 23,South East,Male,Maths & Further Maths & Biology,3,12,0.055
2022 to 23,London,Male,Maths & Further Maths & Biology,3,20,0.097
2022 to 23,East of England,Male,Maths & Further Maths & Biology,3,14,0.103
2022 to 23,North East,Male,Maths & Further Maths & Biology,3,0,0.0
2022 to 23,West Midlands,Male,Maths & Further Maths & Biology,3,15,0.133
2022 to 23,East Midlands,All,Maths & Biology & Chemistry & Computer Science,4,6,0.03
2022 to 23,South West,All,Maths & Biology & Chemistry & Computer Science,4,3,0.013
2022 to 23,North West,All,Maths & Biology & Chemistry & Computer Science,4,3,0.009
2022 to 23,Yorkshire and The Humber,All,Maths & Biology & Chemistry & Computer Science,4,3,0.013
2022 to 23,South East,All,Maths & Biology & Chemistry & Computer Science,4,11,0.023
2022 to 23,London,All,Maths & Biology & Chemistry & Computer Science,4,5,0.011
2022 to 23,East of England,All,Maths & Biology & Chemistry & Computer Science,4,13,0.044
2022 to 23,North East,All,Maths & Biology & Chemistry & Computer Science,4,0,0.0
2022 to 23,West Midlands,All,Maths & Biology & Chemistry & Computer Science,4,2,0.008
2022 to 23,East Midlands,All,Further Maths & Chemistry,2,0,0.0
2022 to 23,South West,All,Further Maths & Chemistry,2,0,0.0
2022 to 23,North West,All,Further Maths & Chemistry,2,0,0.0
2022 to 23,Yorkshire and The Humber,All,Further Maths & Chemistry,2,0,0.0
2022 to 23,South East,All,Further Maths & Chemistry,2,2,0.004
2022 to 23,London,All,Further Maths & Chemistry,2,0,0.0
2022 to 23,East of England,All,Further Maths & Chemistry,2,0,0.0
2022 to 23,North East,All,Further Maths & Chemistry,2,0,0.0
2022 to 23,West Midlands,All,Further Maths & Chemistry,2,0,0.0
2022 to 23,East Midlands,Female,Further Maths & Physics,2,0,0.0
2022 to 23,South West,Female,Further Maths & Physics,2,0,0.0
2022 to 23,North West,Female,Further Maths & Physics,2,0,0.0
2022 to 23,Yorkshire and The Humber,Female,Further Maths & Physics,2,0,0.0
2022 to 23,South East,Female,Further Maths & Physics,2,0,0.0
2022 to 23,London,Female,Further Maths & Physics,2,0,0.0
2022 to 23,East of England,Female,Further Maths & Physics,2,0,0.0
2022 to 23,North East,Female,Further Maths & Physics,2,0,0.0
2022 to 23,West Midlands,Female,Further Maths & Physics,2,0,0.0
2022 to 23,East Midlands,Male,Further Maths & Biology & Chemistry & Computer Science,4,0,0.0
2022 to 23,South West,Male,Further Maths & Biology & Chemistry & Computer Science,4,0,0.0
2022 to 23,North West,Male,Further Maths & Biology & Chemistry & Computer Science,4,0,0.0
2022 to 23,Yorkshire and The Humber,Male,Further Maths & Biology & Chemistry & Computer Science,4,0,0.0
2022 to 23,South East,Male,Further Maths & Biology & Chemistry & Computer Science,4,0,0.0
2022 to 23,London,Male,Further Maths & Biology & Chemistry & Computer Science,4,0,0.0
2022 to 23,East of England,Male,Further Maths & Biology & Chemistry & Computer Science,4,0,0.0
2022 to 23,North East,Male,Further Maths & Biology & Chemistry & Computer Science,4,0,0.0
2022 to 23,West Midlands,Male,Further Maths & Biology & Chemistry & Computer Science,4,0,0.0
2022 to 23,East Midlands,All,Further Maths & Computer Science,2,0,0.0
2022 to 23,South West,All,Further Maths & Computer Science,2,0,0.0
2022 to 23,North West,All,Further Maths & Computer Science,2,0,0.0
2022 to 23,Yorkshire and The Humber,All,Further Maths & Computer Science,2,0,0.0
2022 to 23,South East,All,Further Maths & Computer Science,2,1,0.002
2022 to 23,London,All,Further Maths & Computer Science,2,0,0.0
2022 to 23,East of England,All,Further Maths & Computer Science,2,0,0.0
2022 to 23,North East,All,Further Maths & Computer Science,2,0,0.0
2022 to 23,West Midlands,All,Further Maths & Computer Science,2,0,0.0
2022 to 23,East Midlands,Male,Maths,1,688,7.747
2022 to 23,South West,Male,Maths,1,786,7.723
2022 to 23,North West,Male,Maths,1,1177,8.37
2022 to 23,Yorkshire and The Humber,Male,Maths,1,858,8.918
2022 to 23,South East,Male,Maths,1,2021,9.273
2022 to 23,London,Male,Maths,1,2430,11.749
2022 to 23,East of England,Male,Maths,1,1264,9.336
2022 to 23,North East,Male,Maths,1,331,7.962
2022 to 23,West Midlands,Male,Maths,1,995,8.798
2022 to 23,East Midlands,Male,Maths & Biology & Chemistry & Physics,4,20,0.225
2022 to 23,South West,Male,Maths & Biology & Chemistry & Physics,4,25,0.246
2022 to 23,North West,Male,Maths & Biology & Chemistry & Physics,4,24,0.171
2022 to 23,Yorkshire and The Humber,Male,Maths & Biology & Chemistry & Physics,4,20,0.208
2022 to 23,South East,Male,Maths & Biology & Chemistry & Physics,4,51,0.234
2022 to 23,London,Male,Maths & Biology & Chemistry & Physics,4,58,0.28
2022 to 23,East of England,Male,Maths & Biology & Chemistry & Physics,4,30,0.222
2022 to 23,North East,Male,Maths & Biology & Chemistry & Physics,4,8,0.192
2022 to 23,West Midlands,Male,Maths & Biology & Chemistry & Physics,4,31,0.274
2022 to 23,East Midlands,Male,Further Maths & Biology & Chemistry & Physics,4,0,0.0
2022 to 23,South West,Male,Further Maths & Biology & Chemistry & Physics,4,0,0.0
2022 to 23,North West,Male,Further Maths & Biology & Chemistry & Physics,4,1,0.007
2022 to 23,Yorkshire and The Humber,Male,Further Maths & Biology & Chemistry & Physics,4,0,0.0
2022 to 23,South East,Male,Further Maths & Biology & Chemistry & Physics,4,0,0.0
2022 to 23,London,Male,Further Maths & Biology & Chemistry & Physics,4,0,0.0
2022 to 23,East of England,Male,Further Maths & Biology & Chemistry & Physics,4,0,0.0
2022 to 23,North East,Male,Further Maths & Biology & Chemistry & Physics,4,0,0.0
2022 to 23,West Midlands,Male,Further Maths & Biology & Chemistry & Physics,4,0,0.0
2022 to 23,East Midlands,All,Maths & Further Maths & Biology,3,13,0.066
2022 to 23,South West,All,Maths & Further Maths & Biology,3,12,0.054
2022 to 23,North West,All,Maths & Further Maths & Biology,3,11,0.034
2022 to 23,Yorkshire and The Humber,All,Maths & Further Maths & Biology,3,18,0.08
2022 to 23,South East,All,Maths & Further Maths & Biology,3,32,0.068
2022 to 23,London,All,Maths & Further Maths & Biology,3,35,0.076
2022 to 23,East of England,All,Maths & Further Maths & Biology,3,25,0.085
2022 to 23,North East,All,Maths & Further Maths & Biology,3,2,0.021
2022 to 23,West Midlands,All,Maths & Further Maths & Biology,3,28,0.109
2022 to 23,East Midlands,Female,Further Maths & Biology & Chemistry & Physics,4,0,0.0
2022 to 23,South West,Female,Further Maths & Biology & Chemistry & Physics,4,0,0.0
2022 to 23,North West,Female,Further Maths & Biology & Chemistry & Physics,4,0,0.0
2022 to 23,Yorkshire and The Humber,Female,Further Maths & Biology & Chemistry & Physics,4,0,0.0
2022 to 23,South East,Female,Further Maths & Biology & Chemistry & Physics,4,0,0.0
2022 to 23,London,Female,Further Maths & Biology & Chemistry & Physics,4,0,0.0
2022 to 23,East of England,Female,Further Maths & Biology & Chemistry & Physics,4,0,0.0
2022 to 23,North East,Female,Further Maths & Biology & Chemistry & Physics,4,0,0.0
2022 to 23,West Midlands,Female,Further Maths & Biology & Chemistry & Physics,4,0,0.0
2022 to 23,East Midlands,Male,Further Maths & Physics,2,0,0.0
2022 to 23,South West,Male,Further Maths & Physics,2,0,0.0
2022 to 23,North West,Male,Further Maths & Physics,2,0,0.0
2022 to 23,Yorkshire and The Humber,Male,Further Maths & Physics,2,0,0.0
2022 to 23,South East,Male,Further Maths & Physics,2,3,0.014
2022 to 23,London,Male,Further Maths & Physics,2,4,0.019
2022 to 23,East of England,Male,Further Maths & Physics,2,0,0.0
2022 to 23,North East,Male,Further Maths & Physics,2,0,0.0
2022 to 23,West Midlands,Male,Further Maths & Physics,2,0,0.0
2022 to 23,East Midlands,All,Further Maths & Biology & Chemistry & Computer Science,4,0,0.0
2022 to 23,South West,All,Further Maths & Biology & Chemistry & Computer Science,4,0,0.0
2022 to 23,North West,All,Further Maths & Biology & Chemistry & Computer Science,4,0,0.0
2022 to 23,Yorkshire and The Humber,All,Further Maths & Biology & Chemistry & Computer Science,4,0,0.0
2022 to 23,South East,All,Further Maths & Biology & Chemistry & Computer Science,4,0,0.0
2022 to 23,London,All,Further Maths & Biology & Chemistry & Computer Science,4,0,0.0
2022 to 23,East of England,All,Further Maths & Biology & Chemistry & Computer Science,4,0,0.0
2022 to 23,North East,All,Further Maths & Biology & Chemistry & Computer Science,4,0,0.0
2022 to 23,West Midlands,All,Further Maths & Biology & Chemistry & Computer Science,4,0,0.0
2022 to 23,East Midlands,Female,Further Maths & Biology & Physics & Computer Science,4,0,0.0
2022 to 23,South West,Female,Further Maths & Biology & Physics & Computer Science,4,0,0.0
2022 to 23,North West,Female,Further Maths & Biology & Physics & Computer Science,4,0,0.0
2022 to 23,Yorkshire and The Humber,Female,Further Maths & Biology & Physics & Computer Science,4,0,0.0
2022 to 23,South East,Female,Further Maths & Biology & Physics & Computer Science,4,0,0.0
2022 to 23,London,Female,Further Maths & Biology & Physics & Computer Science,4,0,0.0
2022 to 23,East of England,Female,Further Maths & Biology & Physics & Computer Science,4,0,0.0
2022 to 23,North East,Female,Further Maths & Biology & Physics & Computer Science,4,0,0.0
2022 to 23,West Midlands,Female,Further Maths & Biology & Physics & Computer Science,4,0,0.0
2022 to 23,East Midlands,All,Maths,1,1194,6.065
2022 to 23,South West,All,Maths,1,1295,5.804
2022 to 23,North West,All,Maths,1,2077,6.475
2022 to 23,Yorkshire and The Humber,All,Maths,1,1437,6.402
2022 to 23,South East,All,Maths,1,3391,7.21
2022 to 23,London,All,Maths,1,4401,9.6
2022 to 23,East of England,All,Maths,1,2098,7.111
2022 to 23,North East,All,Maths,1,568,5.938
2022 to 23,West Midlands,All,Maths,1,1659,6.443
2022 to 23,East Midlands,All,Maths & Biology & Chemistry & Physics,4,33,0.168
2022 to 23,South West,All,Maths & Biology & Chemistry & Physics,4,36,0.161
2022 to 23,North West,All,Maths & Biology & Chemistry & Physics,4,48,0.15
2022 to 23,Yorkshire and The Humber,All,Maths & Biology & Chemistry & Physics,4,33,0.147
2022 to 23,South East,All,Maths & Biology & Chemistry & Physics,4,81,0.172
2022 to 23,London,All,Maths & Biology & Chemistry & Physics,4,98,0.214
2022 to 23,East of England,All,Maths & Biology & Chemistry & Physics,4,53,0.18
2022 to 23,North East,All,Maths & Biology & Chemistry & Physics,4,15,0.157
2022 to 23,West Midlands,All,Maths & Biology & Chemistry & Physics,4,42,0.163
2022 to 23,East Midlands,All,Further Maths & Biology & Chemistry & Physics,4,0,0.0
2022 to 23,South West,All,Further Maths & Biology & Chemistry & Physics,4,0,0.0
2022 to 23,North West,All,Further Maths & Biology & Chemistry & Physics,4,1,0.003
2022 to 23,Yorkshire and The Humber,All,Further Maths & Biology & Chemistry & Physics,4,0,0.0
2022 to 23,South East,All,Further Maths & Biology & Chemistry & Physics,4,0,0.0
2022 to 23,London,All,Further Maths & Biology & Chemistry & Physics,4,0,0.0
2022 to 23,East of England,All,Further Maths & Biology & Chemistry & Physics,4,0,0.0
2022 to 23,North East,All,Further Maths & Biology & Chemistry & Physics,4,0,0.0
2022 to 23,West Midlands,All,Further Maths & Biology & Chemistry & Physics,4,0,0.0
2022 to 23,East Midlands,Female,Maths & Further Maths & Chemistry,3,21,0.194
2022 to 23,South West,Female,Maths & Further Maths & Chemistry,3,30,0.247
2022 to 23,North West,Female,Maths & Further Maths & Chemistry,3,30,0.167
2022 to 23,Yorkshire and The Humber,Female,Maths & Further Maths & Chemistry,3,14,0.109
2022 to 23,South East,Female,Maths & Further Maths & Chemistry,3,40,0.158
2022 to 23,London,Female,Maths & Further Maths & Chemistry,3,61,0.242
2022 to 23,East of England,Female,Maths & Further Maths & Chemistry,3,26,0.163
2022 to 23,North East,Female,Maths & Further Maths & Chemistry,3,7,0.129
2022 to 23,West Midlands,Female,Maths & Further Maths & Chemistry,3,19,0.132
2022 to 23,East Midlands,All,Maths & Further Maths,2,114,0.579
2022 to 23,South West,All,Maths & Further Maths,2,117,0.524
2022 to 23,North West,All,Maths & Further Maths,2,148,0.461
2022 to 23,Yorkshire and The Humber,All,Maths & Further Maths,2,112,0.499
2022 to 23,South East,All,Maths & Further Maths,2,350,0.744
2022 to 23,London,All,Maths & Further Maths,2,494,1.078
2022 to 23,East of England,All,Maths & Further Maths,2,194,0.658
2022 to 23,North East,All,Maths & Further Maths,2,47,0.491
2022 to 23,West Midlands,All,Maths & Further Maths,2,146,0.567
2022 to 23,East Midlands,All,Further Maths & Physics,2,0,0.0
2022 to 23,South West,All,Further Maths & Physics,2,0,0.0
2022 to 23,North West,All,Further Maths & Physics,2,0,0.0
2022 to 23,Yorkshire and The Humber,All,Further Maths & Physics,2,0,0.0
2022 to 23,South East,All,Further Maths & Physics,2,3,0.006
2022 to 23,London,All,Further Maths & Physics,2,4,0.009
2022 to 23,East of England,All,Further Maths & Physics,2,0,0.0
2022 to 23,North East,All,Further Maths & Physics,2,0,0.0
2022 to 23,West Midlands,All,Further Maths & Physics,2,0,0.0
2022 to 23,East Midlands,Male,Further Maths,1,0,0.0
2022 to 23,South West,Male,Further Maths,1,1,0.01
2022 to 23,North West,Male,Further Maths,1,0,0.0
2022 to 23,Yorkshire and The Humber,Male,Further Maths,1,1,0.01
2022 to 23,South East,Male,Further Maths,1,0,0.0
2022 to 23,London,Male,Further Maths,1,0,0.0
2022 to 23,East of England,Male,Further Maths,1,0,0.0
2022 to 23,North East,Male,Further Maths,1,0,0.0
2022 to 23,West Midlands,Male,Further Maths,1,1,0.009
2022 to 23,East Midlands,Male,Maths & Biology & Physics & Computer Science,4,0,0.0
2022 to 23,South West,Male,Maths & Biology & Physics & Computer Science,4,3,0.029
2022 to 23,North West,Male,Maths & Biology & Physics & Computer Science,4,1,0.007
2022 to 23,Yorkshire and The Humber,Male,Maths & Biology & Physics & Computer Science,4,0,0.0
2022 to 23,South East,Male,Maths & Biology & Physics & Computer Science,4,2,0.009
2022 to 23,London,Male,Maths & Biology & Physics & Computer Science,4,0,0.0
2022 to 23,East of England,Male,Maths & Biology & Physics & Computer Science,4,2,0.015
2022 to 23,North East,Male,Maths & Biology & Physics & Computer Science,4,0,0.0
2022 to 23,West Midlands,Male,Maths & Biology & Physics & Computer Science,4,0,0.0
2022 to 23,East Midlands,All,Biology & Chemistry,2,1340,6.807
2022 to 23,South West,All,Biology & Chemistry,2,1366,6.123
2022 to 23,North West,All,Biology & Chemistry,2,2493,7.772
2022 to 23,Yorkshire and The Humber,All,Biology & Chemistry,2,1635,7.284
2022 to 23,South East,All,Biology & Chemistry,2,2462,5.235
2022 to 23,London,All,Biology & Chemistry,2,3424,7.468
2022 to 23,East of England,All,Biology & Chemistry,2,1576,5.342
2022 to 23,North East,All,Biology & Chemistry,2,554,5.792
2022 to 23,West Midlands,All,Biology & Chemistry,2,2153,8.361
2022 to 23,East Midlands,Female,Further Maths,1,1,0.009
2022 to 23,South West,Female,Further Maths,1,0,0.0
2022 to 23,North West,Female,Further Maths,1,1,0.006
2022 to 23,Yorkshire and The Humber,Female,Further Maths,1,0,0.0
2022 to 23,South East,Female,Further Maths,1,0,0.0
2022 to 23,London,Female,Further Maths,1,1,0.004
2022 to 23,East of England,Female,Further Maths,1,0,0.0
2022 to 23,North East,Female,Further Maths,1,0,0.0
2022 to 23,West Midlands,Female,Further Maths,1,0,0.0
2022 to 23,East Midlands,Female,Maths & Biology & Physics & Computer Science,4,1,0.009
2022 to 23,South West,Female,Maths & Biology & Physics & Computer Science,4,0,0.0
2022 to 23,North West,Female,Maths & Biology & Physics & Computer Science,4,0,0.0
2022 to 23,Yorkshire and The Humber,Female,Maths & Biology & Physics & Computer Science,4,0,0.0
2022 to 23,South East,Female,Maths & Biology & Physics & Computer Science,4,0,0.0
2022 to 23,London,Female,Maths & Biology & Physics & Computer Science,4,0,0.0
2022 to 23,East of England,Female,Maths & Biology & Physics & Computer Science,4,0,0.0
2022 to 23,North East,Female,Maths & Biology & Physics & Computer Science,4,0,0.0
2022 to 23,West Midlands,Female,Maths & Biology & Physics & Computer Science,4,0,0.0
2022 to 23,East Midlands,Male,Maths & Physics,2,559,6.294
2022 to 23,South West,Male,Maths & Physics,2,647,6.357
2022 to 23,North West,Male,Maths & Physics,2,810,5.76
2022 to 23,Yorkshire and The Humber,Male,Maths & Physics,2,540,5.613
2022 to 23,South East,Male,Maths & Physics,2,1360,6.24
2022 to 23,London,Male,Maths & Physics,2,1331,6.435
2022 to 23,East of England,Male,Maths & Physics,2,735,5.429
2022 to 23,North East,Male,Maths & Physics,2,237,5.701
2022 to 23,West Midlands,Male,Maths & Physics,2,706,6.243
2022 to 23,East Midlands,Male,Maths & Further Maths & Chemistry,3,18,0.203
2022 to 23,South West,Male,Maths & Further Maths & Chemistry,3,27,0.265
2022 to 23,North West,Male,Maths & Further Maths & Chemistry,3,32,0.228
2022 to 23,Yorkshire and The Humber,Male,Maths & Further Maths & Chemistry,3,25,0.26
2022 to 23,South East,Male,Maths & Further Maths & Chemistry,3,58,0.266
2022 to 23,London,Male,Maths & Further Maths & Chemistry,3,89,0.43
2022 to 23,East of England,Male,Maths & Further Maths & Chemistry,3,39,0.288
2022 to 23,North East,Male,Maths & Further Maths & Chemistry,3,6,0.144
2022 to 23,West Midlands,Male,Maths & Further Maths & Chemistry,3,34,0.301
2022 to 23,East Midlands,Female,Maths & Physics,2,141,1.305
2022 to 23,South West,Female,Maths & Physics,2,184,1.517
2022 to 23,North West,Female,Maths & Physics,2,244,1.355
2022 to 23,Yorkshire and The Humber,Female,Maths & Physics,2,137,1.068
2022 to 23,South East,Female,Maths & Physics,2,383,1.518
2022 to 23,London,Female,Maths & Physics,2,422,1.677
2022 to 23,East of England,Female,Maths & Physics,2,202,1.265
2022 to 23,North East,Female,Maths & Physics,2,59,1.091
2022 to 23,West Midlands,Female,Maths & Physics,2,177,1.226
2022 to 23,East Midlands,Female,Maths & Biology,2,153,1.416
2022 to 23,South West,Female,Maths & Biology,2,202,1.665
2022 to 23,North West,Female,Maths & Biology,2,229,1.271
2022 to 23,Yorkshire and The Humber,Female,Maths & Biology,2,184,1.435
2022 to 23,South East,Female,Maths & Biology,2,436,1.728
2022 to 23,London,Female,Maths & Biology,2,426,1.693
2022 to 23,East of England,Female,Maths & Biology,2,287,1.798
2022 to 23,North East,Female,Maths & Biology,2,79,1.461
2022 to 23,West Midlands,Female,Maths & Biology,2,242,1.676
2022 to 23,East Midlands,All,Maths & Further Maths & Biology & Physics,4,9,0.046
2022 to 23,South West,All,Maths & Further Maths & Biology & Physics,4,19,0.085
2022 to 23,North West,All,Maths & Further Maths & Biology & Physics,4,11,0.034
2022 to 23,Yorkshire and The Humber,All,Maths & Further Maths & Biology & Physics,4,17,0.076
2022 to 23,South East,All,Maths & Further Maths & Biology & Physics,4,17,0.036
2022 to 23,London,All,Maths & Further Maths & Biology & Physics,4,16,0.035
2022 to 23,East of England,All,Maths & Further Maths & Biology & Physics,4,11,0.037
2022 to 23,North East,All,Maths & Further Maths & Biology & Physics,4,5,0.052
2022 to 23,West Midlands,All,Maths & Further Maths & Biology & Physics,4,10,0.039
2022 to 23,East Midlands,All,Maths & Biology & Physics & Computer Science,4,1,0.005
2022 to 23,South West,All,Maths & Biology & Physics & Computer Science,4,3,0.013
2022 to 23,North West,All,Maths & Biology & Physics & Computer Science,4,1,0.003
2022 to 23,Yorkshire and The Humber,All,Maths & Biology & Physics & Computer Science,4,0,0.0
2022 to 23,South East,All,Maths & Biology & Physics & Computer Science,4,2,0.004
2022 to 23,London,All,Maths & Biology & Physics & Computer Science,4,0,0.0
2022 to 23,East of England,All,Maths & Biology & Physics & Computer Science,4,2,0.007
2022 to 23,North East,All,Maths & Biology & Physics & Computer Science,4,0,0.0
2022 to 23,West Midlands,All,Maths & Biology & Physics & Computer Science,4,0,0.0
2022 to 23,East Midlands,Female,Biology & Computer Science,2,6,0.056
2022 to 23,South West,Female,Biology & Computer Science,2,4,0.033
2022 to 23,North West,Female,Biology & Computer Science,2,5,0.028
2022 to 23,Yorkshire and The Humber,Female,Biology & Computer Science,2,6,0.047
2022 to 23,South East,Female,Biology & Computer Science,2,21,0.083
2022 to 23,London,Female,Biology & Computer Science,2,10,0.04
2022 to 23,East of England,Female,Biology & Computer Science,2,9,0.056
2022 to 23,North East,Female,Biology & Computer Science,2,1,0.018
2022 to 23,West Midlands,Female,Biology & Computer Science,2,12,0.083
2022 to 23,East Midlands,Male,Maths & Further Maths & Biology & Physics,4,7,0.079
2022 to 23,South West,Male,Maths & Further Maths & Biology & Physics,4,10,0.098
2022 to 23,North West,Male,Maths & Further Maths & Biology & Physics,4,9,0.064
2022 to 23,Yorkshire and The Humber,Male,Maths & Further Maths & Biology & Physics,4,13,0.135
2022 to 23,South East,Male,Maths & Further Maths & Biology & Physics,4,13,0.06
2022 to 23,London,Male,Maths & Further Maths & Biology & Physics,4,9,0.044
2022 to 23,East of England,Male,Maths & Further Maths & Biology & Physics,4,11,0.081
2022 to 23,North East,Male,Maths & Further Maths & Biology & Physics,4,4,0.096
2022 to 23,West Midlands,Male,Maths & Further Maths & Biology & Physics,4,5,0.044
2022 to 23,East Midlands,All,Maths & Physics,2,700,3.556
2022 to 23,South West,All,Maths & Physics,2,831,3.725
2022 to 23,North West,All,Maths & Physics,2,1054,3.286
2022 to 23,Yorkshire and The Humber,All,Maths & Physics,2,677,3.016
2022 to 23,South East,All,Maths & Physics,2,1743,3.706
2022 to 23,London,All,Maths & Physics,2,1753,3.824
2022 to 23,East of England,All,Maths & Physics,2,937,3.176
2022 to 23,North East,All,Maths & Physics,2,296,3.095
2022 to 23,West Midlands,All,Maths & Physics,2,883,3.429
2022 to 23,East Midlands,All,Maths & Further Maths & Chemistry,3,39,0.198
2022 to 23,South West,All,Maths & Further Maths & Chemistry,3,57,0.255
2022 to 23,North West,All,Maths & Further Maths & Chemistry,3,62,0.193
2022 to 23,Yorkshire and The Humber,All,Maths & Further Maths & Chemistry,3,39,0.174
2022 to 23,South East,All,Maths & Further Maths & Chemistry,3,98,0.208
2022 to 23,London,All,Maths & Further Maths & Chemistry,3,150,0.327
2022 to 23,East of England,All,Maths & Further Maths & Chemistry,3,65,0.22
2022 to 23,North East,All,Maths & Further Maths & Chemistry,3,13,0.136
2022 to 23,West Midlands,All,Maths & Further Maths & Chemistry,3,53,0.206
2022 to 23,East Midlands,Male,Maths & Chemistry & Physics & Computer Science,4,4,0.045
2022 to 23,South West,Male,Maths & Chemistry & Physics & Computer Science,4,6,0.059
2022 to 23,North West,Male,Maths & Chemistry & Physics & Computer Science,4,9,0.064
2022 to 23,Yorkshire and The Humber,Male,Maths & Chemistry & Physics & Computer Science,4,7,0.073
2022 to 23,South East,Male,Maths & Chemistry & Physics & Computer Science,4,16,0.073
2022 to 23,London,Male,Maths & Chemistry & Physics & Computer Science,4,5,0.024
2022 to 23,East of England,Male,Maths & Chemistry & Physics & Computer Science,4,8,0.059
2022 to 23,North East,Male,Maths & Chemistry & Physics & Computer Science,4,1,0.024
2022 to 23,West Midlands,Male,Maths & Chemistry & Physics & Computer Science,4,4,0.035
2022 to 23,East Midlands,Male,Maths & Biology,2,112,1.261
2022 to 23,South West,Male,Maths & Biology,2,150,1.474
2022 to 23,North West,Male,Maths & Biology,2,120,0.853
2022 to 23,Yorkshire and The Humber,Male,Maths & Biology,2,126,1.31
2022 to 23,South East,Male,Maths & Biology,2,341,1.565
2022 to 23,London,Male,Maths & Biology,2,314,1.518
2022 to 23,East of England,Male,Maths & Biology,2,186,1.374
2022 to 23,North East,Male,Maths & Biology,2,58,1.395
2022 to 23,West Midlands,Male,Maths & Biology,2,165,1.459
2022 to 23,East Midlands,Female,Maths & Further Maths & Chemistry & Computer Science,4,3,0.028
2022 to 23,South West,Female,Maths & Further Maths & Chemistry & Computer Science,4,1,0.008
2022 to 23,North West,Female,Maths & Further Maths & Chemistry & Computer Science,4,2,0.011
2022 to 23,Yorkshire and The Humber,Female,Maths & Further Maths & Chemistry & Computer Science,4,2,0.016
2022 to 23,South East,Female,Maths & Further Maths & Chemistry & Computer Science,4,3,0.012
2022 to 23,London,Female,Maths & Further Maths & Chemistry & Computer Science,4,2,0.008
2022 to 23,East of England,Female,Maths & Further Maths & Chemistry & Computer Science,4,4,0.025
2022 to 23,North East,Female,Maths & Further Maths & Chemistry & Computer Science,4,0,0.0
2022 to 23,West Midlands,Female,Maths & Further Maths & Chemistry & Computer Science,4,2,0.014
2022 to 23,East Midlands,Female,Maths & Chemistry & Physics & Computer Science,4,0,0.0
2022 to 23,South West,Female,Maths & Chemistry & Physics & Computer Science,4,1,0.008
2022 to 23,North West,Female,Maths & Chemistry & Physics & Computer Science,4,1,0.006
2022 to 23,Yorkshire and The Humber,Female,Maths & Chemistry & Physics & Computer Science,4,1,0.008
2022 to 23,South East,Female,Maths & Chemistry & Physics & Computer Science,4,3,0.012
2022 to 23,London,Female,Maths & Chemistry & Physics & Computer Science,4,4,0.016
2022 to 23,East of England,Female,Maths & Chemistry & Physics & Computer Science,4,1,0.006
2022 to 23,North East,Female,Maths & Chemistry & Physics & Computer Science,4,0,0.0
2022 to 23,West Midlands,Female,Maths & Chemistry & Physics & Computer Science,4,1,0.007
2022 to 23,East Midlands,Male,Biology & Computer Science,2,25,0.281
2022 to 23,South West,Male,Biology & Computer Science,2,36,0.354
2022 to 23,North West,Male,Biology & Computer Science,2,21,0.149
2022 to 23,Yorkshire and The Humber,Male,Biology & Computer Science,2,14,0.146
2022 to 23,South East,Male,Biology & Computer Science,2,48,0.22
2022 to 23,London,Male,Biology & Computer Science,2,46,0.222
2022 to 23,East of England,Male,Biology & Computer Science,2,32,0.236
2022 to 23,North East,Male,Biology & Computer Science,2,6,0.144
2022 to 23,West Midlands,Male,Biology & Computer Science,2,31,0.274
2022 to 23,East Midlands,Male,Maths & Further Maths & Computer Science,3,53,0.597
2022 to 23,South West,Male,Maths & Further Maths & Computer Science,3,78,0.766
2022 to 23,North West,Male,Maths & Further Maths & Computer Science,3,112,0.796
2022 to 23,Yorkshire and The Humber,Male,Maths & Further Maths & Computer Science,3,49,0.509
2022 to 23,South East,Male,Maths & Further Maths & Computer Science,3,164,0.753
2022 to 23,London,Male,Maths & Further Maths & Computer Science,3,145,0.701
2022 to 23,East of England,Male,Maths & Further Maths & Computer Science,3,87,0.643
2022 to 23,North East,Male,Maths & Further Maths & Computer Science,3,21,0.505
2022 to 23,West Midlands,Male,Maths & Further Maths & Computer Science,3,61,0.539
2022 to 23,East Midlands,Female,Physics & Computer Science,2,4,0.037
2022 to 23,South West,Female,Physics & Computer Science,2,1,0.008
2022 to 23,North West,Female,Physics & Computer Science,2,0,0.0
2022 to 23,Yorkshire and The Humber,Female,Physics & Computer Science,2,2,0.016
2022 to 23,South East,Female,Physics & Computer Science,2,2,0.008
2022 to 23,London,Female,Physics & Computer Science,2,2,0.008
2022 to 23,East of England,Female,Physics & Computer Science,2,8,0.05
2022 to 23,North East,Female,Physics & Computer Science,2,0,0.0
2022 to 23,West Midlands,Female,Physics & Computer Science,2,8,0.055
2022 to 23,East Midlands,Female,Maths & Further Maths & Computer Science,3,8,0.074
2022 to 23,South West,Female,Maths & Further Maths & Computer Science,3,8,0.066
2022 to 23,North West,Female,Maths & Further Maths & Computer Science,3,28,0.155
2022 to 23,Yorkshire and The Humber,Female,Maths & Further Maths & Computer Science,3,6,0.047
2022 to 23,South East,Female,Maths & Further Maths & Computer Science,3,32,0.127
2022 to 23,London,Female,Maths & Further Maths & Computer Science,3,38,0.151
2022 to 23,East of England,Female,Maths & Further Maths & Computer Science,3,23,0.144
2022 to 23,North East,Female,Maths & Further Maths & Computer Science,3,3,0.055
2022 to 23,West Midlands,Female,Maths & Further Maths & Computer Science,3,13,0.09
2022 to 23,East Midlands,All,Maths & Further Maths & Chemistry & Computer Science,4,8,0.041
2022 to 23,South West,All,Maths & Further Maths & Chemistry & Computer Science,4,7,0.031
2022 to 23,North West,All,Maths & Further Maths & Chemistry & Computer Science,4,9,0.028
2022 to 23,Yorkshire and The Humber,All,Maths & Further Maths & Chemistry & Computer Science,4,3,0.013
2022 to 23,South East,All,Maths & Further Maths & Chemistry & Computer Science,4,13,0.028
2022 to 23,London,All,Maths & Further Maths & Chemistry & Computer Science,4,11,0.024
2022 to 23,East of England,All,Maths & Further Maths & Chemistry & Computer Science,4,11,0.037
2022 to 23,North East,All,Maths & Further Maths & Chemistry & Computer Science,4,3,0.031
2022 to 23,West Midlands,All,Maths & Further Maths & Chemistry & Computer Science,4,2,0.008
2022 to 23,East Midlands,All,Maths & Chemistry & Physics & Computer Science,4,4,0.02
2022 to 23,South West,All,Maths & Chemistry & Physics & Computer Science,4,7,0.031
2022 to 23,North West,All,Maths & Chemistry & Physics & Computer Science,4,10,0.031
2022 to 23,Yorkshire and The Humber,All,Maths & Chemistry & Physics & Computer Science,4,8,0.036
2022 to 23,South East,All,Maths & Chemistry & Physics & Computer Science,4,19,0.04
2022 to 23,London,All,Maths & Chemistry & Physics & Computer Science,4,9,0.02
2022 to 23,East of England,All,Maths & Chemistry & Physics & Computer Science,4,9,0.031
2022 to 23,North East,All,Maths & Chemistry & Physics & Computer Science,4,1,0.01
2022 to 23,West Midlands,All,Maths & Chemistry & Physics & Computer Science,4,5,0.019
2022 to 23,East Midlands,All,Maths & Biology,2,265,1.346
2022 to 23,South West,All,Maths & Biology,2,352,1.578
2022 to 23,North West,All,Maths & Biology,2,349,1.088
2022 to 23,Yorkshire and The Humber,All,Maths & Biology,2,310,1.381
2022 to 23,South East,All,Maths & Biology,2,777,1.652
2022 to 23,London,All,Maths & Biology,2,740,1.614
2022 to 23,East of England,All,Maths & Biology,2,473,1.603
2022 to 23,North East,All,Maths & Biology,2,137,1.432
2022 to 23,West Midlands,All,Maths & Biology,2,407,1.581
2022 to 23,East Midlands,Male,Maths & Further Maths & Chemistry & Computer Science,4,5,0.056
2022 to 23,South West,Male,Maths & Further Maths & Chemistry & Computer Science,4,6,0.059
2022 to 23,North West,Male,Maths & Further Maths & Chemistry & Computer Science,4,7,0.05
2022 to 23,Yorkshire and The Humber,Male,Maths & Further Maths & Chemistry & Computer Science,4,1,0.01
2022 to 23,South East,Male,Maths & Further Maths & Chemistry & Computer Science,4,10,0.046
2022 to 23,London,Male,Maths & Further Maths & Chemistry & Computer Science,4,9,0.044
2022 to 23,East of England,Male,Maths & Further Maths & Chemistry & Computer Science,4,7,0.052
2022 to 23,North East,Male,Maths & Further Maths & Chemistry & Computer Science,4,3,0.072
2022 to 23,West Midlands,Male,Maths & Further Maths & Chemistry & Computer Science,4,0,0.0
2022 to 23,East Midlands,All,Biology & Computer Science,2,31,0.157
2022 to 23,South West,All,Biology & Computer Science,2,40,0.179
2022 to 23,North West,All,Biology & Computer Science,2,26,0.081
2022 to 23,Yorkshire and The Humber,All,Biology & Computer Science,2,20,0.089
2022 to 23,South East,All,Biology & Computer Science,2,69,0.147
2022 to 23,London,All,Biology & Computer Science,2,56,0.122
2022 to 23,East of England,All,Biology & Computer Science,2,41,0.139
2022 to 23,North East,All,Biology & Computer Science,2,7,0.073
2022 to 23,West Midlands,All,Biology & Computer Science,2,43,0.167
2022 to 23,East Midlands,All,Maths & Further Maths & Computer Science,3,61,0.31
2022 to 23,South West,All,Maths & Further Maths & Computer Science,3,86,0.385
2022 to 23,North West,All,Maths & Further Maths & Computer Science,3,140,0.436
2022 to 23,Yorkshire and The Humber,All,Maths & Further Maths & Computer Science,3,55,0.245
2022 to 23,South East,All,Maths & Further Maths & Computer Science,3,196,0.417
2022 to 23,London,All,Maths & Further Maths & Computer Science,3,183,0.399
2022 to 23,East of England,All,Maths & Further Maths & Computer Science,3,110,0.373
2022 to 23,North East,All,Maths & Further Maths & Computer Science,3,24,0.251
2022 to 23,West Midlands,All,Maths & Further Maths & Computer Science,3,74,0.287
2022 to 23,East Midlands,Male,Physics & Computer Science,2,53,0.597
2022 to 23,South West,Male,Physics & Computer Science,2,49,0.481
2022 to 23,North West,Male,Physics & Computer Science,2,44,0.313
2022 to 23,Yorkshire and The Humber,Male,Physics & Computer Science,2,30,0.312
2022 to 23,South East,Male,Physics & Computer Science,2,74,0.34
2022 to 23,London,Male,Physics & Computer Science,2,53,0.256
2022 to 23,East of England,Male,Physics & Computer Science,2,55,0.406
2022 to 23,North East,Male,Physics & Computer Science,2,17,0.409
2022 to 23,West Midlands,Male,Physics & Computer Science,2,44,0.389
2022 to 23,East Midlands,Male,Maths & Chemistry,2,97,1.092
2022 to 23,South West,Male,Maths & Chemistry,2,130,1.277
2022 to 23,North West,Male,Maths & Chemistry,2,199,1.415
2022 to 23,Yorkshire and The Humber,Male,Maths & Chemistry,2,122,1.268
2022 to 23,South East,Male,Maths & Chemistry,2,233,1.069
2022 to 23,London,Male,Maths & Chemistry,2,332,1.605
2022 to 23,East of England,Male,Maths & Chemistry,2,156,1.152
2022 to 23,North East,Male,Maths & Chemistry,2,64,1.54
2022 to 23,West Midlands,Male,Maths & Chemistry,2,175,1.547
2022 to 23,East Midlands,Female,Maths & Further Maths & Chemistry & Physics,4,28,0.259
2022 to 23,South West,Female,Maths & Further Maths & Chemistry & Physics,4,30,0.247
2022 to 23,North West,Female,Maths & Further Maths & Chemistry & Physics,4,38,0.211
2022 to 23,Yorkshire and The Humber,Female,Maths & Further Maths & Chemistry & Physics,4,32,0.25
2022 to 23,South East,Female,Maths & Further Maths & Chemistry & Physics,4,75,0.297
2022 to 23,London,Female,Maths & Further Maths & Chemistry & Physics,4,86,0.342
2022 to 23,East of England,Female,Maths & Further Maths & Chemistry & Physics,4,45,0.282
2022 to 23,North East,Female,Maths & Further Maths & Chemistry & Physics,4,13,0.24
2022 to 23,West Midlands,Female,Maths & Further Maths & Chemistry & Physics,4,35,0.242
2022 to 23,East Midlands,Female,Maths & Further Maths & Biology & Chemistry,4,25,0.231
2022 to 23,South West,Female,Maths & Further Maths & Biology & Chemistry,4,38,0.313
2022 to 23,North West,Female,Maths & Further Maths & Biology & Chemistry,4,19,0.105
2022 to 23,Yorkshire and The Humber,Female,Maths & Further Maths & Biology & Chemistry,4,28,0.218
2022 to 23,South East,Female,Maths & Further Maths & Biology & Chemistry,4,52,0.206
2022 to 23,London,Female,Maths & Further Maths & Biology & Chemistry,4,65,0.258
2022 to 23,East of England,Female,Maths & Further Maths & Biology & Chemistry,4,41,0.257
2022 to 23,North East,Female,Maths & Further Maths & Biology & Chemistry,4,10,0.185
2022 to 23,West Midlands,Female,Maths & Further Maths & Biology & Chemistry,4,26,0.18
2022 to 23,East Midlands,Female,Maths & Chemistry,2,103,0.953
2022 to 23,South West,Female,Maths & Chemistry,2,95,0.783
2022 to 23,North West,Female,Maths & Chemistry,2,189,1.049
2022 to 23,Yorkshire and The Humber,Female,Maths & Chemistry,2,114,0.889
2022 to 23,South East,Female,Maths & Chemistry,2,253,1.002
2022 to 23,London,Female,Maths & Chemistry,2,383,1.522
2022 to 23,East of England,Female,Maths & Chemistry,2,153,0.958
2022 to 23,North East,Female,Maths & Chemistry,2,53,0.98
2022 to 23,West Midlands,Female,Maths & Chemistry,2,127,0.88
2022 to 23,East Midlands,Male,Maths & Further Maths & Physics,3,164,1.847
2022 to 23,South West,Male,Maths & Further Maths & Physics,3,202,1.985
2022 to 23,North West,Male,Maths & Further Maths & Physics,3,233,1.657
2022 to 23,Yorkshire and The Humber,Male,Maths & Further Maths & Physics,3,160,1.663
2022 to 23,South East,Male,Maths & Further Maths & Physics,3,473,2.17
2022 to 23,London,Male,Maths & Further Maths & Physics,3,666,3.22
2022 to 23,East of England,Male,Maths & Further Maths & Physics,3,289,2.135
2022 to 23,North East,Male,Maths & Further Maths & Physics,3,63,1.516
2022 to 23,West Midlands,Male,Maths & Further Maths & Physics,3,168,1.486
2022 to 23,East Midlands,Female,Biology & Physics,2,20,0.185
2022 to 23,South West,Female,Biology & Physics,2,16,0.132
2022 to 23,North West,Female,Biology & Physics,2,19,0.105
2022 to 23,Yorkshire and The Humber,Female,Biology & Physics,2,8,0.062
2022 to 23,South East,Female,Biology & Physics,2,31,0.123
2022 to 23,London,Female,Biology & Physics,2,19,0.076
2022 to 23,East of England,Female,Biology & Physics,2,20,0.125
2022 to 23,North East,Female,Biology & Physics,2,4,0.074
2022 to 23,West Midlands,Female,Biology & Physics,2,24,0.166
2022 to 23,East Midlands,Female,Maths & Further Maths & Physics,3,37,0.342
2022 to 23,South West,Female,Maths & Further Maths & Physics,3,68,0.56
2022 to 23,North West,Female,Maths & Further Maths & Physics,3,58,0.322
2022 to 23,Yorkshire and The Humber,Female,Maths & Further Maths & Physics,3,38,0.296
2022 to 23,South East,Female,Maths & Further Maths & Physics,3,125,0.495
2022 to 23,London,Female,Maths & Further Maths & Physics,3,200,0.795
2022 to 23,East of England,Female,Maths & Further Maths & Physics,3,78,0.489
2022 to 23,North East,Female,Maths & Further Maths & Physics,3,20,0.37
2022 to 23,West Midlands,Female,Maths & Further Maths & Physics,3,59,0.409
2022 to 23,East Midlands,All,Maths & Further Maths & Chemistry & Physics,4,105,0.533
2022 to 23,South West,All,Maths & Further Maths & Chemistry & Physics,4,161,0.722
2022 to 23,North West,All,Maths & Further Maths & Chemistry & Physics,4,127,0.396
2022 to 23,Yorkshire and The Humber,All,Maths & Further Maths & Chemistry & Physics,4,137,0.61
2022 to 23,South East,All,Maths & Further Maths & Chemistry & Physics,4,308,0.655
2022 to 23,London,All,Maths & Further Maths & Chemistry & Physics,4,324,0.707
2022 to 23,East of England,All,Maths & Further Maths & Chemistry & Physics,4,210,0.712
2022 to 23,North East,All,Maths & Further Maths & Chemistry & Physics,4,63,0.659
2022 to 23,West Midlands,All,Maths & Further Maths & Chemistry & Physics,4,136,0.528
2022 to 23,East Midlands,All,Maths & Further Maths & Biology & Chemistry,4,43,0.218
2022 to 23,South West,All,Maths & Further Maths & Biology & Chemistry,4,63,0.282
2022 to 23,North West,All,Maths & Further Maths & Biology & Chemistry,4,44,0.137
2022 to 23,Yorkshire and The Humber,All,Maths & Further Maths & Biology & Chemistry,4,53,0.236
2022 to 23,South East,All,Maths & Further Maths & Biology & Chemistry,4,108,0.23
2022 to 23,London,All,Maths & Further Maths & Biology & Chemistry,4,108,0.236
2022 to 23,East of England,All,Maths & Further Maths & Biology & Chemistry,4,96,0.325
2022 to 23,North East,All,Maths & Further Maths & Biology & Chemistry,4,20,0.209
2022 to 23,West Midlands,All,Maths & Further Maths & Biology & Chemistry,4,57,0.221
2022 to 23,East Midlands,All,Maths & Chemistry,2,200,1.016
2022 to 23,South West,All,Maths & Chemistry,2,225,1.008
2022 to 23,North West,All,Maths & Chemistry,2,388,1.21
2022 to 23,Yorkshire and The Humber,All,Maths & Chemistry,2,236,1.051
2022 to 23,South East,All,Maths & Chemistry,2,486,1.033
2022 to 23,London,All,Maths & Chemistry,2,715,1.56
2022 to 23,East of England,All,Maths & Chemistry,2,309,1.047
2022 to 23,North East,All,Maths & Chemistry,2,117,1.223
2022 to 23,West Midlands,All,Maths & Chemistry,2,302,1.173
2022 to 23,East Midlands,Male,Maths & Further Maths & Chemistry & Physics,4,77,0.867
2022 to 23,South West,Male,Maths & Further Maths & Chemistry & Physics,4,131,1.287
2022 to 23,North West,Male,Maths & Further Maths & Chemistry & Physics,4,89,0.633
2022 to 23,Yorkshire and The Humber,Male,Maths & Further Maths & Chemistry & Physics,4,105,1.091
2022 to 23,South East,Male,Maths & Further Maths & Chemistry & Physics,4,233,1.069
2022 to 23,London,Male,Maths & Further Maths & Chemistry & Physics,4,238,1.151
2022 to 23,East of England,Male,Maths & Further Maths & Chemistry & Physics,4,165,1.219
2022 to 23,North East,Male,Maths & Further Maths & Chemistry & Physics,4,50,1.203
2022 to 23,West Midlands,Male,Maths & Further Maths & Chemistry & Physics,4,101,0.893
2022 to 23,East Midlands,Male,Maths & Further Maths & Biology & Chemistry,4,18,0.203
2022 to 23,South West,Male,Maths & Further Maths & Biology & Chemistry,4,25,0.246
2022 to 23,North West,Male,Maths & Further Maths & Biology & Chemistry,4,25,0.178
2022 to 23,Yorkshire and The Humber,Male,Maths & Further Maths & Biology & Chemistry,4,25,0.26
2022 to 23,South East,Male,Maths & Further Maths & Biology & Chemistry,4,56,0.257
2022 to 23,London,Male,Maths & Further Maths & Biology & Chemistry,4,43,0.208
2022 to 23,East of England,Male,Maths & Further Maths & Biology & Chemistry,4,55,0.406
2022 to 23,North East,Male,Maths & Further Maths & Biology & Chemistry,4,10,0.241
2022 to 23,West Midlands,Male,Maths & Further Maths & Biology & Chemistry,4,31,0.274
2022 to 23,East Midlands,All,Biology & Physics,2,58,0.295
2022 to 23,South West,All,Biology & Physics,2,53,0.238
2022 to 23,North West,All,Biology & Physics,2,51,0.159
2022 to 23,Yorkshire and The Humber,All,Biology & Physics,2,36,0.16
2022 to 23,South East,All,Biology & Physics,2,109,0.232
2022 to 23,London,All,Biology & Physics,2,55,0.12
2022 to 23,East of England,All,Biology & Physics,2,54,0.183
2022 to 23,North East,All,Biology & Physics,2,17,0.178
2022 to 23,West Midlands,All,Biology & Physics,2,65,0.252
2022 to 23,East Midlands,All,Maths & Further Maths & Physics,3,201,1.021
2022 to 23,South West,All,Maths & Further Maths & Physics,3,270,1.21
2022 to 23,North West,All,Maths & Further Maths & Physics,3,291,0.907
2022 to 23,Yorkshire and The Humber,All,Maths & Further Maths & Physics,3,198,0.882
2022 to 23,South East,All,Maths & Further Maths & Physics,3,598,1.272
2022 to 23,London,All,Maths & Further Maths & Physics,3,866,1.889
2022 to 23,East of England,All,Maths & Further Maths & Physics,3,367,1.244
2022 to 23,North East,All,Maths & Further Maths & Physics,3,83,0.868
2022 to 23,West Midlands,All,Maths & Further Maths & Physics,3,227,0.882
2022 to 23,East Midlands,Male,Biology & Physics,2,38,0.428
2022 to 23,South West,Male,Biology & Physics,2,37,0.364
2022 to 23,North West,Male,Biology & Physics,2,32,0.228
2022 to 23,Yorkshire and The Humber,Male,Biology & Physics,2,28,0.291
2022 to 23,South East,Male,Biology & Physics,2,78,0.358
2022 to 23,London,Male,Biology & Physics,2,36,0.174
2022 to 23,East of England,Male,Biology & Physics,2,34,0.251
2022 to 23,North East,Male,Biology & Physics,2,13,0.313
2022 to 23,West Midlands,Male,Biology & Physics,2,41,0.363
2022 to 23,East Midlands,Male,Maths & Computer Science,2,223,2.511
2022 to 23,South West,Male,Maths & Computer Science,2,221,2.171
2022 to 23,North West,Male,Maths & Computer Science,2,374,2.66
2022 to 23,Yorkshire and The Humber,Male,Maths & Computer Science,2,213,2.214
2022 to 23,South East,Male,Maths & Computer Science,2,579,2.657
2022 to 23,London,Male,Maths & Computer Science,2,755,3.65
2022 to 23,East of England,Male,Maths & Computer Science,2,398,2.94
2022 to 23,North East,Male,Maths & Computer Science,2,68,1.636
2022 to 23,West Midlands,Male,Maths & Computer Science,2,295,2.609
2022 to 23,East Midlands,Female,Maths & Further Maths & Physics & Computer Science,4,8,0.074
2022 to 23,South West,Female,Maths & Further Maths & Physics & Computer Science,4,10,0.082
2022 to 23,North West,Female,Maths & Further Maths & Physics & Computer Science,4,20,0.111
2022 to 23,Yorkshire and The Humber,Female,Maths & Further Maths & Physics & Computer Science,4,6,0.047
2022 to 23,South East,Female,Maths & Further Maths & Physics & Computer Science,4,27,0.107
2022 to 23,London,Female,Maths & Further Maths & Physics & Computer Science,4,29,0.115
2022 to 23,East of England,Female,Maths & Further Maths & Physics & Computer Science,4,25,0.157
2022 to 23,North East,Female,Maths & Further Maths & Physics & Computer Science,4,1,0.018
2022 to 23,West Midlands,Female,Maths & Further Maths & Physics & Computer Science,4,14,0.097
2022 to 23,East Midlands,Female,Maths & Further Maths & Biology & Computer Science,4,0,0.0
2022 to 23,South West,Female,Maths & Further Maths & Biology & Computer Science,4,2,0.016
2022 to 23,North West,Female,Maths & Further Maths & Biology & Computer Science,4,0,0.0
2022 to 23,Yorkshire and The Humber,Female,Maths & Further Maths & Biology & Computer Science,4,0,0.0
2022 to 23,South East,Female,Maths & Further Maths & Biology & Computer Science,4,3,0.012
2022 to 23,London,Female,Maths & Further Maths & Biology & Computer Science,4,0,0.0
2022 to 23,East of England,Female,Maths & Further Maths & Biology & Computer Science,4,0,0.0
2022 to 23,North East,Female,Maths & Further Maths & Biology & Computer Science,4,0,0.0
2022 to 23,West Midlands,Female,Maths & Further Maths & Biology & Computer Science,4,0,0.0
2022 to 23,East Midlands,Female,Maths & Computer Science,2,36,0.333
2022 to 23,South West,Female,Maths & Computer Science,2,38,0.313
2022 to 23,North West,Female,Maths & Computer Science,2,78,0.433
2022 to 23,Yorkshire and The Humber,Female,Maths & Computer Science,2,41,0.32
2022 to 23,South East,Female,Maths & Computer Science,2,104,0.412
2022 to 23,London,Female,Maths & Computer Science,2,201,0.799
2022 to 23,East of England,Female,Maths & Computer Science,2,59,0.37
2022 to 23,North East,Female,Maths & Computer Science,2,21,0.388
2022 to 23,West Midlands,Female,Maths & Computer Science,2,93,0.644
2022 to 23,East Midlands,Male,Maths & Physics & Computer Science,3,232,2.612
2022 to 23,South West,Male,Maths & Physics & Computer Science,3,262,2.574
2022 to 23,North West,Male,Maths & Physics & Computer Science,3,381,2.709
2022 to 23,Yorkshire and The Humber,Male,Maths & Physics & Computer Science,3,206,2.141
2022 to 23,South East,Male,Maths & Physics & Computer Science,3,540,2.478
2022 to 23,London,Male,Maths & Physics & Computer Science,3,615,2.973
2022 to 23,East of England,Male,Maths & Physics & Computer Science,3,372,2.748
2022 to 23,North East,Male,Maths & Physics & Computer Science,3,102,2.454
2022 to 23,West Midlands,Male,Maths & Physics & Computer Science,3,292,2.582
2022 to 23,East Midlands,Female,Chemistry & Computer Science,2,2,0.019
2022 to 23,South West,Female,Chemistry & Computer Science,2,1,0.008
2022 to 23,North West,Female,Chemistry & Computer Science,2,4,0.022
2022 to 23,Yorkshire and The Humber,Female,Chemistry & Computer Science,2,2,0.016
2022 to 23,South East,Female,Chemistry & Computer Science,2,6,0.024
2022 to 23,London,Female,Chemistry & Computer Science,2,7,0.028
2022 to 23,East of England,Female,Chemistry & Computer Science,2,3,0.019
2022 to 23,North East,Female,Chemistry & Computer Science,2,2,0.037
2022 to 23,West Midlands,Female,Chemistry & Computer Science,2,2,0.014
2022 to 23,East Midlands,Female,Maths & Physics & Computer Science,3,26,0.241
2022 to 23,South West,Female,Maths & Physics & Computer Science,3,16,0.132
2022 to 23,North West,Female,Maths & Physics & Computer Science,3,23,0.128
2022 to 23,Yorkshire and The Humber,Female,Maths & Physics & Computer Science,3,20,0.156
2022 to 23,South East,Female,Maths & Physics & Computer Science,3,53,0.21
2022 to 23,London,Female,Maths & Physics & Computer Science,3,82,0.326
2022 to 23,East of England,Female,Maths & Physics & Computer Science,3,37,0.232
2022 to 23,North East,Female,Maths & Physics & Computer Science,3,5,0.092
2022 to 23,West Midlands,Female,Maths & Physics & Computer Science,3,38,0.263
2022 to 23,East Midlands,All,Maths & Further Maths & Biology & Computer Science,4,0,0.0
2022 to 23,South West,All,Maths & Further Maths & Biology & Computer Science,4,8,0.036
2022 to 23,North West,All,Maths & Further Maths & Biology & Computer Science,4,1,0.003
2022 to 23,Yorkshire and The Humber,All,Maths & Further Maths & Biology & Computer Science,4,1,0.004
2022 to 23,South East,All,Maths & Further Maths & Biology & Computer Science,4,6,0.013
2022 to 23,London,All,Maths & Further Maths & Biology & Computer Science,4,2,0.004
2022 to 23,East of England,All,Maths & Further Maths & Biology & Computer Science,4,3,0.01
2022 to 23,North East,All,Maths & Further Maths & Biology & Computer Science,4,0,0.0
2022 to 23,West Midlands,All,Maths & Further Maths & Biology & Computer Science,4,0,0.0
2022 to 23,East Midlands,All,Maths & Computer Science,2,259,1.316
2022 to 23,South West,All,Maths & Computer Science,2,259,1.161
2022 to 23,North West,All,Maths & Computer Science,2,452,1.409
2022 to 23,Yorkshire and The Humber,All,Maths & Computer Science,2,254,1.132
2022 to 23,South East,All,Maths & Computer Science,2,683,1.452
2022 to 23,London,All,Maths & Computer Science,2,956,2.085
2022 to 23,East of England,All,Maths & Computer Science,2,457,1.549
2022 to 23,North East,All,Maths & Computer Science,2,89,0.93
2022 to 23,West Midlands,All,Maths & Computer Science,2,388,1.507
2022 to 23,East Midlands,Male,Maths & Further Maths & Physics & Computer Science,4,79,0.89
2022 to 23,South West,Male,Maths & Further Maths & Physics & Computer Science,4,130,1.277
2022 to 23,North West,Male,Maths & Further Maths & Physics & Computer Science,4,94,0.668
2022 to 23,Yorkshire and The Humber,Male,Maths & Further Maths & Physics & Computer Science,4,79,0.821
2022 to 23,South East,Male,Maths & Further Maths & Physics & Computer Science,4,265,1.216
2022 to 23,London,Male,Maths & Further Maths & Physics & Computer Science,4,201,0.972
2022 to 23,East of England,Male,Maths & Further Maths & Physics & Computer Science,4,154,1.137
2022 to 23,North East,Male,Maths & Further Maths & Physics & Computer Science,4,25,0.601
2022 to 23,West Midlands,Male,Maths & Further Maths & Physics & Computer Science,4,84,0.743
2022 to 23,East Midlands,Male,Maths & Further Maths & Biology & Computer Science,4,0,0.0
2022 to 23,South West,Male,Maths & Further Maths & Biology & Computer Science,4,6,0.059
2022 to 23,North West,Male,Maths & Further Maths & Biology & Computer Science,4,1,0.007
2022 to 23,Yorkshire and The Humber,Male,Maths & Further Maths & Biology & Computer Science,4,1,0.01
2022 to 23,South East,Male,Maths & Further Maths & Biology & Computer Science,4,3,0.014
2022 to 23,London,Male,Maths & Further Maths & Biology & Computer Science,4,2,0.01
2022 to 23,East of England,Male,Maths & Further Maths & Biology & Computer Science,4,3,0.022
2022 to 23,North East,Male,Maths & Further Maths & Biology & Computer Science,4,0,0.0
2022 to 23,West Midlands,Male,Maths & Further Maths & Biology & Computer Science,4,0,0.0
2022 to 23,East Midlands,All,Chemistry & Computer Science,2,13,0.066
2022 to 23,South West,All,Chemistry & Computer Science,2,4,0.018
2022 to 23,North West,All,Chemistry & Computer Science,2,28,0.087
2022 to 23,Yorkshire and The Humber,All,Chemistry & Computer Science,2,14,0.062
2022 to 23,South East,All,Chemistry & Computer Science,2,27,0.057
2022 to 23,London,All,Chemistry & Computer Science,2,34,0.074
2022 to 23,East of England,All,Chemistry & Computer Science,2,17,0.058
2022 to 23,North East,All,Chemistry & Computer Science,2,8,0.084
2022 to 23,West Midlands,All,Chemistry & Computer Science,2,11,0.043
2022 to 23,East Midlands,All,Maths & Physics & Computer Science,3,258,1.311
2022 to 23,South West,All,Maths & Physics & Computer Science,3,278,1.246
2022 to 23,North West,All,Maths & Physics & Computer Science,3,404,1.26
2022 to 23,Yorkshire and The Humber,All,Maths & Physics & Computer Science,3,226,1.007
2022 to 23,South East,All,Maths & Physics & Computer Science,3,593,1.261
2022 to 23,London,All,Maths & Physics & Computer Science,3,697,1.52
2022 to 23,East of England,All,Maths & Physics & Computer Science,3,409,1.386
2022 to 23,North East,All,Maths & Physics & Computer Science,3,107,1.119
2022 to 23,West Midlands,All,Maths & Physics & Computer Science,3,330,1.282
2022 to 23,East Midlands,Male,Chemistry & Computer Science,2,11,0.124
2022 to 23,South West,Male,Chemistry & Computer Science,2,3,0.029
2022 to 23,North West,Male,Chemistry & Computer Science,2,24,0.171
2022 to 23,Yorkshire and The Humber,Male,Chemistry & Computer Science,2,12,0.125
2022 to 23,South East,Male,Chemistry & Computer Science,2,21,0.096
2022 to 23,London,Male,Chemistry & Computer Science,2,27,0.131
2022 to 23,East of England,Male,Chemistry & Computer Science,2,14,0.103
2022 to 23,North East,Male,Chemistry & Computer Science,2,6,0.144
2022 to 23,West Midlands,Male,Chemistry & Computer Science,2,9,0.08
2022 to 23,East Midlands,Male,Maths & Further Maths,2,70,0.788
2022 to 23,South West,Male,Maths & Further Maths,2,64,0.629
2022 to 23,North West,Male,Maths & Further Maths,2,82,0.583
2022 to 23,Yorkshire and The Humber,Male,Maths & Further Maths,2,69,0.717
2022 to 23,South East,Male,Maths & Further Maths,2,224,1.028
2022 to 23,London,Male,Maths & Further Maths,2,288,1.392
2022 to 23,East of England,Male,Maths & Further Maths,2,122,0.901
2022 to 23,North East,Male,Maths & Further Maths,2,33,0.794
2022 to 23,West Midlands,Male,Maths & Further Maths,2,93,0.822
2022 to 23,East Midlands,Female,Biology & Chemistry & Computer Science,3,7,0.065
2022 to 23,South West,Female,Biology & Chemistry & Computer Science,3,2,0.016
2022 to 23,North West,Female,Biology & Chemistry & Computer Science,3,6,0.033
2022 to 23,Yorkshire and The Humber,Female,Biology & Chemistry & Computer Science,3,5,0.039
2022 to 23,South East,Female,Biology & Chemistry & Computer Science,3,8,0.032
2022 to 23,London,Female,Biology & Chemistry & Computer Science,3,18,0.072
2022 to 23,East of England,Female,Biology & Chemistry & Computer Science,3,6,0.038
2022 to 23,North East,Female,Biology & Chemistry & Computer Science,3,1,0.018
2022 to 23,West Midlands,Female,Biology & Chemistry & Computer Science,3,10,0.069
2022 to 23,East Midlands,Female,Maths & Further Maths & Biology & Physics,4,2,0.019
2022 to 23,South West,Female,Maths & Further Maths & Biology & Physics,4,9,0.074
2022 to 23,North West,Female,Maths & Further Maths & Biology & Physics,4,2,0.011
2022 to 23,Yorkshire and The Humber,Female,Maths & Further Maths & Biology & Physics,4,4,0.031
2022 to 23,South East,Female,Maths & Further Maths & Biology & Physics,4,4,0.016
2022 to 23,London,Female,Maths & Further Maths & Biology & Physics,4,7,0.028
2022 to 23,East of England,Female,Maths & Further Maths & Biology & Physics,4,0,0.0
2022 to 23,North East,Female,Maths & Further Maths & Biology & Physics,4,1,0.018
2022 to 23,West Midlands,Female,Maths & Further Maths & Biology & Physics,4,5,0.035
2022 to 23,East Midlands,Female,Maths & Further Maths,2,44,0.407
2022 to 23,South West,Female,Maths & Further Maths,2,53,0.437
2022 to 23,North West,Female,Maths & Further Maths,2,66,0.366
2022 to 23,Yorkshire and The Humber,Female,Maths & Further Maths,2,43,0.335
2022 to 23,South East,Female,Maths & Further Maths,2,126,0.499
2022 to 23,London,Female,Maths & Further Maths,2,206,0.819
2022 to 23,East of England,Female,Maths & Further Maths,2,72,0.451
2022 to 23,North East,Female,Maths & Further Maths,2,14,0.259
2022 to 23,West Midlands,Female,Maths & Further Maths,2,53,0.367
2022 to 23,East Midlands,All,Maths & Further Maths & Physics & Computer Science,4,87,0.442
2022 to 23,South West,All,Maths & Further Maths & Physics & Computer Science,4,140,0.627
2022 to 23,North West,All,Maths & Further Maths & Physics & Computer Science,4,114,0.355
2022 to 23,Yorkshire and The Humber,All,Maths & Further Maths & Physics & Computer Science,4,85,0.379
2022 to 23,South East,All,Maths & Further Maths & Physics & Computer Science,4,292,0.621
2022 to 23,London,All,Maths & Further Maths & Physics & Computer Science,4,230,0.502
2022 to 23,East of England,All,Maths & Further Maths & Physics & Computer Science,4,179,0.607
2022 to 23,North East,All,Maths & Further Maths & Physics & Computer Science,4,26,0.272
2022 to 23,West Midlands,All,Maths & Further Maths & Physics & Computer Science,4,98,0.381
2022 to 23,East Midlands,Female,Chemistry & Physics,2,15,0.139
2022 to 23,South West,Female,Chemistry & Physics,2,13,0.107
2022 to 23,North West,Female,Chemistry & Physics,2,12,0.067
2022 to 23,Yorkshire and The Humber,Female,Chemistry & Physics,2,4,0.031
2022 to 23,South East,Female,Chemistry & Physics,2,21,0.083
2022 to 23,London,Female,Chemistry & Physics,2,18,0.072
2022 to 23,East of England,Female,Chemistry & Physics,2,13,0.081
2022 to 23,North East,Female,Chemistry & Physics,2,3,0.055
2022 to 23,West Midlands,Female,Chemistry & Physics,2,18,0.125
2022 to 23,East Midlands,Female,Biology & Chemistry,2,924,8.551
2022 to 23,South West,Female,Biology & Chemistry,2,921,7.591
2022 to 23,North West,Female,Biology & Chemistry,2,1754,9.737
2022 to 23,Yorkshire and The Humber,Female,Biology & Chemistry,2,1134,8.843
2022 to 23,South East,Female,Biology & Chemistry,2,1743,6.907
2022 to 23,London,Female,Biology & Chemistry,2,2523,10.027
2022 to 23,East of England,Female,Biology & Chemistry,2,1155,7.235
2022 to 23,North East,Female,Biology & Chemistry,2,377,6.971
2022 to 23,West Midlands,Female,Biology & Chemistry,2,1535,10.63
2022 to 23,East Midlands,Male,Biology & Chemistry,2,416,4.684
2022 to 23,South West,Male,Biology & Chemistry,2,445,4.372
2022 to 23,North West,Male,Biology & Chemistry,2,739,5.255
2022 to 23,Yorkshire and The Humber,Male,Biology & Chemistry,2,501,5.207
2022 to 23,South East,Male,Biology & Chemistry,2,719,3.299
2022 to 23,London,Male,Biology & Chemistry,2,901,4.356
2022 to 23,East of England,Male,Biology & Chemistry,2,421,3.11
2022 to 23,North East,Male,Biology & Chemistry,2,177,4.258
2022 to 23,West Midlands,Male,Biology & Chemistry,2,618,5.465
2022 to 23,East Midlands,Male,Chemistry & Physics,2,39,0.439
2022 to 23,South West,Male,Chemistry & Physics,2,28,0.275
2022 to 23,North West,Male,Chemistry & Physics,2,28,0.199
2022 to 23,Yorkshire and The Humber,Male,Chemistry & Physics,2,30,0.312
2022 to 23,South East,Male,Chemistry & Physics,2,45,0.206
2022 to 23,London,Male,Chemistry & Physics,2,31,0.15
2022 to 23,East of England,Male,Chemistry & Physics,2,26,0.192
2022 to 23,North East,Male,Chemistry & Physics,2,15,0.361
2022 to 23,West Midlands,Male,Chemistry & Physics,2,43,0.38
2023 to 24,North West,Male,Maths & Biology & Chemistry & Physics & Computer Science,5,0,0.0
2023 to 24,Yorkshire and The Humber,Male,Maths & Biology & Chemistry & Physics & Computer Science,5,0,0.0
2023 to 24,North East,Male,Maths & Biology & Chemistry & Physics & Computer Science,5,0,0.0
2023 to 24,West Midlands,Male,Maths & Biology & Chemistry & Physics & Computer Science,5,0,0.0
2023 to 24,East of England,Male,Maths & Biology & Chemistry & Physics & Computer Science,5,0,0.0
2023 to 24,East Midlands,Male,Maths & Biology & Chemistry & Physics & Computer Science,5,0,0.0
2023 to 24,South West,Male,Maths & Biology & Chemistry & Physics & Computer Science,5,0,0.0
2023 to 24,South East,Male,Maths & Biology & Chemistry & Physics & Computer Science,5,0,0.0
2023 to 24,London,Male,Maths & Biology & Chemistry & Physics & Computer Science,5,0,0.0
2023 to 24,North West,Female,Maths & Further Maths & Biology & Chemistry & Computer Science,5,0,0.0
2023 to 24,Yorkshire and The Humber,Female,Maths & Further Maths & Biology & Chemistry & Computer Science,5,0,0.0
2023 to 24,North East,Female,Maths & Further Maths & Biology & Chemistry & Computer Science,5,0,0.0
2023 to 24,West Midlands,Female,Maths & Further Maths & Biology & Chemistry & Computer Science,5,0,0.0
2023 to 24,East of England,Female,Maths & Further Maths & Biology & Chemistry & Computer Science,5,0,0.0
2023 to 24,East Midlands,Female,Maths & Further Maths & Biology & Chemistry & Computer Science,5,0,0.0
2023 to 24,South West,Female,Maths & Further Maths & Biology & Chemistry & Computer Science,5,0,0.0
2023 to 24,South East,Female,Maths & Further Maths & Biology & Chemistry & Computer Science,5,0,0.0
2023 to 24,London,Female,Maths & Further Maths & Biology & Chemistry & Computer Science,5,0,0.0
2023 to 24,North West,Male,Maths & Further Maths & Biology & Chemistry & Computer Science,5,0,0.0
2023 to 24,Yorkshire and The Humber,Male,Maths & Further Maths & Biology & Chemistry & Computer Science,5,0,0.0
2023 to 24,North East,Male,Maths & Further Maths & Biology & Chemistry & Computer Science,5,0,0.0
2023 to 24,West Midlands,Male,Maths & Further Maths & Biology & Chemistry & Computer Science,5,0,0.0
2023 to 24,East of England,Male,Maths & Further Maths & Biology & Chemistry & Computer Science,5,1,0.007
2023 to 24,East Midlands,Male,Maths & Further Maths & Biology & Chemistry & Computer Science,5,0,0.0
2023 to 24,South West,Male,Maths & Further Maths & Biology & Chemistry & Computer Science,5,0,0.0
2023 to 24,South East,Male,Maths & Further Maths & Biology & Chemistry & Computer Science,5,0,0.0
2023 to 24,London,Male,Maths & Further Maths & Biology & Chemistry & Computer Science,5,0,0.0
2023 to 24,North West,All,Chemistry & Physics,2,40,0.124
2023 to 24,Yorkshire and The Humber,All,Chemistry & Physics,2,35,0.154
2023 to 24,North East,All,Chemistry & Physics,2,10,0.104
2023 to 24,West Midlands,All,Chemistry & Physics,2,24,0.092
2023 to 24,East of England,All,Chemistry & Physics,2,31,0.102
2023 to 24,East Midlands,All,Chemistry & Physics,2,37,0.187
2023 to 24,South West,All,Chemistry & Physics,2,23,0.103
2023 to 24,South East,All,Chemistry & Physics,2,52,0.109
2023 to 24,London,All,Chemistry & Physics,2,54,0.115
2023 to 24,North West,All,Maths & Biology & Chemistry & Physics & Computer Science,5,0,0.0
2023 to 24,Yorkshire and The Humber,All,Maths & Biology & Chemistry & Physics & Computer Science,5,0,0.0
2023 to 24,North East,All,Maths & Biology & Chemistry & Physics & Computer Science,5,0,0.0
2023 to 24,West Midlands,All,Maths & Biology & Chemistry & Physics & Computer Science,5,0,0.0
2023 to 24,East of England,All,Maths & Biology & Chemistry & Physics & Computer Science,5,0,0.0
2023 to 24,East Midlands,All,Maths & Biology & Chemistry & Physics & Computer Science,5,0,0.0
2023 to 24,South West,All,Maths & Biology & Chemistry & Physics & Computer Science,5,0,0.0
2023 to 24,South East,All,Maths & Biology & Chemistry & Physics & Computer Science,5,0,0.0
2023 to 24,London,All,Maths & Biology & Chemistry & Physics & Computer Science,5,0,0.0
2023 to 24,North West,Female,Maths & Further Maths & Biology & Chemistry & Physics,5,0,0.0
2023 to 24,Yorkshire and The Humber,Female,Maths & Further Maths & Biology & Chemistry & Physics,5,0,0.0
2023 to 24,North East,Female,Maths & Further Maths & Biology & Chemistry & Physics,5,0,0.0
2023 to 24,West Midlands,Female,Maths & Further Maths & Biology & Chemistry & Physics,5,2,0.014
2023 to 24,East of England,Female,Maths & Further Maths & Biology & Chemistry & Physics,5,0,0.0
2023 to 24,East Midlands,Female,Maths & Further Maths & Biology & Chemistry & Physics,5,0,0.0
2023 to 24,South West,Female,Maths & Further Maths & Biology & Chemistry & Physics,5,4,0.033
2023 to 24,South East,Female,Maths & Further Maths & Biology & Chemistry & Physics,5,0,0.0
2023 to 24,London,Female,Maths & Further Maths & Biology & Chemistry & Physics,5,2,0.008
2023 to 24,North West,Female,Maths & Biology & Chemistry & Physics & Computer Science,5,0,0.0
2023 to 24,Yorkshire and The Humber,Female,Maths & Biology & Chemistry & Physics & Computer Science,5,0,0.0
2023 to 24,North East,Female,Maths & Biology & Chemistry & Physics & Computer Science,5,0,0.0
2023 to 24,West Midlands,Female,Maths & Biology & Chemistry & Physics & Computer Science,5,0,0.0
2023 to 24,East of England,Female,Maths & Biology & Chemistry & Physics & Computer Science,5,0,0.0
2023 to 24,East Midlands,Female,Maths & Biology & Chemistry & Physics & Computer Science,5,0,0.0
2023 to 24,South West,Female,Maths & Biology & Chemistry & Physics & Computer Science,5,0,0.0
2023 to 24,South East,Female,Maths & Biology & Chemistry & Physics & Computer Science,5,0,0.0
2023 to 24,London,Female,Maths & Biology & Chemistry & Physics & Computer Science,5,0,0.0
2023 to 24,North West,All,Maths & Biology & Physics,3,122,0.379
2023 to 24,Yorkshire and The Humber,All,Maths & Biology & Physics,3,79,0.348
2023 to 24,North East,All,Maths & Biology & Physics,3,50,0.519
2023 to 24,West Midlands,All,Maths & Biology & Physics,3,137,0.523
2023 to 24,East of England,All,Maths & Biology & Physics,3,98,0.323
2023 to 24,East Midlands,All,Maths & Biology & Physics,3,98,0.495
2023 to 24,South West,All,Maths & Biology & Physics,3,125,0.562
2023 to 24,South East,All,Maths & Biology & Physics,3,212,0.444
2023 to 24,London,All,Maths & Biology & Physics,3,216,0.461
2023 to 24,North West,All,Maths & Further Maths & Biology & Chemistry & Computer Science,5,0,0.0
2023 to 24,Yorkshire and The Humber,All,Maths & Further Maths & Biology & Chemistry & Computer Science,5,0,0.0
2023 to 24,North East,All,Maths & Further Maths & Biology & Chemistry & Computer Science,5,0,0.0
2023 to 24,West Midlands,All,Maths & Further Maths & Biology & Chemistry & Computer Science,5,0,0.0
2023 to 24,East of England,All,Maths & Further Maths & Biology & Chemistry & Computer Science,5,1,0.003
2023 to 24,East Midlands,All,Maths & Further Maths & Biology & Chemistry & Computer Science,5,0,0.0
2023 to 24,South West,All,Maths & Further Maths & Biology & Chemistry & Computer Science,5,0,0.0
2023 to 24,South East,All,Maths & Further Maths & Biology & Chemistry & Computer Science,5,0,0.0
2023 to 24,London,All,Maths & Further Maths & Biology & Chemistry & Computer Science,5,0,0.0
2023 to 24,North West,Female,Maths & Further Maths & Biology & Physics & Computer Science,5,0,0.0
2023 to 24,Yorkshire and The Humber,Female,Maths & Further Maths & Biology & Physics & Computer Science,5,0,0.0
2023 to 24,North East,Female,Maths & Further Maths & Biology & Physics & Computer Science,5,0,0.0
2023 to 24,West Midlands,Female,Maths & Further Maths & Biology & Physics & Computer Science,5,0,0.0
2023 to 24,East of England,Female,Maths & Further Maths & Biology & Physics & Computer Science,5,0,0.0
2023 to 24,East Midlands,Female,Maths & Further Maths & Biology & Physics & Computer Science,5,0,0.0
2023 to 24,South West,Female,Maths & Further Maths & Biology & Physics & Computer Science,5,0,0.0
2023 to 24,South East,Female,Maths & Further Maths & Biology & Physics & Computer Science,5,0,0.0
2023 to 24,London,Female,Maths & Further Maths & Biology & Physics & Computer Science,5,0,0.0
2023 to 24,North West,Male,Maths & Biology & Physics,3,85,0.596
2023 to 24,Yorkshire and The Humber,Male,Maths & Biology & Physics,3,52,0.523
2023 to 24,North East,Male,Maths & Biology & Physics,3,36,0.853
2023 to 24,West Midlands,Male,Maths & Biology & Physics,3,102,0.893
2023 to 24,East of England,Male,Maths & Biology & Physics,3,70,0.505
2023 to 24,East Midlands,Male,Maths & Biology & Physics,3,70,0.8
2023 to 24,South West,Male,Maths & Biology & Physics,3,91,0.899
2023 to 24,South East,Male,Maths & Biology & Physics,3,157,0.709
2023 to 24,London,Male,Maths & Biology & Physics,3,154,0.719
2023 to 24,North West,Male,Maths & Further Maths & Biology & Chemistry & Physics,5,2,0.014
2023 to 24,Yorkshire and The Humber,Male,Maths & Further Maths & Biology & Chemistry & Physics,5,0,0.0
2023 to 24,North East,Male,Maths & Further Maths & Biology & Chemistry & Physics,5,1,0.024
2023 to 24,West Midlands,Male,Maths & Further Maths & Biology & Chemistry & Physics,5,2,0.018
2023 to 24,East of England,Male,Maths & Further Maths & Biology & Chemistry & Physics,5,0,0.0
2023 to 24,East Midlands,Male,Maths & Further Maths & Biology & Chemistry & Physics,5,1,0.011
2023 to 24,South West,Male,Maths & Further Maths & Biology & Chemistry & Physics,5,1,0.01
2023 to 24,South East,Male,Maths & Further Maths & Biology & Chemistry & Physics,5,2,0.009
2023 to 24,London,Male,Maths & Further Maths & Biology & Chemistry & Physics,5,3,0.014
2023 to 24,North West,All,Maths & Further Maths & Biology & Physics & Computer Science,5,0,0.0
2023 to 24,Yorkshire and The Humber,All,Maths & Further Maths & Biology & Physics & Computer Science,5,0,0.0
2023 to 24,North East,All,Maths & Further Maths & Biology & Physics & Computer Science,5,0,0.0
2023 to 24,West Midlands,All,Maths & Further Maths & Biology & Physics & Computer Science,5,0,0.0
2023 to 24,East of England,All,Maths & Further Maths & Biology & Physics & Computer Science,5,0,0.0
2023 to 24,East Midlands,All,Maths & Further Maths & Biology & Physics & Computer Science,5,0,0.0
2023 to 24,South West,All,Maths & Further Maths & Biology & Physics & Computer Science,5,0,0.0
2023 to 24,South East,All,Maths & Further Maths & Biology & Physics & Computer Science,5,0,0.0
2023 to 24,London,All,Maths & Further Maths & Biology & Physics & Computer Science,5,0,0.0
2023 to 24,North West,Female,Further Maths & Biology,2,0,0.0
2023 to 24,Yorkshire and The Humber,Female,Further Maths & Biology,2,1,0.008
2023 to 24,North East,Female,Further Maths & Biology,2,0,0.0
2023 to 24,West Midlands,Female,Further Maths & Biology,2,0,0.0
2023 to 24,East of England,Female,Further Maths & Biology,2,0,0.0
2023 to 24,East Midlands,Female,Further Maths & Biology,2,0,0.0
2023 to 24,South West,Female,Further Maths & Biology,2,0,0.0
2023 to 24,South East,Female,Further Maths & Biology,2,0,0.0
2023 to 24,London,Female,Further Maths & Biology,2,0,0.0
2023 to 24,North West,Male,Biology & Chemistry & Computer Science,3,30,0.21
2023 to 24,Yorkshire and The Humber,Male,Biology & Chemistry & Computer Science,3,7,0.07
2023 to 24,North East,Male,Biology & Chemistry & Computer Science,3,11,0.261
2023 to 24,West Midlands,Male,Biology & Chemistry & Computer Science,3,22,0.193
2023 to 24,East of England,Male,Biology & Chemistry & Computer Science,3,27,0.195
2023 to 24,East Midlands,Male,Biology & Chemistry & Computer Science,3,14,0.16
2023 to 24,South West,Male,Biology & Chemistry & Computer Science,3,12,0.119
2023 to 24,South East,Male,Biology & Chemistry & Computer Science,3,26,0.117
2023 to 24,London,Male,Biology & Chemistry & Computer Science,3,32,0.149
2023 to 24,North West,Male,Maths & Further Maths & Biology & Physics & Computer Science,5,0,0.0
2023 to 24,Yorkshire and The Humber,Male,Maths & Further Maths & Biology & Physics & Computer Science,5,0,0.0
2023 to 24,North East,Male,Maths & Further Maths & Biology & Physics & Computer Science,5,0,0.0
2023 to 24,West Midlands,Male,Maths & Further Maths & Biology & Physics & Computer Science,5,0,0.0
2023 to 24,East of England,Male,Maths & Further Maths & Biology & Physics & Computer Science,5,0,0.0
2023 to 24,East Midlands,Male,Maths & Further Maths & Biology & Physics & Computer Science,5,0,0.0
2023 to 24,South West,Male,Maths & Further Maths & Biology & Physics & Computer Science,5,0,0.0
2023 to 24,South East,Male,Maths & Further Maths & Biology & Physics & Computer Science,5,0,0.0
2023 to 24,London,Male,Maths & Further Maths & Biology & Physics & Computer Science,5,0,0.0
2023 to 24,North West,All,Maths & Further Maths & Chemistry & Physics & Computer Science,5,2,0.006
2023 to 24,Yorkshire and The Humber,All,Maths & Further Maths & Chemistry & Physics & Computer Science,5,0,0.0
2023 to 24,North East,All,Maths & Further Maths & Chemistry & Physics & Computer Science,5,0,0.0
2023 to 24,West Midlands,All,Maths & Further Maths & Chemistry & Physics & Computer Science,5,2,0.008
2023 to 24,East of England,All,Maths & Further Maths & Chemistry & Physics & Computer Science,5,3,0.01
2023 to 24,East Midlands,All,Maths & Further Maths & Chemistry & Physics & Computer Science,5,1,0.005
2023 to 24,South West,All,Maths & Further Maths & Chemistry & Physics & Computer Science,5,2,0.009
2023 to 24,South East,All,Maths & Further Maths & Chemistry & Physics & Computer Science,5,0,0.0
2023 to 24,London,All,Maths & Further Maths & Chemistry & Physics & Computer Science,5,1,0.002
2023 to 24,North West,Female,Maths & Chemistry & Computer Science,3,15,0.084
2023 to 24,Yorkshire and The Humber,Female,Maths & Chemistry & Computer Science,3,11,0.086
2023 to 24,North East,Female,Maths & Chemistry & Computer Science,3,3,0.055
2023 to 24,West Midlands,Female,Maths & Chemistry & Computer Science,3,17,0.115
2023 to 24,East of England,Female,Maths & Chemistry & Computer Science,3,17,0.103
2023 to 24,East Midlands,Female,Maths & Chemistry & Computer Science,3,8,0.072
2023 to 24,South West,Female,Maths & Chemistry & Computer Science,3,4,0.033
2023 to 24,South East,Female,Maths & Chemistry & Computer Science,3,15,0.059
2023 to 24,London,Female,Maths & Chemistry & Computer Science,3,22,0.086
2023 to 24,North West,Male,Further Maths & Biology & Physics & Computer Science,4,0,0.0
2023 to 24,Yorkshire and The Humber,Male,Further Maths & Biology & Physics & Computer Science,4,0,0.0
2023 to 24,North East,Male,Further Maths & Biology & Physics & Computer Science,4,0,0.0
2023 to 24,West Midlands,Male,Further Maths & Biology & Physics & Computer Science,4,0,0.0
2023 to 24,East of England,Male,Further Maths & Biology & Physics & Computer Science,4,0,0.0
2023 to 24,East Midlands,Male,Further Maths & Biology & Physics & Computer Science,4,0,0.0
2023 to 24,South West,Male,Further Maths & Biology & Physics & Computer Science,4,0,0.0
2023 to 24,South East,Male,Further Maths & Biology & Physics & Computer Science,4,0,0.0
2023 to 24,London,Male,Further Maths & Biology & Physics & Computer Science,4,0,0.0
2023 to 24,North West,Male,Maths & Further Maths & Chemistry & Physics & Computer Science,5,2,0.014
2023 to 24,Yorkshire and The Humber,Male,Maths & Further Maths & Chemistry & Physics & Computer Science,5,0,0.0
2023 to 24,North East,Male,Maths & Further Maths & Chemistry & Physics & Computer Science,5,0,0.0
2023 to 24,West Midlands,Male,Maths & Further Maths & Chemistry & Physics & Computer Science,5,2,0.018
2023 to 24,East of England,Male,Maths & Further Maths & Chemistry & Physics & Computer Science,5,2,0.014
2023 to 24,East Midlands,Male,Maths & Further Maths & Chemistry & Physics & Computer Science,5,1,0.011
2023 to 24,South West,Male,Maths & Further Maths & Chemistry & Physics & Computer Science,5,2,0.02
2023 to 24,South East,Male,Maths & Further Maths & Chemistry & Physics & Computer Science,5,0,0.0
2023 to 24,London,Male,Maths & Further Maths & Chemistry & Physics & Computer Science,5,1,0.005
2023 to 24,North West,All,Further Maths & Biology,2,0,0.0
2023 to 24,Yorkshire and The Humber,All,Further Maths & Biology,2,1,0.004
2023 to 24,North East,All,Further Maths & Biology,2,0,0.0
2023 to 24,West Midlands,All,Further Maths & Biology,2,0,0.0
2023 to 24,East of England,All,Further Maths & Biology,2,0,0.0
2023 to 24,East Midlands,All,Further Maths & Biology,2,0,0.0
2023 to 24,South West,All,Further Maths & Biology,2,0,0.0
2023 to 24,South East,All,Further Maths & Biology,2,0,0.0
2023 to 24,London,All,Further Maths & Biology,2,0,0.0
2023 to 24,North West,All,Maths & Further Maths & Biology & Chemistry & Physics,5,2,0.006
2023 to 24,Yorkshire and The Humber,All,Maths & Further Maths & Biology & Chemistry & Physics,5,0,0.0
2023 to 24,North East,All,Maths & Further Maths & Biology & Chemistry & Physics,5,1,0.01
2023 to 24,West Midlands,All,Maths & Further Maths & Biology & Chemistry & Physics,5,4,0.015
2023 to 24,East of England,All,Maths & Further Maths & Biology & Chemistry & Physics,5,0,0.0
2023 to 24,East Midlands,All,Maths & Further Maths & Biology & Chemistry & Physics,5,1,0.005
2023 to 24,South West,All,Maths & Further Maths & Biology & Chemistry & Physics,5,5,0.022
2023 to 24,South East,All,Maths & Further Maths & Biology & Chemistry & Physics,5,2,0.004
2023 to 24,London,All,Maths & Further Maths & Biology & Chemistry & Physics,5,5,0.011
2023 to 24,North West,Female,Maths & Further Maths & Chemistry & Physics & Computer Science,5,0,0.0
2023 to 24,Yorkshire and The Humber,Female,Maths & Further Maths & Chemistry & Physics & Computer Science,5,0,0.0
2023 to 24,North East,Female,Maths & Further Maths & Chemistry & Physics & Computer Science,5,0,0.0
2023 to 24,West Midlands,Female,Maths & Further Maths & Chemistry & Physics & Computer Science,5,0,0.0
2023 to 24,East of England,Female,Maths & Further Maths & Chemistry & Physics & Computer Science,5,1,0.006
2023 to 24,East Midlands,Female,Maths & Further Maths & Chemistry & Physics & Computer Science,5,0,0.0
2023 to 24,South West,Female,Maths & Further Maths & Chemistry & Physics & Computer Science,5,0,0.0
2023 to 24,South East,Female,Maths & Further Maths & Chemistry & Physics & Computer Science,5,0,0.0
2023 to 24,London,Female,Maths & Further Maths & Chemistry & Physics & Computer Science,5,0,0.0
2023 to 24,North West,Male,Further Maths & Biology,2,0,0.0
2023 to 24,Yorkshire and The Humber,Male,Further Maths & Biology,2,0,0.0
2023 to 24,North East,Male,Further Maths & Biology,2,0,0.0
2023 to 24,West Midlands,Male,Further Maths & Biology,2,0,0.0
2023 to 24,East of England,Male,Further Maths & Biology,2,0,0.0
2023 to 24,East Midlands,Male,Further Maths & Biology,2,0,0.0
2023 to 24,South West,Male,Further Maths & Biology,2,0,0.0
2023 to 24,South East,Male,Further Maths & Biology,2,0,0.0
2023 to 24,London,Male,Further Maths & Biology,2,0,0.0
2023 to 24,North West,All,Biology & Chemistry & Computer Science,3,43,0.134
2023 to 24,Yorkshire and The Humber,All,Biology & Chemistry & Computer Science,3,13,0.057
2023 to 24,North East,All,Biology & Chemistry & Computer Science,3,13,0.135
2023 to 24,West Midlands,All,Biology & Chemistry & Computer Science,3,34,0.13
2023 to 24,East of England,All,Biology & Chemistry & Computer Science,3,36,0.119
2023 to 24,East Midlands,All,Biology & Chemistry & Computer Science,3,20,0.101
2023 to 24,South West,All,Biology & Chemistry & Computer Science,3,22,0.099
2023 to 24,South East,All,Biology & Chemistry & Computer Science,3,36,0.075
2023 to 24,London,All,Biology & Chemistry & Computer Science,3,45,0.096
2023 to 24,North West,All,Further Maths,1,0,0.0
2023 to 24,Yorkshire and The Humber,All,Further Maths,1,0,0.0
2023 to 24,North East,All,Further Maths,1,0,0.0
2023 to 24,West Midlands,All,Further Maths,1,0,0.0
2023 to 24,East of England,All,Further Maths,1,6,0.02
2023 to 24,East Midlands,All,Further Maths,1,0,0.0
2023 to 24,South West,All,Further Maths,1,0,0.0
2023 to 24,South East,All,Further Maths,1,3,0.006
2023 to 24,London,All,Further Maths,1,2,0.004
2023 to 24,North West,Female,Biology & Chemistry & Physics & Computer Science,4,0,0.0
2023 to 24,Yorkshire and The Humber,Female,Biology & Chemistry & Physics & Computer Science,4,0,0.0
2023 to 24,North East,Female,Biology & Chemistry & Physics & Computer Science,4,0,0.0
2023 to 24,West Midlands,Female,Biology & Chemistry & Physics & Computer Science,4,0,0.0
2023 to 24,East of England,Female,Biology & Chemistry & Physics & Computer Science,4,1,0.006
2023 to 24,East Midlands,Female,Biology & Chemistry & Physics & Computer Science,4,0,0.0
2023 to 24,South West,Female,Biology & Chemistry & Physics & Computer Science,4,0,0.0
2023 to 24,South East,Female,Biology & Chemistry & Physics & Computer Science,4,0,0.0
2023 to 24,London,Female,Biology & Chemistry & Physics & Computer Science,4,0,0.0
2023 to 24,North West,Male,Maths & Chemistry & Computer Science,3,51,0.357
2023 to 24,Yorkshire and The Humber,Male,Maths & Chemistry & Computer Science,3,31,0.312
2023 to 24,North East,Male,Maths & Chemistry & Computer Science,3,8,0.19
2023 to 24,West Midlands,Male,Maths & Chemistry & Computer Science,3,33,0.289
2023 to 24,East of England,Male,Maths & Chemistry & Computer Science,3,37,0.267
2023 to 24,East Midlands,Male,Maths & Chemistry & Computer Science,3,24,0.274
2023 to 24,South West,Male,Maths & Chemistry & Computer Science,3,29,0.287
2023 to 24,South East,Male,Maths & Chemistry & Computer Science,3,49,0.221
2023 to 24,London,Male,Maths & Chemistry & Computer Science,3,51,0.238
2023 to 24,North West,All,Further Maths & Biology & Physics & Computer Science,4,0,0.0
2023 to 24,Yorkshire and The Humber,All,Further Maths & Biology & Physics & Computer Science,4,0,0.0
2023 to 24,North East,All,Further Maths & Biology & Physics & Computer Science,4,0,0.0
2023 to 24,West Midlands,All,Further Maths & Biology & Physics & Computer Science,4,0,0.0
2023 to 24,East of England,All,Further Maths & Biology & Physics & Computer Science,4,0,0.0
2023 to 24,East Midlands,All,Further Maths & Biology & Physics & Computer Science,4,0,0.0
2023 to 24,South West,All,Further Maths & Biology & Physics & Computer Science,4,0,0.0
2023 to 24,South East,All,Further Maths & Biology & Physics & Computer Science,4,0,0.0
2023 to 24,London,All,Further Maths & Biology & Physics & Computer Science,4,0,0.0
2023 to 24,North West,All,Biology,1,1988,6.18
2023 to 24,Yorkshire and The Humber,All,Biology,1,1449,6.375
2023 to 24,North East,All,Biology,1,627,6.506
2023 to 24,West Midlands,All,Biology,1,1892,7.226
2023 to 24,East of England,All,Biology,1,2033,6.705
2023 to 24,East Midlands,All,Biology,1,1659,8.372
2023 to 24,South West,All,Biology,1,2022,9.087
2023 to 24,South East,All,Biology,1,3272,6.852
2023 to 24,London,All,Biology,1,2195,4.681
2023 to 24,North West,Female,Further Maths & Chemistry,2,0,0.0
2023 to 24,Yorkshire and The Humber,Female,Further Maths & Chemistry,2,0,0.0
2023 to 24,North East,Female,Further Maths & Chemistry,2,0,0.0
2023 to 24,West Midlands,Female,Further Maths & Chemistry,2,0,0.0
2023 to 24,East of England,Female,Further Maths & Chemistry,2,0,0.0
2023 to 24,East Midlands,Female,Further Maths & Chemistry,2,0,0.0
2023 to 24,South West,Female,Further Maths & Chemistry,2,0,0.0
2023 to 24,South East,Female,Further Maths & Chemistry,2,0,0.0
2023 to 24,London,Female,Further Maths & Chemistry,2,0,0.0
2023 to 24,North West,Male,Biology & Chemistry & Physics,3,63,0.442
2023 to 24,Yorkshire and The Humber,Male,Biology & Chemistry & Physics,3,50,0.503
2023 to 24,North East,Male,Biology & Chemistry & Physics,3,30,0.711
2023 to 24,West Midlands,Male,Biology & Chemistry & Physics,3,77,0.674
2023 to 24,East of England,Male,Biology & Chemistry & Physics,3,60,0.433
2023 to 24,East Midlands,Male,Biology & Chemistry & Physics,3,59,0.675
2023 to 24,South West,Male,Biology & Chemistry & Physics,3,41,0.405
2023 to 24,South East,Male,Biology & Chemistry & Physics,3,73,0.329
2023 to 24,London,Male,Biology & Chemistry & Physics,3,50,0.234
2023 to 24,North West,Male,Biology,1,654,4.584
2023 to 24,Yorkshire and The Humber,Male,Biology,1,448,4.506
2023 to 24,North East,Male,Biology,1,187,4.43
2023 to 24,West Midlands,Male,Biology,1,563,4.93
2023 to 24,East of England,Male,Biology,1,667,4.813
2023 to 24,East Midlands,Male,Biology,1,505,5.775
2023 to 24,South West,Male,Biology,1,659,6.514
2023 to 24,South East,Male,Biology,1,1066,4.812
2023 to 24,London,Male,Biology,1,693,3.236
2023 to 24,North West,All,Biology & Chemistry & Physics & Computer Science,4,0,0.0
2023 to 24,Yorkshire and The Humber,All,Biology & Chemistry & Physics & Computer Science,4,0,0.0
2023 to 24,North East,All,Biology & Chemistry & Physics & Computer Science,4,0,0.0
2023 to 24,West Midlands,All,Biology & Chemistry & Physics & Computer Science,4,0,0.0
2023 to 24,East of England,All,Biology & Chemistry & Physics & Computer Science,4,1,0.003
2023 to 24,East Midlands,All,Biology & Chemistry & Physics & Computer Science,4,1,0.005
2023 to 24,South West,All,Biology & Chemistry & Physics & Computer Science,4,1,0.004
2023 to 24,South East,All,Biology & Chemistry & Physics & Computer Science,4,0,0.0
2023 to 24,London,All,Biology & Chemistry & Physics & Computer Science,4,0,0.0
2023 to 24,North West,Female,Biology & Chemistry & Physics,3,47,0.263
2023 to 24,Yorkshire and The Humber,Female,Biology & Chemistry & Physics,3,41,0.321
2023 to 24,North East,Female,Biology & Chemistry & Physics,3,13,0.24
2023 to 24,West Midlands,Female,Biology & Chemistry & Physics,3,67,0.454
2023 to 24,East of England,Female,Biology & Chemistry & Physics,3,51,0.31
2023 to 24,East Midlands,Female,Biology & Chemistry & Physics,3,62,0.56
2023 to 24,South West,Female,Biology & Chemistry & Physics,3,38,0.313
2023 to 24,South East,Female,Biology & Chemistry & Physics,3,63,0.246
2023 to 24,London,Female,Biology & Chemistry & Physics,3,73,0.286
2023 to 24,North West,Female,Biology,1,1334,7.452
2023 to 24,Yorkshire and The Humber,Female,Biology,1,1001,7.829
2023 to 24,North East,Female,Biology,1,440,8.124
2023 to 24,West Midlands,Female,Biology,1,1329,9.003
2023 to 24,East of England,Female,Biology,1,1366,8.296
2023 to 24,East Midlands,Female,Biology,1,1154,10.425
2023 to 24,South West,Female,Biology,1,1363,11.232
2023 to 24,South East,Female,Biology,1,2206,8.618
2023 to 24,London,Female,Biology,1,1502,5.895
2023 to 24,North West,Male,Biology & Chemistry & Physics & Computer Science,4,0,0.0
2023 to 24,Yorkshire and The Humber,Male,Biology & Chemistry & Physics & Computer Science,4,0,0.0
2023 to 24,North East,Male,Biology & Chemistry & Physics & Computer Science,4,0,0.0
2023 to 24,West Midlands,Male,Biology & Chemistry & Physics & Computer Science,4,0,0.0
2023 to 24,East of England,Male,Biology & Chemistry & Physics & Computer Science,4,0,0.0
2023 to 24,East Midlands,Male,Biology & Chemistry & Physics & Computer Science,4,1,0.011
2023 to 24,South West,Male,Biology & Chemistry & Physics & Computer Science,4,1,0.01
2023 to 24,South East,Male,Biology & Chemistry & Physics & Computer Science,4,0,0.0
2023 to 24,London,Male,Biology & Chemistry & Physics & Computer Science,4,0,0.0
2023 to 24,North West,All,Maths & Chemistry & Computer Science,3,66,0.205
2023 to 24,Yorkshire and The Humber,All,Maths & Chemistry & Computer Science,3,42,0.185
2023 to 24,North East,All,Maths & Chemistry & Computer Science,3,11,0.114
2023 to 24,West Midlands,All,Maths & Chemistry & Computer Science,3,50,0.191
2023 to 24,East of England,All,Maths & Chemistry & Computer Science,3,54,0.178
2023 to 24,East Midlands,All,Maths & Chemistry & Computer Science,3,32,0.161
2023 to 24,South West,All,Maths & Chemistry & Computer Science,3,33,0.148
2023 to 24,South East,All,Maths & Chemistry & Computer Science,3,64,0.134
2023 to 24,London,All,Maths & Chemistry & Computer Science,3,73,0.156
2023 to 24,North West,Female,Further Maths & Chemistry & Physics & Computer Science,4,0,0.0
2023 to 24,Yorkshire and The Humber,Female,Further Maths & Chemistry & Physics & Computer Science,4,0,0.0
2023 to 24,North East,Female,Further Maths & Chemistry & Physics & Computer Science,4,0,0.0
2023 to 24,West Midlands,Female,Further Maths & Chemistry & Physics & Computer Science,4,0,0.0
2023 to 24,East of England,Female,Further Maths & Chemistry & Physics & Computer Science,4,0,0.0
2023 to 24,East Midlands,Female,Further Maths & Chemistry & Physics & Computer Science,4,0,0.0
2023 to 24,South West,Female,Further Maths & Chemistry & Physics & Computer Science,4,0,0.0
2023 to 24,South East,Female,Further Maths & Chemistry & Physics & Computer Science,4,0,0.0
2023 to 24,London,Female,Further Maths & Chemistry & Physics & Computer Science,4,0,0.0
2023 to 24,North West,Female,Chemistry,1,137,0.765
2023 to 24,Yorkshire and The Humber,Female,Chemistry,1,114,0.892
2023 to 24,North East,Female,Chemistry,1,42,0.775
2023 to 24,West Midlands,Female,Chemistry,1,115,0.779
2023 to 24,East of England,Female,Chemistry,1,122,0.741
2023 to 24,East Midlands,Female,Chemistry,1,95,0.858
2023 to 24,South West,Female,Chemistry,1,87,0.717
2023 to 24,South East,Female,Chemistry,1,177,0.691
2023 to 24,London,Female,Chemistry,1,234,0.918
2023 to 24,North West,Male,Further Maths & Chemistry,2,0,0.0
2023 to 24,Yorkshire and The Humber,Male,Further Maths & Chemistry,2,0,0.0
2023 to 24,North East,Male,Further Maths & Chemistry,2,0,0.0
2023 to 24,West Midlands,Male,Further Maths & Chemistry,2,0,0.0
2023 to 24,East of England,Male,Further Maths & Chemistry,2,0,0.0
2023 to 24,East Midlands,Male,Further Maths & Chemistry,2,0,0.0
2023 to 24,South West,Male,Further Maths & Chemistry,2,0,0.0
2023 to 24,South East,Male,Further Maths & Chemistry,2,0,0.0
2023 to 24,London,Male,Further Maths & Chemistry,2,1,0.005
2023 to 24,North West,All,Biology & Chemistry & Physics,3,110,0.342
2023 to 24,Yorkshire and The Humber,All,Biology & Chemistry & Physics,3,91,0.4
2023 to 24,North East,All,Biology & Chemistry & Physics,3,43,0.446
2023 to 24,West Midlands,All,Biology & Chemistry & Physics,3,144,0.55
2023 to 24,East of England,All,Biology & Chemistry & Physics,3,111,0.366
2023 to 24,East Midlands,All,Biology & Chemistry & Physics,3,121,0.611
2023 to 24,South West,All,Biology & Chemistry & Physics,3,79,0.355
2023 to 24,South East,All,Biology & Chemistry & Physics,3,136,0.285
2023 to 24,London,All,Biology & Chemistry & Physics,3,123,0.262
2023 to 24,North West,Female,Maths & Biology & Chemistry & Computer Science,4,1,0.006
2023 to 24,Yorkshire and The Humber,Female,Maths & Biology & Chemistry & Computer Science,4,2,0.016
2023 to 24,North East,Female,Maths & Biology & Chemistry & Computer Science,4,0,0.0
2023 to 24,West Midlands,Female,Maths & Biology & Chemistry & Computer Science,4,2,0.014
2023 to 24,East of England,Female,Maths & Biology & Chemistry & Computer Science,4,5,0.03
2023 to 24,East Midlands,Female,Maths & Biology & Chemistry & Computer Science,4,4,0.036
2023 to 24,South West,Female,Maths & Biology & Chemistry & Computer Science,4,2,0.016
2023 to 24,South East,Female,Maths & Biology & Chemistry & Computer Science,4,8,0.031
2023 to 24,London,Female,Maths & Biology & Chemistry & Computer Science,4,5,0.02
2023 to 24,North West,Female,Further Maths & Biology & Chemistry & Computer Science,4,0,0.0
2023 to 24,Yorkshire and The Humber,Female,Further Maths & Biology & Chemistry & Computer Science,4,0,0.0
2023 to 24,North East,Female,Further Maths & Biology & Chemistry & Computer Science,4,0,0.0
2023 to 24,West Midlands,Female,Further Maths & Biology & Chemistry & Computer Science,4,0,0.0
2023 to 24,East of England,Female,Further Maths & Biology & Chemistry & Computer Science,4,0,0.0
2023 to 24,East Midlands,Female,Further Maths & Biology & Chemistry & Computer Science,4,0,0.0
2023 to 24,South West,Female,Further Maths & Biology & Chemistry & Computer Science,4,0,0.0
2023 to 24,South East,Female,Further Maths & Biology & Chemistry & Computer Science,4,0,0.0
2023 to 24,London,Female,Further Maths & Biology & Chemistry & Computer Science,4,0,0.0
2023 to 24,North West,Male,Maths & Chemistry & Physics,3,476,3.336
2023 to 24,Yorkshire and The Humber,Male,Maths & Chemistry & Physics,3,314,3.158
2023 to 24,North East,Male,Maths & Chemistry & Physics,3,143,3.388
2023 to 24,West Midlands,Male,Maths & Chemistry & Physics,3,345,3.021
2023 to 24,East of England,Male,Maths & Chemistry & Physics,3,338,2.439
2023 to 24,East Midlands,Male,Maths & Chemistry & Physics,3,282,3.225
2023 to 24,South West,Male,Maths & Chemistry & Physics,3,317,3.133
2023 to 24,South East,Male,Maths & Chemistry & Physics,3,536,2.419
2023 to 24,London,Male,Maths & Chemistry & Physics,3,703,3.283
2023 to 24,North West,All,Further Maths & Chemistry & Physics & Computer Science,4,0,0.0
2023 to 24,Yorkshire and The Humber,All,Further Maths & Chemistry & Physics & Computer Science,4,0,0.0
2023 to 24,North East,All,Further Maths & Chemistry & Physics & Computer Science,4,0,0.0
2023 to 24,West Midlands,All,Further Maths & Chemistry & Physics & Computer Science,4,0,0.0
2023 to 24,East of England,All,Further Maths & Chemistry & Physics & Computer Science,4,0,0.0
2023 to 24,East Midlands,All,Further Maths & Chemistry & Physics & Computer Science,4,0,0.0
2023 to 24,South West,All,Further Maths & Chemistry & Physics & Computer Science,4,0,0.0
2023 to 24,South East,All,Further Maths & Chemistry & Physics & Computer Science,4,1,0.002
2023 to 24,London,All,Further Maths & Chemistry & Physics & Computer Science,4,0,0.0
2023 to 24,North West,All,Chemistry,1,210,0.653
2023 to 24,Yorkshire and The Humber,All,Chemistry,1,180,0.792
2023 to 24,North East,All,Chemistry,1,70,0.726
2023 to 24,West Midlands,All,Chemistry,1,187,0.714
2023 to 24,East of England,All,Chemistry,1,193,0.637
2023 to 24,East Midlands,All,Chemistry,1,159,0.802
2023 to 24,South West,All,Chemistry,1,161,0.724
2023 to 24,South East,All,Chemistry,1,293,0.614
2023 to 24,London,All,Chemistry,1,329,0.702
2023 to 24,North West,Female,Maths & Chemistry & Physics,3,124,0.693
2023 to 24,Yorkshire and The Humber,Female,Maths & Chemistry & Physics,3,84,0.657
2023 to 24,North East,Female,Maths & Chemistry & Physics,3,46,0.849
2023 to 24,West Midlands,Female,Maths & Chemistry & Physics,3,120,0.813
2023 to 24,East of England,Female,Maths & Chemistry & Physics,3,101,0.613
2023 to 24,East Midlands,Female,Maths & Chemistry & Physics,3,83,0.75
2023 to 24,South West,Female,Maths & Chemistry & Physics,3,81,0.667
2023 to 24,South East,Female,Maths & Chemistry & Physics,3,194,0.758
2023 to 24,London,Female,Maths & Chemistry & Physics,3,255,1.001
2023 to 24,North West,Male,Further Maths & Chemistry & Physics & Computer Science,4,0,0.0
2023 to 24,Yorkshire and The Humber,Male,Further Maths & Chemistry & Physics & Computer Science,4,0,0.0
2023 to 24,North East,Male,Further Maths & Chemistry & Physics & Computer Science,4,0,0.0
2023 to 24,West Midlands,Male,Further Maths & Chemistry & Physics & Computer Science,4,0,0.0
2023 to 24,East of England,Male,Further Maths & Chemistry & Physics & Computer Science,4,0,0.0
2023 to 24,East Midlands,Male,Further Maths & Chemistry & Physics & Computer Science,4,0,0.0
2023 to 24,South West,Male,Further Maths & Chemistry & Physics & Computer Science,4,0,0.0
2023 to 24,South East,Male,Further Maths & Chemistry & Physics & Computer Science,4,1,0.005
2023 to 24,London,Male,Further Maths & Chemistry & Physics & Computer Science,4,0,0.0
2023 to 24,North West,Male,Chemistry,1,73,0.512
2023 to 24,Yorkshire and The Humber,Male,Chemistry,1,66,0.664
2023 to 24,North East,Male,Chemistry,1,28,0.663
2023 to 24,West Midlands,Male,Chemistry,1,72,0.63
2023 to 24,East of England,Male,Chemistry,1,71,0.512
2023 to 24,East Midlands,Male,Chemistry,1,64,0.732
2023 to 24,South West,Male,Chemistry,1,74,0.731
2023 to 24,South East,Male,Chemistry,1,116,0.524
2023 to 24,London,Male,Chemistry,1,95,0.444
2023 to 24,North West,All,Further Maths & Chemistry,2,0,0.0
2023 to 24,Yorkshire and The Humber,All,Further Maths & Chemistry,2,0,0.0
2023 to 24,North East,All,Further Maths & Chemistry,2,0,0.0
2023 to 24,West Midlands,All,Further Maths & Chemistry,2,0,0.0
2023 to 24,East of England,All,Further Maths & Chemistry,2,0,0.0
2023 to 24,East Midlands,All,Further Maths & Chemistry,2,0,0.0
2023 to 24,South West,All,Further Maths & Chemistry,2,0,0.0
2023 to 24,South East,All,Further Maths & Chemistry,2,0,0.0
2023 to 24,London,All,Further Maths & Chemistry,2,1,0.002
2023 to 24,North West,Female,Biology & Physics & Computer Science,3,1,0.006
2023 to 24,Yorkshire and The Humber,Female,Biology & Physics & Computer Science,3,0,0.0
2023 to 24,North East,Female,Biology & Physics & Computer Science,3,0,0.0
2023 to 24,West Midlands,Female,Biology & Physics & Computer Science,3,0,0.0
2023 to 24,East of England,Female,Biology & Physics & Computer Science,3,1,0.006
2023 to 24,East Midlands,Female,Biology & Physics & Computer Science,3,4,0.036
2023 to 24,South West,Female,Biology & Physics & Computer Science,3,1,0.008
2023 to 24,South East,Female,Biology & Physics & Computer Science,3,0,0.0
2023 to 24,London,Female,Biology & Physics & Computer Science,3,1,0.004
2023 to 24,North West,Male,Maths & Biology & Chemistry & Computer Science,4,2,0.014
2023 to 24,Yorkshire and The Humber,Male,Maths & Biology & Chemistry & Computer Science,4,1,0.01
2023 to 24,North East,Male,Maths & Biology & Chemistry & Computer Science,4,1,0.024
2023 to 24,West Midlands,Male,Maths & Biology & Chemistry & Computer Science,4,3,0.026
2023 to 24,East of England,Male,Maths & Biology & Chemistry & Computer Science,4,15,0.108
2023 to 24,East Midlands,Male,Maths & Biology & Chemistry & Computer Science,4,1,0.011
2023 to 24,South West,Male,Maths & Biology & Chemistry & Computer Science,4,5,0.049
2023 to 24,South East,Male,Maths & Biology & Chemistry & Computer Science,4,6,0.027
2023 to 24,London,Male,Maths & Biology & Chemistry & Computer Science,4,7,0.033
2023 to 24,North West,Male,Further Maths & Biology & Chemistry & Computer Science,4,0,0.0
2023 to 24,Yorkshire and The Humber,Male,Further Maths & Biology & Chemistry & Computer Science,4,0,0.0
2023 to 24,North East,Male,Further Maths & Biology & Chemistry & Computer Science,4,0,0.0
2023 to 24,West Midlands,Male,Further Maths & Biology & Chemistry & Computer Science,4,0,0.0
2023 to 24,East of England,Male,Further Maths & Biology & Chemistry & Computer Science,4,0,0.0
2023 to 24,East Midlands,Male,Further Maths & Biology & Chemistry & Computer Science,4,0,0.0
2023 to 24,South West,Male,Further Maths & Biology & Chemistry & Computer Science,4,0,0.0
2023 to 24,South East,Male,Further Maths & Biology & Chemistry & Computer Science,4,0,0.0
2023 to 24,London,Male,Further Maths & Biology & Chemistry & Computer Science,4,0,0.0
2023 to 24,North West,All,Maths & Chemistry & Physics,3,600,1.865
2023 to 24,Yorkshire and The Humber,All,Maths & Chemistry & Physics,3,398,1.751
2023 to 24,North East,All,Maths & Chemistry & Physics,3,189,1.961
2023 to 24,West Midlands,All,Maths & Chemistry & Physics,3,465,1.776
2023 to 24,East of England,All,Maths & Chemistry & Physics,3,439,1.448
2023 to 24,East Midlands,All,Maths & Chemistry & Physics,3,365,1.842
2023 to 24,South West,All,Maths & Chemistry & Physics,3,398,1.789
2023 to 24,South East,All,Maths & Chemistry & Physics,3,730,1.529
2023 to 24,London,All,Maths & Chemistry & Physics,3,958,2.043
2023 to 24,North West,Male,Maths & Further Maths & Biology & Chemistry & Physics & Computer Science,6,0,0.0
2023 to 24,Yorkshire and The Humber,Male,Maths & Further Maths & Biology & Chemistry & Physics & Computer Science,6,0,0.0
2023 to 24,North East,Male,Maths & Further Maths & Biology & Chemistry & Physics & Computer Science,6,0,0.0
2023 to 24,West Midlands,Male,Maths & Further Maths & Biology & Chemistry & Physics & Computer Science,6,0,0.0
2023 to 24,East of England,Male,Maths & Further Maths & Biology & Chemistry & Physics & Computer Science,6,0,0.0
2023 to 24,East Midlands,Male,Maths & Further Maths & Biology & Chemistry & Physics & Computer Science,6,0,0.0
2023 to 24,South West,Male,Maths & Further Maths & Biology & Chemistry & Physics & Computer Science,6,1,0.01
2023 to 24,South East,Male,Maths & Further Maths & Biology & Chemistry & Physics & Computer Science,6,0,0.0
2023 to 24,London,Male,Maths & Further Maths & Biology & Chemistry & Physics & Computer Science,6,0,0.0
2023 to 24,North West,Female,Physics,1,50,0.279
2023 to 24,Yorkshire and The Humber,Female,Physics,1,26,0.203
2023 to 24,North East,Female,Physics,1,11,0.203
2023 to 24,West Midlands,Female,Physics,1,43,0.291
2023 to 24,East of England,Female,Physics,1,53,0.322
2023 to 24,East Midlands,Female,Physics,1,42,0.379
2023 to 24,South West,Female,Physics,1,43,0.354
2023 to 24,South East,Female,Physics,1,67,0.262
2023 to 24,London,Female,Physics,1,50,0.196
2023 to 24,North West,Male,Further Maths & Computer Science,2,0,0.0
2023 to 24,Yorkshire and The Humber,Male,Further Maths & Computer Science,2,0,0.0
2023 to 24,North East,Male,Further Maths & Computer Science,2,0,0.0
2023 to 24,West Midlands,Male,Further Maths & Computer Science,2,0,0.0
2023 to 24,East of England,Male,Further Maths & Computer Science,2,0,0.0
2023 to 24,East Midlands,Male,Further Maths & Computer Science,2,0,0.0
2023 to 24,South West,Male,Further Maths & Computer Science,2,0,0.0
2023 to 24,South East,Male,Further Maths & Computer Science,2,1,0.005
2023 to 24,London,Male,Further Maths & Computer Science,2,0,0.0
2023 to 24,North West,Female,Maths & Further Maths & Biology & Chemistry & Physics & Computer Science,6,0,0.0
2023 to 24,Yorkshire and The Humber,Female,Maths & Further Maths & Biology & Chemistry & Physics & Computer Science,6,0,0.0
2023 to 24,North East,Female,Maths & Further Maths & Biology & Chemistry & Physics & Computer Science,6,0,0.0
2023 to 24,West Midlands,Female,Maths & Further Maths & Biology & Chemistry & Physics & Computer Science,6,0,0.0
2023 to 24,East of England,Female,Maths & Further Maths & Biology & Chemistry & Physics & Computer Science,6,0,0.0
2023 to 24,East Midlands,Female,Maths & Further Maths & Biology & Chemistry & Physics & Computer Science,6,0,0.0
2023 to 24,South West,Female,Maths & Further Maths & Biology & Chemistry & Physics & Computer Science,6,0,0.0
2023 to 24,South East,Female,Maths & Further Maths & Biology & Chemistry & Physics & Computer Science,6,0,0.0
2023 to 24,London,Female,Maths & Further Maths & Biology & Chemistry & Physics & Computer Science,6,0,0.0
2023 to 24,North West,Female,Maths & Biology & Chemistry & Physics,4,19,0.106
2023 to 24,Yorkshire and The Humber,Female,Maths & Biology & Chemistry & Physics,4,9,0.07
2023 to 24,North East,Female,Maths & Biology & Chemistry & Physics,4,5,0.092
2023 to 24,West Midlands,Female,Maths & Biology & Chemistry & Physics,4,12,0.081
2023 to 24,East of England,Female,Maths & Biology & Chemistry & Physics,4,21,0.128
2023 to 24,East Midlands,Female,Maths & Biology & Chemistry & Physics,4,12,0.108
2023 to 24,South West,Female,Maths & Biology & Chemistry & Physics,4,20,0.165
2023 to 24,South East,Female,Maths & Biology & Chemistry & Physics,4,27,0.105
2023 to 24,London,Female,Maths & Biology & Chemistry & Physics,4,41,0.161
2023 to 24,North West,Female,Further Maths & Computer Science,2,0,0.0
2023 to 24,Yorkshire and The Humber,Female,Further Maths & Computer Science,2,0,0.0
2023 to 24,North East,Female,Further Maths & Computer Science,2,0,0.0
2023 to 24,West Midlands,Female,Further Maths & Computer Science,2,0,0.0
2023 to 24,East of England,Female,Further Maths & Computer Science,2,0,0.0
2023 to 24,East Midlands,Female,Further Maths & Computer Science,2,0,0.0
2023 to 24,South West,Female,Further Maths & Computer Science,2,0,0.0
2023 to 24,South East,Female,Further Maths & Computer Science,2,0,0.0
2023 to 24,London,Female,Further Maths & Computer Science,2,0,0.0
2023 to 24,North West,Male,Biology & Physics & Computer Science,3,9,0.063
2023 to 24,Yorkshire and The Humber,Male,Biology & Physics & Computer Science,3,1,0.01
2023 to 24,North East,Male,Biology & Physics & Computer Science,3,1,0.024
2023 to 24,West Midlands,Male,Biology & Physics & Computer Science,3,1,0.009
2023 to 24,East of England,Male,Biology & Physics & Computer Science,3,4,0.029
2023 to 24,East Midlands,Male,Biology & Physics & Computer Science,3,7,0.08
2023 to 24,South West,Male,Biology & Physics & Computer Science,3,5,0.049
2023 to 24,South East,Male,Biology & Physics & Computer Science,3,9,0.041
2023 to 24,London,Male,Biology & Physics & Computer Science,3,4,0.019
2023 to 24,North West,All,Maths & Biology & Chemistry & Computer Science,4,3,0.009
2023 to 24,Yorkshire and The Humber,All,Maths & Biology & Chemistry & Computer Science,4,3,0.013
2023 to 24,North East,All,Maths & Biology & Chemistry & Computer Science,4,1,0.01
2023 to 24,West Midlands,All,Maths & Biology & Chemistry & Computer Science,4,5,0.019
2023 to 24,East of England,All,Maths & Biology & Chemistry & Computer Science,4,20,0.066
2023 to 24,East Midlands,All,Maths & Biology & Chemistry & Computer Science,4,5,0.025
2023 to 24,South West,All,Maths & Biology & Chemistry & Computer Science,4,7,0.031
2023 to 24,South East,All,Maths & Biology & Chemistry & Computer Science,4,14,0.029
2023 to 24,London,All,Maths & Biology & Chemistry & Computer Science,4,12,0.026
2023 to 24,North West,All,Further Maths & Biology & Chemistry & Computer Science,4,0,0.0
2023 to 24,Yorkshire and The Humber,All,Further Maths & Biology & Chemistry & Computer Science,4,0,0.0
2023 to 24,North East,All,Further Maths & Biology & Chemistry & Computer Science,4,0,0.0
2023 to 24,West Midlands,All,Further Maths & Biology & Chemistry & Computer Science,4,0,0.0
2023 to 24,East of England,All,Further Maths & Biology & Chemistry & Computer Science,4,0,0.0
2023 to 24,East Midlands,All,Further Maths & Biology & Chemistry & Computer Science,4,0,0.0
2023 to 24,South West,All,Further Maths & Biology & Chemistry & Computer Science,4,0,0.0
2023 to 24,South East,All,Further Maths & Biology & Chemistry & Computer Science,4,0,0.0
2023 to 24,London,All,Further Maths & Biology & Chemistry & Computer Science,4,0,0.0
2023 to 24,North West,Female,Maths & Further Maths & Biology,3,10,0.056
2023 to 24,Yorkshire and The Humber,Female,Maths & Further Maths & Biology,3,9,0.07
2023 to 24,North East,Female,Maths & Further Maths & Biology,3,3,0.055
2023 to 24,West Midlands,Female,Maths & Further Maths & Biology,3,9,0.061
2023 to 24,East of England,Female,Maths & Further Maths & Biology,3,14,0.085
2023 to 24,East Midlands,Female,Maths & Further Maths & Biology,3,8,0.072
2023 to 24,South West,Female,Maths & Further Maths & Biology,3,3,0.025
2023 to 24,South East,Female,Maths & Further Maths & Biology,3,24,0.094
2023 to 24,London,Female,Maths & Further Maths & Biology,3,20,0.078
2023 to 24,North West,All,Maths & Further Maths & Biology & Chemistry & Physics & Computer Science,6,0,0.0
2023 to 24,Yorkshire and The Humber,All,Maths & Further Maths & Biology & Chemistry & Physics & Computer Science,6,0,0.0
2023 to 24,North East,All,Maths & Further Maths & Biology & Chemistry & Physics & Computer Science,6,0,0.0
2023 to 24,West Midlands,All,Maths & Further Maths & Biology & Chemistry & Physics & Computer Science,6,0,0.0
2023 to 24,East of England,All,Maths & Further Maths & Biology & Chemistry & Physics & Computer Science,6,0,0.0
2023 to 24,East Midlands,All,Maths & Further Maths & Biology & Chemistry & Physics & Computer Science,6,0,0.0
2023 to 24,South West,All,Maths & Further Maths & Biology & Chemistry & Physics & Computer Science,6,1,0.004
2023 to 24,South East,All,Maths & Further Maths & Biology & Chemistry & Physics & Computer Science,6,0,0.0
2023 to 24,London,All,Maths & Further Maths & Biology & Chemistry & Physics & Computer Science,6,0,0.0
2023 to 24,North West,Male,Physics,1,97,0.68
2023 to 24,Yorkshire and The Humber,Male,Physics,1,123,1.237
2023 to 24,North East,Male,Physics,1,44,1.042
2023 to 24,West Midlands,Male,Physics,1,105,0.919
2023 to 24,East of England,Male,Physics,1,164,1.184
2023 to 24,East Midlands,Male,Physics,1,123,1.407
2023 to 24,South West,Male,Physics,1,160,1.581
2023 to 24,South East,Male,Physics,1,250,1.128
2023 to 24,London,Male,Physics,1,126,0.588
2023 to 24,North West,All,Further Maths & Computer Science,2,0,0.0
2023 to 24,Yorkshire and The Humber,All,Further Maths & Computer Science,2,0,0.0
2023 to 24,North East,All,Further Maths & Computer Science,2,0,0.0
2023 to 24,West Midlands,All,Further Maths & Computer Science,2,0,0.0
2023 to 24,East of England,All,Further Maths & Computer Science,2,0,0.0
2023 to 24,East Midlands,All,Further Maths & Computer Science,2,0,0.0
2023 to 24,South West,All,Further Maths & Computer Science,2,0,0.0
2023 to 24,South East,All,Further Maths & Computer Science,2,1,0.002
2023 to 24,London,All,Further Maths & Computer Science,2,0,0.0
2023 to 24,North West,Female,Chemistry & Physics & Computer Science,3,1,0.006
2023 to 24,Yorkshire and The Humber,Female,Chemistry & Physics & Computer Science,3,0,0.0
2023 to 24,North East,Female,Chemistry & Physics & Computer Science,3,1,0.018
2023 to 24,West Midlands,Female,Chemistry & Physics & Computer Science,3,0,0.0
2023 to 24,East of England,Female,Chemistry & Physics & Computer Science,3,2,0.012
2023 to 24,East Midlands,Female,Chemistry & Physics & Computer Science,3,1,0.009
2023 to 24,South West,Female,Chemistry & Physics & Computer Science,3,0,0.0
2023 to 24,South East,Female,Chemistry & Physics & Computer Science,3,0,0.0
2023 to 24,London,Female,Chemistry & Physics & Computer Science,3,0,0.0
2023 to 24,North West,Male,Maths & Biology & Chemistry & Physics,4,20,0.14
2023 to 24,Yorkshire and The Humber,Male,Maths & Biology & Chemistry & Physics,4,22,0.221
2023 to 24,North East,Male,Maths & Biology & Chemistry & Physics,4,3,0.071
2023 to 24,West Midlands,Male,Maths & Biology & Chemistry & Physics,4,17,0.149
2023 to 24,East of England,Male,Maths & Biology & Chemistry & Physics,4,37,0.267
2023 to 24,East Midlands,Male,Maths & Biology & Chemistry & Physics,4,18,0.206
2023 to 24,South West,Male,Maths & Biology & Chemistry & Physics,4,18,0.178
2023 to 24,South East,Male,Maths & Biology & Chemistry & Physics,4,66,0.298
2023 to 24,London,Male,Maths & Biology & Chemistry & Physics,4,64,0.299
2023 to 24,North West,Male,Further Maths & Biology & Chemistry & Physics,4,0,0.0
2023 to 24,Yorkshire and The Humber,Male,Further Maths & Biology & Chemistry & Physics,4,0,0.0
2023 to 24,North East,Male,Further Maths & Biology & Chemistry & Physics,4,0,0.0
2023 to 24,West Midlands,Male,Further Maths & Biology & Chemistry & Physics,4,0,0.0
2023 to 24,East of England,Male,Further Maths & Biology & Chemistry & Physics,4,0,0.0
2023 to 24,East Midlands,Male,Further Maths & Biology & Chemistry & Physics,4,0,0.0
2023 to 24,South West,Male,Further Maths & Biology & Chemistry & Physics,4,0,0.0
2023 to 24,South East,Male,Further Maths & Biology & Chemistry & Physics,4,0,0.0
2023 to 24,London,Male,Further Maths & Biology & Chemistry & Physics,4,0,0.0
2023 to 24,North West,All,Biology & Physics & Computer Science,3,10,0.031
2023 to 24,Yorkshire and The Humber,All,Biology & Physics & Computer Science,3,1,0.004
2023 to 24,North East,All,Biology & Physics & Computer Science,3,1,0.01
2023 to 24,West Midlands,All,Biology & Physics & Computer Science,3,1,0.004
2023 to 24,East of England,All,Biology & Physics & Computer Science,3,5,0.016
2023 to 24,East Midlands,All,Biology & Physics & Computer Science,3,11,0.056
2023 to 24,South West,All,Biology & Physics & Computer Science,3,6,0.027
2023 to 24,South East,All,Biology & Physics & Computer Science,3,9,0.019
2023 to 24,London,All,Biology & Physics & Computer Science,3,5,0.011
2023 to 24,North West,Male,Further Maths & Biology & Chemistry & Physics & Computer Science,5,0,0.0
2023 to 24,Yorkshire and The Humber,Male,Further Maths & Biology & Chemistry & Physics & Computer Science,5,0,0.0
2023 to 24,North East,Male,Further Maths & Biology & Chemistry & Physics & Computer Science,5,0,0.0
2023 to 24,West Midlands,Male,Further Maths & Biology & Chemistry & Physics & Computer Science,5,0,0.0
2023 to 24,East of England,Male,Further Maths & Biology & Chemistry & Physics & Computer Science,5,0,0.0
2023 to 24,East Midlands,Male,Further Maths & Biology & Chemistry & Physics & Computer Science,5,0,0.0
2023 to 24,South West,Male,Further Maths & Biology & Chemistry & Physics & Computer Science,5,0,0.0
2023 to 24,South East,Male,Further Maths & Biology & Chemistry & Physics & Computer Science,5,0,0.0
2023 to 24,London,Male,Further Maths & Biology & Chemistry & Physics & Computer Science,5,0,0.0
2023 to 24,North West,Female,Further Maths & Biology & Chemistry & Physics,4,0,0.0
2023 to 24,Yorkshire and The Humber,Female,Further Maths & Biology & Chemistry & Physics,4,0,0.0
2023 to 24,North East,Female,Further Maths & Biology & Chemistry & Physics,4,0,0.0
2023 to 24,West Midlands,Female,Further Maths & Biology & Chemistry & Physics,4,0,0.0
2023 to 24,East of England,Female,Further Maths & Biology & Chemistry & Physics,4,0,0.0
2023 to 24,East Midlands,Female,Further Maths & Biology & Chemistry & Physics,4,1,0.009
2023 to 24,South West,Female,Further Maths & Biology & Chemistry & Physics,4,0,0.0
2023 to 24,South East,Female,Further Maths & Biology & Chemistry & Physics,4,0,0.0
2023 to 24,London,Female,Further Maths & Biology & Chemistry & Physics,4,0,0.0
2023 to 24,North West,Male,Maths & Further Maths & Biology,3,11,0.077
2023 to 24,Yorkshire and The Humber,Male,Maths & Further Maths & Biology,3,5,0.05
2023 to 24,North East,Male,Maths & Further Maths & Biology,3,3,0.071
2023 to 24,West Midlands,Male,Maths & Further Maths & Biology,3,5,0.044
2023 to 24,East of England,Male,Maths & Further Maths & Biology,3,11,0.079
2023 to 24,East Midlands,Male,Maths & Further Maths & Biology,3,6,0.069
2023 to 24,South West,Male,Maths & Further Maths & Biology,3,7,0.069
2023 to 24,South East,Male,Maths & Further Maths & Biology,3,17,0.077
2023 to 24,London,Male,Maths & Further Maths & Biology,3,18,0.084
2023 to 24,North West,Female,Further Maths & Biology & Chemistry & Physics & Computer Science,5,0,0.0
2023 to 24,Yorkshire and The Humber,Female,Further Maths & Biology & Chemistry & Physics & Computer Science,5,0,0.0
2023 to 24,North East,Female,Further Maths & Biology & Chemistry & Physics & Computer Science,5,0,0.0
2023 to 24,West Midlands,Female,Further Maths & Biology & Chemistry & Physics & Computer Science,5,0,0.0
2023 to 24,East of England,Female,Further Maths & Biology & Chemistry & Physics & Computer Science,5,0,0.0
2023 to 24,East Midlands,Female,Further Maths & Biology & Chemistry & Physics & Computer Science,5,0,0.0
2023 to 24,South West,Female,Further Maths & Biology & Chemistry & Physics & Computer Science,5,0,0.0
2023 to 24,South East,Female,Further Maths & Biology & Chemistry & Physics & Computer Science,5,0,0.0
2023 to 24,London,Female,Further Maths & Biology & Chemistry & Physics & Computer Science,5,0,0.0
2023 to 24,North West,All,Physics,1,147,0.457
2023 to 24,Yorkshire and The Humber,All,Physics,1,149,0.656
2023 to 24,North East,All,Physics,1,55,0.571
2023 to 24,West Midlands,All,Physics,1,148,0.565
2023 to 24,East of England,All,Physics,1,217,0.716
2023 to 24,East Midlands,All,Physics,1,165,0.833
2023 to 24,South West,All,Physics,1,203,0.912
2023 to 24,South East,All,Physics,1,317,0.664
2023 to 24,London,All,Physics,1,176,0.375
2023 to 24,North West,Female,Further Maths & Physics,2,0,0.0
2023 to 24,Yorkshire and The Humber,Female,Further Maths & Physics,2,0,0.0
2023 to 24,North East,Female,Further Maths & Physics,2,0,0.0
2023 to 24,West Midlands,Female,Further Maths & Physics,2,0,0.0
2023 to 24,East of England,Female,Further Maths & Physics,2,0,0.0
2023 to 24,East Midlands,Female,Further Maths & Physics,2,0,0.0
2023 to 24,South West,Female,Further Maths & Physics,2,0,0.0
2023 to 24,South East,Female,Further Maths & Physics,2,0,0.0
2023 to 24,London,Female,Further Maths & Physics,2,0,0.0
2023 to 24,North West,Male,Chemistry & Physics & Computer Science,3,11,0.077
2023 to 24,Yorkshire and The Humber,Male,Chemistry & Physics & Computer Science,3,5,0.05
2023 to 24,North East,Male,Chemistry & Physics & Computer Science,3,2,0.047
2023 to 24,West Midlands,Male,Chemistry & Physics & Computer Science,3,4,0.035
2023 to 24,East of England,Male,Chemistry & Physics & Computer Science,3,11,0.079
2023 to 24,East Midlands,Male,Chemistry & Physics & Computer Science,3,5,0.057
2023 to 24,South West,Male,Chemistry & Physics & Computer Science,3,5,0.049
2023 to 24,South East,Male,Chemistry & Physics & Computer Science,3,10,0.045
2023 to 24,London,Male,Chemistry & Physics & Computer Science,3,7,0.033
2023 to 24,North West,All,Maths & Biology & Chemistry & Physics,4,39,0.121
2023 to 24,Yorkshire and The Humber,All,Maths & Biology & Chemistry & Physics,4,31,0.136
2023 to 24,North East,All,Maths & Biology & Chemistry & Physics,4,8,0.083
2023 to 24,West Midlands,All,Maths & Biology & Chemistry & Physics,4,29,0.111
2023 to 24,East of England,All,Maths & Biology & Chemistry & Physics,4,58,0.191
2023 to 24,East Midlands,All,Maths & Biology & Chemistry & Physics,4,30,0.151
2023 to 24,South West,All,Maths & Biology & Chemistry & Physics,4,38,0.171
2023 to 24,South East,All,Maths & Biology & Chemistry & Physics,4,93,0.195
2023 to 24,London,All,Maths & Biology & Chemistry & Physics,4,105,0.224
2023 to 24,North West,All,Further Maths & Biology & Chemistry & Physics,4,0,0.0
2023 to 24,Yorkshire and The Humber,All,Further Maths & Biology & Chemistry & Physics,4,0,0.0
2023 to 24,North East,All,Further Maths & Biology & Chemistry & Physics,4,0,0.0
2023 to 24,West Midlands,All,Further Maths & Biology & Chemistry & Physics,4,0,0.0
2023 to 24,East of England,All,Further Maths & Biology & Chemistry & Physics,4,0,0.0
2023 to 24,East Midlands,All,Further Maths & Biology & Chemistry & Physics,4,1,0.005
2023 to 24,South West,All,Further Maths & Biology & Chemistry & Physics,4,0,0.0
2023 to 24,South East,All,Further Maths & Biology & Chemistry & Physics,4,0,0.0
2023 to 24,London,All,Further Maths & Biology & Chemistry & Physics,4,0,0.0
2023 to 24,North West,Female,Maths & Further Maths & Chemistry,3,25,0.14
2023 to 24,Yorkshire and The Humber,Female,Maths & Further Maths & Chemistry,3,23,0.18
2023 to 24,North East,Female,Maths & Further Maths & Chemistry,3,7,0.129
2023 to 24,West Midlands,Female,Maths & Further Maths & Chemistry,3,20,0.135
2023 to 24,East of England,Female,Maths & Further Maths & Chemistry,3,28,0.17
2023 to 24,East Midlands,Female,Maths & Further Maths & Chemistry,3,16,0.145
2023 to 24,South West,Female,Maths & Further Maths & Chemistry,3,23,0.19
2023 to 24,South East,Female,Maths & Further Maths & Chemistry,3,35,0.137
2023 to 24,London,Female,Maths & Further Maths & Chemistry,3,85,0.334
2023 to 24,North West,All,Further Maths & Biology & Chemistry & Physics & Computer Science,5,0,0.0
2023 to 24,Yorkshire and The Humber,All,Further Maths & Biology & Chemistry & Physics & Computer Science,5,0,0.0
2023 to 24,North East,All,Further Maths & Biology & Chemistry & Physics & Computer Science,5,0,0.0
2023 to 24,West Midlands,All,Further Maths & Biology & Chemistry & Physics & Computer Science,5,0,0.0
2023 to 24,East of England,All,Further Maths & Biology & Chemistry & Physics & Computer Science,5,0,0.0
2023 to 24,East Midlands,All,Further Maths & Biology & Chemistry & Physics & Computer Science,5,0,0.0
2023 to 24,South West,All,Further Maths & Biology & Chemistry & Physics & Computer Science,5,0,0.0
2023 to 24,South East,All,Further Maths & Biology & Chemistry & Physics & Computer Science,5,0,0.0
2023 to 24,London,All,Further Maths & Biology & Chemistry & Physics & Computer Science,5,0,0.0
2023 to 24,North West,Male,Computer Science,1,443,3.105
2023 to 24,Yorkshire and The Humber,Male,Computer Science,1,252,2.535
2023 to 24,North East,Male,Computer Science,1,129,3.056
2023 to 24,West Midlands,Male,Computer Science,1,298,2.609
2023 to 24,East of England,Male,Computer Science,1,396,2.858
2023 to 24,East Midlands,Male,Computer Science,1,271,3.099
2023 to 24,South West,Male,Computer Science,1,254,2.511
2023 to 24,South East,Male,Computer Science,1,504,2.275
2023 to 24,London,Male,Computer Science,1,576,2.69
2023 to 24,North West,All,Maths & Further Maths & Biology,3,21,0.065
2023 to 24,Yorkshire and The Humber,All,Maths & Further Maths & Biology,3,14,0.062
2023 to 24,North East,All,Maths & Further Maths & Biology,3,6,0.062
2023 to 24,West Midlands,All,Maths & Further Maths & Biology,3,14,0.053
2023 to 24,East of England,All,Maths & Further Maths & Biology,3,25,0.082
2023 to 24,East Midlands,All,Maths & Further Maths & Biology,3,14,0.071
2023 to 24,South West,All,Maths & Further Maths & Biology,3,10,0.045
2023 to 24,South East,All,Maths & Further Maths & Biology,3,41,0.086
2023 to 24,London,All,Maths & Further Maths & Biology,3,38,0.081
2023 to 24,North West,Female,Further Maths & Biology & Chemistry,3,0,0.0
2023 to 24,Yorkshire and The Humber,Female,Further Maths & Biology & Chemistry,3,0,0.0
2023 to 24,North East,Female,Further Maths & Biology & Chemistry,3,0,0.0
2023 to 24,West Midlands,Female,Further Maths & Biology & Chemistry,3,0,0.0
2023 to 24,East of England,Female,Further Maths & Biology & Chemistry,3,0,0.0
2023 to 24,East Midlands,Female,Further Maths & Biology & Chemistry,3,0,0.0
2023 to 24,South West,Female,Further Maths & Biology & Chemistry,3,0,0.0
2023 to 24,South East,Female,Further Maths & Biology & Chemistry,3,0,0.0
2023 to 24,London,Female,Further Maths & Biology & Chemistry,3,0,0.0
2023 to 24,North West,Female,Computer Science,1,87,0.486
2023 to 24,Yorkshire and The Humber,Female,Computer Science,1,52,0.407
2023 to 24,North East,Female,Computer Science,1,18,0.332
2023 to 24,West Midlands,Female,Computer Science,1,69,0.467
2023 to 24,East of England,Female,Computer Science,1,76,0.462
2023 to 24,East Midlands,Female,Computer Science,1,49,0.443
2023 to 24,South West,Female,Computer Science,1,43,0.354
2023 to 24,South East,Female,Computer Science,1,107,0.418
2023 to 24,London,Female,Computer Science,1,169,0.663
2023 to 24,North West,Male,Further Maths & Physics,2,0,0.0
2023 to 24,Yorkshire and The Humber,Male,Further Maths & Physics,2,1,0.01
2023 to 24,North East,Male,Further Maths & Physics,2,0,0.0
2023 to 24,West Midlands,Male,Further Maths & Physics,2,0,0.0
2023 to 24,East of England,Male,Further Maths & Physics,2,1,0.007
2023 to 24,East Midlands,Male,Further Maths & Physics,2,0,0.0
2023 to 24,South West,Male,Further Maths & Physics,2,0,0.0
2023 to 24,South East,Male,Further Maths & Physics,2,1,0.005
2023 to 24,London,Male,Further Maths & Physics,2,0,0.0
2023 to 24,North West,All,Chemistry & Physics & Computer Science,3,12,0.037
2023 to 24,Yorkshire and The Humber,All,Chemistry & Physics & Computer Science,3,5,0.022
2023 to 24,North East,All,Chemistry & Physics & Computer Science,3,3,0.031
2023 to 24,West Midlands,All,Chemistry & Physics & Computer Science,3,4,0.015
2023 to 24,East of England,All,Chemistry & Physics & Computer Science,3,13,0.043
2023 to 24,East Midlands,All,Chemistry & Physics & Computer Science,3,6,0.03
2023 to 24,South West,All,Chemistry & Physics & Computer Science,3,5,0.022
2023 to 24,South East,All,Chemistry & Physics & Computer Science,3,10,0.021
2023 to 24,London,All,Chemistry & Physics & Computer Science,3,7,0.015
2023 to 24,North West,Female,Maths & Biology & Physics & Computer Science,4,1,0.006
2023 to 24,Yorkshire and The Humber,Female,Maths & Biology & Physics & Computer Science,4,0,0.0
2023 to 24,North East,Female,Maths & Biology & Physics & Computer Science,4,0,0.0
2023 to 24,West Midlands,Female,Maths & Biology & Physics & Computer Science,4,1,0.007
2023 to 24,East of England,Female,Maths & Biology & Physics & Computer Science,4,0,0.0
2023 to 24,East Midlands,Female,Maths & Biology & Physics & Computer Science,4,0,0.0
2023 to 24,South West,Female,Maths & Biology & Physics & Computer Science,4,0,0.0
2023 to 24,South East,Female,Maths & Biology & Physics & Computer Science,4,0,0.0
2023 to 24,London,Female,Maths & Biology & Physics & Computer Science,4,1,0.004
2023 to 24,North West,Female,Further Maths & Biology & Physics & Computer Science,4,0,0.0
2023 to 24,Yorkshire and The Humber,Female,Further Maths & Biology & Physics & Computer Science,4,0,0.0
2023 to 24,North East,Female,Further Maths & Biology & Physics & Computer Science,4,0,0.0
2023 to 24,West Midlands,Female,Further Maths & Biology & Physics & Computer Science,4,0,0.0
2023 to 24,East of England,Female,Further Maths & Biology & Physics & Computer Science,4,0,0.0
2023 to 24,East Midlands,Female,Further Maths & Biology & Physics & Computer Science,4,0,0.0
2023 to 24,South West,Female,Further Maths & Biology & Physics & Computer Science,4,0,0.0
2023 to 24,South East,Female,Further Maths & Biology & Physics & Computer Science,4,0,0.0
2023 to 24,London,Female,Further Maths & Biology & Physics & Computer Science,4,0,0.0
2023 to 24,North West,Male,Maths & Further Maths & Chemistry,3,35,0.245
2023 to 24,Yorkshire and The Humber,Male,Maths & Further Maths & Chemistry,3,27,0.272
2023 to 24,North East,Male,Maths & Further Maths & Chemistry,3,9,0.213
2023 to 24,West Midlands,Male,Maths & Further Maths & Chemistry,3,26,0.228
2023 to 24,East of England,Male,Maths & Further Maths & Chemistry,3,33,0.238
2023 to 24,East Midlands,Male,Maths & Further Maths & Chemistry,3,32,0.366
2023 to 24,South West,Male,Maths & Further Maths & Chemistry,3,43,0.425
2023 to 24,South East,Male,Maths & Further Maths & Chemistry,3,55,0.248
2023 to 24,London,Male,Maths & Further Maths & Chemistry,3,105,0.49
2023 to 24,North West,All,Computer Science,1,530,1.647
2023 to 24,Yorkshire and The Humber,All,Computer Science,1,304,1.338
2023 to 24,North East,All,Computer Science,1,147,1.525
2023 to 24,West Midlands,All,Computer Science,1,367,1.402
2023 to 24,East of England,All,Computer Science,1,472,1.557
2023 to 24,East Midlands,All,Computer Science,1,320,1.615
2023 to 24,South West,All,Computer Science,1,297,1.335
2023 to 24,South East,All,Computer Science,1,611,1.28
2023 to 24,London,All,Computer Science,1,745,1.589
2023 to 24,North West,Male,Further Maths & Chemistry & Physics,3,0,0.0
2023 to 24,Yorkshire and The Humber,Male,Further Maths & Chemistry & Physics,3,0,0.0
2023 to 24,North East,Male,Further Maths & Chemistry & Physics,3,0,0.0
2023 to 24,West Midlands,Male,Further Maths & Chemistry & Physics,3,1,0.009
2023 to 24,East of England,Male,Further Maths & Chemistry & Physics,3,0,0.0
2023 to 24,East Midlands,Male,Further Maths & Chemistry & Physics,3,1,0.011
2023 to 24,South West,Male,Further Maths & Chemistry & Physics,3,0,0.0
2023 to 24,South East,Male,Further Maths & Chemistry & Physics,3,1,0.005
2023 to 24,London,Male,Further Maths & Chemistry & Physics,3,0,0.0
2023 to 24,North West,Male,Further Maths & Biology & Chemistry,3,0,0.0
2023 to 24,Yorkshire and The Humber,Male,Further Maths & Biology & Chemistry,3,0,0.0
2023 to 24,North East,Male,Further Maths & Biology & Chemistry,3,0,0.0
2023 to 24,West Midlands,Male,Further Maths & Biology & Chemistry,3,0,0.0
2023 to 24,East of England,Male,Further Maths & Biology & Chemistry,3,0,0.0
2023 to 24,East Midlands,Male,Further Maths & Biology & Chemistry,3,0,0.0
2023 to 24,South West,Male,Further Maths & Biology & Chemistry,3,0,0.0
2023 to 24,South East,Male,Further Maths & Biology & Chemistry,3,1,0.005
2023 to 24,London,Male,Further Maths & Biology & Chemistry,3,0,0.0
2023 to 24,North West,All,Maths & Further Maths,2,150,0.466
2023 to 24,Yorkshire and The Humber,All,Maths & Further Maths,2,118,0.519
2023 to 24,North East,All,Maths & Further Maths,2,40,0.415
2023 to 24,West Midlands,All,Maths & Further Maths,2,146,0.558
2023 to 24,East of England,All,Maths & Further Maths,2,264,0.871
2023 to 24,East Midlands,All,Maths & Further Maths,2,121,0.611
2023 to 24,South West,All,Maths & Further Maths,2,133,0.598
2023 to 24,South East,All,Maths & Further Maths,2,368,0.771
2023 to 24,London,All,Maths & Further Maths,2,574,1.224
2023 to 24,North West,All,Further Maths & Physics,2,0,0.0
2023 to 24,Yorkshire and The Humber,All,Further Maths & Physics,2,1,0.004
2023 to 24,North East,All,Further Maths & Physics,2,0,0.0
2023 to 24,West Midlands,All,Further Maths & Physics,2,0,0.0
2023 to 24,East of England,All,Further Maths & Physics,2,1,0.003
2023 to 24,East Midlands,All,Further Maths & Physics,2,0,0.0
2023 to 24,South West,All,Further Maths & Physics,2,0,0.0
2023 to 24,South East,All,Further Maths & Physics,2,1,0.002
2023 to 24,London,All,Further Maths & Physics,2,0,0.0
2023 to 24,North West,Male,Maths & Further Maths & Biology & Physics,4,6,0.042
2023 to 24,Yorkshire and The Humber,Male,Maths & Further Maths & Biology & Physics,4,4,0.04
2023 to 24,North East,Male,Maths & Further Maths & Biology & Physics,4,3,0.071
2023 to 24,West Midlands,Male,Maths & Further Maths & Biology & Physics,4,4,0.035
2023 to 24,East of England,Male,Maths & Further Maths & Biology & Physics,4,15,0.108
2023 to 24,East Midlands,Male,Maths & Further Maths & Biology & Physics,4,7,0.08
2023 to 24,South West,Male,Maths & Further Maths & Biology & Physics,4,7,0.069
2023 to 24,South East,Male,Maths & Further Maths & Biology & Physics,4,10,0.045
2023 to 24,London,Male,Maths & Further Maths & Biology & Physics,4,13,0.061
2023 to 24,North West,Male,Maths & Biology & Physics & Computer Science,4,1,0.007
2023 to 24,Yorkshire and The Humber,Male,Maths & Biology & Physics & Computer Science,4,3,0.03
2023 to 24,North East,Male,Maths & Biology & Physics & Computer Science,4,1,0.024
2023 to 24,West Midlands,Male,Maths & Biology & Physics & Computer Science,4,0,0.0
2023 to 24,East of England,Male,Maths & Biology & Physics & Computer Science,4,1,0.007
2023 to 24,East Midlands,Male,Maths & Biology & Physics & Computer Science,4,1,0.011
2023 to 24,South West,Male,Maths & Biology & Physics & Computer Science,4,1,0.01
2023 to 24,South East,Male,Maths & Biology & Physics & Computer Science,4,1,0.005
2023 to 24,London,Male,Maths & Biology & Physics & Computer Science,4,0,0.0
2023 to 24,North West,All,Biology & Chemistry,2,2576,8.007
2023 to 24,Yorkshire and The Humber,All,Biology & Chemistry,2,1711,7.528
2023 to 24,North East,All,Biology & Chemistry,2,599,6.216
2023 to 24,West Midlands,All,Biology & Chemistry,2,2031,7.757
2023 to 24,East of England,All,Biology & Chemistry,2,1574,5.191
2023 to 24,East Midlands,All,Biology & Chemistry,2,1313,6.626
2023 to 24,South West,All,Biology & Chemistry,2,1241,5.577
2023 to 24,South East,All,Biology & Chemistry,2,2307,4.831
2023 to 24,London,All,Biology & Chemistry,2,3106,6.624
2023 to 24,North West,All,Maths & Further Maths & Chemistry,3,60,0.187
2023 to 24,Yorkshire and The Humber,All,Maths & Further Maths & Chemistry,3,50,0.22
2023 to 24,North East,All,Maths & Further Maths & Chemistry,3,16,0.166
2023 to 24,West Midlands,All,Maths & Further Maths & Chemistry,3,46,0.176
2023 to 24,East of England,All,Maths & Further Maths & Chemistry,3,61,0.201
2023 to 24,East Midlands,All,Maths & Further Maths & Chemistry,3,48,0.242
2023 to 24,South West,All,Maths & Further Maths & Chemistry,3,66,0.297
2023 to 24,South East,All,Maths & Further Maths & Chemistry,3,90,0.188
2023 to 24,London,All,Maths & Further Maths & Chemistry,3,190,0.405
2023 to 24,North West,Female,Zero Maths/Science subjects,0,11116,62.094
2023 to 24,Yorkshire and The Humber,Female,Zero Maths/Science subjects,0,8177,63.953
2023 to 24,North East,Female,Zero Maths/Science subjects,0,3487,64.383
2023 to 24,West Midlands,Female,Zero Maths/Science subjects,0,8695,58.905
2023 to 24,East of England,Female,Zero Maths/Science subjects,0,10387,63.085
2023 to 24,East Midlands,Female,Zero Maths/Science subjects,0,6676,60.307
2023 to 24,South West,Female,Zero Maths/Science subjects,0,7596,62.596
2023 to 24,South East,Female,Zero Maths/Science subjects,0,16111,62.939
2023 to 24,London,Female,Zero Maths/Science subjects,0,13823,54.25
2023 to 24,North West,All,Further Maths & Chemistry & Physics,3,0,0.0
2023 to 24,Yorkshire and The Humber,All,Further Maths & Chemistry & Physics,3,0,0.0
2023 to 24,North East,All,Further Maths & Chemistry & Physics,3,0,0.0
2023 to 24,West Midlands,All,Further Maths & Chemistry & Physics,3,1,0.004
2023 to 24,East of England,All,Further Maths & Chemistry & Physics,3,1,0.003
2023 to 24,East Midlands,All,Further Maths & Chemistry & Physics,3,1,0.005
2023 to 24,South West,All,Further Maths & Chemistry & Physics,3,0,0.0
2023 to 24,South East,All,Further Maths & Chemistry & Physics,3,1,0.002
2023 to 24,London,All,Further Maths & Chemistry & Physics,3,0,0.0
2023 to 24,North West,All,Further Maths & Biology & Chemistry,3,0,0.0
2023 to 24,Yorkshire and The Humber,All,Further Maths & Biology & Chemistry,3,0,0.0
2023 to 24,North East,All,Further Maths & Biology & Chemistry,3,0,0.0
2023 to 24,West Midlands,All,Further Maths & Biology & Chemistry,3,0,0.0
2023 to 24,East of England,All,Further Maths & Biology & Chemistry,3,0,0.0
2023 to 24,East Midlands,All,Further Maths & Biology & Chemistry,3,0,0.0
2023 to 24,South West,All,Further Maths & Biology & Chemistry,3,0,0.0
2023 to 24,South East,All,Further Maths & Biology & Chemistry,3,1,0.002
2023 to 24,London,All,Further Maths & Biology & Chemistry,3,0,0.0
2023 to 24,North West,Female,Maths & Physics,2,255,1.424
2023 to 24,Yorkshire and The Humber,Female,Maths & Physics,2,158,1.236
2023 to 24,North East,Female,Maths & Physics,2,76,1.403
2023 to 24,West Midlands,Female,Maths & Physics,2,239,1.619
2023 to 24,East of England,Female,Maths & Physics,2,231,1.403
2023 to 24,East Midlands,Female,Maths & Physics,2,193,1.743
2023 to 24,South West,Female,Maths & Physics,2,193,1.59
2023 to 24,South East,Female,Maths & Physics,2,446,1.742
2023 to 24,London,Female,Maths & Physics,2,478,1.876
2023 to 24,North West,Female,Maths & Biology,2,233,1.302
2023 to 24,Yorkshire and The Humber,Female,Maths & Biology,2,188,1.47
2023 to 24,North East,Female,Maths & Biology,2,101,1.865
2023 to 24,West Midlands,Female,Maths & Biology,2,239,1.619
2023 to 24,East of England,Female,Maths & Biology,2,258,1.567
2023 to 24,East Midlands,Female,Maths & Biology,2,167,1.509
2023 to 24,South West,Female,Maths & Biology,2,213,1.755
2023 to 24,South East,Female,Maths & Biology,2,416,1.625
2023 to 24,London,Female,Maths & Biology,2,462,1.813
2023 to 24,North West,All,Maths & Further Maths & Biology & Physics,4,9,0.028
2023 to 24,Yorkshire and The Humber,All,Maths & Further Maths & Biology & Physics,4,10,0.044
2023 to 24,North East,All,Maths & Further Maths & Biology & Physics,4,6,0.062
2023 to 24,West Midlands,All,Maths & Further Maths & Biology & Physics,4,8,0.031
2023 to 24,East of England,All,Maths & Further Maths & Biology & Physics,4,22,0.073
2023 to 24,East Midlands,All,Maths & Further Maths & Biology & Physics,4,10,0.05
2023 to 24,South West,All,Maths & Further Maths & Biology & Physics,4,12,0.054
2023 to 24,South East,All,Maths & Further Maths & Biology & Physics,4,16,0.034
2023 to 24,London,All,Maths & Further Maths & Biology & Physics,4,17,0.036
2023 to 24,North West,All,Maths & Biology & Physics & Computer Science,4,2,0.006
2023 to 24,Yorkshire and The Humber,All,Maths & Biology & Physics & Computer Science,4,3,0.013
2023 to 24,North East,All,Maths & Biology & Physics & Computer Science,4,1,0.01
2023 to 24,West Midlands,All,Maths & Biology & Physics & Computer Science,4,1,0.004
2023 to 24,East of England,All,Maths & Biology & Physics & Computer Science,4,1,0.003
2023 to 24,East Midlands,All,Maths & Biology & Physics & Computer Science,4,1,0.005
2023 to 24,South West,All,Maths & Biology & Physics & Computer Science,4,1,0.004
2023 to 24,South East,All,Maths & Biology & Physics & Computer Science,4,1,0.002
2023 to 24,London,All,Maths & Biology & Physics & Computer Science,4,1,0.002
2023 to 24,North West,Female,Biology & Computer Science,2,10,0.056
2023 to 24,Yorkshire and The Humber,Female,Biology & Computer Science,2,0,0.0
2023 to 24,North East,Female,Biology & Computer Science,2,2,0.037
2023 to 24,West Midlands,Female,Biology & Computer Science,2,8,0.054
2023 to 24,East of England,Female,Biology & Computer Science,2,6,0.036
2023 to 24,East Midlands,Female,Biology & Computer Science,2,12,0.108
2023 to 24,South West,Female,Biology & Computer Science,2,7,0.058
2023 to 24,South East,Female,Biology & Computer Science,2,14,0.055
2023 to 24,London,Female,Biology & Computer Science,2,18,0.071
2023 to 24,North West,Female,Maths & Further Maths & Computer Science,3,27,0.151
2023 to 24,Yorkshire and The Humber,Female,Maths & Further Maths & Computer Science,3,17,0.133
2023 to 24,North East,Female,Maths & Further Maths & Computer Science,3,8,0.148
2023 to 24,West Midlands,Female,Maths & Further Maths & Computer Science,3,24,0.163
2023 to 24,East of England,Female,Maths & Further Maths & Computer Science,3,32,0.194
2023 to 24,East Midlands,Female,Maths & Further Maths & Computer Science,3,13,0.117
2023 to 24,South West,Female,Maths & Further Maths & Computer Science,3,16,0.132
2023 to 24,South East,Female,Maths & Further Maths & Computer Science,3,59,0.23
2023 to 24,London,Female,Maths & Further Maths & Computer Science,3,68,0.267
2023 to 24,North West,Male,Zero Maths/Science subjects,0,6203,43.475
2023 to 24,Yorkshire and The Humber,Male,Zero Maths/Science subjects,0,4377,44.025
2023 to 24,North East,Male,Zero Maths/Science subjects,0,1933,45.795
2023 to 24,West Midlands,Male,Zero Maths/Science subjects,0,4611,40.373
2023 to 24,East of England,Male,Zero Maths/Science subjects,0,6204,44.772
2023 to 24,East Midlands,Male,Zero Maths/Science subjects,0,3526,40.32
2023 to 24,South West,Male,Zero Maths/Science subjects,0,4467,44.153
2023 to 24,South East,Male,Zero Maths/Science subjects,0,9999,45.132
2023 to 24,London,Male,Zero Maths/Science subjects,0,7635,35.656
2023 to 24,North West,Female,Further Maths & Physics & Computer Science,3,0,0.0
2023 to 24,Yorkshire and The Humber,Female,Further Maths & Physics & Computer Science,3,0,0.0
2023 to 24,North East,Female,Further Maths & Physics & Computer Science,3,0,0.0
2023 to 24,West Midlands,Female,Further Maths & Physics & Computer Science,3,0,0.0
2023 to 24,East of England,Female,Further Maths & Physics & Computer Science,3,0,0.0
2023 to 24,East Midlands,Female,Further Maths & Physics & Computer Science,3,0,0.0
2023 to 24,South West,Female,Further Maths & Physics & Computer Science,3,1,0.008
2023 to 24,South East,Female,Further Maths & Physics & Computer Science,3,0,0.0
2023 to 24,London,Female,Further Maths & Physics & Computer Science,3,0,0.0
2023 to 24,North West,Female,Further Maths & Biology & Computer Science,3,0,0.0
2023 to 24,Yorkshire and The Humber,Female,Further Maths & Biology & Computer Science,3,0,0.0
2023 to 24,North East,Female,Further Maths & Biology & Computer Science,3,0,0.0
2023 to 24,West Midlands,Female,Further Maths & Biology & Computer Science,3,0,0.0
2023 to 24,East of England,Female,Further Maths & Biology & Computer Science,3,0,0.0
2023 to 24,East Midlands,Female,Further Maths & Biology & Computer Science,3,0,0.0
2023 to 24,South West,Female,Further Maths & Biology & Computer Science,3,0,0.0
2023 to 24,South East,Female,Further Maths & Biology & Computer Science,3,0,0.0
2023 to 24,London,Female,Further Maths & Biology & Computer Science,3,0,0.0
2023 to 24,North West,Male,Maths & Physics,2,851,5.964
2023 to 24,Yorkshire and The Humber,Male,Maths & Physics,2,699,7.031
2023 to 24,North East,Male,Maths & Physics,2,290,6.87
2023 to 24,West Midlands,Male,Maths & Physics,2,770,6.742
2023 to 24,East of England,Male,Maths & Physics,2,855,6.17
2023 to 24,East Midlands,Male,Maths & Physics,2,629,7.193
2023 to 24,South West,Male,Maths & Physics,2,743,7.344
2023 to 24,South East,Male,Maths & Physics,2,1589,7.172
2023 to 24,London,Male,Maths & Physics,2,1533,7.159
2023 to 24,North West,Male,Maths & Biology,2,216,1.514
2023 to 24,Yorkshire and The Humber,Male,Maths & Biology,2,141,1.418
2023 to 24,North East,Male,Maths & Biology,2,58,1.374
2023 to 24,West Midlands,Male,Maths & Biology,2,183,1.602
2023 to 24,East of England,Male,Maths & Biology,2,205,1.479
2023 to 24,East Midlands,Male,Maths & Biology,2,142,1.624
2023 to 24,South West,Male,Maths & Biology,2,162,1.601
2023 to 24,South East,Male,Maths & Biology,2,295,1.332
2023 to 24,London,Male,Maths & Biology,2,320,1.494
2023 to 24,North West,Female,Maths & Further Maths & Chemistry & Computer Science,4,3,0.017
2023 to 24,Yorkshire and The Humber,Female,Maths & Further Maths & Chemistry & Computer Science,4,1,0.008
2023 to 24,North East,Female,Maths & Further Maths & Chemistry & Computer Science,4,2,0.037
2023 to 24,West Midlands,Female,Maths & Further Maths & Chemistry & Computer Science,4,4,0.027
2023 to 24,East of England,Female,Maths & Further Maths & Chemistry & Computer Science,4,4,0.024
2023 to 24,East Midlands,Female,Maths & Further Maths & Chemistry & Computer Science,4,2,0.018
2023 to 24,South West,Female,Maths & Further Maths & Chemistry & Computer Science,4,0,0.0
2023 to 24,South East,Female,Maths & Further Maths & Chemistry & Computer Science,4,5,0.02
2023 to 24,London,Female,Maths & Further Maths & Chemistry & Computer Science,4,2,0.008
2023 to 24,North West,Female,Maths & Chemistry & Physics & Computer Science,4,1,0.006
2023 to 24,Yorkshire and The Humber,Female,Maths & Chemistry & Physics & Computer Science,4,1,0.008
2023 to 24,North East,Female,Maths & Chemistry & Physics & Computer Science,4,0,0.0
2023 to 24,West Midlands,Female,Maths & Chemistry & Physics & Computer Science,4,3,0.02
2023 to 24,East of England,Female,Maths & Chemistry & Physics & Computer Science,4,1,0.006
2023 to 24,East Midlands,Female,Maths & Chemistry & Physics & Computer Science,4,1,0.009
2023 to 24,South West,Female,Maths & Chemistry & Physics & Computer Science,4,1,0.008
2023 to 24,South East,Female,Maths & Chemistry & Physics & Computer Science,4,3,0.012
2023 to 24,London,Female,Maths & Chemistry & Physics & Computer Science,4,6,0.024
2023 to 24,North West,Male,Biology & Computer Science,2,33,0.231
2023 to 24,Yorkshire and The Humber,Male,Biology & Computer Science,2,14,0.141
2023 to 24,North East,Male,Biology & Computer Science,2,10,0.237
2023 to 24,West Midlands,Male,Biology & Computer Science,2,23,0.201
2023 to 24,East of England,Male,Biology & Computer Science,2,19,0.137
2023 to 24,East Midlands,Male,Biology & Computer Science,2,33,0.377
2023 to 24,South West,Male,Biology & Computer Science,2,22,0.217
2023 to 24,South East,Male,Biology & Computer Science,2,37,0.167
2023 to 24,London,Male,Biology & Computer Science,2,28,0.131
2023 to 24,North West,Male,Maths & Further Maths & Computer Science,3,116,0.813
2023 to 24,Yorkshire and The Humber,Male,Maths & Further Maths & Computer Science,3,66,0.664
2023 to 24,North East,Male,Maths & Further Maths & Computer Science,3,27,0.64
2023 to 24,West Midlands,Male,Maths & Further Maths & Computer Science,3,73,0.639
2023 to 24,East of England,Male,Maths & Further Maths & Computer Science,3,106,0.765
2023 to 24,East Midlands,Male,Maths & Further Maths & Computer Science,3,90,1.029
2023 to 24,South West,Male,Maths & Further Maths & Computer Science,3,89,0.88
2023 to 24,South East,Male,Maths & Further Maths & Computer Science,3,222,1.002
2023 to 24,London,Male,Maths & Further Maths & Computer Science,3,245,1.144
2023 to 24,North West,All,Zero Maths/Science subjects,0,17319,53.836
2023 to 24,Yorkshire and The Humber,All,Zero Maths/Science subjects,0,12554,55.236
2023 to 24,North East,All,Zero Maths/Science subjects,0,5420,56.242
2023 to 24,West Midlands,All,Zero Maths/Science subjects,0,13306,50.819
2023 to 24,East of England,All,Zero Maths/Science subjects,0,16591,54.716
2023 to 24,East Midlands,All,Zero Maths/Science subjects,0,10202,51.486
2023 to 24,South West,All,Zero Maths/Science subjects,0,12063,54.211
2023 to 24,South East,All,Zero Maths/Science subjects,0,26110,54.677
2023 to 24,London,All,Zero Maths/Science subjects,0,21458,45.759
2023 to 24,North West,Male,Further Maths & Physics & Computer Science,3,0,0.0
2023 to 24,Yorkshire and The Humber,Male,Further Maths & Physics & Computer Science,3,0,0.0
2023 to 24,North East,Male,Further Maths & Physics & Computer Science,3,0,0.0
2023 to 24,West Midlands,Male,Further Maths & Physics & Computer Science,3,0,0.0
2023 to 24,East of England,Male,Further Maths & Physics & Computer Science,3,0,0.0
2023 to 24,East Midlands,Male,Further Maths & Physics & Computer Science,3,2,0.023
2023 to 24,South West,Male,Further Maths & Physics & Computer Science,3,0,0.0
2023 to 24,South East,Male,Further Maths & Physics & Computer Science,3,0,0.0
2023 to 24,London,Male,Further Maths & Physics & Computer Science,3,0,0.0
2023 to 24,North West,Male,Further Maths & Biology & Computer Science,3,0,0.0
2023 to 24,Yorkshire and The Humber,Male,Further Maths & Biology & Computer Science,3,0,0.0
2023 to 24,North East,Male,Further Maths & Biology & Computer Science,3,0,0.0
2023 to 24,West Midlands,Male,Further Maths & Biology & Computer Science,3,0,0.0
2023 to 24,East of England,Male,Further Maths & Biology & Computer Science,3,0,0.0
2023 to 24,East Midlands,Male,Further Maths & Biology & Computer Science,3,0,0.0
2023 to 24,South West,Male,Further Maths & Biology & Computer Science,3,0,0.0
2023 to 24,South East,Male,Further Maths & Biology & Computer Science,3,0,0.0
2023 to 24,London,Male,Further Maths & Biology & Computer Science,3,0,0.0
2023 to 24,North West,All,Maths & Physics,2,1106,3.438
2023 to 24,Yorkshire and The Humber,All,Maths & Physics,2,857,3.771
2023 to 24,North East,All,Maths & Physics,2,366,3.798
2023 to 24,West Midlands,All,Maths & Physics,2,1009,3.854
2023 to 24,East of England,All,Maths & Physics,2,1086,3.582
2023 to 24,East Midlands,All,Maths & Physics,2,822,4.148
2023 to 24,South West,All,Maths & Physics,2,936,4.206
2023 to 24,South East,All,Maths & Physics,2,2035,4.262
2023 to 24,London,All,Maths & Physics,2,2011,4.288
2023 to 24,North West,All,Maths & Biology,2,449,1.396
2023 to 24,Yorkshire and The Humber,All,Maths & Biology,2,329,1.448
2023 to 24,North East,All,Maths & Biology,2,159,1.65
2023 to 24,West Midlands,All,Maths & Biology,2,422,1.612
2023 to 24,East of England,All,Maths & Biology,2,463,1.527
2023 to 24,East Midlands,All,Maths & Biology,2,309,1.559
2023 to 24,South West,All,Maths & Biology,2,375,1.685
2023 to 24,South East,All,Maths & Biology,2,711,1.489
2023 to 24,London,All,Maths & Biology,2,782,1.668
2023 to 24,North West,Male,Maths & Further Maths & Chemistry & Computer Science,4,9,0.063
2023 to 24,Yorkshire and The Humber,Male,Maths & Further Maths & Chemistry & Computer Science,4,3,0.03
2023 to 24,North East,Male,Maths & Further Maths & Chemistry & Computer Science,4,4,0.095
2023 to 24,West Midlands,Male,Maths & Further Maths & Chemistry & Computer Science,4,6,0.053
2023 to 24,East of England,Male,Maths & Further Maths & Chemistry & Computer Science,4,13,0.094
2023 to 24,East Midlands,Male,Maths & Further Maths & Chemistry & Computer Science,4,7,0.08
2023 to 24,South West,Male,Maths & Further Maths & Chemistry & Computer Science,4,6,0.059
2023 to 24,South East,Male,Maths & Further Maths & Chemistry & Computer Science,4,14,0.063
2023 to 24,London,Male,Maths & Further Maths & Chemistry & Computer Science,4,10,0.047
2023 to 24,North West,Male,Maths & Chemistry & Physics & Computer Science,4,7,0.049
2023 to 24,Yorkshire and The Humber,Male,Maths & Chemistry & Physics & Computer Science,4,4,0.04
2023 to 24,North East,Male,Maths & Chemistry & Physics & Computer Science,4,1,0.024
2023 to 24,West Midlands,Male,Maths & Chemistry & Physics & Computer Science,4,3,0.026
2023 to 24,East of England,Male,Maths & Chemistry & Physics & Computer Science,4,6,0.043
2023 to 24,East Midlands,Male,Maths & Chemistry & Physics & Computer Science,4,2,0.023
2023 to 24,South West,Male,Maths & Chemistry & Physics & Computer Science,4,3,0.03
2023 to 24,South East,Male,Maths & Chemistry & Physics & Computer Science,4,9,0.041
2023 to 24,London,Male,Maths & Chemistry & Physics & Computer Science,4,8,0.037
2023 to 24,North West,All,Biology & Computer Science,2,43,0.134
2023 to 24,Yorkshire and The Humber,All,Biology & Computer Science,2,14,0.062
2023 to 24,North East,All,Biology & Computer Science,2,12,0.125
2023 to 24,West Midlands,All,Biology & Computer Science,2,31,0.118
2023 to 24,East of England,All,Biology & Computer Science,2,25,0.082
2023 to 24,East Midlands,All,Biology & Computer Science,2,45,0.227
2023 to 24,South West,All,Biology & Computer Science,2,29,0.13
2023 to 24,South East,All,Biology & Computer Science,2,51,0.107
2023 to 24,London,All,Biology & Computer Science,2,46,0.098
2023 to 24,North West,All,Maths & Further Maths & Computer Science,3,143,0.445
2023 to 24,Yorkshire and The Humber,All,Maths & Further Maths & Computer Science,3,83,0.365
2023 to 24,North East,All,Maths & Further Maths & Computer Science,3,35,0.363
2023 to 24,West Midlands,All,Maths & Further Maths & Computer Science,3,97,0.37
2023 to 24,East of England,All,Maths & Further Maths & Computer Science,3,138,0.455
2023 to 24,East Midlands,All,Maths & Further Maths & Computer Science,3,103,0.52
2023 to 24,South West,All,Maths & Further Maths & Computer Science,3,105,0.472
2023 to 24,South East,All,Maths & Further Maths & Computer Science,3,281,0.588
2023 to 24,London,All,Maths & Further Maths & Computer Science,3,313,0.667
2023 to 24,North West,All,Further Maths & Physics & Computer Science,3,0,0.0
2023 to 24,Yorkshire and The Humber,All,Further Maths & Physics & Computer Science,3,0,0.0
2023 to 24,North East,All,Further Maths & Physics & Computer Science,3,0,0.0
2023 to 24,West Midlands,All,Further Maths & Physics & Computer Science,3,0,0.0
2023 to 24,East of England,All,Further Maths & Physics & Computer Science,3,0,0.0
2023 to 24,East Midlands,All,Further Maths & Physics & Computer Science,3,2,0.01
2023 to 24,South West,All,Further Maths & Physics & Computer Science,3,1,0.004
2023 to 24,South East,All,Further Maths & Physics & Computer Science,3,0,0.0
2023 to 24,London,All,Further Maths & Physics & Computer Science,3,0,0.0
2023 to 24,North West,All,Further Maths & Biology & Computer Science,3,0,0.0
2023 to 24,Yorkshire and The Humber,All,Further Maths & Biology & Computer Science,3,0,0.0
2023 to 24,North East,All,Further Maths & Biology & Computer Science,3,0,0.0
2023 to 24,West Midlands,All,Further Maths & Biology & Computer Science,3,0,0.0
2023 to 24,East of England,All,Further Maths & Biology & Computer Science,3,0,0.0
2023 to 24,East Midlands,All,Further Maths & Biology & Computer Science,3,0,0.0
2023 to 24,South West,All,Further Maths & Biology & Computer Science,3,0,0.0
2023 to 24,South East,All,Further Maths & Biology & Computer Science,3,0,0.0
2023 to 24,London,All,Further Maths & Biology & Computer Science,3,0,0.0
2023 to 24,North West,Female,Physics & Computer Science,2,5,0.028
2023 to 24,Yorkshire and The Humber,Female,Physics & Computer Science,2,3,0.023
2023 to 24,North East,Female,Physics & Computer Science,2,0,0.0
2023 to 24,West Midlands,Female,Physics & Computer Science,2,5,0.034
2023 to 24,East of England,Female,Physics & Computer Science,2,3,0.018
2023 to 24,East Midlands,Female,Physics & Computer Science,2,5,0.045
2023 to 24,South West,Female,Physics & Computer Science,2,3,0.025
2023 to 24,South East,Female,Physics & Computer Science,2,7,0.027
2023 to 24,London,Female,Physics & Computer Science,2,7,0.027
2023 to 24,North West,Female,Maths & Chemistry,2,175,0.978
2023 to 24,Yorkshire and The Humber,Female,Maths & Chemistry,2,110,0.86
2023 to 24,North East,Female,Maths & Chemistry,2,62,1.145
2023 to 24,West Midlands,Female,Maths & Chemistry,2,154,1.043
2023 to 24,East of England,Female,Maths & Chemistry,2,169,1.026
2023 to 24,East Midlands,Female,Maths & Chemistry,2,104,0.939
2023 to 24,South West,Female,Maths & Chemistry,2,110,0.906
2023 to 24,South East,Female,Maths & Chemistry,2,273,1.066
2023 to 24,London,Female,Maths & Chemistry,2,456,1.79
2023 to 24,North West,All,Maths & Further Maths & Chemistry & Computer Science,4,12,0.037
2023 to 24,Yorkshire and The Humber,All,Maths & Further Maths & Chemistry & Computer Science,4,4,0.018
2023 to 24,North East,All,Maths & Further Maths & Chemistry & Computer Science,4,6,0.062
2023 to 24,West Midlands,All,Maths & Further Maths & Chemistry & Computer Science,4,10,0.038
2023 to 24,East of England,All,Maths & Further Maths & Chemistry & Computer Science,4,17,0.056
2023 to 24,East Midlands,All,Maths & Further Maths & Chemistry & Computer Science,4,9,0.045
2023 to 24,South West,All,Maths & Further Maths & Chemistry & Computer Science,4,6,0.027
2023 to 24,South East,All,Maths & Further Maths & Chemistry & Computer Science,4,19,0.04
2023 to 24,London,All,Maths & Further Maths & Chemistry & Computer Science,4,12,0.026
2023 to 24,North West,All,Maths & Chemistry & Physics & Computer Science,4,8,0.025
2023 to 24,Yorkshire and The Humber,All,Maths & Chemistry & Physics & Computer Science,4,5,0.022
2023 to 24,North East,All,Maths & Chemistry & Physics & Computer Science,4,1,0.01
2023 to 24,West Midlands,All,Maths & Chemistry & Physics & Computer Science,4,6,0.023
2023 to 24,East of England,All,Maths & Chemistry & Physics & Computer Science,4,7,0.023
2023 to 24,East Midlands,All,Maths & Chemistry & Physics & Computer Science,4,3,0.015
2023 to 24,South West,All,Maths & Chemistry & Physics & Computer Science,4,4,0.018
2023 to 24,South East,All,Maths & Chemistry & Physics & Computer Science,4,12,0.025
2023 to 24,London,All,Maths & Chemistry & Physics & Computer Science,4,14,0.03
2023 to 24,North West,Female,Biology & Physics,2,18,0.101
2023 to 24,Yorkshire and The Humber,Female,Biology & Physics,2,10,0.078
2023 to 24,North East,Female,Biology & Physics,2,4,0.074
2023 to 24,West Midlands,Female,Biology & Physics,2,25,0.169
2023 to 24,East of England,Female,Biology & Physics,2,22,0.134
2023 to 24,East Midlands,Female,Biology & Physics,2,27,0.244
2023 to 24,South West,Female,Biology & Physics,2,16,0.132
2023 to 24,South East,Female,Biology & Physics,2,28,0.109
2023 to 24,London,Female,Biology & Physics,2,24,0.094
2023 to 24,North West,Female,Maths & Further Maths & Physics,3,87,0.486
2023 to 24,Yorkshire and The Humber,Female,Maths & Further Maths & Physics,3,57,0.446
2023 to 24,North East,Female,Maths & Further Maths & Physics,3,21,0.388
2023 to 24,West Midlands,Female,Maths & Further Maths & Physics,3,72,0.488
2023 to 24,East of England,Female,Maths & Further Maths & Physics,3,94,0.571
2023 to 24,East Midlands,Female,Maths & Further Maths & Physics,3,61,0.551
2023 to 24,South West,Female,Maths & Further Maths & Physics,3,76,0.626
2023 to 24,South East,Female,Maths & Further Maths & Physics,3,153,0.598
2023 to 24,London,Female,Maths & Further Maths & Physics,3,263,1.032
2023 to 24,North West,Female,Maths & Biology & Chemistry,3,1008,5.631
2023 to 24,Yorkshire and The Humber,Female,Maths & Biology & Chemistry,3,618,4.833
2023 to 24,North East,Female,Maths & Biology & Chemistry,3,264,4.874
2023 to 24,West Midlands,Female,Maths & Biology & Chemistry,3,878,5.948
2023 to 24,East of England,Female,Maths & Biology & Chemistry,3,858,5.211
2023 to 24,East Midlands,Female,Maths & Biology & Chemistry,3,537,4.851
2023 to 24,South West,Female,Maths & Biology & Chemistry,3,500,4.12
2023 to 24,South East,Female,Maths & Biology & Chemistry,3,1258,4.914
2023 to 24,London,Female,Maths & Biology & Chemistry,3,2103,8.254
2023 to 24,North West,Female,Further Maths & Biology & Physics,3,0,0.0
2023 to 24,Yorkshire and The Humber,Female,Further Maths & Biology & Physics,3,0,0.0
2023 to 24,North East,Female,Further Maths & Biology & Physics,3,0,0.0
2023 to 24,West Midlands,Female,Further Maths & Biology & Physics,3,0,0.0
2023 to 24,East of England,Female,Further Maths & Biology & Physics,3,0,0.0
2023 to 24,East Midlands,Female,Further Maths & Biology & Physics,3,0,0.0
2023 to 24,South West,Female,Further Maths & Biology & Physics,3,0,0.0
2023 to 24,South East,Female,Further Maths & Biology & Physics,3,0,0.0
2023 to 24,London,Female,Further Maths & Biology & Physics,3,0,0.0
2023 to 24,North West,Male,Physics & Computer Science,2,47,0.329
2023 to 24,Yorkshire and The Humber,Male,Physics & Computer Science,2,23,0.231
2023 to 24,North East,Male,Physics & Computer Science,2,19,0.45
2023 to 24,West Midlands,Male,Physics & Computer Science,2,38,0.333
2023 to 24,East of England,Male,Physics & Computer Science,2,70,0.505
2023 to 24,East Midlands,Male,Physics & Computer Science,2,37,0.423
2023 to 24,South West,Male,Physics & Computer Science,2,42,0.415
2023 to 24,South East,Male,Physics & Computer Science,2,73,0.329
2023 to 24,London,Male,Physics & Computer Science,2,42,0.196
2023 to 24,North West,Male,Maths & Chemistry,2,194,1.36
2023 to 24,Yorkshire and The Humber,Male,Maths & Chemistry,2,140,1.408
2023 to 24,North East,Male,Maths & Chemistry,2,51,1.208
2023 to 24,West Midlands,Male,Maths & Chemistry,2,161,1.41
2023 to 24,East of England,Male,Maths & Chemistry,2,172,1.241
2023 to 24,East Midlands,Male,Maths & Chemistry,2,91,1.041
2023 to 24,South West,Male,Maths & Chemistry,2,131,1.295
2023 to 24,South East,Male,Maths & Chemistry,2,263,1.187
2023 to 24,London,Male,Maths & Chemistry,2,390,1.821
2023 to 24,North West,Female,Maths & Further Maths & Chemistry & Physics,4,30,0.168
2023 to 24,Yorkshire and The Humber,Female,Maths & Further Maths & Chemistry & Physics,4,27,0.211
2023 to 24,North East,Female,Maths & Further Maths & Chemistry & Physics,4,11,0.203
2023 to 24,West Midlands,Female,Maths & Further Maths & Chemistry & Physics,4,42,0.285
2023 to 24,East of England,Female,Maths & Further Maths & Chemistry & Physics,4,66,0.401
2023 to 24,East Midlands,Female,Maths & Further Maths & Chemistry & Physics,4,29,0.262
2023 to 24,South West,Female,Maths & Further Maths & Chemistry & Physics,4,25,0.206
2023 to 24,South East,Female,Maths & Further Maths & Chemistry & Physics,4,89,0.348
2023 to 24,London,Female,Maths & Further Maths & Chemistry & Physics,4,120,0.471
2023 to 24,North West,Female,Maths & Further Maths & Biology & Chemistry,4,29,0.162
2023 to 24,Yorkshire and The Humber,Female,Maths & Further Maths & Biology & Chemistry,4,28,0.219
2023 to 24,North East,Female,Maths & Further Maths & Biology & Chemistry,4,9,0.166
2023 to 24,West Midlands,Female,Maths & Further Maths & Biology & Chemistry,4,33,0.224
2023 to 24,East of England,Female,Maths & Further Maths & Biology & Chemistry,4,41,0.249
2023 to 24,East Midlands,Female,Maths & Further Maths & Biology & Chemistry,4,20,0.181
2023 to 24,South West,Female,Maths & Further Maths & Biology & Chemistry,4,28,0.231
2023 to 24,South East,Female,Maths & Further Maths & Biology & Chemistry,4,60,0.234
2023 to 24,London,Female,Maths & Further Maths & Biology & Chemistry,4,80,0.314
2023 to 24,North West,Male,Biology & Physics,2,36,0.252
2023 to 24,Yorkshire and The Humber,Male,Biology & Physics,2,27,0.272
2023 to 24,North East,Male,Biology & Physics,2,14,0.332
2023 to 24,West Midlands,Male,Biology & Physics,2,32,0.28
2023 to 24,East of England,Male,Biology & Physics,2,45,0.325
2023 to 24,East Midlands,Male,Biology & Physics,2,44,0.503
2023 to 24,South West,Male,Biology & Physics,2,46,0.455
2023 to 24,South East,Male,Biology & Physics,2,64,0.289
2023 to 24,London,Male,Biology & Physics,2,32,0.149
2023 to 24,North West,Male,Maths & Further Maths & Physics,3,255,1.787
2023 to 24,Yorkshire and The Humber,Male,Maths & Further Maths & Physics,3,215,2.163
2023 to 24,North East,Male,Maths & Further Maths & Physics,3,91,2.156
2023 to 24,West Midlands,Male,Maths & Further Maths & Physics,3,259,2.268
2023 to 24,East of England,Male,Maths & Further Maths & Physics,3,350,2.526
2023 to 24,East Midlands,Male,Maths & Further Maths & Physics,3,212,2.424
2023 to 24,South West,Male,Maths & Further Maths & Physics,3,271,2.679
2023 to 24,South East,Male,Maths & Further Maths & Physics,3,625,2.821
2023 to 24,London,Male,Maths & Further Maths & Physics,3,941,4.395
2023 to 24,North West,Male,Maths & Biology & Chemistry,3,808,5.663
2023 to 24,Yorkshire and The Humber,Male,Maths & Biology & Chemistry,3,503,5.059
2023 to 24,North East,Male,Maths & Biology & Chemistry,3,202,4.786
2023 to 24,West Midlands,Male,Maths & Biology & Chemistry,3,774,6.777
2023 to 24,East of England,Male,Maths & Biology & Chemistry,3,551,3.976
2023 to 24,East Midlands,Male,Maths & Biology & Chemistry,3,394,4.505
2023 to 24,South West,Male,Maths & Biology & Chemistry,3,364,3.598
2023 to 24,South East,Male,Maths & Biology & Chemistry,3,937,4.229
2023 to 24,London,Male,Maths & Biology & Chemistry,3,1490,6.958
2023 to 24,North West,Male,Further Maths & Biology & Physics,3,0,0.0
2023 to 24,Yorkshire and The Humber,Male,Further Maths & Biology & Physics,3,0,0.0
2023 to 24,North East,Male,Further Maths & Biology & Physics,3,0,0.0
2023 to 24,West Midlands,Male,Further Maths & Biology & Physics,3,0,0.0
2023 to 24,East of England,Male,Further Maths & Biology & Physics,3,0,0.0
2023 to 24,East Midlands,Male,Further Maths & Biology & Physics,3,0,0.0
2023 to 24,South West,Male,Further Maths & Biology & Physics,3,0,0.0
2023 to 24,South East,Male,Further Maths & Biology & Physics,3,0,0.0
2023 to 24,London,Male,Further Maths & Biology & Physics,3,0,0.0
2023 to 24,North West,All,Physics & Computer Science,2,52,0.162
2023 to 24,Yorkshire and The Humber,All,Physics & Computer Science,2,26,0.114
2023 to 24,North East,All,Physics & Computer Science,2,19,0.197
2023 to 24,West Midlands,All,Physics & Computer Science,2,43,0.164
2023 to 24,East of England,All,Physics & Computer Science,2,73,0.241
2023 to 24,East Midlands,All,Physics & Computer Science,2,42,0.212
2023 to 24,South West,All,Physics & Computer Science,2,45,0.202
2023 to 24,South East,All,Physics & Computer Science,2,80,0.168
2023 to 24,London,All,Physics & Computer Science,2,49,0.104
2023 to 24,North West,All,Maths & Chemistry,2,369,1.147
2023 to 24,Yorkshire and The Humber,All,Maths & Chemistry,2,250,1.1
2023 to 24,North East,All,Maths & Chemistry,2,113,1.173
2023 to 24,West Midlands,All,Maths & Chemistry,2,315,1.203
2023 to 24,East of England,All,Maths & Chemistry,2,341,1.125
2023 to 24,East Midlands,All,Maths & Chemistry,2,195,0.984
2023 to 24,South West,All,Maths & Chemistry,2,241,1.083
2023 to 24,South East,All,Maths & Chemistry,2,536,1.122
2023 to 24,London,All,Maths & Chemistry,2,846,1.804
2023 to 24,North West,Male,Maths & Further Maths & Chemistry & Physics,4,129,0.904
2023 to 24,Yorkshire and The Humber,Male,Maths & Further Maths & Chemistry & Physics,4,136,1.368
2023 to 24,North East,Male,Maths & Further Maths & Chemistry & Physics,4,51,1.208
2023 to 24,West Midlands,Male,Maths & Further Maths & Chemistry & Physics,4,135,1.182
2023 to 24,East of England,Male,Maths & Further Maths & Chemistry & Physics,4,144,1.039
2023 to 24,East Midlands,Male,Maths & Further Maths & Chemistry & Physics,4,93,1.063
2023 to 24,South West,Male,Maths & Further Maths & Chemistry & Physics,4,133,1.315
2023 to 24,South East,Male,Maths & Further Maths & Chemistry & Physics,4,306,1.381
2023 to 24,London,Male,Maths & Further Maths & Chemistry & Physics,4,309,1.443
2023 to 24,North West,Male,Maths & Further Maths & Biology & Chemistry,4,35,0.245
2023 to 24,Yorkshire and The Humber,Male,Maths & Further Maths & Biology & Chemistry,4,37,0.372
2023 to 24,North East,Male,Maths & Further Maths & Biology & Chemistry,4,8,0.19
2023 to 24,West Midlands,Male,Maths & Further Maths & Biology & Chemistry,4,39,0.341
2023 to 24,East of England,Male,Maths & Further Maths & Biology & Chemistry,4,53,0.382
2023 to 24,East Midlands,Male,Maths & Further Maths & Biology & Chemistry,4,15,0.172
2023 to 24,South West,Male,Maths & Further Maths & Biology & Chemistry,4,28,0.277
2023 to 24,South East,Male,Maths & Further Maths & Biology & Chemistry,4,51,0.23
2023 to 24,London,Male,Maths & Further Maths & Biology & Chemistry,4,54,0.252
2023 to 24,North West,All,Biology & Physics,2,54,0.168
2023 to 24,Yorkshire and The Humber,All,Biology & Physics,2,37,0.163
2023 to 24,North East,All,Biology & Physics,2,18,0.187
2023 to 24,West Midlands,All,Biology & Physics,2,57,0.218
2023 to 24,East of England,All,Biology & Physics,2,67,0.221
2023 to 24,East Midlands,All,Biology & Physics,2,71,0.358
2023 to 24,South West,All,Biology & Physics,2,62,0.279
2023 to 24,South East,All,Biology & Physics,2,92,0.193
2023 to 24,London,All,Biology & Physics,2,56,0.119
2023 to 24,North West,All,Maths & Further Maths & Physics,3,342,1.063
2023 to 24,Yorkshire and The Humber,All,Maths & Further Maths & Physics,3,272,1.197
2023 to 24,North East,All,Maths & Further Maths & Physics,3,112,1.162
2023 to 24,West Midlands,All,Maths & Further Maths & Physics,3,331,1.264
2023 to 24,East of England,All,Maths & Further Maths & Physics,3,444,1.464
2023 to 24,East Midlands,All,Maths & Further Maths & Physics,3,273,1.378
2023 to 24,South West,All,Maths & Further Maths & Physics,3,347,1.559
2023 to 24,South East,All,Maths & Further Maths & Physics,3,778,1.629
2023 to 24,London,All,Maths & Further Maths & Physics,3,1204,2.568
2023 to 24,North West,All,Maths & Biology & Chemistry,3,1816,5.645
2023 to 24,Yorkshire and The Humber,All,Maths & Biology & Chemistry,3,1121,4.932
2023 to 24,North East,All,Maths & Biology & Chemistry,3,466,4.836
2023 to 24,West Midlands,All,Maths & Biology & Chemistry,3,1652,6.309
2023 to 24,East of England,All,Maths & Biology & Chemistry,3,1409,4.647
2023 to 24,East Midlands,All,Maths & Biology & Chemistry,3,931,4.698
2023 to 24,South West,All,Maths & Biology & Chemistry,3,864,3.883
2023 to 24,South East,All,Maths & Biology & Chemistry,3,2195,4.597
2023 to 24,London,All,Maths & Biology & Chemistry,3,3593,7.662
2023 to 24,North West,All,Further Maths & Biology & Physics,3,0,0.0
2023 to 24,Yorkshire and The Humber,All,Further Maths & Biology & Physics,3,0,0.0
2023 to 24,North East,All,Further Maths & Biology & Physics,3,0,0.0
2023 to 24,West Midlands,All,Further Maths & Biology & Physics,3,0,0.0
2023 to 24,East of England,All,Further Maths & Biology & Physics,3,0,0.0
2023 to 24,East Midlands,All,Further Maths & Biology & Physics,3,0,0.0
2023 to 24,South West,All,Further Maths & Biology & Physics,3,0,0.0
2023 to 24,South East,All,Further Maths & Biology & Physics,3,0,0.0
2023 to 24,London,All,Further Maths & Biology & Physics,3,0,0.0
2023 to 24,North West,Female,Maths,1,931,5.201
2023 to 24,Yorkshire and The Humber,Female,Maths,1,639,4.998
2023 to 24,North East,Female,Maths,1,292,5.391
2023 to 24,West Midlands,Female,Maths,1,785,5.318
2023 to 24,East of England,Female,Maths,1,970,5.891
2023 to 24,East Midlands,Female,Maths,1,525,4.743
2023 to 24,South West,Female,Maths,1,513,4.227
2023 to 24,South East,Female,Maths,1,1536,6.0
2023 to 24,London,Female,Maths,1,2067,8.112
2023 to 24,North West,Female,Maths & Computer Science,2,104,0.581
2023 to 24,Yorkshire and The Humber,Female,Maths & Computer Science,2,33,0.258
2023 to 24,North East,Female,Maths & Computer Science,2,19,0.351
2023 to 24,West Midlands,Female,Maths & Computer Science,2,85,0.576
2023 to 24,East of England,Female,Maths & Computer Science,2,97,0.589
2023 to 24,East Midlands,Female,Maths & Computer Science,2,46,0.416
2023 to 24,South West,Female,Maths & Computer Science,2,65,0.536
2023 to 24,South East,Female,Maths & Computer Science,2,171,0.668
2023 to 24,London,Female,Maths & Computer Science,2,212,0.832
2023 to 24,North West,All,Maths & Further Maths & Chemistry & Physics,4,159,0.494
2023 to 24,Yorkshire and The Humber,All,Maths & Further Maths & Chemistry & Physics,4,163,0.717
2023 to 24,North East,All,Maths & Further Maths & Chemistry & Physics,4,62,0.643
2023 to 24,West Midlands,All,Maths & Further Maths & Chemistry & Physics,4,177,0.676
2023 to 24,East of England,All,Maths & Further Maths & Chemistry & Physics,4,210,0.693
2023 to 24,East Midlands,All,Maths & Further Maths & Chemistry & Physics,4,122,0.616
2023 to 24,South West,All,Maths & Further Maths & Chemistry & Physics,4,158,0.71
2023 to 24,South East,All,Maths & Further Maths & Chemistry & Physics,4,395,0.827
2023 to 24,London,All,Maths & Further Maths & Chemistry & Physics,4,429,0.915
2023 to 24,North West,All,Maths & Further Maths & Biology & Chemistry,4,64,0.199
2023 to 24,Yorkshire and The Humber,All,Maths & Further Maths & Biology & Chemistry,4,65,0.286
2023 to 24,North East,All,Maths & Further Maths & Biology & Chemistry,4,17,0.176
2023 to 24,West Midlands,All,Maths & Further Maths & Biology & Chemistry,4,72,0.275
2023 to 24,East of England,All,Maths & Further Maths & Biology & Chemistry,4,94,0.31
2023 to 24,East Midlands,All,Maths & Further Maths & Biology & Chemistry,4,35,0.177
2023 to 24,South West,All,Maths & Further Maths & Biology & Chemistry,4,56,0.252
2023 to 24,South East,All,Maths & Further Maths & Biology & Chemistry,4,111,0.232
2023 to 24,London,All,Maths & Further Maths & Biology & Chemistry,4,134,0.286
2023 to 24,North West,Female,Chemistry & Computer Science,2,5,0.028
2023 to 24,Yorkshire and The Humber,Female,Chemistry & Computer Science,2,2,0.016
2023 to 24,North East,Female,Chemistry & Computer Science,2,1,0.018
2023 to 24,West Midlands,Female,Chemistry & Computer Science,2,3,0.02
2023 to 24,East of England,Female,Chemistry & Computer Science,2,0,0.0
2023 to 24,East Midlands,Female,Chemistry & Computer Science,2,2,0.018
2023 to 24,South West,Female,Chemistry & Computer Science,2,1,0.008
2023 to 24,South East,Female,Chemistry & Computer Science,2,3,0.012
2023 to 24,London,Female,Chemistry & Computer Science,2,7,0.027
2023 to 24,North West,Female,Maths & Physics & Computer Science,3,48,0.268
2023 to 24,Yorkshire and The Humber,Female,Maths & Physics & Computer Science,3,26,0.203
2023 to 24,North East,Female,Maths & Physics & Computer Science,3,8,0.148
2023 to 24,West Midlands,Female,Maths & Physics & Computer Science,3,46,0.312
2023 to 24,East of England,Female,Maths & Physics & Computer Science,3,44,0.267
2023 to 24,East Midlands,Female,Maths & Physics & Computer Science,3,32,0.289
2023 to 24,South West,Female,Maths & Physics & Computer Science,3,23,0.19
2023 to 24,South East,Female,Maths & Physics & Computer Science,3,85,0.332
2023 to 24,London,Female,Maths & Physics & Computer Science,3,131,0.514
2023 to 24,North West,Female,Maths & Biology & Computer Science,3,13,0.073
2023 to 24,Yorkshire and The Humber,Female,Maths & Biology & Computer Science,3,5,0.039
2023 to 24,North East,Female,Maths & Biology & Computer Science,3,4,0.074
2023 to 24,West Midlands,Female,Maths & Biology & Computer Science,3,5,0.034
2023 to 24,East of England,Female,Maths & Biology & Computer Science,3,4,0.024
2023 to 24,East Midlands,Female,Maths & Biology & Computer Science,3,5,0.045
2023 to 24,South West,Female,Maths & Biology & Computer Science,3,10,0.082
2023 to 24,South East,Female,Maths & Biology & Computer Science,3,8,0.031
2023 to 24,London,Female,Maths & Biology & Computer Science,3,18,0.071
2023 to 24,North West,Female,Further Maths & Chemistry & Computer Science,3,0,0.0
2023 to 24,Yorkshire and The Humber,Female,Further Maths & Chemistry & Computer Science,3,0,0.0
2023 to 24,North East,Female,Further Maths & Chemistry & Computer Science,3,0,0.0
2023 to 24,West Midlands,Female,Further Maths & Chemistry & Computer Science,3,0,0.0
2023 to 24,East of England,Female,Further Maths & Chemistry & Computer Science,3,0,0.0
2023 to 24,East Midlands,Female,Further Maths & Chemistry & Computer Science,3,0,0.0
2023 to 24,South West,Female,Further Maths & Chemistry & Computer Science,3,0,0.0
2023 to 24,South East,Female,Further Maths & Chemistry & Computer Science,3,0,0.0
2023 to 24,London,Female,Further Maths & Chemistry & Computer Science,3,0,0.0
2023 to 24,North West,Male,Maths,1,1352,9.476
2023 to 24,Yorkshire and The Humber,Male,Maths,1,894,8.992
2023 to 24,North East,Male,Maths,1,326,7.723
2023 to 24,West Midlands,Male,Maths,1,1131,9.903
2023 to 24,East of England,Male,Maths,1,1429,10.312
2023 to 24,East Midlands,Male,Maths,1,770,8.805
2023 to 24,South West,Male,Maths,1,790,7.809
2023 to 24,South East,Male,Maths,1,2201,9.935
2023 to 24,London,Male,Maths,1,2586,12.077
2023 to 24,North West,Male,Maths & Computer Science,2,422,2.958
2023 to 24,Yorkshire and The Humber,Male,Maths & Computer Science,2,261,2.625
2023 to 24,North East,Male,Maths & Computer Science,2,82,1.943
2023 to 24,West Midlands,Male,Maths & Computer Science,2,336,2.942
2023 to 24,East of England,Male,Maths & Computer Science,2,383,2.764
2023 to 24,East Midlands,Male,Maths & Computer Science,2,250,2.859
2023 to 24,South West,Male,Maths & Computer Science,2,234,2.313
2023 to 24,South East,Male,Maths & Computer Science,2,573,2.586
2023 to 24,London,Male,Maths & Computer Science,2,830,3.876
2023 to 24,North West,Female,Maths & Further Maths & Physics & Computer Science,4,20,0.112
2023 to 24,Yorkshire and The Humber,Female,Maths & Further Maths & Physics & Computer Science,4,16,0.125
2023 to 24,North East,Female,Maths & Further Maths & Physics & Computer Science,4,8,0.148
2023 to 24,West Midlands,Female,Maths & Further Maths & Physics & Computer Science,4,19,0.129
2023 to 24,East of England,Female,Maths & Further Maths & Physics & Computer Science,4,22,0.134
2023 to 24,East Midlands,Female,Maths & Further Maths & Physics & Computer Science,4,23,0.208
2023 to 24,South West,Female,Maths & Further Maths & Physics & Computer Science,4,17,0.14
2023 to 24,South East,Female,Maths & Further Maths & Physics & Computer Science,4,55,0.215
2023 to 24,London,Female,Maths & Further Maths & Physics & Computer Science,4,37,0.145
2023 to 24,North West,Female,Maths & Further Maths & Biology & Computer Science,4,0,0.0
2023 to 24,Yorkshire and The Humber,Female,Maths & Further Maths & Biology & Computer Science,4,0,0.0
2023 to 24,North East,Female,Maths & Further Maths & Biology & Computer Science,4,0,0.0
2023 to 24,West Midlands,Female,Maths & Further Maths & Biology & Computer Science,4,0,0.0
2023 to 24,East of England,Female,Maths & Further Maths & Biology & Computer Science,4,0,0.0
2023 to 24,East Midlands,Female,Maths & Further Maths & Biology & Computer Science,4,0,0.0
2023 to 24,South West,Female,Maths & Further Maths & Biology & Computer Science,4,1,0.008
2023 to 24,South East,Female,Maths & Further Maths & Biology & Computer Science,4,4,0.016
2023 to 24,London,Female,Maths & Further Maths & Biology & Computer Science,4,0,0.0
2023 to 24,North West,Male,Chemistry & Computer Science,2,11,0.077
2023 to 24,Yorkshire and The Humber,Male,Chemistry & Computer Science,2,13,0.131
2023 to 24,North East,Male,Chemistry & Computer Science,2,5,0.118
2023 to 24,West Midlands,Male,Chemistry & Computer Science,2,7,0.061
2023 to 24,East of England,Male,Chemistry & Computer Science,2,12,0.087
2023 to 24,East Midlands,Male,Chemistry & Computer Science,2,11,0.126
2023 to 24,South West,Male,Chemistry & Computer Science,2,8,0.079
2023 to 24,South East,Male,Chemistry & Computer Science,2,14,0.063
2023 to 24,London,Male,Chemistry & Computer Science,2,16,0.075
2023 to 24,North West,Male,Maths & Physics & Computer Science,3,433,3.035
2023 to 24,Yorkshire and The Humber,Male,Maths & Physics & Computer Science,3,230,2.313
2023 to 24,North East,Male,Maths & Physics & Computer Science,3,118,2.796
2023 to 24,West Midlands,Male,Maths & Physics & Computer Science,3,335,2.933
2023 to 24,East of England,Male,Maths & Physics & Computer Science,3,412,2.973
2023 to 24,East Midlands,Male,Maths & Physics & Computer Science,3,324,3.705
2023 to 24,South West,Male,Maths & Physics & Computer Science,3,262,2.59
2023 to 24,South East,Male,Maths & Physics & Computer Science,3,638,2.88
2023 to 24,London,Male,Maths & Physics & Computer Science,3,778,3.633
2023 to 24,North West,Male,Maths & Biology & Computer Science,3,25,0.175
2023 to 24,Yorkshire and The Humber,Male,Maths & Biology & Computer Science,3,17,0.171
2023 to 24,North East,Male,Maths & Biology & Computer Science,3,8,0.19
2023 to 24,West Midlands,Male,Maths & Biology & Computer Science,3,23,0.201
2023 to 24,East of England,Male,Maths & Biology & Computer Science,3,20,0.144
2023 to 24,East Midlands,Male,Maths & Biology & Computer Science,3,6,0.069
2023 to 24,South West,Male,Maths & Biology & Computer Science,3,12,0.119
2023 to 24,South East,Male,Maths & Biology & Computer Science,3,41,0.185
2023 to 24,London,Male,Maths & Biology & Computer Science,3,30,0.14
2023 to 24,North West,Male,Further Maths & Chemistry & Computer Science,3,0,0.0
2023 to 24,Yorkshire and The Humber,Male,Further Maths & Chemistry & Computer Science,3,0,0.0
2023 to 24,North East,Male,Further Maths & Chemistry & Computer Science,3,0,0.0
2023 to 24,West Midlands,Male,Further Maths & Chemistry & Computer Science,3,0,0.0
2023 to 24,East of England,Male,Further Maths & Chemistry & Computer Science,3,0,0.0
2023 to 24,East Midlands,Male,Further Maths & Chemistry & Computer Science,3,0,0.0
2023 to 24,South West,Male,Further Maths & Chemistry & Computer Science,3,0,0.0
2023 to 24,South East,Male,Further Maths & Chemistry & Computer Science,3,0,0.0
2023 to 24,London,Male,Further Maths & Chemistry & Computer Science,3,0,0.0
2023 to 24,North West,All,Maths,1,2283,7.097
2023 to 24,Yorkshire and The Humber,All,Maths,1,1533,6.745
2023 to 24,North East,All,Maths,1,618,6.413
2023 to 24,West Midlands,All,Maths,1,1917,7.322
2023 to 24,East of England,All,Maths,1,2399,7.912
2023 to 24,East Midlands,All,Maths,1,1295,6.535
2023 to 24,South West,All,Maths,1,1303,5.856
2023 to 24,South East,All,Maths,1,3737,7.826
2023 to 24,London,All,Maths,1,4653,9.923
2023 to 24,North West,All,Maths & Computer Science,2,526,1.635
2023 to 24,Yorkshire and The Humber,All,Maths & Computer Science,2,294,1.294
2023 to 24,North East,All,Maths & Computer Science,2,101,1.048
2023 to 24,West Midlands,All,Maths & Computer Science,2,421,1.608
2023 to 24,East of England,All,Maths & Computer Science,2,480,1.583
2023 to 24,East Midlands,All,Maths & Computer Science,2,296,1.494
2023 to 24,South West,All,Maths & Computer Science,2,299,1.344
2023 to 24,South East,All,Maths & Computer Science,2,744,1.558
2023 to 24,London,All,Maths & Computer Science,2,1042,2.222
2023 to 24,North West,Male,Maths & Further Maths & Physics & Computer Science,4,128,0.897
2023 to 24,Yorkshire and The Humber,Male,Maths & Further Maths & Physics & Computer Science,4,120,1.207
2023 to 24,North East,Male,Maths & Further Maths & Physics & Computer Science,4,62,1.469
2023 to 24,West Midlands,Male,Maths & Further Maths & Physics & Computer Science,4,138,1.208
2023 to 24,East of England,Male,Maths & Further Maths & Physics & Computer Science,4,220,1.588
2023 to 24,East Midlands,Male,Maths & Further Maths & Physics & Computer Science,4,117,1.338
2023 to 24,South West,Male,Maths & Further Maths & Physics & Computer Science,4,132,1.305
2023 to 24,South East,Male,Maths & Further Maths & Physics & Computer Science,4,333,1.503
2023 to 24,London,Male,Maths & Further Maths & Physics & Computer Science,4,255,1.191
2023 to 24,North West,Male,Maths & Further Maths & Biology & Computer Science,4,0,0.0
2023 to 24,Yorkshire and The Humber,Male,Maths & Further Maths & Biology & Computer Science,4,4,0.04
2023 to 24,North East,Male,Maths & Further Maths & Biology & Computer Science,4,1,0.024
2023 to 24,West Midlands,Male,Maths & Further Maths & Biology & Computer Science,4,1,0.009
2023 to 24,East of England,Male,Maths & Further Maths & Biology & Computer Science,4,4,0.029
2023 to 24,East Midlands,Male,Maths & Further Maths & Biology & Computer Science,4,0,0.0
2023 to 24,South West,Male,Maths & Further Maths & Biology & Computer Science,4,1,0.01
2023 to 24,South East,Male,Maths & Further Maths & Biology & Computer Science,4,3,0.014
2023 to 24,London,Male,Maths & Further Maths & Biology & Computer Science,4,1,0.005
2023 to 24,North West,All,Chemistry & Computer Science,2,16,0.05
2023 to 24,Yorkshire and The Humber,All,Chemistry & Computer Science,2,15,0.066
2023 to 24,North East,All,Chemistry & Computer Science,2,6,0.062
2023 to 24,West Midlands,All,Chemistry & Computer Science,2,10,0.038
2023 to 24,East of England,All,Chemistry & Computer Science,2,12,0.04
2023 to 24,East Midlands,All,Chemistry & Computer Science,2,13,0.066
2023 to 24,South West,All,Chemistry & Computer Science,2,9,0.04
2023 to 24,South East,All,Chemistry & Computer Science,2,17,0.036
2023 to 24,London,All,Chemistry & Computer Science,2,23,0.049
2023 to 24,North West,All,Maths & Physics & Computer Science,3,481,1.495
2023 to 24,Yorkshire and The Humber,All,Maths & Physics & Computer Science,3,256,1.126
2023 to 24,North East,All,Maths & Physics & Computer Science,3,126,1.307
2023 to 24,West Midlands,All,Maths & Physics & Computer Science,3,381,1.455
2023 to 24,East of England,All,Maths & Physics & Computer Science,3,456,1.504
2023 to 24,East Midlands,All,Maths & Physics & Computer Science,3,356,1.797
2023 to 24,South West,All,Maths & Physics & Computer Science,3,285,1.281
2023 to 24,South East,All,Maths & Physics & Computer Science,3,723,1.514
2023 to 24,London,All,Maths & Physics & Computer Science,3,909,1.938
2023 to 24,North West,All,Maths & Biology & Computer Science,3,38,0.118
2023 to 24,Yorkshire and The Humber,All,Maths & Biology & Computer Science,3,22,0.097
2023 to 24,North East,All,Maths & Biology & Computer Science,3,12,0.125
2023 to 24,West Midlands,All,Maths & Biology & Computer Science,3,28,0.107
2023 to 24,East of England,All,Maths & Biology & Computer Science,3,24,0.079
2023 to 24,East Midlands,All,Maths & Biology & Computer Science,3,11,0.056
2023 to 24,South West,All,Maths & Biology & Computer Science,3,22,0.099
2023 to 24,South East,All,Maths & Biology & Computer Science,3,49,0.103
2023 to 24,London,All,Maths & Biology & Computer Science,3,48,0.102
2023 to 24,North West,All,Further Maths & Chemistry & Computer Science,3,0,0.0
2023 to 24,Yorkshire and The Humber,All,Further Maths & Chemistry & Computer Science,3,0,0.0
2023 to 24,North East,All,Further Maths & Chemistry & Computer Science,3,0,0.0
2023 to 24,West Midlands,All,Further Maths & Chemistry & Computer Science,3,0,0.0
2023 to 24,East of England,All,Further Maths & Chemistry & Computer Science,3,0,0.0
2023 to 24,East Midlands,All,Further Maths & Chemistry & Computer Science,3,0,0.0
2023 to 24,South West,All,Further Maths & Chemistry & Computer Science,3,0,0.0
2023 to 24,South East,All,Further Maths & Chemistry & Computer Science,3,0,0.0
2023 to 24,London,All,Further Maths & Chemistry & Computer Science,3,0,0.0
2023 to 24,North West,Female,Further Maths,1,0,0.0
2023 to 24,Yorkshire and The Humber,Female,Further Maths,1,0,0.0
2023 to 24,North East,Female,Further Maths,1,0,0.0
2023 to 24,West Midlands,Female,Further Maths,1,0,0.0
2023 to 24,East of England,Female,Further Maths,1,3,0.018
2023 to 24,East Midlands,Female,Further Maths,1,0,0.0
2023 to 24,South West,Female,Further Maths,1,0,0.0
2023 to 24,South East,Female,Further Maths,1,1,0.004
2023 to 24,London,Female,Further Maths,1,1,0.004
2023 to 24,North West,Female,Maths & Further Maths,2,67,0.374
2023 to 24,Yorkshire and The Humber,Female,Maths & Further Maths,2,38,0.297
2023 to 24,North East,Female,Maths & Further Maths,2,18,0.332
2023 to 24,West Midlands,Female,Maths & Further Maths,2,48,0.325
2023 to 24,East of England,Female,Maths & Further Maths,2,96,0.583
2023 to 24,East Midlands,Female,Maths & Further Maths,2,55,0.497
2023 to 24,South West,Female,Maths & Further Maths,2,48,0.396
2023 to 24,South East,Female,Maths & Further Maths,2,136,0.531
2023 to 24,London,Female,Maths & Further Maths,2,190,0.746
2023 to 24,North West,All,Maths & Further Maths & Physics & Computer Science,4,148,0.46
2023 to 24,Yorkshire and The Humber,All,Maths & Further Maths & Physics & Computer Science,4,136,0.598
2023 to 24,North East,All,Maths & Further Maths & Physics & Computer Science,4,70,0.726
2023 to 24,West Midlands,All,Maths & Further Maths & Physics & Computer Science,4,157,0.6
2023 to 24,East of England,All,Maths & Further Maths & Physics & Computer Science,4,242,0.798
2023 to 24,East Midlands,All,Maths & Further Maths & Physics & Computer Science,4,140,0.707
2023 to 24,South West,All,Maths & Further Maths & Physics & Computer Science,4,149,0.67
2023 to 24,South East,All,Maths & Further Maths & Physics & Computer Science,4,388,0.813
2023 to 24,London,All,Maths & Further Maths & Physics & Computer Science,4,292,0.623
2023 to 24,North West,All,Maths & Further Maths & Biology & Computer Science,4,0,0.0
2023 to 24,Yorkshire and The Humber,All,Maths & Further Maths & Biology & Computer Science,4,4,0.018
2023 to 24,North East,All,Maths & Further Maths & Biology & Computer Science,4,1,0.01
2023 to 24,West Midlands,All,Maths & Further Maths & Biology & Computer Science,4,1,0.004
2023 to 24,East of England,All,Maths & Further Maths & Biology & Computer Science,4,4,0.013
2023 to 24,East Midlands,All,Maths & Further Maths & Biology & Computer Science,4,0,0.0
2023 to 24,South West,All,Maths & Further Maths & Biology & Computer Science,4,2,0.009
2023 to 24,South East,All,Maths & Further Maths & Biology & Computer Science,4,7,0.015
2023 to 24,London,All,Maths & Further Maths & Biology & Computer Science,4,1,0.002
2023 to 24,North West,Female,Chemistry & Physics,2,11,0.061
2023 to 24,Yorkshire and The Humber,Female,Chemistry & Physics,2,10,0.078
2023 to 24,North East,Female,Chemistry & Physics,2,2,0.037
2023 to 24,West Midlands,Female,Chemistry & Physics,2,9,0.061
2023 to 24,East of England,Female,Chemistry & Physics,2,9,0.055
2023 to 24,East Midlands,Female,Chemistry & Physics,2,13,0.117
2023 to 24,South West,Female,Chemistry & Physics,2,7,0.058
2023 to 24,South East,Female,Chemistry & Physics,2,13,0.051
2023 to 24,London,Female,Chemistry & Physics,2,18,0.071
2023 to 24,North West,Female,Biology & Chemistry,2,1801,10.06
2023 to 24,Yorkshire and The Humber,Female,Biology & Chemistry,2,1210,9.463
2023 to 24,North East,Female,Biology & Chemistry,2,409,7.552
2023 to 24,West Midlands,Female,Biology & Chemistry,2,1483,10.047
2023 to 24,East of England,Female,Biology & Chemistry,2,1144,6.948
2023 to 24,East Midlands,Female,Biology & Chemistry,2,946,8.546
2023 to 24,South West,Female,Biology & Chemistry,2,904,7.45
2023 to 24,South East,Female,Biology & Chemistry,2,1670,6.524
2023 to 24,London,Female,Biology & Chemistry,2,2350,9.223
2023 to 24,North West,Female,Maths & Biology & Physics,3,37,0.207
2023 to 24,Yorkshire and The Humber,Female,Maths & Biology & Physics,3,27,0.211
2023 to 24,North East,Female,Maths & Biology & Physics,3,14,0.258
2023 to 24,West Midlands,Female,Maths & Biology & Physics,3,35,0.237
2023 to 24,East of England,Female,Maths & Biology & Physics,3,28,0.17
2023 to 24,East Midlands,Female,Maths & Biology & Physics,3,28,0.253
2023 to 24,South West,Female,Maths & Biology & Physics,3,34,0.28
2023 to 24,South East,Female,Maths & Biology & Physics,3,55,0.215
2023 to 24,London,Female,Maths & Biology & Physics,3,62,0.243
2023 to 24,North West,Female,Further Maths & Chemistry & Physics,3,0,0.0
2023 to 24,Yorkshire and The Humber,Female,Further Maths & Chemistry & Physics,3,0,0.0
2023 to 24,North East,Female,Further Maths & Chemistry & Physics,3,0,0.0
2023 to 24,West Midlands,Female,Further Maths & Chemistry & Physics,3,0,0.0
2023 to 24,East of England,Female,Further Maths & Chemistry & Physics,3,1,0.006
2023 to 24,East Midlands,Female,Further Maths & Chemistry & Physics,3,0,0.0
2023 to 24,South West,Female,Further Maths & Chemistry & Physics,3,0,0.0
2023 to 24,South East,Female,Further Maths & Chemistry & Physics,3,0,0.0
2023 to 24,London,Female,Further Maths & Chemistry & Physics,3,0,0.0
2023 to 24,North West,Male,Further Maths,1,0,0.0
2023 to 24,Yorkshire and The Humber,Male,Further Maths,1,0,0.0
2023 to 24,North East,Male,Further Maths,1,0,0.0
2023 to 24,West Midlands,Male,Further Maths,1,0,0.0
2023 to 24,East of England,Male,Further Maths,1,3,0.022
2023 to 24,East Midlands,Male,Further Maths,1,0,0.0
2023 to 24,South West,Male,Further Maths,1,0,0.0
2023 to 24,South East,Male,Further Maths,1,2,0.009
2023 to 24,London,Male,Further Maths,1,1,0.005
2023 to 24,North West,Male,Maths & Further Maths,2,83,0.582
2023 to 24,Yorkshire and The Humber,Male,Maths & Further Maths,2,80,0.805
2023 to 24,North East,Male,Maths & Further Maths,2,22,0.521
2023 to 24,West Midlands,Male,Maths & Further Maths,2,98,0.858
2023 to 24,East of England,Male,Maths & Further Maths,2,168,1.212
2023 to 24,East Midlands,Male,Maths & Further Maths,2,66,0.755
2023 to 24,South West,Male,Maths & Further Maths,2,85,0.84
2023 to 24,South East,Male,Maths & Further Maths,2,232,1.047
2023 to 24,London,Male,Maths & Further Maths,2,384,1.793
2023 to 24,North West,Female,Biology & Chemistry & Computer Science,3,13,0.073
2023 to 24,Yorkshire and The Humber,Female,Biology & Chemistry & Computer Science,3,6,0.047
2023 to 24,North East,Female,Biology & Chemistry & Computer Science,3,2,0.037
2023 to 24,West Midlands,Female,Biology & Chemistry & Computer Science,3,12,0.081
2023 to 24,East of England,Female,Biology & Chemistry & Computer Science,3,9,0.055
2023 to 24,East Midlands,Female,Biology & Chemistry & Computer Science,3,6,0.054
2023 to 24,South West,Female,Biology & Chemistry & Computer Science,3,10,0.082
2023 to 24,South East,Female,Biology & Chemistry & Computer Science,3,10,0.039
2023 to 24,London,Female,Biology & Chemistry & Computer Science,3,13,0.051
2023 to 24,North West,Female,Maths & Further Maths & Biology & Physics,4,3,0.017
2023 to 24,Yorkshire and The Humber,Female,Maths & Further Maths & Biology & Physics,4,6,0.047
2023 to 24,North East,Female,Maths & Further Maths & Biology & Physics,4,3,0.055
2023 to 24,West Midlands,Female,Maths & Further Maths & Biology & Physics,4,4,0.027
2023 to 24,East of England,Female,Maths & Further Maths & Biology & Physics,4,7,0.043
2023 to 24,East Midlands,Female,Maths & Further Maths & Biology & Physics,4,3,0.027
2023 to 24,South West,Female,Maths & Further Maths & Biology & Physics,4,5,0.041
2023 to 24,South East,Female,Maths & Further Maths & Biology & Physics,4,6,0.023
2023 to 24,London,Female,Maths & Further Maths & Biology & Physics,4,4,0.016
2023 to 24,North West,Male,Chemistry & Physics,2,29,0.203
2023 to 24,Yorkshire and The Humber,Male,Chemistry & Physics,2,25,0.251
2023 to 24,North East,Male,Chemistry & Physics,2,8,0.19
2023 to 24,West Midlands,Male,Chemistry & Physics,2,15,0.131
2023 to 24,East of England,Male,Chemistry & Physics,2,22,0.159
2023 to 24,East Midlands,Male,Chemistry & Physics,2,24,0.274
2023 to 24,South West,Male,Chemistry & Physics,2,16,0.158
2023 to 24,South East,Male,Chemistry & Physics,2,39,0.176
2023 to 24,London,Male,Chemistry & Physics,2,36,0.168
2023 to 24,North West,Male,Biology & Chemistry,2,775,5.432
2023 to 24,Yorkshire and The Humber,Male,Biology & Chemistry,2,501,5.039
2023 to 24,North East,Male,Biology & Chemistry,2,190,4.501
2023 to 24,West Midlands,Male,Biology & Chemistry,2,548,4.798
2023 to 24,East of England,Male,Biology & Chemistry,2,430,3.103
2023 to 24,East Midlands,Male,Biology & Chemistry,2,367,4.197
2023 to 24,South West,Male,Biology & Chemistry,2,337,3.331
2023 to 24,South East,Male,Biology & Chemistry,2,637,2.875
2023 to 24,London,Male,Biology & Chemistry,2,756,3.531
